4hour_block,demand_National Demand Forecast (NDF) - GB (MW)_mean,demand_National Demand Forecast (NDF) - GB (MW)_max,demand_National Demand Forecast (NDF) - GB (MW)_min,demand_National Demand Forecast (NDF) - GB (MW)_spread,demand_National Demand Forecast (NDF) - GB (MW)_std,price_Price average forecast ECMWF ENS United Kingdom day-ahead (£/MWh)_mean,price_Price average forecast ECMWF ENS United Kingdom day-ahead (£/MWh)_max,price_Price average forecast ECMWF ENS United Kingdom day-ahead (£/MWh)_min,price_Price average forecast ECMWF ENS United Kingdom day-ahead (£/MWh)_spread,price_Price average forecast ECMWF ENS United Kingdom day-ahead (£/MWh)_std,price_Price average forecast ECMWF ENS United Kingdom day-ahead (£/MWh)_rolling_std_7d,price_Price average forecast ECMWF ENS United Kingdom day-ahead (£/MWh)_price_range,price_Price average forecast ECMWF ENS United Kingdom day-ahead (£/MWh)_cv,solar_solar_fc_meteo_mw_mean,solar_solar_fc_meteo_mw_max,solar_solar_fc_meteo_mw_min,solar_solar_fc_meteo_mw_spread,solar_solar_fc_meteo_mw_std,wind_wind_fc_meteo_mw_mean,wind_wind_fc_meteo_mw_max,wind_wind_fc_meteo_mw_min,wind_wind_fc_meteo_mw_spread,wind_wind_fc_meteo_mw_std,price_block_volatility,day_of_week,is_weekend,hour_block
2024-02-29 20:00:00+00:00,25562.5,25562.5,25562.5,0.0,,60.03,60.03,60.03,0.0,,,0.0,,0.0,0.0,0.0,0.0,,4071.0575,4071.0575,4071.0575,0.0,,,3,0,5
2024-03-01 00:00:00+00:00,24545.75,25850.0,23176.5,2673.5,1173.8840445291014,53.7625,57.46,51.32,6.140000000000001,2.976848165425975,,6.140000000000001,0.05537034485795817,0.0,0.0,0.0,0.0,0.0,4881.434375,5581.7225,4205.85,1375.8724999999995,595.0230535883147,2.976848165425975,4,0,0
2024-03-01 04:00:00+00:00,26803.75,32539.0,22716.0,9823.0,4450.0966749798445,59.545,68.3,50.74,17.559999999999995,8.166343531022106,,17.559999999999995,0.1371457474350845,73.179375,273.64,0.0,273.64,133.94267045355326,7123.263125,8484.395,6001.195,2483.2000000000007,1081.179417768267,8.166343531022106,4,0,1
2024-03-01 08:00:00+00:00,34323.0,35014.0,33725.0,1289.0,532.8333072672299,61.5,67.82,55.52,12.29999999999999,5.331209993988224,,12.29999999999999,0.08668634136566225,3017.583125,4608.0475,1219.8125,3388.2349999999997,1467.1256770530017,10059.6475,10308.235,9520.39,787.8450000000012,363.52926162025415,5.331209993988224,4,0,2
2024-03-01 12:00:00+00:00,32628.625,33214.0,32164.5,1049.5,434.37279975461973,54.14,55.64,53.14,2.5,1.117258549605537,,2.5,0.02063647117852856,3827.656875,4881.795,2326.55,2555.245,1125.1271394998264,9308.2,9958.41,8576.045,1382.3649999999998,587.4472958629285,1.117258549605537,4,0,3
2024-03-01 16:00:00+00:00,37017.25,38659.5,34722.5,3937.0,1661.0680549975461,73.825,80.17,64.7,15.469999999999999,6.584246350190737,,15.469999999999999,0.08918721774725004,276.25375,908.5175,0.0,908.5175,431.1503214778074,7767.06625,7956.115,7554.24,401.875,210.3245962147952,6.584246350190737,4,0,4
2024-03-01 20:00:00+00:00,31021.375,35212.0,26807.0,8405.0,3717.8327776407596,60.815,65.67,56.34,9.329999999999998,4.151662317674696,,9.329999999999998,0.06826707749197883,0.0,0.0,0.0,0.0,0.0,7210.8550000000005,8082.05,6003.4575,2078.5924999999997,952.5133365973584,4.151662317674696,4,0,5
2024-03-02 00:00:00+00:00,24954.25,25950.0,23679.5,2270.5,977.9156831411051,54.9525,57.62,53.28,4.339999999999996,2.0255925059103075,,4.339999999999996,0.03686078897066206,0.0,0.0,0.0,0.0,0.0,5582.0287499999995,5808.2525000000005,5441.48,366.77250000000095,168.6810109163156,2.0255925059103075,5,1,0
2024-03-02 04:00:00+00:00,24733.5,27618.5,22862.5,4756.0,2199.519796076711,59.542500000000004,64.64,53.26,11.380000000000003,5.2463598491398455,,11.380000000000003,0.08811117855548299,77.67625,292.1325,0.0,292.1325,143.2386540663867,5933.4825,6477.8725,5566.5375,911.335,406.57097139265466,5.2463598491398455,5,1,1
2024-03-02 08:00:00+00:00,30555.125,31023.0,29777.0,1246.0,551.2329173468024,62.105000000000004,65.09,58.64,6.450000000000003,2.8759288354663197,,6.450000000000003,0.04630752492498706,2262.8625,3329.3625,1039.4375,2289.925,993.4500643800204,6953.155000000001,7119.42,6810.645,308.77499999999964,131.77020319480403,2.8759288354663197,5,1,2
2024-03-02 12:00:00+00:00,29912.375,30405.5,29500.0,905.5,382.7959367165052,56.3475,57.74,55.16,2.5800000000000054,1.0869337606312537,,2.5800000000000054,0.019289831148342974,2889.05875,3562.73,1877.225,1685.505,756.4305726940511,7123.84375,7185.985,6997.13,188.85499999999956,86.23656082495769,1.0869337606312537,5,1,3
2024-03-02 16:00:00+00:00,34499.125,36148.0,32214.0,3934.0,1650.9252140845138,73.8025,80.1,64.38,15.719999999999999,6.673112092569699,,15.719999999999999,0.09041851011239055,251.325625,834.4625,0.0,834.4625,396.48423624808737,6553.600625,6773.375,6358.975,414.39999999999964,174.2073222530053,6.673112092569699,5,1,4
2024-03-02 20:00:00+00:00,29232.5,32737.0,25714.0,7023.0,3036.9976950929677,64.47999999999999,68.08,60.62,7.460000000000001,3.05404649604422,,7.460000000000001,0.04736424466569826,0.0,0.0,0.0,0.0,0.0,5218.229375,6039.14,4317.455,1721.6850000000004,751.0612622326908,3.05404649604422,5,1,5
2024-03-03 00:00:00+00:00,24585.75,25370.0,23544.0,1826.0,796.5318051821074,60.505,62.75,58.52,4.229999999999997,1.9040745783713389,,4.229999999999997,0.03146970627834627,0.0,0.0,0.0,0.0,0.0,3530.723125,3977.8775,3101.795,876.0825,382.2074131954567,1.9040745783713389,6,1,0
2024-03-03 04:00:00+00:00,23761.25,25307.0,22884.0,2423.0,1137.3007151438298,60.1975,62.45,58.05,4.400000000000006,2.1772363981279894,,4.400000000000006,0.03616821957935112,112.15125000000002,441.3875000000001,0.0,441.3875000000001,219.5172020262118,2614.7781250000003,2859.445,2422.965,436.48,186.1279147899702,2.1772363981279894,6,1,1
2024-03-03 08:00:00+00:00,27465.375,27927.5,26758.5,1169.0,532.1886217936893,61.5825,62.04,60.67,1.3699999999999974,0.6205575450082512,,1.3699999999999974,0.01007684886141761,4188.188125,5700.4675,2014.5625,3685.9049999999997,1628.4924197172559,2243.3206250000003,2293.0475,2189.23,103.81750000000011,42.675822505987036,0.6205575450082512,6,1,2
2024-03-03 12:00:00+00:00,29110.875,30403.0,28537.5,1865.5,875.4022289781991,60.8975,61.86,59.97,1.8900000000000006,0.7815102899727799,,1.8900000000000006,0.012833208095123397,4118.156875000001,5566.81,2417.7525,3149.0575000000003,1359.1405205103813,1862.135625,2073.46,1659.295,414.16499999999996,180.70657929793958,0.7815102899727799,6,1,3
2024-03-03 16:00:00+00:00,36247.25,38126.0,33555.0,4571.0,1937.121167265142,81.3775,87.87,74.06,13.810000000000002,5.943749518051158,,13.810000000000002,0.0730392248232147,300.96125,996.59,0.0,996.59,473.5085970378468,1476.96125,1540.5,1433.3,107.20000000000005,45.285713783892774,5.943749518051158,6,1,4
2024-03-03 20:00:00+00:00,30158.125,33983.5,26080.5,7903.0,3460.725824038458,67.35,70.97,62.54,8.43,3.8969988452654185,,8.43,0.05786189822220366,0.0,0.0,0.0,0.0,0.0,1330.413125,1383.655,1287.59,96.06500000000005,39.68330145114576,3.8969988452654185,6,1,5
2024-03-04 00:00:00+00:00,25090.0,25720.0,24252.0,1468.0,653.4406374466361,62.3175,64.93,60.4,4.530000000000008,2.1737582662292567,,4.530000000000008,0.03488198766364593,0.0,0.0,0.0,0.0,0.0,1077.9893749999999,1191.495,1001.275,190.2199999999999,89.91120880195722,2.1737582662292567,0,0,0
2024-03-04 04:00:00+00:00,27853.5,33362.0,23801.5,9560.5,4389.127381002592,74.14750000000001,89.04,60.97,28.070000000000007,12.183547307742518,,28.070000000000007,0.1643150113994743,131.66125,514.835,0.0,514.835,255.5098265029808,1533.455625,2079.05,1117.455,961.5950000000003,416.55881519688097,12.183547307742518,0,0,1
2024-03-04 08:00:00+00:00,33593.5,34583.0,32422.0,2161.0,1143.6684397149377,71.265,82.31,63.54,18.770000000000003,8.159430127159624,,18.770000000000003,0.11449421352921658,3953.33625,5043.99,2094.7675,2949.2225,1344.8806917506658,3400.286875,4301.9275,2628.64,1673.2875,713.3498637455041,8.159430127159624,0,0,2
2024-03-04 12:00:00+00:00,32306.125,32971.5,31922.0,1049.5,472.1395229872912,62.595,63.7,61.6,2.1000000000000014,0.8874870891079687,,2.1000000000000014,0.014178242497131847,3061.589375,4554.6275,1464.6975,3089.9299999999994,1336.9184627925997,5925.1431250000005,6824.975,5089.2375,1735.7375000000002,739.0416102160483,0.8874870891079687,0,0,3
2024-03-04 16:00:00+00:00,36884.625,38336.5,35054.5,3282.0,1357.6619838899526,77.1075,81.75,70.59,11.159999999999997,5.479625139246904,,11.159999999999997,0.07106474907430411,176.613125,578.3275,0.0,578.3275,274.0634573063858,9271.609375,11146.27,7565.7275,3580.5425000000005,1567.3389556883442,5.479625139246904,0,0,4
2024-03-04 20:00:00+00:00,29211.875,34131.0,24380.0,9751.0,4242.987476904294,57.9175,67.06,47.55,19.510000000000005,8.459107025370155,,19.510000000000005,0.14605442267656848,0.0,0.0,0.0,0.0,0.0,12485.45875,12878.345,11922.98,955.3649999999998,462.8461475547253,8.459107025370155,0,0,5
2024-03-05 00:00:00+00:00,23529.25,24250.0,22732.5,1517.5,698.9716851680517,46.8375,48.04,45.86,2.1799999999999997,0.8994211101221369,,2.1799999999999997,0.019203012759479793,0.0,0.0,0.0,0.0,0.0,10641.843125,12071.9375,9037.2975,3034.6399999999994,1309.2110943146488,0.8994211101221369,1,0,0
2024-03-05 04:00:00+00:00,26864.375,32388.5,22582.0,9806.5,4471.614778708768,61.9825,73.81,50.07,23.740000000000002,10.602538611106306,,23.740000000000002,0.17105696948503699,122.251875,476.26,0.0,476.26,236.08190852060048,7372.38875,8057.785,6883.8075,1173.9775,513.7850570540984,10.602538611106306,1,0,1
2024-03-05 08:00:00+00:00,33936.375,34308.5,33516.5,792.0,364.66431481569464,66.1,72.17,60.95,11.219999999999999,4.908421334808165,,11.219999999999999,0.0742575088473248,4395.3225,6216.745,2082.9675,4133.7775,1800.5206310571673,6244.262500000001,6603.985000000001,5891.5825,712.4025000000001,302.50572401609213,4.908421334808165,1,0,2
2024-03-05 12:00:00+00:00,32996.75,33495.0,32532.0,963.0,438.0742897424287,60.9875,63.04,59.94,3.1000000000000014,1.3939721422371891,,3.1000000000000014,0.02285668607890449,4816.261875,6257.235000000001,2961.8875,3295.3475000000008,1442.6356513490261,5157.893125,5685.9175,4478.45,1207.4674999999997,530.0406473971868,1.3939721422371891,1,0,3
2024-03-05 16:00:00+00:00,38435.25,39974.0,35838.5,4135.5,1797.5095966364129,83.2175,89.64,74.75,14.89,6.567670185588388,,14.89,0.07892174345045685,410.158125,1346.59,0.0,1346.59,638.628734834042,3527.0725,3974.635,3185.3775,789.2575000000002,342.93751403013175,6.567670185588388,1,0,4
2024-03-05 20:00:00+00:00,31909.75,36679.0,27040.5,9638.5,4221.8077190543245,66.8875,72.12,62.2,9.920000000000002,4.466597325332409,,9.920000000000002,0.06677775855477353,0.0,0.0,0.0,0.0,0.0,2972.42375,3061.38,2911.3275000000003,150.05249999999978,64.22342149675588,4.466597325332409,1,0,5
2024-03-06 00:00:00+00:00,25301.5,26445.0,24105.5,2339.5,1050.2641731170945,60.7625,63.35,58.9,4.450000000000003,2.022381022458432,,4.450000000000003,0.033283374161010994,0.0,0.0,0.0,0.0,0.0,3143.5575,3245.4925,3043.345,202.14750000000004,83.99075894108827,2.022381022458432,2,0,0
2024-03-06 04:00:00+00:00,28095.875,33697.5,23775.0,9922.5,4535.837452536558,70.145,81.38,60.1,21.279999999999994,9.538698373817388,,21.279999999999994,0.13598543550955014,108.51125,414.7275,0.0,414.7275,204.34717154575446,3863.8475,4349.5525,3406.8725,942.6799999999998,411.333258811109,9.538698373817388,2,0,1
2024-03-06 08:00:00+00:00,34124.125,34988.0,32917.0,2071.0,973.4550473271308,69.98,77.46,63.21,14.249999999999993,6.138224498989915,,14.249999999999993,0.08771398255201361,3423.9325,5032.3825,1577.8975,3454.4849999999997,1497.7508626993563,4739.8150000000005,4967.68,4559.73,407.9500000000007,179.8641808536843,6.138224498989915,2,0,2
2024-03-06 12:00:00+00:00,32013.875,32489.5,31506.0,983.5,460.2088973136728,61.0575,62.07,60.0,2.0700000000000003,0.8924638181274746,,2.0700000000000003,0.01461677628673747,4084.288125,5188.5675,2647.8325,2540.735,1115.3127480561507,5139.41625,5316.235000000001,5020.67,295.5650000000005,131.02807610235084,0.8924638181274746,2,0,3
2024-03-06 16:00:00+00:00,37097.375,38709.0,34594.0,4115.0,1787.048934929689,79.655,85.68,69.94,15.740000000000009,6.927479098970032,,15.740000000000009,0.08696854056832636,373.015625,1248.55,0.0,1248.55,594.6112163295408,6063.390625,6573.952499999999,5528.365,1045.5874999999996,461.62107612004576,6.927479098970032,2,0,4
2024-03-06 20:00:00+00:00,30529.125,35377.0,25676.0,9701.0,4233.989694031701,63.252500000000005,68.43,59.17,9.260000000000005,4.332977228957787,,9.260000000000005,0.06850286121430435,0.0,0.0,0.0,0.0,0.0,6403.886875,6684.795,5934.66,750.1350000000002,346.70596143907864,4.332977228957787,2,0,5
2024-03-07 00:00:00+00:00,24546.0,25400.0,23504.5,1895.5,841.0944259316751,56.85,59.18,55.42,3.759999999999998,1.6816460190341238,,3.759999999999998,0.02958040490825203,0.0,0.0,0.0,0.0,0.0,5621.483125,5805.515,5472.005,333.5100000000002,146.25506978926376,1.6816460190341238,3,0,0
2024-03-07 04:00:00+00:00,26205.0,32283.5,23086.5,9197.0,4143.824521702949,65.915,74.95,56.57,18.380000000000003,8.282843714570504,,18.380000000000003,0.12565946619996207,141.88125000000002,534.8050000000001,0.0,534.8050000000001,262.402889985832,5922.31875,6322.68,5568.43,754.25,323.03215781933653,8.282843714570504,3,0,1
2024-03-07 08:00:00+00:00,32853.875,33976.5,31484.5,2492.0,1214.8502908452008,64.37,71.82,57.26,14.559999999999995,6.309389827867664,,14.559999999999995,0.09801755208742684,3600.77875,4779.0125,1912.99,2866.0225,1268.6398460695677,7374.37125,8234.375,6666.325,1568.0500000000002,683.0600952255833,6.309389827867664,3,0,2
2024-03-07 12:00:00+00:00,31394.875,32643.0,30219.0,2424.0,1113.5512542462222,55.7,56.41,55.06,1.3499999999999943,0.5905364792570662,,1.3499999999999943,0.010602091189534407,3638.17875,4610.2725,2405.2725,2205.0,954.3249709731568,9264.414375,9826.5675,8752.775,1073.7924999999996,457.70422839780343,0.5905364792570662,3,0,3
2024-03-07 16:00:00+00:00,36807.5,38345.0,34818.0,3527.0,1516.7325626710413,71.08,75.41,64.01,11.399999999999991,4.9828907272786935,,11.399999999999991,0.07010257072704969,343.1475,1131.7575,0.0,1131.7575,537.3471998740664,11324.934375,12058.86,10416.875,1641.9850000000006,717.011563018033,4.9828907272786935,3,0,4
2024-03-07 20:00:00+00:00,29977.125,34849.5,25071.5,9778.0,4315.083571515928,57.112500000000004,64.87,51.89,12.980000000000004,6.322649101971948,,12.980000000000004,0.11070517140681896,0.0,0.0,0.0,0.0,0.0,12497.3125,12869.285,12007.785,861.5,359.7653149566163,6.322649101971948,3,0,5
2024-03-08 00:00:00+00:00,23445.75,24680.0,22228.5,2451.5,1079.3161801189985,46.925,50.42,43.58,6.840000000000003,3.0980908099451603,,6.840000000000003,0.06602218028652453,0.0,0.0,0.0,0.0,0.0,11279.39375,11519.1425,11076.0825,443.0599999999995,208.08995202896463,3.0980908099451603,4,0,0
2024-03-08 04:00:00+00:00,25957.625,31149.5,21952.5,9197.0,4141.999967306454,53.8025,65.25,42.41,22.840000000000003,10.68687473804511,,22.840000000000003,0.19863156429617784,152.17625,566.0375,0.0,566.0375,276.63967099595465,12572.2675,13236.5,11853.7475,1382.7525000000005,596.4716341013213,10.68687473804511,4,0,1
2024-03-08 08:00:00+00:00,30188.125,31803.0,28287.5,3515.5,1600.5931387561723,47.4825,62.29,32.02,30.269999999999996,13.400289486922787,,30.269999999999996,0.28221533168899665,4228.221875,5845.3825,2067.78,3777.6024999999995,1659.1501616444773,14047.051875000001,14341.145,13642.575,698.5699999999997,304.47527581189365,13.400289486922787,4,0,2
2024-03-08 12:00:00+00:00,27844.125,28114.0,27502.0,612.0,303.95075670246325,30.509999999999998,36.18,27.49,8.690000000000001,3.865100257431881,,8.690000000000001,0.12668306317377523,4778.576875,5982.27,3113.1825,2869.0875000000005,1282.2697768709058,14600.808125,14754.21,14458.14,296.0699999999997,132.3022651509134,3.865100257431881,4,0,3
2024-03-08 16:00:00+00:00,33922.75,35705.0,30864.0,4841.0,2205.9355347183946,64.115,71.37,51.76,19.610000000000007,8.550019493155165,,19.610000000000007,0.133354433333154,429.91249999999997,1461.1,0.0,1461.1,697.9709324505093,14805.608124999999,14931.7525,14737.035,194.71750000000065,90.53862498438235,8.550019493155165,4,0,4
2024-03-08 20:00:00+00:00,28648.625,32792.5,24474.0,8318.5,3611.5424538323423,49.195,58.5,42.98,15.520000000000003,7.52651092251029,,15.520000000000003,0.15299341238967962,0.0,0.0,0.0,0.0,0.0,14656.24,14977.2,14165.96,811.2400000000016,365.45513833209856,7.52651092251029,4,0,5
2024-03-09 00:00:00+00:00,22378.875,23945.0,20881.0,3064.0,1339.7651768749133,34.2475,43.01,25.36,17.65,7.832668234175802,,17.65,0.2287077373290255,0.0,0.0,0.0,0.0,0.0,13716.303125,13858.0775,13616.1625,241.91499999999905,108.06169210947259,7.832668234175802,5,1,0
2024-03-09 04:00:00+00:00,21794.25,24600.0,20060.0,4540.0,2106.995708744246,36.205,51.82,22.61,29.21,13.245463374302917,,29.21,0.3658462470460687,111.10249999999999,402.1475,0.0,402.1475,195.05013768900548,13846.448124999999,13936.0175,13699.17,236.84749999999985,106.12335898564288,13.245463374302917,5,1,1
2024-03-09 08:00:00+00:00,26676.625,27434.0,25869.5,1564.5,644.5425218711333,44.6725,52.68,36.83,15.850000000000001,7.335399898210505,,15.850000000000001,0.16420392631284356,3125.17625,4500.3225,1358.55,3141.7725,1389.9724235941098,13416.876875,13754.68,12994.17,760.5100000000002,330.6986436279955,7.335399898210505,5,1,2
2024-03-09 12:00:00+00:00,25745.25,26224.0,25352.0,872.0,392.9218539777767,38.425,43.06,34.9,8.160000000000004,3.395227041990957,,8.160000000000004,0.08835984494446218,3397.73125,4482.0875,1931.69,2550.3974999999996,1124.4209825700293,12938.113125,13250.03,12746.99,503.0400000000009,238.65235793387018,3.395227041990957,5,1,3
2024-03-09 16:00:00+00:00,31670.75,33454.5,28924.0,4530.5,1932.7177971274887,65.69,72.31,55.5,16.810000000000002,7.174700922918902,,16.810000000000002,0.10922059556886746,240.2825,804.32,0.0,804.32,383.0545119333539,13794.518125,14043.74,13452.295,591.4449999999997,265.5811309921359,7.174700922918902,5,1,4
2024-03-09 20:00:00+00:00,27007.875,30231.0,23874.0,6357.0,2755.048770741939,51.5925,60.66,44.0,16.659999999999997,7.938754625254512,,16.659999999999997,0.1538741992587007,0.0,0.0,0.0,0.0,0.0,13811.17625,14018.665,13485.0125,533.6525000000001,230.1835869338865,7.938754625254512,5,1,5
2024-03-10 00:00:00+00:00,21838.5,23150.0,20360.5,2789.5,1227.6981849515519,36.207499999999996,43.68,27.79,15.89,7.051805324406891,,15.89,0.19476090104003002,0.0,0.0,0.0,0.0,0.0,12230.385624999999,12701.23,11957.8475,743.3824999999997,324.90397245683107,7.051805324406891,6,1,0
2024-03-10 04:00:00+00:00,20854.25,22643.0,19616.0,3027.0,1395.4859070111265,29.615,40.33,22.97,17.36,7.85303550652018,,17.36,0.26517087646531085,68.58500000000001,245.5575,0.0,245.5575,118.75929326793757,12598.001875,12656.8575,12465.9375,190.92000000000007,88.6664759171276,7.85303550652018,6,1,1
2024-03-10 08:00:00+00:00,26683.25,28174.5,24683.5,3491.0,1472.528126499909,53.4925,58.11,47.82,10.29,4.460936934471654,,10.29,0.08339368947930366,1715.1243749999999,2369.87,864.0475,1505.8224999999998,659.4670514367864,12244.3725,12565.195,11879.99,685.2049999999999,303.86696876813346,4.460936934471654,6,1,2
2024-03-10 12:00:00+00:00,30183.5,30482.0,29841.5,640.5,274.54356059952795,57.9025,58.9,57.27,1.6299999999999955,0.7777049569084643,,1.6299999999999955,0.013431284606164948,1882.91125,2368.55,1193.175,1175.3750000000002,519.6257932176609,11307.201874999999,11658.6775,10926.09,732.5874999999996,311.17025399004467,0.7777049569084643,6,1,3
2024-03-10 16:00:00+00:00,34034.0,35101.0,32556.5,2544.5,1112.5751660000321,74.15,79.0,66.38,12.620000000000005,5.478454769975447,,12.620000000000005,0.07388340890054544,167.29,547.0024999999999,0.0,547.0024999999999,259.46376033883166,10301.668125,10678.435,9869.31,809.125,353.4853262004829,5.478454769975447,6,1,4
2024-03-10 20:00:00+00:00,28200.25,31791.5,24396.5,7395.0,3203.1849384635916,64.2925,69.65,60.48,9.170000000000009,4.431089971252376,,9.170000000000009,0.06892079124707196,0.0,0.0,0.0,0.0,0.0,8607.0625,9449.2675,7938.5225,1510.745,658.5575708034191,4.431089971252376,6,1,5
2024-03-11 00:00:00+00:00,22747.25,23500.0,21959.5,1540.5,703.2923171294655,56.1625,58.72,54.28,4.439999999999998,1.9898806496873136,,4.439999999999998,0.03543077052637101,0.0,0.0,0.0,0.0,0.0,7189.2375,7594.695,6804.78,789.915,339.7308538264766,1.9898806496873136,0,0,0
2024-03-11 04:00:00+00:00,26263.625,32453.5,21695.5,10758.0,4870.092100001806,67.455,77.69,56.63,21.059999999999995,9.683269076092019,,21.059999999999995,0.14355153919045316,65.64562500000001,245.5475,0.0,245.5475,120.20312482722389,6145.531875,6542.62,5682.075,860.5450000000001,372.1281426996117,9.683269076092019,0,0,1
2024-03-11 08:00:00+00:00,35451.75,36025.5,34452.5,1573.0,735.6754832578473,74.99000000000001,77.48,71.64,5.840000000000003,2.5659696023141043,,5.840000000000003,0.0342174903629031,1824.6525000000001,2642.6275,876.335,1766.2925,768.2659237068677,4778.396875,5327.87,4293.925,1033.9449999999997,447.0003703921608,2.5659696023141043,0,0,2
2024-03-11 12:00:00+00:00,35708.625,35990.0,35413.0,577.0,250.32557966243303,72.0975,75.27,70.51,4.759999999999991,2.1503701231803456,,4.759999999999991,0.029825862522006228,2137.24875,2690.695,1374.7525,1315.9425,582.665480158856,3705.8675,4037.765,3447.3475,590.4175,262.6330583802556,2.1503701231803456,0,0,3
2024-03-11 16:00:00+00:00,39016.0,39909.0,37837.5,2071.5,862.2585652420823,89.52,94.3,85.47,8.829999999999998,4.11111501501316,,8.829999999999998,0.0459239836350889,200.286875,661.65,0.0,661.65,314.3863491746991,3444.0456249999997,3475.415,3383.375,92.03999999999996,41.6716295565199,4.11111501501316,0,0,4
2024-03-11 20:00:00+00:00,31278.625,36560.0,26447.5,10112.5,4350.82205594529,70.405,76.15,65.46,10.690000000000012,5.566989012623138,,10.690000000000012,0.07907093264147624,0.0,0.0,0.0,0.0,0.0,2894.68375,3190.39,2503.2,687.19,308.68514869186157,5.566989012623138,0,0,5
2024-03-12 00:00:00+00:00,24591.375,25775.0,23206.5,2568.5,1187.0891833247688,63.405,65.64,61.94,3.700000000000003,1.755268260599126,,3.700000000000003,0.02768343601607322,0.0,0.0,0.0,0.0,0.0,2347.096875,2435.7425,2249.85,185.89249999999993,83.4989116290096,1.755268260599126,1,0,0
2024-03-12 04:00:00+00:00,26804.25,32580.0,22709.5,9870.5,4518.885970752821,71.33,80.03,62.96,17.07,7.669328523410631,,17.07,0.10751897551395817,64.51,228.7725,0.0,228.7725,110.37403515999584,3534.828125,4270.05,2779.4775,1490.5725000000002,641.7746992791909,7.669328523410631,1,0,1
2024-03-12 08:00:00+00:00,35556.75,35977.5,34872.5,1105.0,478.63181744078264,77.56,81.55,72.68,8.86999999999999,3.876931776547011,,8.86999999999999,0.049986227134438,1069.7150000000001,1391.025,640.9375,750.0875000000001,325.47128017819534,5556.91125,6362.7225,4795.7375,1566.9849999999997,664.9104702968788,3.876931776547011,1,0,2
2024-03-12 12:00:00+00:00,35327.125,35975.5,34700.5,1275.0,597.2078609384397,66.9575,70.6,65.05,5.549999999999997,2.595924690741234,,5.549999999999997,0.03876973738179051,1243.196875,1432.5675,929.9325,502.6350000000001,223.92797237034924,8090.2699999999995,8925.009999999998,7127.935,1797.074999999998,783.657561470569,2.595924690741234,1,0,3
2024-03-12 16:00:00+00:00,37271.5,38499.0,36179.5,2319.5,1130.7300738903161,76.9525,81.05,71.87,9.179999999999993,4.433015339472673,,9.179999999999993,0.057607164672657425,128.826875,432.315,0.0,432.315,205.93665421045336,9928.211875,10658.1075,9267.6775,1390.4300000000003,598.7578315367269,4.433015339472673,1,0,4
2024-03-12 20:00:00+00:00,28682.125,34282.0,23306.0,10976.0,4814.78307533164,58.002500000000005,67.93,47.27,20.660000000000004,9.081855078488466,,20.660000000000004,0.15657695924293716,0.0,0.0,0.0,0.0,0.0,11892.190625,12547.38,11186.8175,1360.5625,585.3364404282631,9.081855078488466,1,0,5
2024-03-13 00:00:00+00:00,21216.875,21950.0,20135.0,1815.0,839.3656707101302,32.78,41.68,26.27,15.41,6.939755038904473,,15.41,0.21170698715388866,0.0,0.0,0.0,0.0,0.0,13016.1175,13125.6825,12849.15,276.53250000000116,124.12603146600708,6.939755038904473,2,0,0
2024-03-13 04:00:00+00:00,23003.75,28531.5,19479.5,9052.0,4178.178720048565,45.129999999999995,64.49,25.7,38.78999999999999,18.36276486080822,,38.78999999999999,0.4068859929272817,88.185,322.52750000000003,0.0,322.52750000000003,156.87617889331278,13283.993125,13542.225,13136.0325,406.192500000001,184.94341712822023,18.36276486080822,2,0,1
2024-03-13 08:00:00+00:00,30971.25,31467.5,30560.0,907.5,378.54160933773153,61.894999999999996,65.63,58.13,7.499999999999993,3.319422640560649,,7.499999999999993,0.05362989967785202,2055.839375,3002.35,1010.1475,1992.2024999999999,863.1164298931881,13859.365,13906.755,13763.745,143.0099999999984,64.68408923375137,3.319422640560649,2,0,2
2024-03-13 12:00:00+00:00,31009.875,31483.0,30478.5,1004.5,425.6554504525932,56.45,57.78,55.71,2.0700000000000003,0.9198912979260112,,2.0700000000000003,0.016295682868485574,2479.044375,3132.2925,1594.3225,1537.97,686.0865374637974,13538.850625,13883.9025,13093.075,790.8274999999994,343.8658913998718,0.9198912979260112,2,0,3
2024-03-13 16:00:00+00:00,34881.375,35720.0,33432.5,2287.5,998.3208715137633,71.455,76.68,63.24,13.440000000000005,5.836240228092055,,13.440000000000005,0.08167714265050809,241.295,793.1775,0.0,793.1775,376.0972376095044,12194.4375,12648.585,11905.57,743.0149999999994,329.7964809924436,5.836240228092055,2,0,4
2024-03-13 20:00:00+00:00,28155.125,32810.5,23441.5,9369.0,4034.8299711181544,58.0925,64.45,53.34,11.11,5.335949618702687,,11.11,0.09185264222924966,0.0,0.0,0.0,0.0,0.0,11098.089375,11676.4075,10287.635,1388.7724999999991,623.8526948873657,5.335949618702687,2,0,5
2024-03-14 00:00:00+00:00,22208.875,23000.0,21251.5,1748.5,785.5310703594098,46.5775,51.06,43.61,7.450000000000003,3.396403735325549,,7.450000000000003,0.07291940819763938,0.0,0.0,0.0,0.0,0.0,10134.9375,10224.53,9978.785,245.7450000000008,109.55127981148095,3.396403735325549,3,0,0
2024-03-14 04:00:00+00:00,24815.125,30433.0,21019.0,9414.0,4347.658419099489,59.5975,69.51,46.81,22.700000000000003,10.316088971440033,,22.700000000000003,0.17309600186987767,121.83812499999999,435.0875,0.0,435.0875,210.28127834497258,9752.848125,9843.48,9657.89,185.59000000000015,79.60115078143835,10.316088971440033,3,0,1
2024-03-14 08:00:00+00:00,31351.875,32255.0,30292.0,1963.0,858.3113629874266,64.83,69.69,60.4,9.29,4.100544679267218,,9.29,0.06325072773819551,2529.3987500000003,3598.6425,1224.9975,2373.645,1046.4078030527025,9641.085,9769.94,9562.495,207.4449999999997,89.68403750575355,4.100544679267218,3,0,2
2024-03-14 12:00:00+00:00,30662.625,31205.5,30320.0,885.5,396.0301703574277,57.7175,59.2,56.95,2.25,1.0078814414404107,,2.25,0.017462319772000023,2540.614375,3507.67,1401.1175,2106.5525,917.2388860673443,10022.39125,10103.1,9985.075,118.02499999999964,55.61521919627829,1.0078814414404107,3,0,3
2024-03-14 16:00:00+00:00,34314.125,35475.0,32683.0,2792.0,1171.7185651142236,71.235,76.11,64.25,11.86,5.111200119997911,,11.86,0.0717512475608607,187.80312500000002,608.8775,0.0,608.8775,287.7844989989254,10813.053125,11327.35,10206.7375,1120.612500000001,487.4984846274539,5.111200119997911,3,0,4
2024-03-14 20:00:00+00:00,27882.875,32466.5,23362.0,9104.5,3993.9336577489607,55.7175,63.92,47.37,16.550000000000004,7.394977462214926,,16.550000000000004,0.13272270762713553,0.0,0.0,0.0,0.0,0.0,11645.391875000001,11834.605,11478.37,356.23499999999876,171.70853086668654,7.394977462214926,3,0,5
2024-03-15 00:00:00+00:00,21665.625,22900.0,20587.0,2313.0,1012.6514187188671,39.5575,44.64,35.62,9.020000000000003,4.103643706106399,,9.020000000000003,0.103738702044022,0.0,0.0,0.0,0.0,0.0,11774.341875,11806.79,11751.465,55.32500000000073,27.383635728828832,4.103643706106399,4,0,0
2024-03-15 04:00:00+00:00,23827.125,28816.5,20332.0,8484.5,3813.0688072950725,51.71,66.44,36.06,30.379999999999995,14.100482261256175,,30.379999999999995,0.2726838573052828,123.21312499999999,454.395,0.0,454.395,221.5309599447953,11718.744999999999,11754.835,11667.635,87.19999999999891,42.38276615166384,14.100482261256175,4,0,1
2024-03-15 08:00:00+00:00,30680.5,31296.5,29993.5,1303.0,594.0666348707582,60.754999999999995,66.19,55.05,11.14,4.871567167418168,,11.14,0.08018380655778402,3055.845625,4502.0975,1361.2475,3140.85,1374.6461874384488,11139.71,11632.38,10472.555,1159.824999999999,519.3478535785679,4.871567167418168,4,0,2
2024-03-15 12:00:00+00:00,27829.125,28481.0,27436.0,1045.0,489.24267580959605,53.7525,54.29,52.91,1.3800000000000026,0.6259060099833957,,1.3800000000000026,0.011644221384742947,3654.28,4677.255,2362.635,2314.62,1018.0251498551003,9811.824375,10177.5425,9432.84,744.7024999999994,325.3878534173678,0.6259060099833957,4,0,3
2024-03-15 16:00:00+00:00,33334.25,34914.5,30736.5,4178.0,1822.638449245123,71.5075,76.64,63.1,13.54,5.845553153181197,,13.54,0.08174741325289236,383.71687499999996,1215.82,0.0,1215.82,573.1666433557775,8538.915625,9146.5025,7983.934999999999,1162.567500000002,496.6473903685549,5.845553153181197,4,0,4
2024-03-15 20:00:00+00:00,28333.375,31869.5,24698.0,7171.5,3063.3130859414296,62.55,65.81,58.72,7.090000000000003,2.9810624504249095,,7.090000000000003,0.0476588721091112,0.0,0.0,0.0,0.0,0.0,6789.203125,7404.9175,6371.5275,1033.3899999999994,446.77981422795085,2.9810624504249095,4,0,5
2024-03-16 00:00:00+00:00,23416.75,24600.0,22050.5,2549.5,1150.6541979818846,59.0475,61.17,57.72,3.450000000000003,1.590751918643089,,3.450000000000003,0.02694020777582607,0.0,0.0,0.0,0.0,0.0,5185.465,5910.8475,4393.545,1517.3024999999998,652.74108529914,1.590751918643089,5,1,0
2024-03-16 04:00:00+00:00,23283.75,25584.0,21601.5,3982.5,1819.7782145085703,66.45,71.91,59.45,12.459999999999994,6.053957383398063,,12.459999999999994,0.09110545347476401,323.699375,1148.3725,0.0,1148.3725,554.0982277176997,2677.4925,3738.53,1708.03,2030.5000000000002,882.5688119395189,6.053957383398063,5,1,1
2024-03-16 08:00:00+00:00,26525.75,27277.5,25818.0,1459.5,611.2725115145729,65.81,69.85,62.09,7.759999999999991,3.3117165740242105,,7.759999999999991,0.050322391339070204,4712.014375,5622.4675,2970.755,2651.7124999999996,1244.747081213313,1734.956875,2415.57,1372.1425,1043.4275000000002,488.3342946494023,3.3117165740242105,5,1,2
2024-03-16 12:00:00+00:00,26566.25,26979.0,26262.0,717.0,300.7419990623188,59.93,61.66,58.71,2.9499999999999957,1.3407211989572347,,2.9499999999999957,0.02237145334485628,3303.635625,4946.83,1588.9875,3357.8424999999997,1452.7173333208116,4266.1425,5536.175,3079.61,2456.565,1064.1834770885769,1.3407211989572347,5,1,3
2024-03-16 16:00:00+00:00,31335.25,32637.0,29162.0,3475.0,1506.155896092212,71.225,75.29,64.52,10.77000000000001,4.8620057589435275,,10.77000000000001,0.06826262911819625,192.53125,638.3525,0.0,638.3525,303.2627326297831,7356.29875,8542.0725,6260.1825,2281.8900000000003,979.9630105551179,4.8620057589435275,5,1,4
2024-03-16 20:00:00+00:00,25926.875,29603.5,22382.5,7221.0,3127.103915099933,58.575,64.56,53.12,11.440000000000005,5.115971722621881,,11.440000000000005,0.08734053303665182,0.0,0.0,0.0,0.0,0.0,10082.109375,10521.825,9369.5075,1152.317500000001,532.2259033075735,5.115971722621881,5,1,5
2024-03-17 00:00:00+00:00,21195.125,22150.0,20087.0,2063.0,912.2015836242922,49.7025,53.06,46.67,6.390000000000001,2.9235637499462874,,6.390000000000001,0.0588212615048798,0.0,0.0,0.0,0.0,0.0,9418.726875,10254.29,8547.4825,1706.8075000000008,737.521274004958,2.9235637499462874,6,1,0
2024-03-17 04:00:00+00:00,20854.125,22704.0,19563.5,3140.5,1441.0341989349176,51.5,55.66,48.2,7.459999999999994,3.3080004030632533,,7.459999999999994,0.06423301753520883,68.96187499999999,250.7275,0.0,250.7275,121.7543056626575,7467.075,7934.34,7156.549999999999,777.7900000000009,347.6549285810096,3.3080004030632533,6,1,1
2024-03-17 08:00:00+00:00,25871.125,26316.5,24775.0,1541.5,736.2147982529737,62.55,64.28,59.66,4.6200000000000045,2.0144974559427986,,4.6200000000000045,0.03220619433961308,2135.77875,3549.44,819.8625,2729.5775000000003,1179.5812686650363,6947.22875,7077.855,6847.3025,230.55249999999978,100.92123336419311,2.0144974559427986,6,1,2
2024-03-17 12:00:00+00:00,26016.5,26674.0,25368.0,1306.0,621.6760946559443,58.9975,61.47,57.66,3.8100000000000023,1.7465465925648798,,3.8100000000000023,0.029603739015464755,3752.5512500000004,4222.530000000001,2853.53,1369.0000000000005,637.5479363039433,6015.968124999999,6676.025,5216.505,1459.5199999999995,638.4188817937081,1.7465465925648798,6,1,3
2024-03-17 16:00:00+00:00,31800.75,33556.5,29103.0,4453.5,1914.4057607170607,73.9975,78.36,68.0,10.36,4.764426338325873,,10.36,0.06438631492044834,466.24062499999997,1499.9775,0.0,1499.9775,708.6777072048072,4992.1325,5224.325,4840.85,383.47499999999945,177.6647788439411,4.764426338325873,6,1,4
2024-03-17 20:00:00+00:00,27034.875,30615.5,23238.0,7377.5,3173.354570350856,62.64,65.55,60.58,4.969999999999999,2.4264789304669447,,4.969999999999999,0.03873689224883367,0.0,0.0,0.0,0.0,0.0,6003.059375,6623.695,5473.45,1150.245,521.7835095946363,2.4264789304669447,6,1,5
2024-03-18 00:00:00+00:00,22045.75,22850.0,21106.0,1744.0,774.8583203829372,57.365,60.07,55.45,4.619999999999997,2.108435438897762,,4.619999999999997,0.03675473614395121,0.0,0.0,0.0,0.0,0.0,6427.683125,6506.075,6273.3075,232.76749999999993,104.75547685314187,2.108435438897762,0,0,0
2024-03-18 04:00:00+00:00,25276.75,30545.0,21118.0,9427.0,4252.185193129135,67.89750000000001,76.53,57.95,18.58,8.092150002728985,,18.58,0.11918185504221776,256.72625,909.845,0.0,909.845,438.89539295400454,5214.884375,5828.97,4524.075,1304.8950000000004,559.2519660909222,8.092150002728985,0,0,1
2024-03-18 08:00:00+00:00,30080.25,31289.5,28626.5,2663.0,1267.2396839851037,68.7825,75.43,62.75,12.680000000000007,5.665152984106726,,12.680000000000007,0.08236328984998696,4442.36375,6126.165,2428.04,3698.125,1607.136383034407,4087.3687499999996,4348.674999999999,3913.705,434.96999999999935,191.75638917538902,5.665152984106726,0,0,2
2024-03-18 12:00:00+00:00,28307.75,28997.5,27803.0,1194.5,564.3079094489699,59.94,60.97,59.11,1.8599999999999994,0.9672297210762993,,1.8599999999999994,0.016136631983254907,4761.481875,6252.9575,2947.3275000000003,3305.63,1445.7226025047921,5815.405,6502.8875,5004.3375,1498.5500000000002,641.7472219099718,0.9672297210762993,0,0,3
2024-03-18 16:00:00+00:00,33678.5,35067.0,31235.0,3832.0,1694.7976772071245,73.405,77.5,68.0,9.5,4.61919545664249,,9.5,0.06292753159379463,443.224375,1427.8675,0.0,1427.8675,675.4103426170365,8285.286250000001,9539.43,7135.985000000001,2403.4449999999997,1034.2998048629722,4.61919545664249,0,0,4
2024-03-18 20:00:00+00:00,26807.625,31857.5,21782.5,10075.0,4340.696111128567,55.59,63.45,46.07,17.380000000000003,8.017909120629062,,17.380000000000003,0.14423293974867893,0.0,0.0,0.0,0.0,0.0,11437.146875,12468.6,10335.385,2133.215,952.0997184674143,8.017909120629062,0,0,5
2024-03-19 00:00:00+00:00,19969.625,20900.0,18955.5,1944.5,839.5821753507321,38.6025,41.6,36.21,5.390000000000001,2.5424446896638693,,5.390000000000001,0.06586217705236365,0.0,0.0,0.0,0.0,0.0,12558.043125,12616.125,12479.2225,136.90250000000015,64.05921744029101,2.5424446896638693,1,0,0
2024-03-19 04:00:00+00:00,23103.25,28274.0,18762.5,9511.5,4301.505443833976,55.635000000000005,70.0,38.43,31.57,14.385832150649701,,31.57,0.25857521615259643,196.4525,696.875,0.0,696.875,336.23893331230994,12067.046875,12378.17,11704.0825,674.0874999999996,293.85601470912377,14.385832150649701,1,0,1
2024-03-19 08:00:00+00:00,29033.0,29971.0,27957.0,2014.0,895.8315503858231,61.415000000000006,68.04,55.49,12.550000000000004,5.57158565102132,,12.550000000000004,0.09072027437957049,3591.45875,5112.8150000000005,1828.195,3284.620000000001,1433.2834483879724,10725.586875,11382.5525,9863.52,1519.0324999999993,653.719606531777,5.57158565102132,1,0,2
2024-03-19 12:00:00+00:00,28708.25,29817.0,28275.0,1542.0,744.4192926928566,59.2625,63.55,56.28,7.269999999999996,3.23819265434697,,7.269999999999996,0.054641512834371936,4300.82875,5325.33,2867.645,2457.685,1090.611876919137,6989.139375000001,8831.1975,5104.055,3727.1425,1606.7209677222208,3.23819265434697,1,0,3
2024-03-19 16:00:00+00:00,35278.875,36673.5,32532.0,4141.5,1935.2305364391775,82.9275,88.19,75.1,13.090000000000003,5.92335138807978,,13.090000000000003,0.07142807136450252,423.53187499999996,1380.08,0.0,1380.08,653.5657274373627,2608.059375,3886.6875,1654.445,2232.2425000000003,976.776921803658,5.92335138807978,1,0,4
2024-03-19 20:00:00+00:00,30004.75,34464.5,25292.5,9172.0,3974.295440703924,69.5075,73.31,65.24,8.070000000000007,3.310361259238431,,8.070000000000007,0.04762595776338434,0.0,0.0,0.0,0.0,0.0,1200.8775,1361.12,1128.4375,232.6824999999999,108.14966202366656,3.310361259238431,1,0,5
2024-03-20 00:00:00+00:00,23164.875,24400.0,21660.5,2739.5,1218.8264420471571,68.735,70.38,67.35,3.030000000000001,1.3315780112332891,,3.030000000000001,0.0193726341926717,0.0,0.0,0.0,0.0,0.0,1068.7350000000001,1115.2725,1021.2425,94.03000000000009,38.55473890025283,1.3315780112332891,2,0,0
2024-03-20 04:00:00+00:00,26068.125,31949.5,21696.0,10253.5,4683.500424806926,77.88,86.26,68.62,17.64,7.819718665016032,,17.64,0.10040727613014928,120.264375,419.4075,0.0,419.4075,201.53518632378444,1623.075625,2070.67,1222.085,848.585,366.89815895317497,7.819718665016032,2,0,1
2024-03-20 08:00:00+00:00,32405.125,33000.0,31475.5,1524.5,732.0865585206893,79.28,85.52,73.52,12.0,5.274599510863364,,12.0,0.06653127536406861,2203.775625,3187.6725,1059.0275,2128.6450000000004,934.2299670748789,2801.990625,3149.225,2406.745,742.48,322.94914091576265,5.274599510863364,2,0,2
2024-03-20 12:00:00+00:00,31153.125,31544.5,30510.5,1034.0,446.7783520195822,72.53,74.45,71.49,2.960000000000008,1.3682105101189674,,2.960000000000008,0.018864063285798538,2932.013125,3394.3075,2079.69,1314.6174999999998,610.0470043993023,3145.17875,3305.215,2865.1,440.11500000000024,201.29326319141944,1.3682105101189674,2,0,3
2024-03-20 16:00:00+00:00,35141.875,36102.5,33165.0,2937.5,1342.9550982193468,90.36,95.21,83.2,12.009999999999991,5.527525064016749,,12.009999999999991,0.06117225613121676,373.6425,1129.0925,0.0,1129.0925,528.356338953646,2817.31625,3012.94,2700.4375,312.50250000000005,139.44063483701572,5.527525064016749,2,0,4
2024-03-20 20:00:00+00:00,29252.5,33662.5,24612.5,9050.0,3890.275397278022,72.4425,78.03,67.81,10.219999999999999,4.651074248672743,,10.219999999999999,0.06420366840836159,0.0,0.0,0.0,0.0,0.0,3583.438125,3719.33,3338.105,381.2249999999999,170.56512369882597,4.651074248672743,2,0,5
2024-03-21 00:00:00+00:00,22710.375,24100.0,21050.5,3049.5,1352.5093576386084,65.61500000000001,67.41,64.31,3.0999999999999943,1.3981297030914837,,3.0999999999999943,0.02130808051652025,0.0,0.0,0.0,0.0,0.0,4239.780625,4644.6225,3928.485,716.1375000000003,306.23448720149514,1.3981297030914837,3,0,0
2024-03-21 04:00:00+00:00,24545.625,29505.5,20920.0,8585.5,3955.692783297679,72.5625,78.47,65.09,13.379999999999995,5.976104500425002,,13.379999999999995,0.0823580292909561,199.99562500000002,707.485,0.0,707.485,341.124519129837,5581.4087500000005,6154.3575,5032.555,1121.8024999999998,485.9818384059391,5.976104500425002,3,0,1
2024-03-21 08:00:00+00:00,29556.75,30138.5,28656.5,1482.0,683.5818044194365,69.9525,75.97,64.0,11.969999999999999,5.162940860917678,,11.969999999999999,0.07380638091444443,3209.57875,4397.4775,1763.635,2633.8424999999997,1153.2460531338272,7726.391874999999,9045.4175,6619.215,2426.2024999999994,1045.90495232473,5.162940860917678,3,0,2
2024-03-21 12:00:00+00:00,28138.875,29067.5,27592.0,1475.5,642.9399110077605,54.55,58.93,51.71,7.219999999999999,3.088462400612965,,7.219999999999999,0.05661709258685546,3698.286875,4416.165,2761.375,1654.79,719.9164515974958,11268.5025,12169.805,10114.5825,2055.2225,900.1698454898208,3.088462400612965,3,0,3
2024-03-21 16:00:00+00:00,32725.75,33668.0,31163.0,2505.0,1105.7927397723925,72.32,76.8,65.49,11.310000000000002,4.966910508555591,,11.310000000000002,0.0686796253948506,479.905625,1518.3825,0.0,1518.3825,714.724934267766,13124.075,13623.565,12546.4,1077.1650000000009,462.407386565137,4.966910508555591,3,0,4
2024-03-21 20:00:00+00:00,26561.25,31257.5,22136.5,9121.0,3945.094559491995,56.222500000000004,65.56,46.85,18.71,8.731133469754468,,18.71,0.15529607309803842,0.0,0.0,0.0,0.0,0.0,13749.43125,13958.51,13383.6625,574.8474999999999,255.5449330067345,8.731133469754468,3,0,5
2024-03-22 00:00:00+00:00,20610.75,21500.0,19661.0,1839.0,865.8377927379541,42.9375,45.05,41.36,3.6899999999999977,1.8501779193724397,,3.6899999999999977,0.0430900243230845,0.0,0.0,0.0,0.0,0.0,13069.795,13172.815,12901.565,271.25,119.30928512344119,1.8501779193724397,4,0,0
2024-03-22 04:00:00+00:00,23160.75,28571.5,19409.5,9162.0,4160.979962701093,60.07,73.34,45.1,28.240000000000002,12.587409052965056,,28.240000000000002,0.20954568092167564,214.48624999999998,722.665,0.0,722.665,344.45274338736704,12119.166874999999,12645.5175,11538.0225,1107.4950000000008,486.1838464612903,12.587409052965056,4,0,1
2024-03-22 08:00:00+00:00,28732.25,29892.0,27500.0,2392.0,1080.1275001899853,64.22,71.22,57.52,13.699999999999996,6.035472917123672,,13.699999999999996,0.09398120394150845,3459.015625,4930.585,1821.4125,3109.1725,1343.2883726099408,10772.846875,11327.995,10075.975,1252.0200000000004,557.8341475346667,6.035472917123672,4,0,2
2024-03-22 12:00:00+00:00,26355.625,27025.5,25630.5,1395.0,736.3050064341543,52.897499999999994,55.55,51.05,4.5,1.8962660678290892,,4.5,0.03584793360421741,4689.575,5335.825,3625.4625,1710.3624999999997,775.1982834545196,9678.8175,9810.105,9564.1225,245.98250000000007,129.3469990471365,1.8962660678290892,4,0,3
2024-03-22 16:00:00+00:00,31596.375,32915.0,29049.5,3865.5,1754.2038258138653,72.655,78.06,63.78,14.280000000000001,6.239254763190872,,14.280000000000001,0.08587509136591938,648.515,2023.2575,0.0,2023.2575,950.7390857533766,11082.164375,11925.07,10214.6725,1710.3974999999991,741.2151575183118,6.239254763190872,4,0,4
2024-03-22 20:00:00+00:00,26772.0,30559.0,22866.0,7693.0,3362.4529736488507,55.6375,65.91,43.29,22.619999999999997,10.182368339438518,,22.619999999999997,0.18301268639745713,0.0,0.0,0.0,0.0,0.0,13088.564375,13762.9575,12389.545,1373.4125000000004,600.5528709911626,10.182368339438518,4,0,5
2024-03-23 00:00:00+00:00,20449.25,22100.0,19017.5,3082.5,1362.8414251115205,32.135,40.35,24.39,15.96,7.398614735205505,,15.96,0.23023540486091496,0.0,0.0,0.0,0.0,0.0,14376.6,14628.195,14041.18,587.0149999999994,257.3933416566294,7.398614735205505,5,1,0
2024-03-23 04:00:00+00:00,19467.125,21366.0,18331.0,3035.0,1437.492398530626,28.1325,31.92,24.42,7.5,3.097949590723946,,7.5,0.11011995346037311,446.39625,1503.6475,0.0,1503.6475,716.8459240093019,14876.260624999999,15055.46,14711.495,343.9649999999983,148.923497563556,3.097949590723946,5,1,1
2024-03-23 08:00:00+00:00,22624.625,23622.0,21545.0,2077.0,850.0995407401809,18.9575,22.67,16.57,6.100000000000001,2.6848137738025724,,6.100000000000001,0.14162277588303154,4768.468125,6164.965,3169.73,2995.235,1288.9061072950178,15363.2225,15460.72,15236.54,224.17999999999847,93.27005892389339,2.6848137738025724,5,1,2
2024-03-23 12:00:00+00:00,22005.0,23192.0,21180.0,2012.0,862.9253540525202,18.25,23.06,16.24,6.82,3.2307893772265617,,6.82,0.17702955491652397,5363.329375,6417.2675,3930.58,2486.6875,1098.2971633347065,15479.280625,15526.485,15384.315,142.17000000000007,65.10191876252522,3.2307893772265617,5,1,3
2024-03-23 16:00:00+00:00,28931.0,30677.5,25678.5,4999.0,2244.8101998461543,58.725,67.36,43.4,23.96,10.630410779143643,,23.96,0.1810201920671544,701.0649999999999,2198.5425,0.0,2198.5425,1034.4982507456614,15290.563125,15309.445,15263.28,46.164999999999054,22.58271143439467,10.630410779143643,5,1,4
2024-03-23 20:00:00+00:00,24920.0,28552.0,21362.0,7190.0,3097.0131040514934,38.68,55.54,13.32,42.22,18.587427650610145,,42.22,0.48054363109126547,0.0,0.0,0.0,0.0,0.0,15131.368124999999,15246.8175,14934.275,312.54249999999956,141.18879454733445,18.587427650610145,5,1,5
2024-03-24 00:00:00+00:00,19661.5,20885.0,18469.5,2415.5,1082.9546774142177,3.7925,12.01,-2.05,14.059999999999999,6.707718812432932,,14.059999999999999,1.7686799769104635,0.0,0.0,0.0,0.0,0.0,14654.166875,14791.6175,14517.68,273.9375,118.27392635627353,6.707718812432932,6,1,0
2024-03-24 04:00:00+00:00,19031.5,20219.5,18161.0,2058.5,922.4701440516471,-1.3925,0.65,-3.69,4.34,1.8496914157051532,,4.34,-1.3283241764489429,514.3375,1756.675,0.0,1756.675,839.5805438059533,14053.83375,14384.8225,13644.425,740.397500000001,323.72243764592054,1.8496914157051532,6,1,1
2024-03-24 08:00:00+00:00,21678.75,22280.0,20861.0,1419.0,627.7412550831226,4.2125,17.27,-4.97,22.24,9.909000538231222,,22.24,2.352284994238866,5067.889375,6123.095,3690.825,2432.2700000000004,1057.7622892305385,12072.573125,13294.0725,10543.04,2751.0324999999993,1210.2643179098222,9.909000538231222,6,1,2
2024-03-24 12:00:00+00:00,23923.875,25375.5,23231.5,2144.0,985.830223297433,31.152500000000003,42.46,24.24,18.220000000000002,8.330999839955185,,18.220000000000002,0.2674263651377959,5334.525000000001,6222.7875,4072.695,2150.0925,956.9736558482164,8151.04125,9544.25,6862.9400000000005,2681.3099999999995,1158.943712714117,8.330999839955185,6,1,3
2024-03-24 16:00:00+00:00,32284.375,34260.5,28721.0,5539.5,2582.4351032504183,70.975,77.26,59.35,17.910000000000004,7.935449997742197,,17.910000000000004,0.11180626978150333,763.14,2362.375,0.0,2362.375,1108.8223704735128,4987.881875,6149.385,3791.765,2357.6200000000003,1012.337346333093,7.935449997742197,6,1,4
2024-03-24 20:00:00+00:00,28476.5,32372.5,24447.0,7925.5,3405.6572297673574,64.69,68.84,59.43,9.410000000000004,4.1758911224631685,,9.410000000000004,0.06455234383155303,0.0,0.0,0.0,0.0,0.0,2114.581875,2963.075,1491.4675,1471.6074999999998,660.7479769150989,4.1758911224631685,6,1,5
2024-03-25 00:00:00+00:00,22553.5,23500.0,21432.0,2068.0,948.5755988146994,62.1475,67.05,57.2,9.849999999999994,4.629811911226343,,9.849999999999994,0.07449715453117735,0.0,0.0,0.0,0.0,0.0,2930.465625,3933.1575,1875.22,2057.9375,896.3377365037851,4.629811911226343,0,0,0
2024-03-25 04:00:00+00:00,25121.625,30940.5,21319.5,9621.0,4379.521632457895,68.655,79.15,57.34,21.810000000000002,10.026080989100382,,21.810000000000002,0.14603570008157277,197.76,629.0,0.0,629.0,297.10615410012406,5058.65875,5784.215,4359.0875,1425.1275000000005,620.1569155211852,10.026080989100382,0,0,1
2024-03-25 08:00:00+00:00,33115.75,33507.5,32429.5,1078.0,487.9497071078808,73.56,77.99,69.35,8.64,3.7664041206434598,,8.64,0.051201796093576064,2164.939375,2815.265,1297.6525,1517.6125,668.2195756585024,6989.3475,7629.934999999999,6281.955,1347.9799999999987,581.4755582925784,3.7664041206434598,0,0,2
2024-03-25 12:00:00+00:00,32245.375,32433.5,32140.5,293.0,131.25698394117276,67.8,69.21,66.68,2.529999999999987,1.2062338081814783,,2.529999999999987,0.0177910591177209,2258.559375,2870.1325,1485.7925,1384.3400000000001,608.368294043498,7778.220625,7808.65,7749.0325,59.61749999999938,33.399919434471144,1.2062338081814783,0,0,3
2024-03-25 16:00:00+00:00,35980.375,36970.5,33925.0,3045.5,1413.9086707304211,81.935,86.07,77.14,8.929999999999993,4.113007820723578,,8.929999999999993,0.05019842339322117,282.150625,825.685,0.0,825.685,384.02260245098745,8182.057500000001,8429.76,7858.889999999999,570.8700000000008,256.2605983011571,4.113007820723578,0,0,4
2024-03-25 20:00:00+00:00,29463.875,34587.5,24455.0,10132.5,4403.119261292688,63.667500000000004,70.84,55.98,14.860000000000007,6.222354190068801,,14.860000000000007,0.09773203267080997,0.0,0.0,0.0,0.0,0.0,7648.13875,8372.045,6558.200000000001,1813.8449999999993,844.4976297739087,6.222354190068801,0,0,5
2024-03-26 00:00:00+00:00,23246.375,23700.0,22500.0,1200.0,522.6737948599812,59.08,60.6,57.61,2.990000000000002,1.27391784141155,,2.990000000000002,0.021562590409809616,0.0,0.0,0.0,0.0,0.0,6271.561874999999,6499.215,5920.094999999999,579.1200000000008,260.4529811323519,1.27391784141155,1,0,0
2024-03-26 04:00:00+00:00,25231.0,30448.5,21726.5,8722.0,3946.89850811157,71.1925,80.87,59.98,20.890000000000008,9.293303592730993,,20.890000000000008,0.13053767732178234,258.624375,857.8675000000001,0.0,857.8675000000001,407.6853071834073,5124.85125,5602.5,4684.2725,918.2275,401.0094128389215,9.293303592730993,1,0,1
2024-03-26 08:00:00+00:00,31550.875,32182.0,30813.5,1368.5,577.1209253700654,76.08,80.66,71.88,8.780000000000001,3.9449799323528505,,8.780000000000001,0.05185304853250324,3241.71375,4048.42,1981.065,2067.355,932.6178060762171,4329.550625,4545.76,4137.105,408.65500000000065,182.0640246403149,3.9449799323528505,1,0,2
2024-03-26 12:00:00+00:00,30436.5,31115.5,29708.5,1407.0,690.4765262724962,73.1775,74.91,72.21,2.700000000000003,1.222330424503406,,2.700000000000003,0.016703637381755353,2655.426875,3773.835,1488.025,2285.81,988.0278426773859,4639.388125,5061.0225,4233.4400000000005,827.5824999999995,358.4580081367913,1.222330424503406,1,0,3
2024-03-26 16:00:00+00:00,35085.125,36576.5,32796.0,3780.5,1694.0477352089767,87.7875,91.78,83.27,8.510000000000005,4.603276912519313,,8.510000000000005,0.05243658735605086,288.18125,826.7574999999999,0.0,826.7574999999999,383.6641464576581,6117.44,6800.2,5465.815,1334.3850000000002,569.4691133378817,4.603276912519313,1,0,4
2024-03-26 20:00:00+00:00,28840.875,33978.0,24122.5,9855.5,4248.51158985905,65.985,73.77,58.75,15.019999999999996,6.762260470187952,,15.019999999999996,0.1024817832869282,0.0,0.0,0.0,0.0,0.0,8265.985,9374.1575,7267.28,2106.8774999999996,925.9116892082633,6.762260470187952,1,0,5
2024-03-27 00:00:00+00:00,22280.625,23600.0,21054.0,2546.0,1134.4199233529002,51.345,54.87,48.53,6.339999999999996,2.89958042941848,,6.339999999999996,0.05647249838189659,0.0,0.0,0.0,0.0,0.0,9572.295,9938.3525,9013.54,924.8125,405.4617233424547,2.89958042941848,2,0,0
2024-03-27 04:00:00+00:00,24520.625,29152.5,20896.0,8256.5,3737.20576043564,60.385000000000005,69.06,49.38,19.68,9.10824351892285,,19.68,0.1508361930764734,496.590625,1665.1825,0.0,1665.1825,793.0996144253019,9774.531875,10771.2625,8978.805,1792.4575000000004,780.1486465555108,9.10824351892285,2,0,1
2024-03-27 08:00:00+00:00,28597.875,29323.0,27785.0,1538.0,799.885447527748,59.4975,65.52,54.83,10.689999999999998,4.6658645143924495,,10.689999999999998,0.07842118600600775,4127.435,4779.797500000001,3192.505,1587.2925000000005,698.3513836678735,11955.546875,12302.5775,11387.3675,915.2099999999991,424.70010176974165,4.6658645143924495,2,0,2
2024-03-27 12:00:00+00:00,28596.625,29989.0,27738.5,2250.5,1005.9155344759321,52.075,55.09,49.68,5.410000000000004,2.4508297914515946,,5.410000000000004,0.04706346214981462,4424.97,4855.985000000001,3596.3825,1259.6025000000004,580.8654174053576,11711.120625,12185.6475,11240.475,945.1724999999988,409.28750297709865,2.4508297914515946,2,0,3
2024-03-27 16:00:00+00:00,34545.5,36097.0,31869.5,4227.5,2010.9677189519145,75.57,81.99,65.33,16.659999999999997,7.16519364706914,,16.659999999999997,0.09481531887083686,687.52375,2102.1625,0.0,2102.1625,985.3923241457773,10606.780625,10973.205,10334.0975,639.1075000000001,285.7839074908328,7.16519364706914,2,0,4
2024-03-27 20:00:00+00:00,29417.875,34410.0,24784.5,9625.5,4151.41047065131,62.89,69.1,58.44,10.659999999999997,5.096253525875653,,10.659999999999997,0.08103440174710845,0.0,0.0,0.0,0.0,0.0,9251.03375,10269.725,7908.63,2361.0950000000003,1103.719392926897,5.096253525875653,2,0,5
2024-03-28 00:00:00+00:00,22376.125,23585.0,21336.5,2248.5,985.3408357010284,51.49,55.53,47.32,8.21,3.6687963512120216,,8.21,0.07125259955742914,0.0,0.0,0.0,0.0,0.0,8680.49375,9262.68,8162.785,1099.8950000000004,474.5061761342883,3.6687963512120216,3,0,0
2024-03-28 04:00:00+00:00,24597.875,29153.5,21033.5,8120.0,3697.937158628669,59.16,69.92,47.38,22.54,10.35458030696239,,22.54,0.17502671242329937,405.200625,1327.1275,0.0,1327.1275,629.2129155585804,10888.244375,11475.1275,9985.6725,1489.455,670.6618772444599,10.35458030696239,3,0,1
2024-03-28 08:00:00+00:00,28939.25,29394.0,28489.5,904.5,369.9663272965982,60.6275,67.55,54.45,13.099999999999994,5.7536676708571415,,13.099999999999994,0.09490194500609693,3565.0237500000003,4177.6575,2683.2200000000003,1494.4375,646.7426692939138,11790.5075,11898.535,11625.2175,273.3174999999992,116.37979487078782,5.7536676708571415,3,0,2
2024-03-28 12:00:00+00:00,28381.875,28598.0,28050.0,548.0,251.28217041140542,50.33,52.88,48.46,4.420000000000002,1.8699197843757909,,4.420000000000002,0.03715318466870238,3594.3337500000002,4286.715,2687.84,1598.875,703.3185680475218,12397.055625,12620.21,12229.315,390.8949999999986,163.62935973788083,1.8699197843757909,3,0,3
2024-03-28 16:00:00+00:00,32581.75,33795.0,30510.5,3284.5,1454.1509836785638,71.8675,78.09,62.03,16.060000000000002,6.884583623333121,,16.060000000000002,0.09579550733409573,557.8225,1649.705,0.0,1649.705,770.2534166455652,12784.63625,12912.5,12632.185,280.3150000000005,126.77013951604178,6.884583623333121,3,0,4
2024-03-28 20:00:00+00:00,26885.125,31192.5,22749.5,8443.0,3636.8630570635096,58.685,65.93,53.54,12.390000000000008,5.905570816328148,,12.390000000000008,0.10063169151108711,0.0,0.0,0.0,0.0,0.0,11816.768125,12553.215,10680.375,1872.8400000000001,872.0536765240203,5.905570816328148,3,0,5
2024-03-29 00:00:00+00:00,22062.25,22900.0,20951.0,1949.0,851.2372857591868,48.6575,49.14,48.02,1.1199999999999974,0.47528061886286255,,1.1199999999999974,0.009767879954022765,0.0,0.0,0.0,0.0,0.0,9081.946249999999,10234.6325,7995.985,2238.6475,975.7689380485606,0.47528061886286255,4,0,0
2024-03-29 04:00:00+00:00,22025.375,24001.0,20504.0,3497.0,1594.678722867609,59.614999999999995,65.98,50.87,15.110000000000007,7.053011177267953,,15.110000000000007,0.11830933787248098,479.195,1536.9175,0.0,1536.9175,726.6278851797757,7488.1075,7643.865,7399.105,244.76000000000022,109.8163527971433,7.053011177267953,4,0,1
2024-03-29 08:00:00+00:00,24374.5,24872.5,23721.5,1151.0,573.959928914903,53.4725,65.09,39.55,25.540000000000006,11.211007611569388,,25.540000000000006,0.20965931294720438,4779.5225,6267.6175,2996.4975,3271.1200000000003,1430.4881822359341,7722.974375,8032.6425,7451.53,581.1125000000002,258.437400482649,11.211007611569388,4,0,2
2024-03-29 12:00:00+00:00,22535.125,23008.0,22020.0,988.0,441.79942187226413,35.4525,41.7,31.06,10.640000000000004,4.473845288637803,,10.640000000000004,0.12619266028172355,5569.9375,6461.82,4174.77,2287.0499999999993,1041.5677255824507,8539.346875,8771.65,8243.8875,527.7624999999989,235.19303825417393,4.473845288637803,4,0,3
2024-03-29 16:00:00+00:00,29352.625,31579.0,25862.0,5717.0,2539.2927287928023,71.0275,78.17,57.94,20.230000000000004,8.958955947356065,,20.230000000000004,0.1261336235592703,876.08875,2601.6175,0.0,2601.6175,1215.5983568639836,8396.581875,8544.585,8336.9375,207.64749999999913,99.30670014268406,8.958955947356065,4,0,4
2024-03-29 20:00:00+00:00,25806.625,29387.0,22481.0,6906.0,2944.457600730566,60.79,66.05,56.98,9.07,4.4378448222832985,,9.07,0.0730028758395015,0.0,0.0,0.0,0.0,0.0,8217.561875,8523.6125,7651.055,872.557499999999,398.5408178926744,4.4378448222832985,4,0,5
2024-03-30 00:00:00+00:00,21485.125,22475.0,20698.0,1777.0,883.5106465119704,55.3525,55.59,54.78,0.8100000000000023,0.3852596527019151,,0.8100000000000023,0.006960112961508782,0.0,0.0,0.0,0.0,0.0,6084.29125,7063.15,5037.35,2025.7999999999993,870.6405241461119,0.3852596527019151,5,1,0
2024-03-30 04:00:00+00:00,21042.875,22348.0,20285.0,2063.0,973.305739477581,61.655,66.2,56.01,10.190000000000005,4.689722806307424,,10.190000000000005,0.07606394949813358,692.65125,2240.9875,0.0,2240.9875,1060.781005447755,3571.5743749999997,4339.9175,2828.495,1511.4224999999997,652.4384352385764,4.689722806307424,5,1,1
2024-03-30 08:00:00+00:00,22103.125,23242.0,20740.5,2501.5,1169.560485467368,63.0075,65.43,58.87,6.560000000000009,3.080177213516567,,6.560000000000009,0.0488858820539867,5911.450625,6980.995,4293.345,2687.6499999999996,1197.118306480147,2027.8125,2440.0950000000003,1726.7975,713.2975000000004,315.27724816817994,3.080177213516567,5,1,2
2024-03-30 12:00:00+00:00,20509.5,21059.5,20152.0,907.5,414.43314700121806,53.8875,57.64,51.67,5.969999999999999,2.8052851904931155,,5.969999999999999,0.052058180292147815,5757.876875,6867.2675,4266.9825,2600.285,1140.7135211428981,1691.7475,1713.165,1682.52,30.644999999999982,14.35477054849705,2.8052851904931155,5,1,3
2024-03-30 16:00:00+00:00,27688.75,29816.5,23981.0,5835.5,2747.070333403691,79.3225,86.14,68.39,17.75,7.625935461742819,,17.75,0.09613836505080928,908.9618750000001,2648.1975,0.0,2648.1975,1233.728436608882,1343.366875,1528.485,1237.4625,291.0224999999998,127.84401588418517,7.625935461742819,5,1,4
2024-03-30 20:00:00+00:00,25457.625,28384.5,22653.0,5731.5,2406.636877989698,69.7325,73.98,66.93,7.049999999999997,3.2888941910617935,,7.049999999999997,0.047164438261381614,0.0,0.0,0.0,0.0,0.0,1546.9256249999999,1773.075,1397.705,375.3700000000001,170.88468897640445,3.2888941910617935,5,1,5
2024-03-31 00:00:00+00:00,20161.625,21700.0,19317.0,2383.0,1071.1227267840666,63.6775,68.62,59.69,8.930000000000007,3.8150786361489395,,8.930000000000007,0.05991250655488886,0.0,0.0,0.0,0.0,0.0,2245.331875,2679.95,1878.46,801.4899999999998,344.8911943000708,3.8150786361489395,6,1,0
2024-03-31 04:00:00+00:00,20800.25,21675.5,19600.0,2075.5,955.542646876632,61.49,63.68,59.08,4.600000000000001,2.05169848337095,,4.600000000000001,0.03336637637617423,699.4681250000001,2217.8425,0.0,2217.8425,1047.2122503568205,3727.9575000000004,4400.22,3080.0550000000003,1320.165,574.6969051632055,2.05169848337095,6,1,1
2024-03-31 08:00:00+00:00,22447.5,22819.0,21896.5,922.5,405.69672581046757,54.9,60.9,50.04,10.86,4.840957205622322,,10.86,0.08817772687836647,5391.021875,5958.365,4182.71,1775.6549999999997,836.5592945596039,5550.930625,6473.5650000000005,4751.945,1721.6200000000008,749.1314295635283,4.840957205622322,6,1,2
2024-03-31 12:00:00+00:00,25345.875,28621.0,22660.5,5960.5,2598.866623966429,49.06,58.26,43.96,14.299999999999997,6.408385131996982,,14.299999999999997,0.13062342299219287,4599.198125,5738.555,3085.035,2653.5200000000004,1166.4953929959306,6794.49375,7091.6925,6638.705,452.9875000000002,203.64719169538466,6.408385131996982,6,1,3
2024-03-31 16:00:00+00:00,29202.0,29798.0,27738.5,2059.5,981.9423778070344,70.2875,74.35,65.61,8.739999999999995,3.6342479735611475,,8.739999999999995,0.05170546645649865,616.833125,1780.01,0.0,1780.01,828.9186711648671,8151.028125,8698.4525,7605.59,1092.8624999999993,466.9672278266028,3.6342479735611475,6,1,4
2024-03-31 20:00:00+00:00,21673.5,24469.0,20235.0,4234.0,1964.780310026204,54.3425,61.41,48.78,12.629999999999995,5.544927862470348,,12.629999999999995,0.10203667226333622,0.0,0.0,0.0,0.0,0.0,8108.04625,8843.7525,7541.015,1302.7375000000002,598.7714909591281,5.544927862470348,6,1,5
2024-04-01 00:00:00+00:00,19354.125,19939.0,19014.0,925.0,423.027259759936,49.775,51.29,48.25,3.039999999999999,1.2497599769555734,,3.039999999999999,0.02510818637781165,0.0,0.0,0.0,0.0,0.0,7267.038125,7496.47,6977.785,518.6850000000004,228.6210441190018,1.2497599769555734,0,0,0
2024-04-01 04:00:00+00:00,22405.5,23629.0,20492.5,3136.5,1447.681191883535,65.5825,71.51,57.97,13.540000000000006,6.12222930529939,,13.540000000000006,0.09335156947812899,529.0437499999999,1674.725,0.0,1674.725,789.9811314241941,6526.65625,6740.93,6341.71,399.22000000000025,166.69836328805596,6.12222930529939,0,0,1
2024-04-01 08:00:00+00:00,22663.25,22892.0,22320.5,571.5,251.5500281587475,65.9675,70.32,62.06,8.259999999999991,3.6449176945440045,,8.259999999999991,0.05525323370665863,4228.805,5124.8325,3016.295,2108.5375000000004,933.24337167706,6573.393125,6911.905,6293.8175,618.0874999999996,273.4031218988952,3.6449176945440045,0,0,2
2024-04-01 12:00:00+00:00,23897.625,27687.5,22010.5,5677.0,2667.715951114986,57.3675,62.71,53.93,8.780000000000001,3.880484291081893,,8.780000000000001,0.06764255529841623,4478.905,5165.495,3473.635,1691.8599999999997,753.6219760181491,6607.645,6917.6075,6148.965,768.6424999999999,343.83904991410367,3.880484291081893,0,0,3
2024-04-01 16:00:00+00:00,29957.5,30740.0,28750.5,1989.5,863.0051177909277,77.1575,81.7,72.28,9.420000000000002,3.962426655472628,,9.420000000000002,0.05135504203055605,760.1612500000001,2208.9525000000003,0.81,2208.1425000000004,1028.5920176396878,5542.40625,5796.495,5391.395,405.09999999999945,183.4091624562864,3.962426655472628,0,0,4
2024-04-01 20:00:00+00:00,23051.125,25635.0,21750.0,3885.0,1825.4320207830249,63.3125,68.44,60.15,8.29,3.577311606965959,,8.29,0.05650245381190054,0.0,0.0,0.0,0.0,0.0,5388.9956250000005,5416.82,5320.935,95.88499999999931,45.801266829959275,3.577311606965959,0,0,5
2024-04-02 00:00:00+00:00,21546.25,22401.0,21072.5,1328.5,617.5273948039338,57.385000000000005,59.47,56.02,3.4499999999999957,1.4868422915696207,,3.4499999999999957,0.025909946703313032,0.0,0.0,0.0,0.0,0.0,5054.7125,5225.0675,4913.735,311.33250000000044,136.22704055791095,1.4868422915696207,1,0,0
2024-04-02 04:00:00+00:00,29335.25,31027.0,25737.0,5290.0,2456.626022956418,76.065,82.06,64.84,17.22,8.111660331481673,,17.22,0.10664116652181255,575.706875,1852.9375,0.0,1852.9375,876.3986089445236,4435.101875,4794.262500000001,4061.685,732.5775000000008,317.44130408480686,8.111660331481673,1,0,1
2024-04-02 08:00:00+00:00,29505.125,29769.5,29329.0,440.5,193.12231659408647,75.0075,80.04,71.52,8.52000000000001,3.8059722805086227,,8.52000000000001,0.05074122295115324,4911.324375,5847.14,3505.3625,2341.7775,1050.5106771775631,3833.720625,3902.3975,3751.855,150.54250000000002,66.0804956843987,3.8059722805086227,1,0,2
2024-04-02 12:00:00+00:00,30618.25,32563.5,29240.5,3323.0,1557.5663442263601,70.17,76.29,67.29,9.0,4.1520115606775505,,9.0,0.0591707504728167,4372.325625,5723.110000000001,2690.13,3032.9800000000005,1330.266517072135,3654.293125,3688.905,3626.55,62.35500000000002,28.886748647015324,4.1520115606775505,1,0,3
2024-04-02 16:00:00+00:00,32783.125,33919.0,30176.5,3742.5,1755.8166843855502,85.07,89.87,78.35,11.52000000000001,4.838953054811206,,11.52000000000001,0.056882015455638965,493.818125,1447.2025,0.3025,1446.9,672.923468680921,4160.1849999999995,4566.264999999999,3828.46,737.8049999999994,316.1289083849599,4.838953054811206,1,0,4
2024-04-02 20:00:00+00:00,23217.5,26330.0,21750.0,4580.0,2153.8979780853133,62.5125,72.76,54.37,18.390000000000008,8.620303068918163,,18.390000000000008,0.137897269648761,0.0,0.0,0.0,0.0,0.0,6361.8525,7482.467500000001,4999.9475,2482.5200000000004,1105.1051558430233,8.620303068918163,1,0,5
2024-04-03 00:00:00+00:00,21154.0,21593.0,20589.0,1004.0,510.7825695277134,49.1025,52.22,47.65,4.57,2.136576311142039,,4.57,0.043512576979625094,0.0,0.0,0.0,0.0,0.0,8297.701875,8689.75,7865.0875,824.6625000000004,356.77133691959614,2.136576311142039,2,0,0
2024-04-03 04:00:00+00:00,28105.125,30144.0,24575.0,5569.0,2567.6177796743814,67.1575,74.7,54.29,20.410000000000004,9.352644456694232,,20.410000000000004,0.13926433319724874,316.655625,994.5475,0.0,994.5475,468.52024353443096,9098.990625,9173.72,8941.875,231.84499999999935,106.27833795383329,9.352644456694232,2,0,1
2024-04-03 08:00:00+00:00,28566.125,29320.0,27621.5,1698.5,733.0222114642912,70.66499999999999,75.06,67.02,8.040000000000006,3.6091781151207725,,8.040000000000006,0.05107447980076084,3312.745,4362.5575,2045.3725,2317.185,1004.6496770039628,9398.669375000001,9722.1375,9183.025,539.1125000000011,234.20851457066246,3.6091781151207725,2,0,2
2024-04-03 12:00:00+00:00,28488.375,30564.5,26949.5,3615.0,1593.7067052942964,56.8975,60.08,52.43,7.649999999999999,3.58681265192371,,7.649999999999999,0.06303989897488836,4224.930625,4737.795,3223.7225,1514.0725000000002,707.6520887748416,10440.815,10839.685,10137.8225,701.8624999999993,300.10265856730814,3.58681265192371,2,0,3
2024-04-03 16:00:00+00:00,31787.75,32672.5,30273.0,2399.5,1076.4697317311497,71.7675,76.58,66.67,9.909999999999997,4.132209860756506,,9.909999999999997,0.057577731713610025,669.2175,1942.435,0.1025,1942.3325,904.8000162628019,11310.511875,11474.48,11098.095,376.3850000000002,182.58156277144366,4.132209860756506,2,0,4
2024-04-03 20:00:00+00:00,23809.625,26922.0,22200.0,4722.0,2180.4422859823653,55.9975,61.3,53.63,7.669999999999995,3.589608845914365,,7.669999999999995,0.0641030197047076,0.0,0.0,0.0,0.0,0.0,9497.85375,10708.38,8468.835,2239.545,994.018834038328,3.589608845914365,2,0,5
2024-04-04 00:00:00+00:00,22330.125,22914.0,21930.0,984.0,448.4726626748465,54.4,55.04,54.02,1.019999999999996,0.4438468204234425,,1.019999999999996,0.008158948904842681,0.0,0.0,0.0,0.0,0.0,7269.741875,8020.945,6454.925,1566.0199999999995,677.8322273166584,0.4438468204234425,3,0,0
2024-04-04 04:00:00+00:00,28880.0,30700.0,25724.5,4975.5,2273.9031421764653,73.645,81.28,61.79,19.490000000000002,8.64397478015756,,19.490000000000002,0.11737354579615132,427.996875,1353.9575,0.0,1353.9575,638.2776517752515,5241.650625,5983.075,4567.3575,1415.7174999999997,616.634348007982,8.64397478015756,3,0,1
2024-04-04 08:00:00+00:00,29324.5,29699.0,28879.5,819.5,378.59983271699053,72.255,77.98,68.7,9.280000000000001,4.255204656261159,,9.280000000000001,0.0588914906409406,4478.4825,5628.46,2874.115,2754.3450000000003,1220.4745779972232,4119.015,4323.6425,3985.935,337.7075,156.21919913751532,4.255204656261159,3,0,2
2024-04-04 12:00:00+00:00,30280.875,32428.5,28641.0,3787.5,1657.1168423399317,69.7975,76.66,66.95,9.709999999999994,4.637185748562022,,9.709999999999994,0.06643770548460926,4261.0806250000005,5485.3150000000005,2622.245,2863.0700000000006,1258.0718948328151,3734.756875,3985.32,3479.425,505.895,226.89663005591137,4.637185748562022,3,0,3
2024-04-04 16:00:00+00:00,33071.875,34065.5,30743.5,3322.0,1569.402825652696,81.7925,86.84,73.0,13.840000000000003,6.304999999999997,,13.840000000000003,0.07708530733257941,442.23125,1316.75,0.1975,1316.5525,612.0238986636197,4610.14375,5873.51,3622.4,2251.11,985.5330512246913,6.304999999999997,3,0,4
2024-04-04 20:00:00+00:00,22738.25,26695.0,20400.0,6295.0,2904.218928271995,52.0275,67.26,35.85,31.410000000000004,13.74662231240824,,31.410000000000004,0.264218390512868,0.0,0.0,0.0,0.0,0.0,8699.0275,10585.185,6967.725,3617.459999999999,1563.869797145849,13.74662231240824,3,0,5
2024-04-05 00:00:00+00:00,19823.5,20425.5,19356.0,1069.5,469.4885515111099,19.37,28.18,14.43,13.75,6.50267124598294,,13.75,0.3357083761478028,0.0,0.0,0.0,0.0,0.0,12317.118125,12580.83,11708.6675,872.1625000000004,412.9408313415652,6.50267124598294,4,0,0
2024-04-05 04:00:00+00:00,26616.125,28630.0,23083.5,5546.5,2558.1780422467345,52.8975,67.89,30.43,37.46,16.605616268800947,,37.46,0.31392062514865443,368.318125,1191.8725,0.0,1191.8725,563.5737811664318,12089.313125,12418.0325,11899.3525,518.6799999999985,241.00541896029878,16.605616268800947,4,0,1
2024-04-05 08:00:00+00:00,25622.5,26974.5,23879.0,3095.5,1328.432472251915,48.817499999999995,63.32,36.3,27.020000000000003,11.867907355553461,,27.020000000000003,0.2431076428648224,5146.868125,6779.9400000000005,2906.9625,3872.9775000000004,1706.4495606379824,12399.17125,12958.0525,12025.525,932.5275000000001,417.7842221594978,11.867907355553461,4,0,2
2024-04-05 12:00:00+00:00,24637.875,26992.5,23296.5,3696.0,1755.6728707725329,31.9375,42.82,26.38,16.44,7.3903918479784725,,16.44,0.23140170169795612,5728.495,6931.39,3936.505,2994.885,1352.8256776943458,13156.804375,13204.1,13105.515,98.58500000000095,40.54573510119023,7.3903918479784725,4,0,3
2024-04-05 16:00:00+00:00,29053.625,29963.0,27457.0,2506.0,1146.7127927980337,60.235,65.2,55.29,9.910000000000004,4.593796541714344,,9.910000000000004,0.07626457278516387,743.5799999999999,2247.6575,0.2525,2247.4049999999997,1050.856344124876,13054.74375,13203.2725,12864.5675,338.7049999999999,154.3963738577331,4.593796541714344,4,0,4
2024-04-05 20:00:00+00:00,21876.0,24582.5,20335.0,4247.5,1925.0747604530416,37.0225,49.63,23.68,25.950000000000003,11.358428221662832,,25.950000000000003,0.30679798019212184,0.0,0.0,0.0,0.0,0.0,12325.596875,12646.4075,12176.84,469.5674999999992,218.42419117181785,11.358428221662832,4,0,5
2024-04-06 00:00:00+00:00,18293.0,19628.5,17525.5,2103.0,962.4497389474419,17.275,22.33,10.4,11.929999999999998,5.222046214528042,,11.929999999999998,0.30228921647050894,0.0,0.0,0.0,0.0,0.0,12334.204375,12991.14,11987.1275,1004.0124999999989,464.54842870242936,5.222046214528042,5,1,0
2024-04-06 04:00:00+00:00,20385.375,21707.0,18560.0,3147.0,1400.1513831844522,10.125,13.18,6.88,6.3,3.280309944705429,,6.3,0.323981229106709,755.1925,2395.2575,0.0,2395.2575,1130.4757661507683,14364.74,14836.455,13711.0275,1125.4274999999998,490.06023202510613,3.280309944705429,5,1,1
2024-04-06 08:00:00+00:00,20199.75,20887.5,19100.0,1787.5,781.8252682025565,5.27,5.44,4.94,0.5,0.2333809475228571,,0.5,0.04428480977663323,5113.405,5517.4775,4253.83,1263.6475,594.8077148366243,15185.76625,15341.545,14996.535,345.0100000000002,146.6743446309431,0.2333809475228571,5,1,2
2024-04-06 12:00:00+00:00,20114.625,22929.0,18400.5,4528.5,2054.706482485191,-3.3575,-0.68,-7.47,6.79,3.1778124026862673,,6.79,-0.9464817282758801,4359.99125,5292.36,3047.805,2244.555,995.2631999909622,15316.265,15400.275,15219.884999999998,180.39000000000124,79.39317382495854,3.1778124026862673,5,1,3
2024-04-06 16:00:00+00:00,24888.125,25469.5,24002.0,1467.5,686.0171736188533,32.8225,39.85,17.55,22.3,10.304146010223265,,22.3,0.3139354409390895,640.3381250000001,1831.5675,0.395,1831.1725000000001,848.136131138881,15004.258125,15169.54,14836.915,332.625,146.69084519513265,10.304146010223265,5,1,4
2024-04-06 20:00:00+00:00,19014.25,21400.5,17690.0,3710.5,1752.5005230622141,-0.4299999999999997,21.12,-16.23,37.35,17.862491427569672,,37.35,-41.54067773853415,0.0,0.0,0.0,0.0,0.0,14957.478125,15053.28,14840.295,212.98500000000058,87.824587895774,17.862491427569672,5,1,5
2024-04-07 00:00:00+00:00,16284.75,17399.0,15610.0,1789.0,819.864368864347,-12.6275,-12.29,-13.06,0.7700000000000014,0.3338038346094907,,0.7700000000000014,-0.026434673103107556,0.0,0.0,0.0,0.0,0.0,14813.369375,14875.355,14740.845,134.51000000000022,58.56907710754186,0.3338038346094907,6,1,0
2024-04-07 04:00:00+00:00,17826.625,18952.0,16313.0,2639.0,1150.7676695000894,-15.115,-13.37,-16.79,3.42,1.8416387629861983,,3.42,-0.12184179708807134,780.713125,2356.55,0.0,2356.55,1104.9012071813158,14850.4175,15008.5725,14730.5075,278.0650000000005,124.13713832894663,1.8416387629861983,6,1,1
2024-04-07 08:00:00+00:00,18385.25,18912.5,17945.5,967.0,409.87833560704354,-6.99,-5.21,-9.62,4.409999999999999,2.0908212102744064,,4.409999999999999,-0.299116052972018,5461.274375,6471.5725,4046.7175,2424.855,1074.3503132462874,15246.06,15377.7975,15108.8925,268.90500000000065,113.24860694507517,2.0908212102744064,6,1,2
2024-04-07 12:00:00+00:00,20620.5,23793.0,18635.5,5157.5,2348.649434604208,-9.4325,-4.12,-14.32,10.2,4.242117199386803,,10.2,-0.44973413192544964,4986.335625,6277.5725,3416.3075,2861.2650000000003,1246.4368762385827,15408.5,15447.61,15360.2,87.40999999999985,37.55206591076759,4.242117199386803,6,1,3
2024-04-07 16:00:00+00:00,26053.125,26759.0,25311.5,1447.5,674.3204449666346,34.275,40.9,18.36,22.54,10.652932303674264,,22.54,0.3108076529153687,766.6225,2112.35,1.3525,2110.9975,971.2996904942196,15089.145,15295.105,14863.925,431.1800000000003,187.18645748735966,10.652932303674264,6,1,4
2024-04-07 20:00:00+00:00,20457.0,23085.0,19266.0,3819.0,1791.5481201091602,14.3475,31.01,3.56,27.450000000000003,11.978965940347273,,27.450000000000003,0.8349166015227232,0.0,0.0,0.0,0.0,0.0,13673.345,14668.48,12588.435,2080.045,902.2661606731314,11.978965940347273,6,1,5
2024-04-08 00:00:00+00:00,19371.25,20125.5,18921.5,1204.0,562.6207277850093,18.4025,29.82,8.76,21.060000000000002,9.210147935836861,,21.060000000000002,0.5004835177740449,0.0,0.0,0.0,0.0,0.0,10182.656875,11671.0125,8661.705,3009.307500000001,1306.3540098932078,9.210147935836861,0,0,0
2024-04-08 04:00:00+00:00,27552.875,29433.5,23733.5,5700.0,2645.036716033762,63.1625,73.29,47.26,26.03000000000001,11.848151402926394,,26.03000000000001,0.18758205268832603,536.0425,1603.1625,0.0,1603.1625,748.8162989762576,7274.786875,7904.48,6746.945,1157.5349999999999,495.03025605922534,11.848151402926394,0,0,1
2024-04-08 08:00:00+00:00,28734.625,28835.5,28659.0,176.5,85.10030846007542,68.265,72.36,64.79,7.569999999999993,3.344991280506818,,7.569999999999993,0.04900009200185773,4095.065625,4799.99,2921.92,1878.0699999999997,855.7114722371255,6105.10125,6461.63,5771.285,690.3450000000003,296.98690441457165,3.344991280506818,0,0,2
2024-04-08 12:00:00+00:00,28423.125,30789.5,26686.5,4103.0,1764.5339977361355,62.8375,69.32,60.44,8.879999999999995,4.325601114296135,,8.879999999999995,0.06883789320542887,3309.593125,4483.535,1980.015,2503.5199999999995,1093.9732438710416,5337.904375,5620.3625,5104.885,515.4775,232.57453841344957,4.325601114296135,0,0,3
2024-04-08 16:00:00+00:00,31212.625,31869.0,29749.5,2119.5,994.3469695399752,76.6525,80.64,70.18,10.459999999999994,4.619923339912325,,10.459999999999994,0.060271006684874256,477.508125,1271.4475,0.86,1270.5875,585.504029976079,4786.323125,5001.185,4629.075,372.1100000000006,155.78853088635677,4.619923339912325,0,0,4
2024-04-08 20:00:00+00:00,23254.875,26799.0,21435.5,5363.5,2525.5323654957715,58.2475,65.25,52.3,12.950000000000003,5.343546731026752,,12.950000000000003,0.09173864510969142,0.0,0.0,0.0,0.0,0.0,6002.371875,6842.255,4902.605,1939.6500000000005,881.7247823569417,5.343546731026752,0,0,5
2024-04-09 00:00:00+00:00,20388.125,21118.5,19811.5,1307.0,549.4632797861318,45.2775,49.61,41.7,7.909999999999997,3.439916423403336,,7.909999999999997,0.07597408035786726,0.0,0.0,0.0,0.0,0.0,7834.7856249999995,8803.244999999999,7105.24,1698.0049999999992,750.3927324418602,3.439916423403336,1,0,0
2024-04-09 04:00:00+00:00,26931.125,29566.5,23040.5,6526.0,2951.71343954095,60.29,68.14,47.48,20.660000000000004,9.568284416062614,,20.660000000000004,0.158704335977154,435.96375,1295.77,0.0,1295.77,605.5130970387153,10635.27125,11684.365,9513.635,2170.7299999999996,933.2615928146382,9.568284416062614,1,0,1
2024-04-09 08:00:00+00:00,27191.25,28426.5,25933.0,2493.5,1025.6153031229599,60.6025,67.75,54.0,13.75,5.850044871622781,,13.75,0.09653141160220752,3223.56875,4106.225,2212.495,1893.7300000000005,816.6619216397017,12830.5125,13607.77,12171.1075,1436.6625000000004,630.2354713021955,5.850044871622781,1,0,2
2024-04-09 12:00:00+00:00,26340.0,28247.5,25108.5,3139.0,1424.6997929388488,35.0875,44.16,28.01,16.149999999999995,6.730653138192951,,16.149999999999995,0.19182481334358256,4144.478125,4409.5525,3602.7200000000003,806.8324999999995,378.48632927962154,14572.904375,14910.07,14100.925,809.1450000000004,357.73356873735366,6.730653138192951,1,0,3
2024-04-09 16:00:00+00:00,29787.5,30575.0,28667.0,1908.0,887.438542473036,54.7,58.82,46.56,12.259999999999998,5.5936869177076165,,12.259999999999998,0.10226118679538602,994.855625,2617.3075,2.3725,2614.935,1201.722558762655,14668.05125,14915.555,14297.5525,618.0025000000005,274.34824413583675,5.5936869177076165,1,0,4
2024-04-09 20:00:00+00:00,23479.375,26213.5,21900.0,4313.5,1987.8756825230964,40.3275,50.45,31.92,18.53,8.069664904236525,,18.53,0.2001032770252687,0.0,0.0,0.0,0.0,0.0,12618.206875,13790.2375,11468.75,2321.4874999999993,1002.1592435053569,8.069664904236525,1,0,5
2024-04-10 00:00:00+00:00,22014.125,22384.0,21682.0,702.0,324.2196721874437,38.885,45.47,34.64,10.829999999999998,4.875178629205972,,10.829999999999998,0.1253742736069429,0.0,0.0,0.0,0.0,0.0,8939.595625,10478.405,7332.33,3146.0750000000007,1351.570521249223,4.875178629205972,2,0,0
2024-04-10 04:00:00+00:00,28309.125,30238.0,24876.0,5362.0,2520.832745178995,67.6375,73.35,56.3,17.049999999999997,7.856052337741475,,17.049999999999997,0.11614936001096254,743.110625,2194.635,0.0,2194.635,1024.6152128245817,6093.415000000001,6387.77,5855.485000000001,532.2849999999999,271.82212459008304,7.856052337741475,2,0,1
2024-04-10 08:00:00+00:00,29357.0,29597.5,29147.5,450.0,186.90728539394397,63.6275,69.16,59.05,10.11,4.472809519753777,,10.11,0.0702967980787203,3441.779375,3709.935,3144.3425,565.5924999999997,235.76404364652902,8696.8525,10889.2225,6967.2675,3921.955,1706.030326738068,4.472809519753777,2,0,2
2024-04-10 12:00:00+00:00,29930.375,31279.0,29014.5,2264.5,979.4999893653228,52.96,55.37,49.58,5.789999999999999,2.6658957218916113,,5.789999999999999,0.050337910156563664,1870.54,2652.9,1188.59,1464.3100000000002,629.6599243904071,13786.114375000001,14575.34,12536.885,2038.455,913.4223061249172,2.6658957218916113,2,0,3
2024-04-10 16:00:00+00:00,30337.0,31886.5,27831.5,4055.0,1810.7435397279949,60.595,64.9,53.97,10.930000000000007,4.886406314119475,,10.930000000000007,0.08064042105981478,236.583125,686.12,2.4250000000000003,683.695,316.8360826685136,14741.836875,14773.035,14677.8675,95.16749999999956,43.55823866651633,4.886406314119475,2,0,4
2024-04-10 20:00:00+00:00,21589.125,24702.5,19675.0,5027.5,2268.551607487327,18.662499999999998,44.66,-6.03,50.69,23.082758897786317,,50.69,1.2368524526610218,0.0,0.0,0.0,0.0,0.0,14821.455625,14903.1325,14700.78,202.35249999999905,95.73239930432382,23.082758897786317,2,0,5
2024-04-11 00:00:00+00:00,19669.0,20379.5,19210.5,1169.0,524.9712690551104,-6.205,-3.17,-8.01,4.84,2.26794326795594,,4.84,-0.36550254116936975,0.0,0.0,0.0,0.0,0.0,14062.654375,14475.7775,13703.885,771.8924999999999,336.76962824740616,2.26794326795594,3,0,0
2024-04-11 04:00:00+00:00,26780.375,28681.5,23616.5,5065.0,2279.0477680747863,43.425,65.08,11.98,53.099999999999994,23.995908679050547,,53.099999999999994,0.5525828135647795,554.3743750000001,1639.8425000000002,0.0,1639.8425000000002,764.8214784738306,12564.77875,13395.525,11507.865,1887.6599999999999,817.2499842701646,23.995908679050547,3,0,1
2024-04-11 08:00:00+00:00,27275.5,27718.5,26702.5,1016.0,421.5803600738535,52.74,62.89,44.94,17.950000000000003,7.951431736905412,,17.950000000000003,0.150766623756265,4469.5675,5656.3,2992.885,2663.415,1154.7638003685718,9155.2775,10592.3425,7916.9525,2675.3900000000003,1174.6279337535639,7.951431736905412,3,0,2
2024-04-11 12:00:00+00:00,28797.125,30933.5,27096.0,3837.5,1715.7161952082868,42.635000000000005,54.64,37.24,17.4,8.130147600136171,,17.4,0.19069186349562972,4754.620625,5834.905,3231.9375,2602.9674999999997,1164.0362023980306,7580.1075,7828.67,7424.9,403.77000000000044,174.1509890152796,8.130147600136171,3,0,3
2024-04-11 16:00:00+00:00,30408.625,31836.5,27609.5,4227.0,1984.1250958125938,69.19,74.38,63.57,10.809999999999995,4.472411728214059,,10.809999999999995,0.0646395682644032,693.9975,1957.9775,1.735,1956.2425,904.5141722609068,8708.415625,9708.315,8067.545,1640.7700000000004,734.2569783018043,4.472411728214059,3,0,4
2024-04-11 20:00:00+00:00,21895.0,24710.0,20115.0,4595.0,2084.6868669738706,34.1275,54.45,14.0,40.45,18.006179263426954,,40.45,0.527614951679055,0.0,0.0,0.0,0.0,0.0,12028.29875,12768.035,10727.685,2040.3500000000004,958.1728527613108,18.006179263426954,3,0,5
2024-04-12 00:00:00+00:00,19215.75,19672.5,18830.0,842.5,366.92426557351973,6.7575,11.23,4.58,6.65,3.020953216012014,,6.65,0.4470519002607496,0.0,0.0,0.0,0.0,0.0,12535.69,12674.895,12346.265,328.630000000001,150.62678834346409,3.020953216012014,4,0,0
2024-04-12 04:00:00+00:00,25485.875,27372.0,22030.0,5342.0,2507.292709112094,46.9,60.91,20.68,40.23,18.862546664399975,,40.23,0.4021864960426434,814.9706249999999,2426.93,0.0,2426.93,1131.0687387127402,11908.72125,12234.4025,11563.485,670.9174999999996,292.0698478425153,18.862546664399975,4,0,1
2024-04-12 08:00:00+00:00,23983.125,25740.0,22616.0,3124.0,1342.1884104575875,28.305,50.97,9.55,41.42,18.139287931632452,,41.42,0.6408510133062162,5843.134375000001,7205.8025,4156.97,3048.8324999999995,1328.1515820122193,11603.049375,11849.67,11444.565,405.10499999999956,182.69831437799962,18.139287931632452,4,0,2
2024-04-12 12:00:00+00:00,23649.5,26230.0,22145.0,4085.0,1882.719752556569,3.9825000000000004,17.78,-2.42,20.200000000000003,9.300761169567432,,20.200000000000003,2.3354077010841006,6000.406875000001,7348.39,4207.8575,3140.5325000000003,1387.3551319002265,11871.22625,11932.5825,11783.08,149.5025000000005,66.79437459160275,9.300761169567432,4,0,3
2024-04-12 16:00:00+00:00,27813.875,28650.0,26572.0,2078.0,935.8570381384825,51.567499999999995,57.64,40.72,16.92,7.889762881946032,,16.92,0.15299874692288812,953.246875,2622.445,1.9975,2620.4475,1205.012633094869,12331.805,13033.76,11824.7525,1209.0074999999997,534.2491585510452,7.889762881946032,4,0,4
2024-04-12 20:00:00+00:00,21490.25,24340.0,19850.0,4490.0,2132.1385782042094,16.43,39.38,-0.38,39.760000000000005,17.491982925519526,,39.760000000000005,1.0646368183517667,0.0,0.0,0.0,0.0,0.0,13214.3,13529.585,12633.565,896.0199999999986,421.29127847211106,17.491982925519526,4,0,5
2024-04-13 00:00:00+00:00,18810.25,19565.0,18359.0,1206.0,537.2283034241592,7.63,16.26,0.18,16.080000000000002,6.995398487577387,,16.080000000000002,0.9168281110848477,0.0,0.0,0.0,0.0,0.0,10812.87875,12001.62,9516.275,2485.345000000001,1077.3611074393382,6.995398487577387,5,1,0
2024-04-13 04:00:00+00:00,22249.875,23595.5,19924.0,3671.5,1720.8106798347492,35.682500000000005,42.82,24.26,18.56,8.420397358003163,,18.56,0.23598114924691832,713.1243749999999,2081.595,0.0,2081.595,966.966747796029,8544.930625,8758.845000000001,8450.4525,308.39250000000175,143.57343818256453,8.420397358003163,5,1,1
2024-04-13 08:00:00+00:00,20920.875,22299.0,19376.5,2922.5,1238.5935824555208,10.17,33.21,-6.45,39.660000000000004,17.611473532898945,,39.660000000000004,1.7317083119861303,4978.610000000001,6171.18,3500.0125,2671.1675000000005,1168.8167135202023,10130.201874999999,11662.7475,8757.305,2905.442499999999,1256.8903709591768,17.611473532898945,5,1,2
2024-04-13 12:00:00+00:00,20307.0,23071.0,18626.5,4444.5,2016.1506640129844,-12.4675,-9.04,-15.27,6.23,2.7004860673589866,,6.23,-0.21660205072059244,5269.226875,6301.172500000001,3874.37,2426.8025000000007,1079.588147833807,13692.433125,14426.245,12688.3925,1737.8525000000009,770.8906177310307,2.7004860673589866,5,1,3
2024-04-13 16:00:00+00:00,24962.75,25936.5,24034.0,1902.5,788.3375440338565,26.365000000000002,38.91,1.55,37.36,17.256620951584544,,37.36,0.6545276294930606,981.571875,2595.9675,3.4575,2592.51,1187.012077066431,14331.79,14462.44,14166.6425,295.7975000000006,128.26952552795564,17.256620951584544,5,1,4
2024-04-13 20:00:00+00:00,20675.25,23005.5,19250.0,3755.5,1734.781086093189,15.4375,28.29,8.78,19.509999999999998,8.922314255094731,,19.509999999999998,0.5779636764433835,0.0,0.0,0.0,0.0,0.0,13234.62,13968.985,12262.3575,1706.6275000000005,749.3763531347255,8.922314255094731,5,1,5
2024-04-14 00:00:00+00:00,18074.875,18741.0,17666.0,1075.0,504.25462731309386,8.975,10.34,7.55,2.79,1.2587957207850151,,2.79,0.14025579061671484,0.0,0.0,0.0,0.0,0.0,10935.043125,11500.0625,10489.7275,1010.3349999999991,433.9131561651813,1.2587957207850151,6,1,0
2024-04-14 04:00:00+00:00,19890.75,20920.0,18418.0,2502.0,1108.489400039531,19.767500000000002,23.53,14.63,8.9,4.086843729171286,,8.9,0.20674560410630005,1150.475625,3310.5925,0.0,3310.5925,1540.4682746305518,9531.209375,10263.515,8588.067500000001,1675.4474999999984,739.4460106401021,4.086843729171286,6,1,1
2024-04-14 08:00:00+00:00,19550.375,20205.5,19171.0,1034.5,459.49018397204816,22.545,25.89,19.71,6.18,3.2281831835672934,,6.18,0.14318843129595446,6123.201875000001,6610.095,5186.29,1423.8050000000003,642.1467337162093,7660.320624999999,8097.5175,7246.325,851.1925000000001,370.4091820674749,3.2281831835672934,6,1,2
2024-04-14 12:00:00+00:00,21823.5,24702.0,19642.5,5059.5,2249.8927011452497,29.68,45.27,21.87,23.400000000000002,10.840498143535656,,23.400000000000002,0.36524589432397764,4454.11625,5914.8925,2849.9575,3064.935,1333.5179152925725,7629.145624999999,8079.3075,7247.155,832.1525000000001,365.5789267288657,10.840498143535656,6,1,3
2024-04-14 16:00:00+00:00,26718.375,27645.0,25641.5,2003.5,871.9559789156025,65.03750000000001,68.29,62.63,5.660000000000004,2.7751441404006427,,5.660000000000004,0.042669907982327754,680.0331249999999,1816.965,1.3075,1815.6575,832.8058749877202,8906.6375,9600.1025,8341.25,1258.8525000000009,544.1770818286084,2.7751441404006427,6,1,4
2024-04-14 20:00:00+00:00,19732.75,22704.0,18145.0,4559.0,2132.9037132510225,20.182499999999997,52.69,-8.38,61.07,27.97560648731915,,61.07,1.3861318710426926,0.0,0.0,0.0,0.0,0.0,11851.11,13049.95,10476.57,2573.380000000001,1124.4168651646369,27.97560648731915,6,1,5
2024-04-15 00:00:00+00:00,17854.75,18491.5,17203.5,1288.0,605.6759997446379,-14.0025,-10.7,-15.53,4.83,2.25241167048418,,4.83,-0.16085782328042708,0.0,0.0,0.0,0.0,0.0,13525.261875,13727.085,13306.8525,420.23249999999825,176.82412351183547,2.25241167048418,0,0,0
2024-04-15 04:00:00+00:00,25648.5,27407.0,21980.0,5427.0,2527.717316737244,25.175,46.45,-5.28,51.730000000000004,23.697418284136635,,51.730000000000004,0.9413075783172448,602.879375,1734.4425,2.6375,1731.805,799.8540518676283,14040.043749999999,14230.585,13859.22,371.3649999999998,161.43786393041998,23.697418284136635,0,0,1
2024-04-15 08:00:00+00:00,25080.625,26433.5,23736.5,2697.0,1134.7700482917237,10.2925,34.57,-7.86,42.43,18.656974343839,,42.43,1.8126766425881953,5724.1975,7533.9925,3447.5425,4086.4500000000003,1784.3348201652534,14331.3275,14374.53,14291.34,83.19000000000051,34.01961235816812,18.656974343839,0,0,2
2024-04-15 12:00:00+00:00,24992.875,28460.0,22964.5,5495.5,2611.341270145797,-8.995,3.09,-14.19,17.28,8.101162468024778,,17.28,-0.9006295128432216,6524.603125000001,7725.72,4767.047500000001,2958.6724999999997,1321.2884639408715,14731.18875,14880.095,14563.24,316.85499999999956,133.47140114240435,8.101162468024778,0,0,3
2024-04-15 16:00:00+00:00,29922.5,30829.0,28204.0,2625.0,1172.8464662236624,48.42,57.81,28.25,29.560000000000002,13.591308497222283,,29.560000000000002,0.2806961688810881,1210.28875,3165.4775,3.475,3162.0025,1447.8288019947029,14919.491250000001,14952.19,14864.7275,87.46249999999964,40.14577938069266,13.591308497222283,0,0,4
2024-04-15 20:00:00+00:00,21429.625,25034.0,19410.0,5624.0,2562.8597755567243,17.8375,41.44,-1.47,42.91,18.24160331951845,,42.91,1.02265470606971,0.0,0.0,0.0,0.0,0.0,14671.4525,14812.1775,14481.865,330.3125,143.84170638529423,18.24160331951845,0,0,5
2024-04-16 00:00:00+00:00,19246.25,19966.5,18852.0,1114.5,512.4156028069401,0.97,3.14,-0.59,3.73,1.6684323979912001,,3.73,1.720033399990928,0.0,0.0,0.0,0.0,0.0,14174.440625,14354.685,13999.91,354.77499999999964,157.22937875355623,1.6684323979912001,1,0,0
2024-04-16 04:00:00+00:00,26938.5,28572.0,23625.5,4946.5,2265.0431563217517,42.735,61.31,15.51,45.800000000000004,20.23830938262054,,45.800000000000004,0.4735769131302339,1034.7537499999999,2933.745,2.1375,2931.6075,1358.1512449903178,13759.34,13891.8125,13597.005,294.8075000000008,124.13561278899778,20.23830938262054,1,0,1
2024-04-16 08:00:00+00:00,26463.625,27244.5,25765.5,1479.0,605.6922176320244,21.695,35.92,13.73,22.19,10.007592117987224,,22.19,0.4612856472914138,6085.528125,7198.3575,4625.575,2572.7825000000003,1118.9663581131756,12810.66625,13376.445,12286.015,1090.4300000000003,480.00130955333543,10.007592117987224,1,0,2
2024-04-16 12:00:00+00:00,27455.625,29972.0,25698.0,4274.0,1987.3420849214667,15.42,30.12,9.59,20.53,9.830690040209115,,20.53,0.6375285369785417,6565.785,7460.44,5105.32,2355.12,1070.0621126695557,12306.038125,12541.47,12121.2775,420.1924999999992,193.54916017830985,9.830690040209115,1,0,3
2024-04-16 16:00:00+00:00,31434.375,32250.0,29771.0,2479.0,1131.8247342970844,71.785,78.03,58.59,19.439999999999998,8.89305534298158,,19.439999999999998,0.12388459069417825,1387.9337500000001,3575.5950000000003,3.9075,3571.6875000000005,1634.2621492645392,11838.491875,12573.66,10763.9225,1809.7374999999993,797.9894567112989,8.89305534298158,1,0,4
2024-04-16 20:00:00+00:00,23701.625,26670.0,21805.0,4865.0,2171.859164210853,60.65,71.0,50.57,20.43,8.725858123989873,,20.43,0.14387235159092943,0.0,0.0,0.0,0.0,0.0,8607.460625,9517.13,8012.4775,1504.6524999999992,664.9121761129268,8.725858123989873,1,0,5
2024-04-17 00:00:00+00:00,21040.125,21489.0,20402.5,1086.5,522.7912864295528,41.5325,47.0,38.47,8.530000000000001,3.8550605269783627,,8.530000000000001,0.09282033412335787,0.0,0.0,0.0,0.0,0.0,8335.01375,8625.3275,8104.487499999999,520.8400000000001,221.1788238855984,3.8550605269783627,2,0,0
2024-04-17 04:00:00+00:00,27355.25,28981.0,24560.0,4421.0,1936.7639031814554,68.9325,80.19,49.6,30.589999999999996,13.78477027979308,,30.589999999999996,0.19997490704374685,1305.716875,3618.3975,0.855,3617.5425,1679.3086341822525,9214.833125,9437.8025,9024.105,413.6975000000002,193.17484740055886,13.78477027979308,2,0,1
2024-04-17 08:00:00+00:00,27306.25,27391.5,27157.5,234.0,110.4720930069368,57.555,67.32,52.53,14.789999999999992,6.639169124722358,,14.789999999999992,0.11535347276035715,6330.57,6766.1825,5386.4575,1379.7249999999995,641.539099204665,8022.596875,8731.532500000001,7209.8725,1521.6600000000008,659.8876479509447,6.639169124722358,2,0,2
2024-04-17 12:00:00+00:00,28568.375,31077.5,27234.0,3843.5,1797.3205693939706,64.7825,80.66,55.34,25.319999999999993,11.395362726419314,,25.319999999999993,0.175901867424371,5457.05625,6480.4275,4080.27,2400.1575,1056.0047355806457,5549.055,6557.8525,4661.85,1896.0024999999996,827.9105297247802,11.395362726419314,2,0,3
2024-04-17 16:00:00+00:00,32294.75,33200.0,30453.0,2747.0,1257.3672560817963,96.065,99.7,91.17,8.530000000000001,3.6976794524854832,,8.530000000000001,0.03849143238937681,1124.75125,2807.495,0.7175,2806.7774999999997,1272.8051016824022,4251.76,4386.0975,4180.21,205.88749999999982,91.53963966045879,3.6976794524854832,2,0,4
2024-04-17 20:00:00+00:00,24798.625,27476.5,23308.0,4168.5,1889.682441355337,79.105,87.48,71.77,15.710000000000008,7.389679740466877,,15.710000000000008,0.09341608925436927,0.0,0.0,0.0,0.0,0.0,4635.533125,5106.7075,4145.3,961.4075000000003,392.6507749014755,7.389679740466877,2,0,5
2024-04-18 00:00:00+00:00,22622.5,23091.5,22101.0,990.5,456.6751215762324,72.205,73.01,71.63,1.3800000000000097,0.6165225056719466,,1.3800000000000097,0.008538501567369818,0.0,0.0,0.0,0.0,0.0,3521.70875,4026.255,3213.92,812.335,365.8031486645742,0.6165225056719466,3,0,0
2024-04-18 04:00:00+00:00,28669.625,30456.5,25773.0,4683.5,2021.8746406491177,87.5125,91.84,79.68,12.159999999999997,5.381420970958011,,12.159999999999997,0.06149316921534648,1358.286875,3739.55,0.7225,3738.8275000000003,1724.7660100665046,3654.56375,3914.285,3337.485,576.7999999999997,257.75750312793963,5.381420970958011,3,0,1
2024-04-18 08:00:00+00:00,26852.375,27938.0,25893.0,2045.0,874.2037686756261,76.0175,84.5,68.93,15.569999999999993,6.639083144531322,,15.569999999999993,0.0873362468448887,7263.7275,7985.575,5812.54,2173.035,1014.1488584460866,4917.77375,5974.175,4023.44,1950.7350000000001,852.2224182065088,6.639083144531322,3,0,2
2024-04-18 12:00:00+00:00,27089.75,29581.0,25482.0,4099.0,1939.129809132609,67.1775,75.86,63.21,12.649999999999999,5.945622339166862,,12.649999999999999,0.0885061566620797,5371.76625,7280.7875,3277.275,4003.5125000000003,1735.3439955986876,7700.71,8965.425,6647.0650000000005,2318.3599999999988,999.8387483572867,5.945622339166862,3,0,3
2024-04-18 16:00:00+00:00,30262.0,31050.0,28895.5,2154.5,941.2186249750905,85.715,89.94,79.44,10.5,4.457252516966032,,10.5,0.05200084602422014,729.56875,1946.565,1.19,1945.375,886.4212895554141,11680.06625,12919.8275,10157.595,2762.2325,1204.3169612213458,4.457252516966032,3,0,4
2024-04-18 20:00:00+00:00,22347.25,25734.5,20450.0,5284.5,2412.8455711047905,41.92,71.4,18.62,52.78,24.490449839342144,,52.78,0.5842187461675129,0.0,0.0,0.0,0.0,0.0,13910.981875000001,14192.43,13471.135,721.2950000000001,308.51322910165413,24.490449839342144,3,0,5
2024-04-19 00:00:00+00:00,19890.25,20374.0,19378.0,996.0,467.77229146954255,17.015,18.6,15.63,2.9700000000000006,1.4418159845602116,,2.9700000000000006,0.08473793620688873,0.0,0.0,0.0,0.0,0.0,13725.868125,13798.03,13594.635,203.39500000000044,91.05201213626538,1.4418159845602116,4,0,0
2024-04-19 04:00:00+00:00,27552.5,29528.5,23611.5,5917.0,2716.718731607427,57.74250000000001,71.42,32.06,39.36,18.552438069788387,,39.36,0.32129606563256496,884.146875,2431.415,2.04,2429.375,1116.6587044567657,13344.381875,13453.705,13270.1975,183.5074999999997,85.75837673795665,18.552438069788387,4,0,1
2024-04-19 08:00:00+00:00,26775.0,27930.0,25194.5,2735.5,1173.9898494734382,43.9075,58.08,34.67,23.409999999999997,10.182813543744508,,23.409999999999997,0.23191512939120904,5136.460625,6222.045,3829.115,2392.9300000000003,1031.7827567620827,13166.82875,13313.26,13023.02,290.2399999999998,128.66092558705068,10.182813543744508,4,0,2
2024-04-19 12:00:00+00:00,25416.625,27688.0,23995.0,3693.0,1727.7076032998177,27.465,39.83,20.9,18.93,8.557540534522754,,18.93,0.3115798483350721,5682.050625,6492.4425,4465.36,2027.0825000000004,907.3553980671319,12547.783125,12794.87,12317.3025,477.567500000001,197.3103617123604,8.557540534522754,4,0,3
2024-04-19 16:00:00+00:00,29583.375,30208.0,28957.0,1251.0,618.9506408699594,77.4425,84.51,63.95,20.560000000000002,9.185275807871347,,20.560000000000002,0.11860768709521709,1266.89125,3106.76,1.4625,3105.2975,1402.574705096696,10672.505000000001,11899.2075,9479.61,2419.5975,1057.776627701946,9.185275807871347,4,0,4
2024-04-19 20:00:00+00:00,23627.75,26554.5,22110.0,4444.5,2050.2477289342382,69.42,76.82,64.56,12.259999999999991,5.295098362322135,,12.259999999999991,0.07627626566295222,0.0,0.0,0.0,0.0,0.0,8102.09625,8902.4575,7386.4025,1516.0550000000003,654.4016465650769,5.295098362322135,4,0,5
2024-04-20 00:00:00+00:00,21027.5,21701.0,20526.0,1175.0,527.1498838091502,62.8425,63.73,62.25,1.4799999999999969,0.6420475060305092,,1.4799999999999969,0.010216772184914827,0.0,0.0,0.0,0.0,0.0,6884.144375,7092.52,6701.5725,390.9475000000002,166.91353833865386,0.6420475060305092,5,1,0
2024-04-20 04:00:00+00:00,23382.25,24159.5,21783.5,2376.0,1110.3345216645293,71.9075,75.66,67.04,8.61999999999999,3.5845350698056557,,8.61999999999999,0.04984925174433342,1344.88,3495.405,0.77,3494.635,1591.2246021055084,6453.565625,6561.185,6346.49,214.69500000000062,91.59045607064698,3.5845350698056557,5,1,1
2024-04-20 08:00:00+00:00,22221.5,23150.0,21544.5,1605.5,690.2870175996846,55.4675,63.84,51.72,12.120000000000005,5.663693582813256,,12.120000000000005,0.10210832618764595,6465.903125,7166.79,5244.19,1922.6000000000004,872.4504911869759,6257.831875,6349.745,6157.9725,191.77250000000004,86.3935669232913,5.663693582813256,5,1,2
2024-04-20 12:00:00+00:00,23052.0,26054.5,21202.0,4852.5,2206.8897797579284,51.6025,63.61,46.09,17.519999999999996,8.076267186433759,,17.519999999999996,0.15650922312744067,5734.38625,6924.8475,4193.0425,2731.8050000000003,1188.3647704768168,6046.85,6105.195,5966.725,138.46999999999935,59.63875655421833,8.076267186433759,5,1,3
2024-04-20 16:00:00+00:00,28704.5,29300.0,27825.5,1474.5,665.8784924193502,86.805,90.45,82.51,7.939999999999998,3.5957984741454387,,7.939999999999998,0.041423863534882074,1139.489375,2812.34,1.575,2810.7650000000003,1269.4363009002182,5705.8168749999995,5894.5575,5481.1675,413.3900000000003,180.2934446069217,3.5957984741454387,5,1,4
2024-04-20 20:00:00+00:00,23160.75,25574.0,21700.0,3874.0,1769.5570302573847,75.7075,82.8,70.94,11.86,5.525211157352568,,11.86,0.07298102773638766,0.0,0.0,0.0,0.0,0.0,5454.17125,5680.645,5251.43,429.21500000000015,203.03858395122006,5.525211157352568,5,1,5
2024-04-21 00:00:00+00:00,20731.0,21452.5,20283.0,1169.5,535.5973300904324,64.81,69.11,61.05,8.060000000000002,3.425074208441818,,8.060000000000002,0.052847927919176314,0.0,0.0,0.0,0.0,0.0,5925.96125,5983.9775,5815.885,168.09249999999975,78.64272684372422,3.425074208441818,6,1,0
2024-04-21 04:00:00+00:00,22779.625,23816.0,21292.0,2524.0,1122.2474010514195,64.4125,66.23,62.21,4.020000000000003,1.6654203673547423,,4.020000000000003,0.025855546165026062,1172.27375,3085.025,1.01,3084.015,1406.0152059255086,5906.715,5973.34,5804.425,168.91499999999996,79.71622827254161,1.6654203673547423,6,1,1
2024-04-21 08:00:00+00:00,22175.875,23046.5,21697.0,1349.5,596.6833854734016,63.5375,66.68,61.34,5.340000000000003,2.4185998015380727,,5.340000000000003,0.03806570610329449,6051.4475,6960.755,4708.095,2252.66,997.9708500460653,4882.518125,5627.7475,4077.7075,1550.0400000000004,674.4897736263785,2.4185998015380727,6,1,2
2024-04-21 12:00:00+00:00,24156.5,28169.5,21442.0,6727.5,3031.82626481136,66.41,76.1,62.05,14.049999999999997,6.51045825320051,,14.049999999999997,0.09803430587562884,5854.46875,6939.4225,4380.595,2558.8274999999994,1126.153284401706,3489.8831250000003,3703.13,3371.1525,331.97749999999996,151.15103684415317,6.51045825320051,6,1,3
2024-04-21 16:00:00+00:00,29240.875,30066.0,28436.5,1629.5,710.7127144634462,92.8175,95.53,90.22,5.310000000000002,2.847599866554287,,5.310000000000002,0.030679557912616562,1204.734375,2955.2475,1.365,2953.8825,1332.2129595923202,3250.66,3333.44,3138.1125,195.32749999999987,84.99246993606725,2.847599866554287,6,1,4
2024-04-21 20:00:00+00:00,23250.0,25808.5,21872.5,3936.0,1808.5398806772278,80.4975,86.71,76.37,10.33999999999999,4.68776688129149,,10.33999999999999,0.0582349374985743,0.0,0.0,0.0,0.0,0.0,2832.89125,2986.985,2476.35,510.6350000000002,241.9549103870732,4.68776688129149,6,1,5
2024-04-22 00:00:00+00:00,21824.0,22692.0,21344.5,1347.5,618.7316327240212,74.0375,74.8,73.36,1.4399999999999977,0.6255863915825964,,1.4399999999999977,0.008449588270573643,0.0,0.0,0.0,0.0,0.0,2063.965625,2147.0625,1959.68,187.38249999999994,90.77714246014341,0.6255863915825964,0,0,0
2024-04-22 04:00:00+00:00,30215.625,32437.0,26355.5,6081.5,2680.4021581036427,88.5925,92.92,80.35,12.570000000000007,5.87823315291253,,12.570000000000007,0.0663513632972603,746.328125,1875.555,0.485,1875.0700000000002,853.0819422574417,2446.3725000000004,2574.88,2274.9925000000003,299.8874999999998,129.92542041815105,5.87823315291253,0,0,1
2024-04-22 08:00:00+00:00,31980.625,32257.0,31840.5,416.5,195.288408514177,89.13,91.13,88.09,3.039999999999992,1.3592399837163867,,3.039999999999992,0.015250083964056856,3096.400625,3464.9675,2601.61,863.3575000000001,371.8085492639042,2783.8425,2873.11,2671.1225,201.98750000000018,85.91468605056207,1.3592399837163867,0,0,2
2024-04-22 12:00:00+00:00,32286.875,33762.0,31380.0,2382.0,1136.2636412822505,88.5325,91.55,86.85,4.700000000000003,2.0837206306668516,,4.700000000000003,0.023536222637639884,2719.925,3393.635,1877.7175,1515.9175000000002,656.6767990705171,3069.47875,3160.82,2954.26,206.55999999999995,92.35809099865932,2.0837206306668516,0,0,3
2024-04-22 16:00:00+00:00,32679.25,33736.5,31090.0,2646.5,1170.1582870136274,96.765,100.68,90.52,10.16000000000001,4.440852020352252,,10.16000000000001,0.04589316406089241,507.2625,1212.8225,2.3975,1210.425,542.8187289164772,3187.47875,3205.8475,3179.09,26.75749999999971,12.528054268320949,4.440852020352252,0,0,4
2024-04-22 20:00:00+00:00,24500.125,27872.5,22755.0,5117.5,2399.676796813827,78.215,86.69,72.86,13.829999999999998,6.650185461073001,,13.829999999999998,0.08502442576325508,0.0,0.0,0.0,0.0,0.0,2892.94625,3350.635,2488.9525,861.6825000000003,399.5682207943346,6.650185461073001,0,0,5
2024-04-23 00:00:00+00:00,22222.5,22653.0,21718.0,935.0,458.206831027212,70.5675,71.31,70.1,1.210000000000008,0.5350623016683862,,1.210000000000008,0.007582276567377129,0.0,0.0,0.0,0.0,0.0,2461.8625,2489.32,2446.08,43.24000000000024,19.21995902701165,0.5350623016683862,1,0,0
2024-04-23 04:00:00+00:00,30152.25,32090.0,26242.0,5848.0,2701.8640941641256,84.55250000000001,88.9,77.09,11.810000000000002,5.2004511022282145,,11.810000000000002,0.061505586496297754,766.13375,2010.39,2.3325,2008.0575000000001,911.7053506033351,2880.680625,3372.3450000000003,2561.5875,810.7575000000002,365.97618931185855,5.2004511022282145,1,0,1
2024-04-23 08:00:00+00:00,29979.125,31116.5,28986.5,2130.0,882.9604912829716,78.535,83.11,75.84,7.269999999999996,3.2530447276359387,,7.269999999999996,0.04142159199892965,3983.351875,4722.42,3017.37,1705.0500000000002,752.7938036667562,4398.2787499999995,5019.665,3786.73,1232.935,529.0412523199393,3.2530447276359387,1,0,2
2024-04-23 12:00:00+00:00,29399.125,31423.0,28135.5,3287.5,1545.5385994856292,74.2125,77.64,72.12,5.519999999999996,2.5112198231138603,,5.519999999999996,0.033838232415211174,4417.836875,4900.53,3581.8475,1318.6825,604.9610472907017,6267.313125,7002.174999999999,5547.1025,1455.0724999999993,619.712753272215,2.5112198231138603,1,0,3
2024-04-23 16:00:00+00:00,31799.375,32441.5,30647.0,1794.5,838.4928319113209,86.775,90.34,82.0,8.340000000000003,3.4996142644582964,,8.340000000000003,0.0403297523994042,1036.33625,2482.6925,3.28,2479.4125,1111.574555357737,7469.63625,7599.65,7340.7875,258.8624999999993,108.06573309217865,3.4996142644582964,1,0,4
2024-04-23 20:00:00+00:00,24268.875,27583.5,22563.0,5020.5,2346.458834605883,68.605,78.02,60.47,17.549999999999997,8.076527719261533,,17.549999999999997,0.11772505967876305,0.0,0.0,0.0,0.0,0.0,8013.719375,8297.1775,7645.66,651.5174999999999,277.76404996248596,8.076527719261533,1,0,5
2024-04-24 00:00:00+00:00,22089.75,22610.5,21537.0,1073.5,495.49815001336447,58.3475,59.1,57.29,1.8100000000000023,0.8783080325261761,,1.8100000000000023,0.015053053387483186,0.0,0.0,0.0,0.0,0.0,7925.113125,8001.4825,7811.754999999999,189.72750000000087,86.68960888747048,0.8783080325261761,2,0,0
2024-04-24 04:00:00+00:00,29122.25,30591.0,26141.5,4449.5,2015.48565280596,77.855,84.06,67.62,16.439999999999998,7.155014558568931,,16.439999999999998,0.09190179896691192,1097.228125,2823.21,2.305,2820.905,1281.6934150720533,7538.49625,7743.7375,7338.935,404.8024999999998,179.29243168749912,7.155014558568931,2,0,1
2024-04-24 08:00:00+00:00,28425.25,28935.0,27323.5,1611.5,743.379949958297,70.95,74.41,69.33,5.079999999999998,2.3972901368002946,,5.079999999999998,0.03378844449330934,5271.99625,6119.41,4185.1925,1934.2174999999997,833.915061163556,6994.67,7227.0125,6780.9475,446.0649999999996,194.1329735967075,2.3972901368002946,2,0,2
2024-04-24 12:00:00+00:00,27795.25,30194.5,26410.0,3784.5,1780.9568823154216,65.385,69.59,62.62,6.970000000000006,3.193644730815668,,6.970000000000006,0.048843690920175396,5430.469375,6212.1075,4277.3375,1934.7700000000004,856.5170294604359,6717.381875,6722.225,6714.2675,7.957500000000437,3.780255378829381,3.193644730815668,2,0,3
2024-04-24 16:00:00+00:00,32079.25,32736.0,31026.0,1710.0,782.3900881273993,85.0675,88.0,82.42,5.579999999999998,2.848618086019952,,5.579999999999998,0.033486561683603686,1256.2125,2975.17,2.925,2972.245,1329.1340663959247,6429.3425,6744.48,5951.3725,793.1074999999992,354.72510623838485,2.848618086019952,2,0,4
2024-04-24 20:00:00+00:00,24476.875,27756.5,22700.0,5056.5,2344.3089733437446,74.2475,79.29,71.41,7.88000000000001,3.515663759045605,,7.88000000000001,0.0473506011521682,0.0,0.0,0.0,0.0,0.0,4297.321875,5444.5325,3398.865,2045.6675000000005,912.860704683759,3.515663759045605,2,0,5
2024-04-25 00:00:00+00:00,22050.5,22484.5,21509.5,975.0,481.68662011727076,68.0075,69.97,66.85,3.1200000000000045,1.3900209830550467,,3.1200000000000045,0.020439230718009817,0.0,0.0,0.0,0.0,0.0,4000.098125,4813.695,3348.2925,1465.4024999999997,646.0081515461414,1.3900209830550467,3,0,0
2024-04-25 04:00:00+00:00,29592.625,31341.5,25994.5,5347.0,2465.8859927349986,81.01,86.28,72.93,13.349999999999994,5.776602230838931,,13.349999999999994,0.07130727355683161,1157.9,2905.105,2.9825,2902.1225,1311.9852741218174,5450.98,5655.075,5192.655,462.4200000000001,232.1930874294066,5.776602230838931,3,0,1
2024-04-25 08:00:00+00:00,29736.375,30207.5,29282.0,925.5,381.3870245564206,72.325,76.91,70.09,6.819999999999993,3.1296272408494095,,6.819999999999993,0.043271721269953746,5100.740625,5485.41,4265.0875,1220.3225000000002,568.0831006052101,4058.104375,4642.405,3422.6800000000003,1219.7249999999995,523.8854857392304,3.1296272408494095,3,0,2
2024-04-25 12:00:00+00:00,31082.75,32439.5,30171.5,2268.0,1044.411197756899,74.1175,81.3,70.41,10.89,5.133383387201859,,10.89,0.06926007201000918,4609.818749999999,5332.5475,3509.0375,1823.5099999999998,814.5082404445541,2710.169375,3009.775,2480.9125,528.8625000000002,229.874328441787,5.133383387201859,3,0,3
2024-04-25 16:00:00+00:00,32493.75,33100.0,31673.5,1426.5,603.5037282403486,91.945,96.01,87.46,8.550000000000011,3.6977515690844753,,8.550000000000011,0.04021699460638943,998.474375,2412.3,2.6125,2409.6875,1082.8102896617654,2162.4,2380.195,1947.8375,432.3575000000001,187.27954472080862,3.6977515690844753,3,0,4
2024-04-25 20:00:00+00:00,24932.125,28403.0,23080.0,5323.0,2467.396548827664,77.8925,83.85,74.0,9.849999999999994,4.615722225899934,,9.849999999999994,0.05925759509452045,0.0,0.0,0.0,0.0,0.0,2094.470625,2348.81,1817.77,531.04,217.28963783368917,4.615722225899934,3,0,5
2024-04-26 00:00:00+00:00,22585.25,22974.0,22082.5,891.5,447.36944091731027,72.8075,73.92,71.92,2.0,0.8404512676731059,,2.0,0.011543471039015304,0.0,0.0,0.0,0.0,0.0,1661.683125,1862.91,1555.4275,307.4825000000001,141.69438337749722,0.8404512676731059,4,0,0
2024-04-26 04:00:00+00:00,29810.875,31624.5,26248.0,5376.5,2431.030898439315,87.6325,92.13,80.79,11.33999999999999,4.934506898701558,,11.33999999999999,0.05630909649618076,1361.32,3376.85,2.7975,3374.0525,1523.871790233953,1467.48125,1547.265,1324.4625,222.8025,104.65447172521266,4.934506898701558,4,0,1
2024-04-26 08:00:00+00:00,29556.0,30015.0,28620.5,1394.5,634.26348363016,75.71000000000001,82.04,72.04,10.0,4.572395433468111,,10.0,0.06039354686921288,5742.969999999999,6288.23,4793.675,1494.5549999999994,678.6815485557272,1031.6950000000002,1219.9725,851.475,368.49750000000006,160.0176384418294,4.572395433468111,4,0,2
2024-04-26 12:00:00+00:00,29146.875,30733.5,28013.0,2720.5,1250.5732935338096,73.6,78.89,70.79,8.099999999999994,3.6388734520452846,,8.099999999999994,0.04944121538105012,5079.273125,6088.780000000001,3784.545,2304.2350000000006,1003.4728807109817,814.816875,860.94,791.7425,69.1975000000001,31.92781124238193,3.6388734520452846,4,0,3
2024-04-26 16:00:00+00:00,31074.25,31625.0,30091.5,1533.5,677.6577922029177,91.685,96.35,86.61,9.739999999999995,4.327112200995025,,9.739999999999995,0.0471954212902331,1103.57,2611.2325,3.42,2607.8125,1166.3060153732524,1076.06375,1235.615,939.115,296.5,126.8960480324348,4.327112200995025,4,0,4
2024-04-26 20:00:00+00:00,24603.25,27742.5,22600.0,5142.5,2307.548789661156,76.58500000000001,83.06,73.53,9.530000000000001,4.439478197566314,,9.530000000000001,0.05796798586624424,0.0,0.0,0.0,0.0,0.0,1353.829375,1367.3375,1337.1175,30.220000000000027,12.47749630585001,4.439478197566314,4,0,5
2024-04-27 00:00:00+00:00,21524.375,22303.0,21057.5,1245.5,549.8924705491672,70.9625,72.13,69.92,2.2099999999999937,0.9183091345874055,,2.2099999999999937,0.012940766384885002,0.0,0.0,0.0,0.0,0.0,1680.6475,2103.125,1379.7125,723.4124999999999,320.34553256991114,0.9183091345874055,5,1,0
2024-04-27 04:00:00+00:00,25337.0,27417.5,22666.0,4751.5,2065.2739527723675,76.69,78.68,72.48,6.200000000000003,2.883412330324383,,6.200000000000003,0.03759828309198566,820.365625,2013.1275,5.44,2007.6875,904.3341759995192,2725.994375,2886.4075,2436.8225,449.5849999999996,208.60903750971366,2.883412330324383,5,1,1
2024-04-27 08:00:00+00:00,26619.75,27443.5,25919.5,1524.0,657.0450897769502,73.1575,77.06,70.2,6.859999999999999,3.002492020527831,,6.859999999999999,0.041041479281383804,3634.486875,4157.81,2888.88,1268.9300000000003,555.2768586606707,2679.058125,2838.0950000000003,2543.7275,294.3675000000003,127.48331036804731,3.002492020527831,5,1,2
2024-04-27 12:00:00+00:00,26718.5,28669.0,25511.0,3158.0,1450.123155689429,70.4775,75.79,68.08,7.710000000000008,3.5746549950076756,,7.710000000000008,0.050720513568269,3396.446875,4174.592500000001,2428.5575,1746.0350000000008,764.5485965434527,2796.3293750000003,3092.1400000000003,2558.29,533.8500000000004,229.69597341173068,3.5746549950076756,5,1,3
2024-04-27 16:00:00+00:00,28979.5,29777.5,27567.5,2210.0,982.760398062519,86.1025,89.79,81.75,8.040000000000006,3.3845272934340516,,8.040000000000006,0.03930811873562381,720.514375,1659.445,5.2975,1654.1475,736.4836942819775,4155.315625,4639.264999999999,3584.8,1054.4649999999992,447.1408841199406,3.3845272934340516,5,1,4
2024-04-27 20:00:00+00:00,22836.75,25537.0,21200.0,4337.0,1964.7964059074072,69.665,77.95,63.09,14.86,6.720905196970619,,14.86,0.09647463140702817,0.0,0.0,0.0,0.0,0.0,5302.495625,5591.415,4827.93,763.4849999999997,357.2282427616302,6.720905196970619,5,1,5
2024-04-28 00:00:00+00:00,19860.5,20915.0,19291.0,1624.0,755.7613159368946,57.667500000000004,61.22,54.7,6.519999999999996,2.835999236013061,,6.519999999999996,0.04917846683163063,0.0,0.0,0.0,0.0,0.0,5759.625625000001,5972.5975,5562.8675,409.72999999999956,187.03068294817945,2.835999236013061,6,1,0
2024-04-28 04:00:00+00:00,22793.75,25252.0,20171.5,5080.5,2186.4215246226736,60.177499999999995,64.96,55.16,9.799999999999997,4.300638518483811,,9.799999999999997,0.07146588872059849,586.005,1459.4475,7.1475,1452.3,652.0199750710607,5905.16875,6132.8875,5743.3325,389.5549999999994,166.25799713221804,4.300638518483811,6,1,1
2024-04-28 08:00:00+00:00,25590.0,25866.0,25061.5,804.5,360.183518038606,68.9925,69.79,68.41,1.3800000000000097,0.6251599795252477,,1.3800000000000097,0.009061274479475955,3109.58375,3788.305,2262.165,1526.1399999999999,660.9659210469301,7000.029375,7501.505,6467.835,1033.67,433.76623932316653,0.6251599795252477,6,1,2
2024-04-28 12:00:00+00:00,26802.875,29003.0,25051.0,3952.0,1752.3417843464974,59.95,63.09,55.68,7.410000000000004,3.6220160132169497,,7.410000000000004,0.06041728128802252,3991.91625,4241.0025000000005,3563.25,677.7525000000005,299.15454809136713,8506.65625,8939.244999999999,7987.1875,952.057499999999,422.4587231143608,3.6220160132169497,6,1,3
2024-04-28 16:00:00+00:00,29033.625,29514.0,27774.0,1740.0,841.8195941926433,79.97,83.12,74.64,8.480000000000004,3.82460455472197,,8.480000000000004,0.04782549149333455,1260.9675,2788.5175,3.7025,2784.815,1245.2409813081028,7859.88375,8621.945,7428.54,1193.4049999999997,564.8421015407018,3.82460455472197,6,1,4
2024-04-28 20:00:00+00:00,22082.75,25226.5,20280.0,4946.5,2314.693806244504,62.8625,74.69,52.03,22.659999999999997,9.930328544413833,,22.659999999999997,0.1579690363000807,0.0,0.0,0.0,0.0,0.0,8857.595,9446.905,7866.2375,1580.6675000000005,725.3711839838729,9.930328544413833,6,1,5
2024-04-29 00:00:00+00:00,19716.5,20116.5,19243.0,873.5,395.2693174701689,51.8625,53.06,50.94,2.1200000000000045,0.8858282376774133,,2.1200000000000045,0.017080322731789097,0.0,0.0,0.0,0.0,0.0,8803.35,9116.065,8312.4375,803.6275000000005,360.1326276352925,0.8858282376774133,0,0,0
2024-04-29 04:00:00+00:00,26574.25,28425.0,22997.0,5428.0,2497.282940183857,73.21000000000001,79.16,61.71,17.449999999999996,7.823149408433068,,17.449999999999996,0.10685902757045578,1507.94875,3603.4225,2.1425,3601.28,1621.9435448013955,8347.86,8594.285,8156.57,437.71500000000015,194.56331373103262,7.823149408433068,0,0,1
2024-04-29 08:00:00+00:00,25786.75,26617.5,24988.5,1629.0,668.5802744123796,63.747499999999995,72.16,57.57,14.589999999999996,6.637421060421984,,14.589999999999996,0.10412049194748008,5677.214375,6287.155,4837.8475,1449.3075,631.3647470835659,9714.730625,10315.325,9047.28,1268.045,546.5814639129561,6.637421060421984,0,0,2
2024-04-29 12:00:00+00:00,26100.125,28229.5,24527.5,3702.0,1663.9511899391764,51.730000000000004,58.52,47.79,10.730000000000004,4.768654597123455,,10.730000000000004,0.09218354140969373,5198.886875,6283.41,3707.655,2575.7549999999997,1141.5118841901715,10705.44625,11092.135,10376.9825,715.1525000000001,321.606230094221,4.768654597123455,0,0,3
2024-04-29 16:00:00+00:00,29247.125,29810.0,28522.0,1288.0,538.0573660555781,76.5575,79.56,72.43,7.1299999999999955,3.4160052205268445,,7.1299999999999955,0.04462012501096356,1069.1912499999999,2546.04,2.37,2543.67,1144.0746195370082,10693.98875,11096.08,10274.25,821.8299999999999,356.8314927799721,3.4160052205268445,0,0,4
2024-04-29 20:00:00+00:00,22080.875,25133.5,20200.0,4933.5,2232.128818527282,60.5475,69.97,52.68,17.29,7.389119816775655,,17.29,0.1220383965774913,0.0,0.0,0.0,0.0,0.0,9360.893125,9943.895,8754.557499999999,1189.3375000000015,516.1386308580899,7.389119816775655,0,0,5
2024-04-30 00:00:00+00:00,19422.75,19946.0,19049.5,896.5,429.98498035784155,53.225,54.4,52.37,2.030000000000001,0.9203803561571686,,2.030000000000001,0.017292256574113107,0.0,0.0,0.0,0.0,0.0,7916.116249999999,8440.4475,7373.924999999999,1066.522500000001,461.3777714560492,0.9203803561571686,1,0,0
2024-04-30 04:00:00+00:00,25924.875,27255.5,23319.5,3936.0,1783.9796978945697,73.0525,78.66,62.97,15.689999999999998,6.936903127476984,,15.689999999999998,0.09495777868624601,1543.815625,3758.045,2.695,3755.35,1691.8819026658537,7340.0181250000005,7626.37,7141.84,484.52999999999975,222.07105435136998,6.936903127476984,1,0,1
2024-04-30 08:00:00+00:00,23622.375,24417.5,22732.5,1685.0,702.9030723838576,58.6475,70.14,48.58,21.560000000000002,9.556210458823799,,21.560000000000002,0.16294318528196083,6556.796875,7232.3775,5355.415,1876.9624999999996,857.7938281462096,8028.955625,8426.815,7759.309999999999,667.5050000000019,296.6295303515194,9.556210458823799,1,0,2
2024-04-30 12:00:00+00:00,25002.0,27830.0,22796.5,5033.5,2253.0081742713087,46.375,59.95,39.53,20.42,9.550324601813282,,20.42,0.20593691863748317,5529.68375,6949.33,3835.42,3113.91,1355.3214956814675,8903.138125000001,9006.1675,8792.032500000001,214.1349999999984,101.16859761422539,9.550324601813282,1,0,3
2024-04-30 16:00:00+00:00,29542.125,30068.0,28824.0,1244.0,567.4889683215583,81.88,85.17,75.73,9.439999999999998,4.43746173692424,,9.439999999999998,0.05419469634738932,1115.071875,2637.04,4.2225,2632.8175,1183.0632747613554,7835.331875000001,8408.880000000001,7279.8,1129.0800000000008,478.78061877446777,4.43746173692424,1,0,4
2024-04-30 20:00:00+00:00,23161.375,26129.0,21510.0,4619.0,2118.1229652296706,71.4025,77.77,67.71,10.060000000000002,4.4482009471995125,,10.060000000000002,0.06229755186722476,0.0,0.0,0.0,0.0,0.0,5990.09375,6751.2275,5083.424999999999,1667.8025000000007,720.9765287860743,4.4482009471995125,1,0,5
2024-05-01 00:00:00+00:00,21105.375,21466.0,20821.0,645.0,322.35057908018916,67.41499999999999,68.69,66.33,2.3599999999999994,0.9981816801898614,,2.3599999999999994,0.014806521993471286,0.0,0.0,0.0,0.0,0.0,3787.7025,4524.785,3156.01,1368.7749999999996,595.5027303114009,0.9981816801898614,2,0,0
2024-05-01 04:00:00+00:00,28163.0,29672.0,25328.0,4344.0,1938.5083612578687,82.8625,87.16,75.23,11.929999999999993,5.239493455160213,,11.929999999999993,0.06323117761544977,1108.82,2681.0625,3.5125,2677.55,1204.1030622123535,2394.538125,2867.605,1873.8025,993.8025,428.2931344465639,5.239493455160213,2,0,1
2024-05-01 08:00:00+00:00,27452.75,27722.0,27206.5,515.5,234.0051637606884,74.785,80.33,71.71,8.620000000000005,3.949299515947939,,8.620000000000005,0.05280871185328536,5027.445,5823.38,3874.65,1948.73,873.6692236863256,1987.78125,2314.495,1707.25,607.2449999999999,263.5764823340339,3.949299515947939,2,0,2
2024-05-01 12:00:00+00:00,28387.875,30202.5,27256.0,2946.5,1335.2801438275042,72.525,78.53,69.73,8.799999999999997,4.068222380024635,,8.799999999999997,0.056094069355734404,4220.79,5491.0875,2838.7075,2652.3799999999997,1149.7826243360093,2987.239375,3338.2425000000003,2644.71,693.5325000000003,293.23872682491304,4.068222380024635,2,0,3
2024-05-01 16:00:00+00:00,30303.0,31073.5,29210.0,1863.5,814.3818719331446,88.5625,92.77,82.97,9.799999999999997,4.133871268758459,,9.799999999999997,0.046677445518796976,768.9343749999999,1845.6,3.015,1842.5849999999998,823.6784267094546,4432.7837500000005,5039.0,3782.0925,1256.9074999999998,534.6636719490895,4.133871268758459,2,0,4
2024-05-01 20:00:00+00:00,23020.0,26589.0,20830.0,5759.0,2648.174308210596,67.99,78.04,59.07,18.970000000000006,8.640767712805777,,18.970000000000006,0.12708880295346042,0.0,0.0,0.0,0.0,0.0,6066.3931250000005,6565.975,5460.265,1105.71,488.08893633475844,8.640767712805777,2,0,5
2024-05-02 00:00:00+00:00,19422.375,20110.0,18786.5,1323.5,578.6496313256694,54.83,56.65,53.75,2.8999999999999986,1.2792445687462053,,2.8999999999999986,0.023331106488167164,0.0,0.0,0.0,0.0,0.0,6789.1825,7017.0875,6636.655000000001,380.432499999999,172.03058176527787,1.2792445687462053,3,0,0
2024-05-02 04:00:00+00:00,26681.375,28416.5,23512.5,4904.0,2226.8017564435318,71.065,76.57,61.26,15.309999999999995,6.836619535023623,,15.309999999999995,0.09620234341833006,921.591875,2260.9275,2.61,2258.3174999999997,1011.4918841315841,7573.31875,7825.755,7272.6675,553.0875000000005,236.7217777133107,6.836619535023623,3,0,1
2024-05-02 08:00:00+00:00,26015.375,26884.5,25212.5,1672.0,691.6969923070843,60.790000000000006,70.68,53.24,17.440000000000005,7.670836547165719,,17.440000000000005,0.12618582903710684,4784.116875,5669.59,3492.71,2176.88,966.2357267108248,8223.985,8513.869999999999,7935.225,578.6449999999986,251.02109190929139,7.670836547165719,3,0,2
2024-05-02 12:00:00+00:00,26721.375,29070.5,25065.5,4005.0,1804.2037197888717,50.9725,59.57,46.23,13.340000000000003,5.887559624609616,,13.340000000000003,0.11550462748755934,4694.083125,5704.0125,3372.535,2331.4775,1030.9238720527476,8919.0375,9030.0925,8762.7225,267.3700000000008,113.30715932440859,5.887559624609616,3,0,3
2024-05-02 16:00:00+00:00,29171.25,29500.0,28394.5,1105.5,523.4708683393952,77.06,80.56,73.17,7.390000000000001,3.5716196139380005,,7.390000000000001,0.04634855455408777,1002.53,2333.8175,5.915,2327.9025,1039.1348216805973,7934.943125,8639.215,7307.1525,1332.0625,584.7804285241565,3.5716196139380005,3,0,4
2024-05-02 20:00:00+00:00,22245.75,25483.5,20500.0,4983.5,2313.2992492686003,64.435,70.67,59.88,10.79,4.556990966270031,,10.79,0.07072229326096113,0.0,0.0,0.0,0.0,0.0,6087.351875,6939.3825,5394.9,1544.4825,677.7531882052612,4.556990966270031,3,0,5
2024-05-03 00:00:00+00:00,19794.75,20436.5,19116.0,1320.5,569.3458966217282,57.3475,58.24,56.29,1.9500000000000028,0.8785736546622986,,1.9500000000000028,0.015320173584939154,0.0,0.0,0.0,0.0,0.0,4856.40625,5115.0325,4677.48,437.5525000000007,195.51248447456408,0.8785736546622986,4,0,0
2024-05-03 04:00:00+00:00,27885.25,29885.5,23819.5,6066.0,2856.1786971406395,75.9725,81.49,65.31,16.179999999999993,7.581496664027927,,16.179999999999993,0.0997926442334783,646.1156249999999,1545.7475,4.0275,1541.72,686.949973601229,4688.924375,4745.13,4630.032499999999,115.09750000000076,62.73207128916755,7.581496664027927,4,0,1
2024-05-03 08:00:00+00:00,28977.625,29604.0,28161.0,1443.0,610.9570872819133,74.69,79.25,71.25,8.0,3.504549424200872,,8.0,0.04692126689250062,3022.984375,3563.6975,2286.5875,1277.1100000000001,561.1969600675528,4968.545625,5134.2,4737.7025,396.4974999999995,181.31681566591936,3.504549424200872,4,0,2
2024-05-03 12:00:00+00:00,28135.5,29305.0,27533.5,1771.5,806.8330062658563,68.74,71.99,66.83,5.159999999999997,2.3079283639951496,,5.159999999999997,0.0335747507127604,3224.921875,3662.145,2586.16,1075.9850000000001,479.0010425413804,5154.375625000001,5254.0525,5073.01,181.04249999999956,90.98077916000963,2.3079283639951496,4,0,3
2024-05-03 16:00:00+00:00,29618.75,30474.0,28470.5,2003.5,851.0885676590892,80.6775,83.99,75.67,8.319999999999993,3.540916783358039,,8.319999999999993,0.04388976831654477,851.713125,1889.2175,8.7025,1880.5149999999999,837.204285261307,5023.718125,5153.45,4926.4575,226.99249999999938,98.23199012997644,3.540916783358039,4,0,4
2024-05-03 20:00:00+00:00,22959.375,25890.0,21150.0,4740.0,2174.4517843585313,66.315,72.37,62.27,10.100000000000001,4.351716136575703,,10.100000000000001,0.0656218975582553,0.0,0.0,0.0,0.0,0.0,5347.84875,5647.555,4912.345,735.21,320.0443084265833,4.351716136575703,4,0,5
2024-05-04 00:00:00+00:00,19711.625,20510.5,19233.5,1277.0,570.8429987016278,59.43,60.52,58.52,2.0,1.0457214415576153,,2.0,0.017595851279784875,0.0,0.0,0.0,0.0,0.0,5038.983125,5325.965,4788.73,537.2350000000006,230.2161856945101,1.0457214415576153,5,1,0
2024-05-04 04:00:00+00:00,22188.625,23170.0,20531.5,2638.5,1219.391062169967,69.695,72.86,64.43,8.429999999999993,3.7813092970557136,,8.429999999999993,0.0542551014714931,1503.073125,3582.5375,5.84,3576.6974999999998,1603.3318030203736,4099.725625,4577.6225,3574.8025,1002.8200000000006,435.13097097969245,3.7813092970557136,5,1,1
2024-05-04 08:00:00+00:00,21380.75,22324.5,20506.5,1818.0,762.8001595000712,65.44,71.38,61.35,10.029999999999994,4.641386287163204,,10.029999999999994,0.07092582957156487,6461.5325,7197.295,5150.5825,2046.7124999999996,939.0270249816209,3063.40625,3315.755,2821.46,494.2950000000001,214.4088648421905,4.641386287163204,5,1,2
2024-05-04 12:00:00+00:00,22258.625,25138.5,20337.0,4801.5,2180.0651509759973,57.06,63.96,53.47,10.490000000000002,4.691502957475355,,10.490000000000002,0.08222052151201112,5649.749375,6942.8,4099.6475,2843.1525,1245.746798872693,2429.6975,2685.5025,2219.1925,466.30999999999995,204.32270562356337,4.691502957475355,5,1,3
2024-05-04 16:00:00+00:00,27130.375,27633.0,26661.5,971.5,455.77669514065053,80.205,82.74,77.88,4.859999999999999,2.684653919347272,,4.859999999999999,0.0334724009643697,1289.0125,2960.4025,7.27,2953.1325,1317.178371534205,2121.945625,2157.33,2065.615,91.71500000000015,39.704024060068534,2.684653919347272,5,1,4
2024-05-04 20:00:00+00:00,21962.25,24732.5,20100.0,4632.5,2061.8291434225744,73.055,75.85,69.78,6.069999999999993,2.596106058439574,,6.069999999999993,0.03553632274915575,0.0,0.0,0.0,0.0,0.0,1552.211875,1888.775,1180.975,707.8000000000002,305.3469482092938,2.596106058439574,5,1,5
2024-05-05 00:00:00+00:00,18781.125,19601.5,18271.5,1330.0,606.9779478421491,68.075,70.63,66.12,4.509999999999991,1.9623540285415735,,4.509999999999991,0.028826353706082507,0.0,0.0,0.0,0.0,0.0,794.1937499999999,978.79,669.1949999999999,309.595,137.1465324251766,1.9623540285415735,6,1,0
2024-05-05 04:00:00+00:00,20029.25,21124.5,18699.5,2425.0,1075.4287129636562,67.705,69.32,65.96,3.3599999999999994,1.3753181450122671,,3.3599999999999994,0.02031339110866661,1590.4875,3824.125,5.855,3818.27,1715.0769250762971,599.4243749999999,633.9625,566.385,67.57749999999999,28.70845762249336,1.3753181450122671,6,1,1
2024-05-05 08:00:00+00:00,21659.75,21882.5,21439.0,443.5,187.30834649493485,71.65,72.25,70.72,1.5300000000000011,0.6530441536884518,,1.5300000000000011,0.009114363624402681,6452.51375,7025.8175,5392.145,1633.6724999999997,734.9697605131452,571.68875,598.775,559.59,39.184999999999945,18.412565625590215,0.6530441536884518,6,1,2
2024-05-05 12:00:00+00:00,23351.625,25906.0,21415.0,4491.0,1993.223159232302,68.4125,73.89,65.74,8.150000000000006,3.766451690030461,,8.150000000000006,0.05505502196280596,5035.59375,6321.645,3683.5775,2638.0675000000006,1139.5440781230957,816.47625,991.865,651.765,340.1,149.1073411100763,3.766451690030461,6,1,3
2024-05-05 16:00:00+00:00,26644.0,26966.0,26272.5,693.5,285.8125842809118,87.4125,90.48,84.33,6.150000000000006,3.0966796734567166,,6.150000000000006,0.03542605089039575,1115.38,2549.215,8.1375,2541.0775000000003,1126.7142695151983,1223.880625,1301.2375,1105.5675,195.66999999999985,85.66702227653968,3.0966796734567166,6,1,4
2024-05-05 20:00:00+00:00,21733.5,24071.5,20170.0,3901.5,1727.8823744688184,75.685,81.36,70.9,10.459999999999994,4.302018905893684,,10.459999999999994,0.056841103334791296,0.0,0.0,0.0,0.0,0.0,1372.4524999999999,1464.13,1305.74,158.3900000000001,72.1922920054489,4.302018905893684,6,1,5
2024-05-06 00:00:00+00:00,19023.875,19641.5,18735.5,906.0,425.0661468132542,68.71000000000001,69.23,68.17,1.0600000000000023,0.4356604182158401,,1.0600000000000023,0.006340567868080925,0.0,0.0,0.0,0.0,0.0,892.981875,1117.205,702.2625,414.9424999999999,179.17291133351935,0.4356604182158401,0,0,0
2024-05-06 04:00:00+00:00,21707.625,23258.5,19836.5,3422.0,1494.2952840162925,79.2975,81.93,74.33,7.6000000000000085,3.4041482047643075,,7.6000000000000085,0.04292882127134276,1187.866875,2892.3475,4.835,2887.5125,1294.502749155982,688.31375,706.3675000000001,664.3425,42.02500000000009,20.38499228394917,3.4041482047643075,0,0,1
2024-05-06 08:00:00+00:00,23005.75,23168.0,22926.0,242.0,112.12009929832703,74.725,78.7,72.01,6.689999999999998,2.971918572235795,,6.689999999999998,0.039771409464513706,5311.493125,5863.77,4296.01,1567.7600000000002,717.9854869917144,788.119375,876.84,711.3175,165.52250000000004,72.47516541245356,2.971918572235795,0,0,2
2024-05-06 12:00:00+00:00,23545.375,25930.5,22335.0,3595.5,1676.657954334555,68.20750000000001,72.01,65.61,6.400000000000006,2.8717285735250173,,6.400000000000006,0.042102827013525114,4977.4225,5714.38,3937.9625,1776.4175,776.82464922111,1276.009375,1597.7175,963.8325,633.885,277.5552893822462,2.8717285735250173,0,0,3
2024-05-06 16:00:00+00:00,27600.5,28147.0,26970.0,1177.0,501.278698264083,86.9225,89.82,83.64,6.179999999999993,3.131265718523424,,6.179999999999993,0.036023650016088135,1199.238125,2765.665,6.8225,2758.8424999999997,1226.245366670443,2097.9175,2374.495,1787.61,586.885,253.71143524681725,3.131265718523424,0,0,4
2024-05-06 20:00:00+00:00,21719.5,24461.0,19950.0,4511.0,1976.4325606168973,74.96000000000001,81.46,70.76,10.699999999999989,4.640969726253336,,10.699999999999989,0.06191261641213093,0.0,0.0,0.0,0.0,0.0,1946.6481250000002,2426.065,1611.82,814.2450000000001,376.28433944832545,4.640969726253336,0,0,5
2024-05-07 00:00:00+00:00,19550.75,20097.5,19178.0,919.5,408.11814057533223,68.0425,68.84,67.37,1.4699999999999989,0.652195011736008,,1.4699999999999989,0.00958511241850326,0.0,0.0,0.0,0.0,0.0,1664.235,1708.3075,1609.0225,99.28499999999985,41.31283602989914,0.652195011736008,1,0,0
2024-05-07 04:00:00+00:00,26448.375,27762.5,23518.5,4244.0,1967.785234512818,82.83500000000001,87.37,75.02,12.350000000000009,5.43082866605089,,12.350000000000009,0.06556200478120221,1455.009375,3458.885,4.8875,3453.9975000000004,1548.0883029123574,1674.805625,1755.695,1538.3075,217.38750000000005,94.76309543133956,5.43082866605089,1,0,1
2024-05-07 08:00:00+00:00,25315.5,25748.5,24888.5,860.0,357.82514351751934,75.89750000000001,81.1,72.51,8.58999999999999,3.813155954499269,,8.58999999999999,0.050240863724092054,6780.039375,8004.7325,5039.7125,2965.0200000000004,1315.605796739305,1221.824375,1341.0125,1154.24,186.77250000000004,85.2532998231105,3.813155954499269,1,0,2
2024-05-07 12:00:00+00:00,26877.125,29152.0,25182.5,3969.5,1801.1512232921111,70.45,74.97,68.28,6.689999999999998,3.1231287730949155,,6.689999999999998,0.04433113943356865,6545.3525,7853.25,4918.52,2934.7299999999996,1275.8158369549267,1337.381875,1501.505,1203.63,297.875,132.3331070533591,3.1231287730949155,1,0,3
2024-05-07 16:00:00+00:00,29649.25,30440.0,28347.5,2092.5,944.9072705826751,88.0325,91.63,84.32,7.310000000000002,3.579761398007787,,7.310000000000002,0.04066408880819912,1577.506875,3496.2875,18.4325,3477.855,1542.422884896215,1604.258125,1638.86,1556.9,81.95999999999981,35.95222520784807,3.579761398007787,1,0,4
2024-05-07 20:00:00+00:00,22870.875,25781.5,21250.0,4531.5,2075.972518082389,76.33,81.71,72.56,9.149999999999991,3.880953491089521,,9.149999999999991,0.05084440575251572,0.0,0.0,0.0,0.0,0.0,1294.175,1460.9299999999998,1199.23,261.6999999999998,123.05276009365522,3.880953491089521,1,0,5
2024-05-08 00:00:00+00:00,20334.375,20754.0,19864.0,890.0,480.9441019148344,68.955,70.11,67.98,2.1299999999999955,0.9304658331538364,,2.1299999999999955,0.01349381238711966,0.0,0.0,0.0,0.0,0.0,1305.409375,1360.915,1245.835,115.07999999999993,47.19083113518097,0.9304658331538364,2,0,0
2024-05-08 04:00:00+00:00,26613.875,28162.5,24062.0,4100.5,1771.6923347936759,83.7025,88.25,76.1,12.150000000000006,5.26555077840866,,12.150000000000006,0.06290792722330467,1605.4625,3822.27,8.115,3814.155,1700.6964040675612,1097.9299999999998,1192.915,1035.6375,157.27749999999992,70.42399286346478,5.26555077840866,2,0,1
2024-05-08 08:00:00+00:00,24467.25,25719.0,23540.5,2178.5,988.9542035234329,72.25,78.55,67.33,11.219999999999999,5.002126214587824,,11.219999999999999,0.06923358082474489,7615.9712500000005,8771.282500000001,5746.37,3024.9125000000013,1373.939874300819,1508.50375,1858.4575,1176.9625,681.4949999999999,289.545511207507,5.002126214587824,2,0,2
2024-05-08 12:00:00+00:00,25391.875,27703.5,23719.5,3984.0,1773.6731836784368,65.2475,70.66,62.36,8.299999999999997,3.6909201653065655,,8.299999999999997,0.05656799364430157,7016.2,8513.25,5082.975,3430.2749999999996,1505.5684224723343,2276.823125,2459.31,2072.2275,387.0825,169.82332706098563,3.6909201653065655,2,0,3
2024-05-08 16:00:00+00:00,28750.0,29275.0,27820.0,1455.0,661.0995890685962,86.4825,89.64,82.38,7.260000000000005,3.574860137124252,,7.260000000000005,0.04133622567715147,1523.518125,3512.585,7.0225,3505.5625,1562.4973383955667,2824.288125,3183.57,2552.0525,631.5175000000004,273.53833433645565,3.574860137124252,2,0,4
2024-05-08 20:00:00+00:00,22445.75,25626.0,20620.0,5006.0,2278.086934981484,73.08500000000001,81.19,66.09,15.099999999999994,6.4092927326916,,15.099999999999994,0.08769641831691312,0.0,0.0,0.0,0.0,0.0,4472.980625,4986.875,3637.44,1349.435,620.1341134732303,6.4092927326916,2,0,5
2024-05-09 00:00:00+00:00,19714.875,20242.5,19321.5,921.0,395.46246661345754,63.7375,64.82,62.41,2.4099999999999966,1.0597287388761332,,2.4099999999999966,0.016626455993349807,0.0,0.0,0.0,0.0,0.0,4423.44875,4928.3925,3786.66,1141.7325,497.85007087350124,1.0597287388761332,3,0,0
2024-05-09 04:00:00+00:00,25429.25,26934.5,22650.5,4284.0,1897.2952897919358,80.0125,85.38,71.23,14.149999999999991,6.113544389304782,,14.149999999999991,0.07640736621533861,1734.45125,4113.1900000000005,6.715,4106.475,1834.3836358416827,2685.4575,3274.665,2176.09,1098.5749999999998,476.3484732577612,6.113544389304782,3,0,1
2024-05-09 08:00:00+00:00,22589.375,24046.5,21771.0,2275.5,1018.9151399895876,69.71000000000001,76.84,64.39,12.450000000000003,5.658851473576596,,12.450000000000003,0.08117704021771044,8249.35375,9583.5525,6133.225,3450.3274999999994,1563.0586852179977,1805.170625,2023.295,1560.085,463.21000000000004,199.87120478338664,5.658851473576596,3,0,2
2024-05-09 12:00:00+00:00,23792.75,26803.5,21713.0,5090.5,2281.2454383516033,63.9725,72.69,59.99,12.699999999999996,5.967871619486019,,12.699999999999996,0.093288078775818,7578.884375000001,9350.1825,5461.6775,3888.505000000001,1698.429259207086,1115.87375,1368.385,850.46,517.925,224.99185357011626,5.967871619486019,3,0,3
2024-05-09 16:00:00+00:00,28769.0,29013.0,28397.0,616.0,293.4146667545211,89.0075,92.41,85.1,7.310000000000002,3.495381476558268,,7.310000000000002,0.03927063985122904,1669.1924999999999,3804.515,12.1075,3792.4075,1687.0523067086071,665.494375,732.86,624.345,108.51499999999999,48.79367515258345,3.495381476558268,3,0,4
2024-05-09 20:00:00+00:00,22852.375,25844.5,21030.0,4814.5,2148.9905139778225,77.505,82.71,73.13,9.579999999999998,4.126221031403918,,9.579999999999998,0.05323812697766486,0.0,0.0,0.0,0.0,0.0,677.629375,694.465,644.4825,49.98250000000007,23.012681139518936,4.126221031403918,3,0,5
2024-05-10 00:00:00+00:00,19903.625,20358.0,19462.5,895.5,370.75854114684006,69.3,70.7,67.92,2.780000000000001,1.1904900951568942,,2.780000000000001,0.017178789251903234,0.0,0.0,0.0,0.0,0.0,686.300625,700.13,672.395,27.735000000000014,11.419551285514661,1.1904900951568942,4,0,0
2024-05-10 04:00:00+00:00,25072.375,26155.0,23052.5,3102.5,1453.0621330486867,82.1375,86.26,74.98,11.280000000000001,4.934290729172734,,11.280000000000001,0.060073544108022944,1716.1756249999999,3989.4375,14.58,3974.8575,1770.787430650998,724.4375,756.375,711.42,44.95500000000004,21.553401993652898,4.934290729172734,4,0,1
2024-05-10 08:00:00+00:00,22816.625,23682.5,22040.0,1642.5,678.824151873419,70.5625,77.17,64.8,12.370000000000005,5.598883073137597,,12.370000000000005,0.07934643859185259,7730.438749999999,8980.21,5826.9025,3153.307499999999,1419.9383480344309,963.97875,1147.67,796.65,351.0200000000001,152.0191398105844,5.598883073137597,4,0,2
2024-05-10 12:00:00+00:00,23024.25,25530.0,21492.0,4038.0,1825.457454082857,63.825,70.14,60.31,9.829999999999998,4.327143014353312,,9.829999999999998,0.06779699199926847,7168.219375,8757.355,5222.28,3535.075,1546.9358114193237,1642.8925,1868.775,1366.505,502.27,220.8999956805492,4.327143014353312,4,0,3
2024-05-10 16:00:00+00:00,27025.875,27387.0,26640.0,747.0,321.9690396606481,85.1025,87.95,81.76,6.189999999999998,3.2255684253580252,,6.189999999999998,0.03790215828392851,1680.975,3703.875,25.86,3678.015,1628.2950018193876,1857.651875,1879.22,1827.42,51.799999999999955,23.407918120353358,3.2255684253580252,4,0,4
2024-05-10 20:00:00+00:00,22028.25,25181.0,19635.0,5546.0,2475.230645818688,73.7925,79.2,69.97,9.230000000000004,4.042634248440828,,9.230000000000004,0.054783809309087265,0.0,0.0,0.0,0.0,0.0,1655.6925,1920.375,1446.26,474.115,215.84170297156822,4.042634248440828,4,0,5
2024-05-11 00:00:00+00:00,18168.875,18818.0,17691.5,1126.5,496.5412663280532,65.925,67.28,65.15,2.1299999999999955,1.0061974623965901,,2.1299999999999955,0.01526276014253449,0.0,0.0,0.0,0.0,0.0,1352.3162499999999,1397.995,1323.61,74.38499999999999,35.77846032065472,1.0061974623965901,5,1,0
2024-05-11 04:00:00+00:00,19979.125,20772.5,18808.0,1964.5,832.9541178840522,70.6875,72.71,67.54,5.1699999999999875,2.390179560897738,,5.1699999999999875,0.033813327121453456,1741.5812500000002,4069.53,19.200000000000003,4050.3300000000004,1800.538931353263,1805.185625,2007.57,1554.7525,452.8174999999999,201.90531282607645,2.390179560897738,5,1,1
2024-05-11 08:00:00+00:00,17864.875,18848.5,17148.0,1700.5,723.6015679686343,42.15,65.14,25.39,39.75,17.854640853290775,,39.75,0.4235976477649057,8406.089375,10028.615,6093.3075,3935.3075,1757.2430373509037,2231.5299999999997,2631.205,1962.6175,668.5874999999999,300.9239173570291,17.854640853290775,5,1,2
2024-05-11 12:00:00+00:00,18362.625,21519.0,16465.5,5053.5,2329.3348254741454,30.1575,45.45,22.32,23.130000000000003,10.57948131998918,,23.130000000000003,0.35080763723747593,7874.72625,9775.995,5660.639999999999,4115.355000000001,1790.9074566013796,3564.551875,4136.63,3002.25,1134.38,489.00890594895696,10.57948131998918,5,1,3
2024-05-11 16:00:00+00:00,23976.0,24304.5,23439.5,865.0,390.9650453258788,73.0675,77.3,65.48,11.819999999999993,5.323040327982995,,11.819999999999993,0.07285099843272311,1739.23375,3920.035,31.9,3888.1349999999998,1722.3221331600305,5193.550625,5767.9625,4584.555,1183.4074999999993,505.71283857695596,5.323040327982995,5,1,4
2024-05-11 20:00:00+00:00,20029.0,22600.5,18285.0,4315.5,1904.0594791129815,63.32000000000001,70.01,55.7,14.310000000000002,5.881128009716057,,14.310000000000002,0.09287946951541456,0.0,0.0,0.0,0.0,0.0,6816.75,7341.67,6171.295,1170.375,521.7638501755368,5.881128009716057,5,1,5
2024-05-12 00:00:00+00:00,17027.875,17820.0,16428.0,1392.0,598.1416185430778,48.3775,50.41,46.75,3.6599999999999966,1.769470259710515,,3.6599999999999966,0.036576306334773705,0.0,0.0,0.0,0.0,0.0,7226.191875,7347.2075,6982.13,365.0775000000003,169.55925354890715,1.769470259710515,6,1,0
2024-05-12 04:00:00+00:00,18150.375,18790.5,17246.0,1544.5,699.9848063827291,48.365,49.65,47.1,2.549999999999997,1.0806942213225696,,2.549999999999997,0.02234455125240506,1655.77625,3794.5725,23.0275,3771.545,1669.7590744594215,6412.66375,6714.0,6113.6625,600.3374999999996,256.01531521977967,1.0806942213225696,6,1,1
2024-05-12 08:00:00+00:00,17832.375,18158.5,17575.5,583.0,244.73808278783804,43.065,46.09,38.8,7.290000000000006,3.1755367000451025,,7.290000000000006,0.07373822593858363,7444.5806250000005,8745.38,5584.7725,3160.607499999999,1411.7784796392089,6260.065625,6587.1,5992.0,595.1000000000004,259.04371211225305,3.1755367000451025,6,1,2
2024-05-12 12:00:00+00:00,19936.0,23514.5,17443.0,6071.5,2705.4817500770537,40.85,53.68,33.65,20.03,8.965850024769917,,20.03,0.21948225274834549,7024.871875,8548.682499999999,5061.6575,3487.0249999999987,1529.0248874778204,6884.171875,6953.5975,6814.4925,139.10499999999956,68.34113092832513,8.965850024769917,6,1,3
2024-05-12 16:00:00+00:00,25176.375,25604.5,24834.5,770.0,343.0404191442555,82.2725,87.36,72.99,14.370000000000005,6.349138392989506,,14.370000000000005,0.07717206105307976,1519.3799999999999,3463.24,17.29,3445.95,1527.647479815779,6204.9418749999995,6606.495,5813.327499999999,793.1675000000005,340.96885932085127,6.349138392989506,6,1,4
2024-05-12 20:00:00+00:00,20564.625,23264.0,18800.0,4464.0,2011.2907702517798,71.7175,81.37,63.35,18.020000000000003,8.378000457547536,,18.020000000000003,0.11681947164287007,0.0,0.0,0.0,0.0,0.0,5431.23,5610.254999999999,5081.59,528.664999999999,242.60136050044423,8.378000457547536,6,1,5
2024-05-13 00:00:00+00:00,18010.0,18357.0,17546.0,811.0,387.1838495254331,62.269999999999996,62.91,61.33,1.5799999999999983,0.6678822251465213,,1.5799999999999983,0.010725585757933512,0.0,0.0,0.0,0.0,0.0,4043.86,4633.8525,3566.855,1066.9975,463.5974633190234,0.6678822251465213,0,0,0
2024-05-13 04:00:00+00:00,24018.25,25595.5,21205.5,4390.0,2012.8877059256602,78.0775,82.59,69.52,13.070000000000007,5.991418168235857,,13.070000000000007,0.07673680853300703,1272.9918750000002,2975.8125,15.43,2960.3825,1305.4700799733898,3525.103125,3588.4825,3456.1075,132.375,60.19907690235661,5.991418168235857,0,0,1
2024-05-13 08:00:00+00:00,23119.125,23856.0,22629.5,1226.5,522.6356881231893,72.165,79.53,65.92,13.61,5.975831880723108,,13.61,0.08280789691295097,6032.266875,6884.8025,4598.8675,2285.9349999999995,1046.3577246899024,3903.8512499999997,4509.855,3475.0950000000003,1034.7599999999993,459.81072053935037,5.975831880723108,0,0,2
2024-05-13 12:00:00+00:00,24262.125,27148.0,22589.5,4558.5,2103.420760531124,60.2025,67.05,56.46,10.589999999999996,4.6946805003109615,,10.589999999999996,0.07798148748492108,5197.6375,6561.389999999999,3591.6525,2969.7374999999993,1293.0143951135394,5945.3775000000005,6637.1975,5166.4375,1470.7600000000002,633.7797627988242,4.6946805003109615,0,0,3
2024-05-13 16:00:00+00:00,27950.25,28697.0,26788.0,1909.0,858.2829273225316,82.3975,85.66,79.13,6.530000000000001,3.1964394253606656,,6.530000000000001,0.03879291756862362,969.0625,2290.415,15.1675,2275.2475,1007.1634529231918,7391.548124999999,7685.205,7013.5925,671.6125000000002,286.2643835350975,3.1964394253606656,0,0,4
2024-05-13 20:00:00+00:00,21546.5,24705.5,19700.0,5005.5,2258.583442484839,62.522499999999994,75.49,51.85,23.639999999999993,11.138645563981285,,23.639999999999993,0.1781541935140355,0.0,0.0,0.0,0.0,0.0,7737.203125,7866.9675,7603.735,263.2325000000001,130.52297944830465,11.138645563981285,0,0,5
2024-05-14 00:00:00+00:00,18738.0,19244.0,18311.5,932.5,437.60122638463145,45.84,49.46,43.32,6.140000000000001,2.688233620800099,,6.140000000000001,0.05864383989529007,0.0,0.0,0.0,0.0,0.0,7593.511875,7658.325,7543.99,114.33500000000004,52.663519448752766,2.688233620800099,1,0,0
2024-05-14 04:00:00+00:00,26559.125,28257.0,22717.0,5540.0,2608.239392610783,66.9075,80.12,50.21,29.910000000000004,13.259299566719204,,29.910000000000004,0.19817359140184887,686.58875,1599.2175,23.49,1575.7275,696.8907054866996,7647.5525,7685.175,7564.765,120.40999999999985,55.67443900331021,13.259299566719204,1,0,1
2024-05-14 08:00:00+00:00,27146.625,28005.5,26076.0,1929.5,831.9190039701381,75.69,79.55,72.66,6.890000000000001,2.987719308547354,,6.890000000000001,0.039473104882380136,3563.4925000000003,4394.4125,2492.185,1902.2275000000004,831.6332400338304,7113.493125,7354.1825,6863.6575,490.52499999999964,212.73932421681977,2.987719308547354,1,0,2
2024-05-14 12:00:00+00:00,27071.625,28960.0,25840.5,3119.5,1441.924430232042,65.2975,68.8,61.03,7.769999999999996,3.2638155074493156,,7.769999999999996,0.049983774378028555,4213.068125,4639.639999999999,3484.335,1155.3049999999994,533.8331442164883,6213.791875,6792.049999999999,5492.1825,1299.8674999999994,572.3489282967126,3.2638155074493156,1,0,3
2024-05-14 16:00:00+00:00,28731.25,29392.0,27940.5,1451.5,656.5323678235517,81.8025,84.83,78.53,6.299999999999997,3.350933949413703,,6.299999999999997,0.040963710759618646,1205.07625,2609.975,29.9875,2579.9874999999997,1139.575581405383,4704.213125,4997.275,4481.905000000001,515.369999999999,221.23783562958272,3.350933949413703,1,0,4
2024-05-14 20:00:00+00:00,22022.75,25075.5,20150.0,4925.5,2238.979399190622,67.75,73.98,62.73,11.250000000000007,4.648935361994185,,11.250000000000007,0.06861897213275553,0.0,0.0,0.0,0.0,0.0,3697.7999999999997,4411.639999999999,3137.455,1274.1849999999995,582.5143753447919,4.648935361994185,1,0,5
2024-05-15 00:00:00+00:00,19540.125,20119.5,19041.0,1078.5,492.41350763357417,60.4125,61.3,59.19,2.1099999999999994,0.9531482920651274,,2.1099999999999994,0.015777335684918296,0.0,0.0,0.0,0.0,0.0,2352.416875,2886.3925,1843.84,1042.5525,453.4712112066533,0.9531482920651274,2,0,0
2024-05-15 04:00:00+00:00,26137.125,27302.5,23171.0,4131.5,1981.3708375347942,79.9075,85.08,69.43,15.649999999999991,7.37573668637015,,15.649999999999991,0.09230343442568163,1166.913125,2614.2225,21.4275,2592.795,1147.3046763617597,1577.2575000000002,1721.16,1492.295,228.865,108.85134484699776,7.37573668637015,2,0,1
2024-05-15 08:00:00+00:00,25020.125,26368.0,23695.0,2673.0,1122.1203422538952,75.5275,81.04,71.49,9.550000000000011,4.176804001466517,,9.550000000000011,0.05530176427746869,5137.8575,6245.05,3753.7375,2491.3125,1088.870565075345,1852.066875,2011.41,1628.4675,382.9425000000001,166.7208101559686,4.176804001466517,2,0,2
2024-05-15 12:00:00+00:00,25320.375,27756.0,23555.0,4201.0,1881.259833861341,66.4,71.69,62.62,9.07,4.109768849947648,,9.07,0.06189410918595851,5725.941875,6399.37,4689.1625,1710.2074999999995,767.6807942225917,2487.620625,2649.62,2226.0825,423.5374999999999,190.17221647293582,4.109768849947648,2,0,3
2024-05-15 16:00:00+00:00,28406.25,28666.5,28186.0,480.5,206.37445739884245,86.11749999999999,89.32,82.45,6.86999999999999,3.256515264307327,,6.86999999999999,0.037814791004236424,1653.2925,3507.045,65.49,3441.5550000000003,1520.305082719145,2307.290625,2554.6375,2116.725,437.9124999999999,194.72027868388315,3.256515264307327,2,0,4
2024-05-15 20:00:00+00:00,22550.25,25682.0,20405.0,5277.0,2319.9373015953106,73.065,80.38,67.95,12.429999999999993,5.392726583093191,,12.429999999999993,0.07380724810912463,0.0,0.0,0.0,0.0,0.0,1851.810625,2096.105,1611.5225,484.5825,213.71261131457797,5.392726583093191,2,0,5
2024-05-16 00:00:00+00:00,19536.875,20065.0,19118.0,947.0,439.1966861972739,63.99,65.82,62.77,3.04999999999999,1.3081539155109616,,3.04999999999999,0.020443099164103133,0.0,0.0,0.0,0.0,0.0,1295.455,1481.5425,1121.65,359.8924999999999,156.47966732933693,1.3081539155109616,3,0,0
2024-05-16 04:00:00+00:00,26199.375,27692.5,22841.5,4851.0,2290.335796886561,80.1075,84.74,70.88,13.86,6.496796005211589,,13.86,0.081100970635853,1390.7718750000001,3022.2425000000003,30.9175,2991.3250000000003,1318.82992729726,1148.91375,1251.985,1083.7225,168.26249999999982,76.0599705413432,6.496796005211589,3,0,1
2024-05-16 08:00:00+00:00,27019.375,27276.0,26682.5,593.5,277.44169807967415,75.34,80.41,72.06,8.349999999999994,3.7042948046828017,,8.349999999999994,0.04916770380518714,5133.765,5633.8525,4186.91,1446.9425,680.5448815073354,1948.9900000000002,2443.235,1461.315,981.9200000000001,419.9813167669882,3.7042948046828017,3,0,2
2024-05-16 12:00:00+00:00,27746.375,29533.0,26652.0,2881.0,1321.660027831162,70.09,74.52,68.06,6.459999999999994,2.9961085872622593,,6.459999999999994,0.04274659134344785,4377.83375,5287.4375,3295.8925,1991.545,868.6876297455361,3150.1425,3368.52,2857.27,511.25,222.359334917606,2.9961085872622593,3,0,3
2024-05-16 16:00:00+00:00,28819.25,29746.5,27351.5,2395.0,1115.437544942193,85.9475,89.47,82.53,6.939999999999998,3.2850811760645016,,6.939999999999998,0.038221951494394876,1095.806875,2365.2925,53.92,2311.3725,1016.2568723822056,3642.6675,3901.95,3424.4575,477.49249999999984,208.9150508679705,3.2850811760645016,3,0,4
2024-05-16 20:00:00+00:00,22235.375,25287.0,20350.0,4937.0,2247.4913190414472,70.97,77.96,65.07,12.89,5.388883619699597,,12.89,0.07593185317316613,0.0,0.0,0.0,0.0,0.0,3575.118125,4022.2325,3119.3025,902.9300000000003,399.12294631674894,5.388883619699597,3,0,5
2024-05-17 00:00:00+00:00,19427.125,19819.0,19029.0,790.0,334.21260074988174,60.9475,62.6,60.18,2.4200000000000017,1.1247925734700346,,2.4200000000000017,0.01845510600877856,0.0,0.0,0.0,0.0,0.0,2422.5675,2817.165,2015.425,801.74,347.98448570542155,1.1247925734700346,4,0,0
2024-05-17 04:00:00+00:00,24728.25,25899.0,22351.5,3547.5,1606.9463017371388,78.47749999999999,84.14,68.27,15.870000000000005,7.300645519404434,,15.870000000000005,0.09302851797527231,1701.976875,3735.675,46.1425,3689.5325000000003,1628.3887973128724,1526.648125,1828.59,1217.8475,610.7424999999998,267.3424432677981,7.300645519404434,4,0,1
2024-05-17 08:00:00+00:00,23889.25,24469.5,23360.0,1109.5,459.78482286101365,72.315,78.63,67.61,11.019999999999996,4.825781456579507,,11.019999999999996,0.06673278651150534,6995.593125,8107.66,5321.9425,2785.7174999999997,1252.181723523611,1044.068125,1114.495,953.0825,161.4124999999999,69.8619791498149,4.825781456579507,4,0,2
2024-05-17 12:00:00+00:00,24248.5,26010.5,23073.0,2937.5,1319.3213533227347,62.01,68.99,58.39,10.599999999999994,4.836003859937802,,10.599999999999994,0.07798748363066924,6636.1425,7955.2875,4999.5975,2955.6900000000005,1295.5744649334135,934.490625,954.13,908.6325,45.497499999999945,18.91891958408741,4.836003859937802,4,0,3
2024-05-17 16:00:00+00:00,27316.875,27691.0,26990.5,700.5,301.7549709615405,86.5925,90.27,81.99,8.280000000000001,4.025041407654509,,8.280000000000001,0.046482563820821735,1634.28,3593.46,62.9975,3530.4625,1557.9944104962317,920.788125,931.0425,905.35,25.692499999999995,11.876638022991473,4.025041407654509,4,0,4
2024-05-17 20:00:00+00:00,21905.5,24918.5,19900.0,5018.5,2239.04782589981,75.2575,80.69,72.24,8.450000000000003,3.804176432992204,,8.450000000000003,0.05054880155455883,0.0,0.0,0.0,0.0,0.0,973.96625,1092.57,922.565,170.00499999999988,80.26571667229207,3.804176432992204,4,0,5
2024-05-18 00:00:00+00:00,18456.75,19358.5,17909.5,1449.0,652.3600105258859,66.4425,69.51,64.52,4.990000000000009,2.256462940090088,,4.990000000000009,0.03396113842931995,0.0,0.0,0.0,0.0,0.0,1553.270625,1757.875,1291.82,466.05500000000006,205.20980528448402,2.256462940090088,5,1,0
2024-05-18 04:00:00+00:00,20960.375,22040.5,19194.5,2846.0,1320.04623498573,72.8825,77.12,66.63,10.490000000000009,4.544603943139606,,10.490000000000009,0.0623552148065668,1208.045625,2711.185,27.9075,2683.2775,1184.7921581466217,1835.866875,1870.6575,1795.4075,75.25,31.165912761046553,4.544603943139606,5,1,1
2024-05-18 08:00:00+00:00,21100.5,21682.5,20284.0,1398.5,595.3353396756042,71.895,76.91,67.69,9.219999999999999,4.076685745390081,,9.219999999999999,0.056703327705543906,5456.2625,6604.675,3983.685,2620.9900000000002,1146.9575595279598,1590.745625,1676.2475,1545.1375,131.1099999999999,60.65221785498994,4.076685745390081,5,1,2
2024-05-18 12:00:00+00:00,20991.25,23167.5,19746.5,3421.0,1606.569144688976,57.6475,61.54,54.44,7.100000000000001,3.47851860231718,,7.100000000000001,0.0603411874290677,5945.42375,6738.955,4796.3150000000005,1942.6399999999994,865.1352810025818,1882.42,2205.2975,1624.905,580.3925000000002,254.94411504451986,3.47851860231718,5,1,3
2024-05-18 16:00:00+00:00,25076.5,25375.5,24730.0,645.5,293.3584269569679,82.7225,87.32,75.31,12.009999999999991,5.229540292097063,,12.009999999999991,0.06321787049589969,1634.5,3549.0775000000003,54.1375,3494.9400000000005,1544.7030588042373,2578.1443750000003,2654.945,2442.8500000000004,212.0949999999998,94.62264022541942,5.229540292097063,5,1,4
2024-05-18 20:00:00+00:00,20951.125,23371.0,19095.0,4276.0,1870.214353801902,73.68,78.37,68.69,9.680000000000007,3.9617756961578103,,9.680000000000007,0.05377002844948165,0.0,0.0,0.0,0.0,0.0,2201.58,2490.1475,1947.5025,542.645,235.6347780818159,3.9617756961578103,5,1,5
2024-05-19 00:00:00+00:00,17609.625,18424.5,16971.0,1453.5,634.1574955534837,61.0825,64.84,58.6,6.240000000000002,2.691522183944737,,6.240000000000002,0.04406372011533159,0.0,0.0,0.0,0.0,0.0,1797.0349999999999,1849.36,1756.645,92.71499999999992,41.18956360535992,2.691522183944737,6,1,0
2024-05-19 04:00:00+00:00,17920.5,18299.5,17252.0,1047.5,494.6087679503194,58.92,59.46,58.1,1.3599999999999994,0.5787918451395115,,1.3599999999999994,0.009823351071614243,1919.716875,4329.5725,59.5925,4269.9800000000005,1883.3878095252262,1640.6100000000001,1738.2125,1541.315,196.89750000000004,85.04372931517845,0.5787918451395115,6,1,1
2024-05-19 08:00:00+00:00,17260.125,17697.5,16858.5,839.0,343.25388441599125,47.8575,57.56,41.57,15.990000000000002,6.993384373820734,,15.990000000000002,0.14612932923409566,8799.044375,10374.5175,6475.8025,3898.715,1740.9953695364597,1658.1993750000001,1805.78,1535.3,270.48,116.51431414878809,6.993384373820734,6,1,2
2024-05-19 12:00:00+00:00,18984.75,22376.0,16723.0,5653.0,2550.2801970241103,37.2175,50.82,30.65,20.17,9.181606159418225,,20.17,0.2467013141510908,8643.860625,10364.4875,6373.7275,3990.7599999999993,1769.0413194879673,2285.04125,2653.1,1938.915,714.185,312.56625669274774,9.181606159418225,6,1,3
2024-05-19 16:00:00+00:00,24940.875,25572.5,24161.5,1411.0,622.1486123373845,77.47,83.54,67.19,16.35000000000001,7.140303448266984,,16.35000000000001,0.09216862589734069,2118.435,4538.05,124.2325,4413.8175,1940.9859902626383,3053.8199999999997,3237.685,2853.085,384.5999999999999,164.3796024450721,7.140303448266984,6,1,4
2024-05-19 20:00:00+00:00,20537.125,23361.0,18810.0,4551.0,2036.9726055677165,72.38,76.74,68.95,7.789999999999992,3.643176269868544,,7.789999999999992,0.05033401864974506,0.0,0.0,0.0,0.0,0.0,2955.144375,3301.35,2698.935,602.415,279.56753762414763,3.643176269868544,6,1,5
2024-05-20 00:00:00+00:00,18186.125,18508.5,17827.5,681.0,313.56588223210764,64.74249999999999,66.27,63.97,2.299999999999997,1.0402363513484159,,2.299999999999997,0.01606728735140621,0.0,0.0,0.0,0.0,0.0,2768.729375,2862.3,2696.42,165.8800000000001,73.36058326214753,1.0402363513484159,0,0,0
2024-05-20 04:00:00+00:00,24028.5,25492.5,21508.0,3984.5,1737.271855525208,81.9175,87.54,71.3,16.24000000000001,7.557443902096357,,16.24000000000001,0.09225676933617792,1668.7581249999998,3616.525,64.345,3552.1800000000003,1560.3273623631237,2874.9325,2944.56,2759.225,185.33500000000004,84.75344245712574,7.557443902096357,0,0,1
2024-05-20 08:00:00+00:00,21885.5,23207.0,20983.0,2224.0,953.0125917321341,74.6425,83.6,67.1,16.5,7.3391297167988485,,16.5,0.09832373938170416,7472.168125,8993.3725,5380.5525,3612.8199999999997,1597.2976973213945,2546.26125,2644.865,2482.815,162.04999999999973,69.50394978284788,7.3391297167988485,0,0,2
2024-05-20 12:00:00+00:00,22952.375,25960.5,20870.5,5090.0,2267.5754443531378,63.375,69.98,59.69,10.290000000000006,4.562985134025023,,10.290000000000006,0.07199976542840274,7715.56625,9080.46,5819.67,3260.789999999999,1454.0827763770012,2808.019375,2987.555,2599.4775,388.0774999999999,171.40562617631835,4.562985134025023,0,0,3
2024-05-20 16:00:00+00:00,27809.375,28084.0,27529.0,555.0,278.4790162651398,89.5525,93.33,83.38,9.950000000000003,4.490214360139172,,9.950000000000003,0.05014058077819347,1965.533125,4203.365,117.5,4085.865,1799.2364197525744,3098.775,3122.3725,3063.615,58.757500000000164,25.788183421223554,4.490214360139172,0,0,4
2024-05-20 20:00:00+00:00,21992.375,25032.0,20070.0,4962.0,2247.3087376904855,77.8375,85.59,70.75,14.840000000000003,6.387839358238961,,14.840000000000003,0.08206634794589955,0.0,0.0,0.0,0.0,0.0,2889.16375,3070.98,2653.16,417.82000000000016,176.87378491337657,6.387839358238961,0,0,5
2024-05-21 00:00:00+00:00,19214.125,19522.5,18881.5,641.0,327.5920672116466,67.075,68.79,66.36,2.430000000000007,1.161163209889121,,2.430000000000007,0.017311415727008884,0.0,0.0,0.0,0.0,0.0,2268.36625,2476.31,2088.29,388.02,169.18605518407844,1.161163209889121,1,0,0
2024-05-21 04:00:00+00:00,26005.25,27420.0,22671.0,4749.0,2254.8339739324488,83.9625,89.05,73.42,15.629999999999995,7.32334793656562,,15.629999999999995,0.08722165176793953,1397.23875,3054.04,61.31,2992.73,1315.2588155718947,1587.6375,1923.5975,1215.335,708.2625,307.67934893733127,7.32334793656562,1,0,1
2024-05-21 08:00:00+00:00,26557.0,26679.0,26475.5,203.5,88.03313770014907,79.525,84.47,76.56,7.909999999999997,3.6178124145216124,,7.909999999999997,0.04549276849445591,5382.55,5920.1375,4374.4375,1545.6999999999998,714.6916698420838,1000.9175,1072.7675,955.4125,117.3549999999999,51.35898197167333,3.6178124145216124,1,0,2
2024-05-21 12:00:00+00:00,27184.5,28463.5,26395.0,2068.5,937.6915804250345,73.13,77.72,70.7,7.019999999999996,3.1649117944528298,,7.019999999999996,0.04327788588066231,4977.9,5760.3875,3992.16,1768.2275,769.5721760687344,1301.098125,1487.41,1078.595,408.81500000000005,178.2441934698833,3.1649117944528298,1,0,3
2024-05-21 16:00:00+00:00,28678.5,29506.0,27429.0,2077.0,927.4964510264535,92.47999999999999,95.74,88.61,7.1299999999999955,3.7255424660935836,,7.1299999999999955,0.040284845005337175,1338.3681250000002,2914.2375,57.545,2856.6925,1258.6841930454184,1537.225625,1574.05,1480.7475,93.30250000000001,41.41859241205379,3.7255424660935836,1,0,4
2024-05-21 20:00:00+00:00,22408.125,25622.0,20290.0,5332.0,2402.773133104053,80.2675,86.61,74.88,11.730000000000004,4.877317397914557,,11.730000000000004,0.06076329022225131,0.0,0.0,0.0,0.0,0.0,1533.63125,1644.34,1387.11,257.23,126.94367728281452,4.877317397914557,1,0,5
2024-05-22 00:00:00+00:00,19408.375,19859.0,19027.5,831.5,402.6088620899114,70.2525,72.73,68.92,3.8100000000000023,1.7739104637307144,,3.8100000000000023,0.025250495907344524,0.0,0.0,0.0,0.0,0.0,1833.565625,2089.3725,1646.215,443.1575,195.69991328535593,1.7739104637307144,2,0,0
2024-05-22 04:00:00+00:00,27255.125,29297.0,23195.0,6102.0,2845.563224126289,86.715,93.76,75.72,18.040000000000006,8.060440434616464,,18.040000000000006,0.09295324262949273,714.058125,1608.54,21.3425,1587.1975,701.3571061026822,2891.815625,3361.465,2388.79,972.6750000000002,417.93435941133447,8.060440434616464,2,0,1
2024-05-22 08:00:00+00:00,28471.625,28779.0,28175.5,603.5,257.53782084708774,85.02250000000001,90.81,80.6,10.210000000000008,4.436270017330631,,10.210000000000008,0.05217760025088216,3323.259375,4040.635,2390.7225,1649.9125000000004,718.3414946811366,4260.975,4774.38,3698.75,1075.63,466.7410050195574,4.436270017330631,2,0,2
2024-05-22 12:00:00+00:00,27888.125,29074.0,27278.5,1795.5,807.0346311239276,74.265,76.7,71.22,5.480000000000004,2.497698941025523,,5.480000000000004,0.03363224858312153,3825.0424999999996,4243.907499999999,3120.745,1123.1624999999995,511.97063738639685,6176.30375,7120.885,5203.605,1917.2800000000007,824.1684513331705,2.497698941025523,2,0,3
2024-05-22 16:00:00+00:00,27879.25,29156.5,26162.5,2994.0,1344.6519066286264,87.61,91.04,84.1,6.940000000000012,3.5455324000775987,,6.940000000000012,0.040469494350845785,1053.73,2297.7275,42.915,2254.8125,997.4181446844815,8527.686875,9267.735,7789.6275,1478.107500000001,633.6175653649943,3.5455324000775987,2,0,4
2024-05-22 20:00:00+00:00,20461.25,23532.5,18500.0,5032.5,2240.09904914939,56.6775,77.87,35.43,42.440000000000005,19.783207314959494,,42.440000000000005,0.3490486933079175,0.0,0.0,0.0,0.0,0.0,10890.655625,11696.735,9598.26,2098.4750000000004,960.7775913038162,19.783207314959494,2,0,5
2024-05-23 00:00:00+00:00,17742.0,18130.0,17320.5,809.5,361.62296202905407,31.7175,32.96,30.27,2.6900000000000013,1.2590042361591445,,2.6900000000000013,0.039694308698956224,0.0,0.0,0.0,0.0,0.0,11065.78875,11365.6925,10784.1125,581.5799999999999,252.20402042542872,1.2590042361591445,3,0,0
2024-05-23 04:00:00+00:00,24002.625,25506.5,20969.0,4537.5,2078.6725080765686,59.489999999999995,70.94,41.89,29.049999999999997,13.250235218037954,,29.049999999999997,0.222730462565775,1284.154375,2826.0925,35.4125,2790.6800000000003,1230.1128185207497,10321.535,10580.66,10088.305,492.35499999999956,211.8248996616468,13.250235218037954,3,0,1
2024-05-23 08:00:00+00:00,24615.0,25496.0,23835.0,1661.0,754.908714128183,65.4425,69.64,62.33,7.310000000000002,3.1788506832920973,,7.310000000000002,0.04857471342464154,5001.71625,5787.13,3958.7775,1828.3525,802.5477361879582,9894.546875,10000.5475,9738.17,262.3775000000005,117.8490319818647,3.1788506832920973,3,0,2
2024-05-23 12:00:00+00:00,25376.75,27515.5,24032.5,3483.0,1612.5520921818313,57.085,62.4,54.1,8.299999999999997,3.6995360069428505,,8.299999999999997,0.06480749771293426,5091.575,5847.47,3950.425,1897.045,851.9553611716794,9097.045625,9616.37,8583.29,1033.08,454.73188636444036,3.6995360069428505,3,0,3
2024-05-23 16:00:00+00:00,28335.125,28887.0,27443.0,1444.0,622.0648914435428,80.66499999999999,84.78,74.21,10.570000000000007,4.536301724238958,,10.570000000000007,0.05623630724897986,1299.12375,2789.735,66.43,2723.3050000000003,1197.2915425407396,7708.640625,8273.81,7136.345,1137.4649999999992,486.98307976413537,4.536301724238958,3,0,4
2024-05-23 20:00:00+00:00,22186.125,25000.5,20500.0,4500.5,2013.521847203717,72.625,76.77,69.92,6.849999999999994,3.094904414248252,,6.849999999999994,0.04261486284679177,0.0,0.0,0.0,0.0,0.0,5752.793125,6748.665,4684.485000000001,2064.1799999999994,897.9515274208263,3.094904414248252,3,0,5
2024-05-24 00:00:00+00:00,19665.0,19969.0,19301.0,668.0,319.53742608130693,69.10499999999999,69.78,68.8,0.980000000000004,0.45471602860099825,,0.980000000000004,0.006580074214615499,0.0,0.0,0.0,0.0,0.0,3123.199375,3909.59,2454.2125,1455.3775,627.0829782624961,0.45471602860099825,4,0,0
2024-05-24 04:00:00+00:00,26083.125,27662.5,23035.0,4627.5,2110.2225149258547,86.9625,93.38,75.98,17.39999999999999,8.059480442311393,,17.39999999999999,0.09267765349790312,1531.275,3317.2475,75.61500000000001,3241.6324999999997,1423.3281354027843,1827.829375,2157.0625,1515.5,641.5625,273.30717607342325,8.059480442311393,4,0,1
2024-05-24 08:00:00+00:00,26629.5,26821.0,26204.5,616.5,286.25949765903,85.34,89.57,82.61,6.959999999999994,3.089444394493397,,6.959999999999994,0.03620159824810632,5710.4243750000005,6453.585,4631.35,1822.2349999999997,805.1098473096052,1187.178125,1335.11,1108.125,226.9849999999999,106.61431641230223,3.089444394493397,4,0,2
2024-05-24 12:00:00+00:00,26080.25,27412.0,25218.5,2193.5,1002.2277269496527,77.69749999999999,80.97,74.74,6.230000000000004,2.8503143101536477,,6.230000000000004,0.03668476218866306,5771.7006249999995,6537.81,4706.9675,1830.8425000000007,820.4548212561104,1127.3825,1167.17,1070.85,96.32000000000016,40.55842873764553,2.8503143101536477,4,0,3
2024-05-24 16:00:00+00:00,28020.25,28485.0,27252.0,1233.0,538.7891517096457,95.3575,99.4,90.7,8.700000000000003,3.8807076244760634,,8.700000000000003,0.04069640693680169,1731.30125,3580.2075,120.5825,3459.625,1517.7564218588402,1102.493125,1188.8775,1038.745,150.13250000000016,66.83229360293699,3.8807076244760634,4,0,4
2024-05-24 20:00:00+00:00,22163.0,25105.5,20040.0,5065.5,2219.041872821091,85.5775,90.05,82.96,7.090000000000003,3.096625851901812,,7.090000000000003,0.03618504690954772,0.0,0.0,0.0,0.0,0.0,1198.25625,1280.64,1103.145,177.49500000000012,84.61135063482911,3.096625851901812,4,0,5
2024-05-25 00:00:00+00:00,18750.25,19462.5,18317.0,1145.5,509.7971001617543,77.36,79.48,75.36,4.1200000000000045,1.7147983360539325,,4.1200000000000045,0.02216647280317908,0.0,0.0,0.0,0.0,0.0,1230.085,1346.025,1123.4425,222.58249999999998,95.6828298990994,1.7147983360539325,5,1,0
2024-05-25 04:00:00+00:00,20344.375,21103.0,19177.0,1926.0,866.6707732274504,81.5925,84.1,77.01,7.089999999999989,3.221411440140274,,7.089999999999989,0.03948171020792689,1830.4750000000001,3960.88,107.5,3853.38,1691.6199248661524,1613.805625,1822.62,1426.47,396.14999999999986,168.79474933054786,3.221411440140274,5,1,1
2024-05-25 08:00:00+00:00,19948.625,20612.5,19510.5,1102.0,479.24982611716587,71.33500000000001,80.87,63.33,17.540000000000006,7.754299882430832,,17.540000000000006,0.10870259875840503,6595.050625,7242.94,5523.72,1719.2199999999993,775.7179231320034,2578.078125,2976.3325,2151.72,824.6125000000002,352.1648356438536,7.754299882430832,5,1,2
2024-05-25 12:00:00+00:00,20687.125,22965.5,19442.0,3523.5,1657.8456087645793,54.932500000000005,64.25,49.75,14.5,6.433342184795291,,14.5,0.11711358821818217,5950.556875,7110.8375,4412.407499999999,2698.4300000000003,1188.4251817467925,3299.15625,3370.48,3165.21,205.26999999999998,96.23775120112688,6.433342184795291,5,1,3
2024-05-25 16:00:00+00:00,24431.125,24611.5,24201.5,410.0,196.12554440119945,89.745,95.03,80.58,14.450000000000003,6.311156787784633,,14.450000000000003,0.07032321341338937,1422.285,3130.2775,74.5625,3055.715,1351.3174160441233,3476.99125,3627.13,3350.5950000000003,276.53499999999985,128.82232708754333,6.311156787784633,5,1,4
2024-05-25 20:00:00+00:00,20369.25,22874.5,18600.0,4274.5,1902.840092248076,80.7675,88.01,74.65,13.36,5.652635815853234,,13.36,0.06998651457397129,0.0,0.0,0.0,0.0,0.0,3663.5218750000004,3766.925,3547.925,219.0,90.0157430530672,5.652635815853234,5,1,5
2024-05-26 00:00:00+00:00,16955.75,17927.0,16321.0,1606.0,706.0997922862363,67.2875,70.76,65.19,5.570000000000007,2.4811875516910575,,5.570000000000007,0.036874420236909684,0.0,0.0,0.0,0.0,0.0,3336.343125,3599.9025,3078.9425,520.96,224.50244134135622,2.4811875516910575,6,1,0
2024-05-26 04:00:00+00:00,18356.125,19724.0,16951.5,2772.5,1161.3700512038927,70.39750000000001,74.28,66.11,8.170000000000002,3.491144750173878,,8.170000000000002,0.04959188536771736,1125.130625,2576.66,31.4975,2545.1625,1125.9903506809294,3246.404375,3634.1925,3005.26,628.9324999999999,283.2741999104327,3.491144750173878,6,1,1
2024-05-26 08:00:00+00:00,19535.625,20171.0,18743.5,1427.5,618.566403737977,76.0825,77.85,73.78,4.069999999999993,1.786698538272937,,4.069999999999993,0.023483699119678503,5223.398125,6420.85,3809.8725,2610.9775000000004,1131.0519130002672,4324.604375,4677.370000000001,3970.39,706.9800000000009,300.4966624632675,1.786698538272937,6,1,2
2024-05-26 12:00:00+00:00,19747.375,22085.0,18219.0,3866.0,1759.438043571488,62.0875,67.17,57.59,9.579999999999998,4.93608735065875,,9.579999999999998,0.07950211154674851,6057.5675,6753.2,4922.995,1830.205,835.6806950873442,4870.190625,4967.26,4820.735,146.52500000000055,67.96646128713677,4.93608735065875,6,1,3
2024-05-26 16:00:00+00:00,23626.375,23897.0,23241.0,656.0,296.2632205207616,89.295,95.05,80.8,14.25,6.028955133354372,,14.25,0.06751727569689647,1737.1356250000001,3648.29,125.3625,3522.9275,1546.4777366842031,5147.030625,5252.9075,5043.405,209.5025000000005,89.48457097862831,6.028955133354372,6,1,4
2024-05-26 20:00:00+00:00,19979.75,22548.5,18300.0,4248.5,1889.2955697825585,77.2975,85.87,69.16,16.710000000000008,6.9214949011515365,,16.710000000000008,0.0895435803376763,0.0,0.0,0.0,0.0,0.0,5480.463125,5622.922500000001,5324.5575,298.3650000000007,123.5634640642719,6.9214949011515365,6,1,5
2024-05-27 00:00:00+00:00,17272.125,17833.0,16901.0,932.0,425.77505308946144,64.34,66.34,63.46,2.8800000000000026,1.3670405992508028,,2.8800000000000026,0.02124713396410952,0.0,0.0,0.0,0.0,0.0,5077.09,5276.865,4953.625,323.2399999999998,146.7577615210408,1.3670405992508028,0,0,0
2024-05-27 04:00:00+00:00,18703.375,19440.5,17887.0,1553.5,657.0068968435562,73.7125,78.33,66.68,11.649999999999991,5.249834124363668,,11.649999999999991,0.07122040528219331,1591.185625,3360.985,89.49,3271.4950000000003,1434.7953788409095,4767.706875,4891.42,4607.57,283.85000000000036,121.48482537912243,5.249834124363668,0,0,1
2024-05-27 08:00:00+00:00,19296.625,19444.5,19095.5,349.0,169.41289551467642,71.55,76.57,68.39,8.179999999999993,3.625125285191309,,8.179999999999993,0.050665622434539495,5941.14375,6788.7,4696.415,2092.285,934.6855118489942,3929.388125,4353.8625,3641.26,712.6025,322.58850811557,3.625125285191309,0,0,2
2024-05-27 12:00:00+00:00,20609.125,23356.0,19087.5,4268.5,1988.3883077759233,62.02,68.04,58.23,9.81000000000001,4.547431509471403,,9.81000000000001,0.0733220172439762,6005.074375,6778.445,4923.0075,1855.4375,825.3798182184952,3686.836875,3716.315,3656.8725,59.44250000000011,32.227439872400176,4.547431509471403,0,0,3
2024-05-27 16:00:00+00:00,24889.875,25443.0,24448.0,995.0,412.2314024509377,92.20500000000001,98.15,82.4,15.75,6.818144908991011,,15.75,0.07394550088380247,1783.7837499999998,3713.6,138.1425,3575.4575,1567.905334858289,3150.206875,3541.375,2759.7425,781.6325000000002,341.8875887345564,6.818144908991011,0,0,4
2024-05-27 20:00:00+00:00,20297.0,23064.0,18600.0,4464.0,1981.8905116075414,83.8025,91.19,76.86,14.329999999999998,6.0454852300428925,,14.329999999999998,0.07213967638248124,0.0,0.0,0.0,0.0,0.0,2673.90125,2683.41,2658.26,25.149999999999636,10.881259405509766,6.0454852300428925,0,0,5
2024-05-28 00:00:00+00:00,17740.0,18132.0,17254.5,877.5,399.854348482044,73.0025,74.48,72.23,2.25,1.0111833002313,,2.25,0.013851351669207234,0.0,0.0,0.0,0.0,0.0,2607.654375,2642.9675,2558.865,84.10250000000042,40.5290294303047,1.0111833002313,1,0,0
2024-05-28 04:00:00+00:00,24242.375,26574.5,20520.5,6054.0,2786.205076652949,90.00999999999999,97.05,78.29,18.75999999999999,8.744388676936376,,18.75999999999999,0.09714907984597693,836.39,1715.1325,66.96000000000001,1648.1725,725.9279611957603,3273.855,3766.1625,2853.1725,912.9899999999998,387.14099851238507,8.744388676936376,1,0,1
2024-05-28 08:00:00+00:00,26392.0,26521.5,26233.5,288.0,128.7827628217384,90.1,94.68,86.88,7.800000000000011,3.391990566024629,,7.800000000000011,0.03764695411792032,2741.62,3078.945,2249.9575,828.9875000000002,362.5767592581836,5187.116875,5840.3875,4368.735000000001,1471.6524999999992,642.796140326176,3.391990566024629,1,0,2
2024-05-28 12:00:00+00:00,27906.875,28182.0,27689.0,493.0,229.27289961964533,81.2025,83.69,78.8,4.890000000000001,2.1997783979301206,,4.890000000000001,0.02709003291684517,3107.0056250000002,3272.9700000000003,2806.6675,466.30250000000024,210.93911182470598,6011.00625,6043.3125,5996.8725,46.4399999999996,21.75332584725057,2.1997783979301206,1,0,3
2024-05-28 16:00:00+00:00,27337.875,28236.5,26105.0,2131.5,942.7126086459219,95.7875,99.06,92.82,6.240000000000009,3.3602120468803793,,6.240000000000009,0.03507985955245079,1126.0475,2295.865,86.49000000000001,2209.375,973.0703772702328,6235.78,6298.61,6122.725,175.8849999999993,77.46933812806151,3.3602120468803793,1,0,4
2024-05-28 20:00:00+00:00,21094.75,24159.5,18910.0,5249.5,2336.660098659338,75.2425,87.6,64.9,22.69999999999999,10.124190091064074,,22.69999999999999,0.1345541428190726,0.0,0.0,0.0,0.0,0.0,7062.464375,7386.514999999999,6505.89,880.6249999999991,416.0042537862187,10.124190091064074,1,0,5
2024-05-29 00:00:00+00:00,17868.875,18336.5,17569.0,767.5,328.0072090163064,59.08,60.98,57.52,3.4599999999999937,1.5303812161244865,,3.4599999999999937,0.02590354123433457,0.0,0.0,0.0,0.0,0.0,7261.9574999999995,7379.6175,7080.8675,298.75,137.22219993195984,1.5303812161244865,2,0,0
2024-05-29 04:00:00+00:00,23200.125,24547.5,20394.0,4153.5,1951.6260474708433,80.2125,86.43,68.87,17.560000000000002,8.037555080163784,,17.560000000000002,0.1002032735566624,1578.56,3394.3175,83.23249999999999,3311.085,1454.8104548502758,6697.659375,7022.365,6189.3675,832.9974999999995,372.8146252908127,8.037555080163784,2,0,1
2024-05-29 08:00:00+00:00,23751.375,24263.0,23484.0,779.0,348.7930081007932,82.0575,85.27,79.21,6.060000000000002,2.7385808368569284,,6.060000000000002,0.03337392483145273,6079.32875,7039.5725,4762.23,2277.3425000000007,1001.6575267702118,4442.326875000001,5366.9975,3820.305,1546.6925000000006,682.6835310509766,2.7385808368569284,2,0,2
2024-05-29 12:00:00+00:00,24798.375,27048.0,23581.5,3466.5,1624.263082908677,73.48,75.26,71.31,3.950000000000003,1.9964802361489424,,3.950000000000003,0.027170389713513092,6211.885,7055.7775,5042.9225,2012.8550000000005,884.9081377983066,4042.08625,4257.7575,3799.1325,458.62499999999955,197.51110764650636,1.9964802361489424,2,0,3
2024-05-29 16:00:00+00:00,27455.75,27897.0,26599.5,1297.5,610.7616147074082,93.0,97.75,86.65,11.099999999999994,4.65062719784475,,11.099999999999994,0.05000674406284678,1837.4624999999999,3778.0425,170.2825,3607.76,1582.313541753551,4623.17125,4705.585,4481.825,223.76000000000022,97.64228245446067,4.65062719784475,2,0,4
2024-05-29 20:00:00+00:00,21396.375,24710.0,19125.0,5585.0,2478.4433076361997,77.8675,88.2,69.18,19.019999999999996,8.05755701189883,,19.019999999999996,0.10347779255657144,0.0,0.0,0.0,0.0,0.0,5379.539375,6032.25,4657.57,1374.6800000000003,612.4298006451262,8.05755701189883,2,0,5
2024-05-30 00:00:00+00:00,18065.5,18781.0,17530.5,1250.5,524.9947618786301,62.7425,65.97,60.55,5.420000000000002,2.415772823204476,,5.420000000000002,0.038502973633573384,0.0,0.0,0.0,0.0,0.0,6619.181875,6939.9825,6231.7025,708.2799999999997,315.6655633629187,2.415772823204476,3,0,0
2024-05-30 04:00:00+00:00,23342.125,25205.5,20202.5,5003.0,2319.6852291852015,78.1925,84.67,67.18,17.489999999999995,7.984924858757271,,17.489999999999995,0.10211880754237654,1291.355,2701.1975,88.7825,2612.4150000000004,1146.4055502326246,7191.563125,7375.025,7058.32,316.7049999999999,136.96318741081126,7.984924858757271,3,0,1
2024-05-30 08:00:00+00:00,24204.25,24582.5,23445.5,1137.0,513.7604013545617,77.63499999999999,83.79,72.46,11.330000000000013,4.950047137822702,,11.330000000000013,0.06376050927832423,5042.045625,5962.505,3790.22,2172.2850000000003,961.5049150948541,7958.30625,8398.625,7558.9875,839.6374999999998,367.3362466715607,4.950047137822702,3,0,2
2024-05-30 12:00:00+00:00,24130.75,25857.0,23196.5,2660.5,1239.443994969788,61.03,65.24,57.06,8.179999999999993,3.705716305025697,,8.179999999999993,0.06071958553212678,5543.1075,6133.1925,4547.4975,1585.6949999999997,733.724990564698,9289.283125,9911.98,8689.814999999999,1222.1650000000009,524.7341937248439,3.705716305025697,3,0,3
2024-05-30 16:00:00+00:00,26228.125,26798.5,25282.0,1516.5,691.1629541335868,79.205,83.28,73.32,9.960000000000008,4.231701785334132,,9.960000000000008,0.053427205168033925,1716.6881250000001,3456.4625,177.44750000000002,3279.015,1432.641888220813,10435.705,10674.795,10170.88,503.9150000000009,234.46243007498435,4.231701785334132,3,0,4
2024-05-30 20:00:00+00:00,20650.875,23509.5,18750.0,4759.5,2166.6461938135326,61.535,74.75,47.63,27.119999999999997,11.936086740078036,,27.119999999999997,0.19397232046929444,0.0,0.0,0.0,0.0,0.0,10377.124375,10565.305,9959.135,606.1700000000001,286.374240449852,11.936086740078036,3,0,5
2024-05-31 00:00:00+00:00,17673.625,18115.0,17208.0,907.0,387.7166867271341,44.6775,45.6,44.09,1.509999999999998,0.6969158246636851,,1.509999999999998,0.015598809796064842,0.0,0.0,0.0,0.0,0.0,9124.665,9576.5375,8641.9975,934.5400000000009,401.69042613165885,0.6969158246636851,4,0,0
2024-05-31 04:00:00+00:00,23452.25,24934.0,20415.5,4518.5,2114.896155843119,71.725,81.97,54.15,27.82,12.760999177180445,,27.82,0.17791563858041753,1385.1675,2896.0625,109.3275,2786.735,1219.4954378963457,7850.229375,8285.9025,7521.865,764.0375000000004,334.16328971511666,12.760999177180445,4,0,1
2024-05-31 08:00:00+00:00,23885.875,24357.5,23034.5,1323.0,588.864638520603,75.875,80.84,70.7,10.14,4.391738456086236,,10.14,0.0578812317111859,5024.105,5741.0075,4020.7775,1720.2299999999996,757.9805657331636,7354.154375,7472.8225,7272.4925,200.32999999999993,84.66002326400881,4.391738456086236,4,0,2
2024-05-31 12:00:00+00:00,23071.25,24267.5,22449.0,1818.5,849.8761184235422,56.96,61.28,53.08,8.200000000000003,3.796112046115954,,8.200000000000003,0.06664522552872114,5258.40125,5739.4025,4456.6925,1282.71,577.3978204608296,8032.746875,8381.215,7662.955,718.2600000000002,310.9672483784468,3.796112046115954,4,0,3
2024-05-31 16:00:00+00:00,25614.0,26033.5,25094.5,939.0,409.3500946622585,79.16,84.47,71.55,12.920000000000002,5.506305476451521,,12.920000000000002,0.06955918995012027,1693.186875,3385.0225,187.0025,3198.02,1394.6981248768118,8742.661875,8832.005000000001,8616.0075,215.9975000000013,103.68269253221234,5.506305476451521,4,0,4
2024-05-31 20:00:00+00:00,21296.625,23990.0,19365.0,4625.0,2050.447568012083,70.3225,76.15,65.81,10.340000000000003,4.3494626104841965,,10.340000000000003,0.06185022731677911,0.0,0.0,0.0,0.0,0.0,8125.966875,8489.1675,7737.84,751.3274999999994,320.0575099713521,4.3494626104841965,4,0,5
2024-06-01 00:00:00+00:00,17863.75,18495.5,17441.0,1054.5,499.11997555698014,59.87,62.66,57.33,5.329999999999998,2.3477223004435612,,5.329999999999998,0.039213667954627676,0.0,0.0,0.0,0.0,0.0,7006.991875,7386.299999999999,6719.2625,667.0374999999995,293.08557747251143,2.3477223004435612,5,1,0
2024-06-01 04:00:00+00:00,19605.625,20281.0,18516.0,1765.0,807.0523914220191,64.13,67.65,59.86,7.790000000000006,3.3896410822779846,,7.790000000000006,0.0528557786102914,1713.966875,3567.4975,151.985,3415.5125,1490.6802072171824,6677.654375,6732.59,6628.764999999999,103.82500000000073,43.529792306295214,3.3896410822779846,5,1,1
2024-06-01 08:00:00+00:00,19205.125,19656.5,18821.5,835.0,347.11126338202666,62.370000000000005,64.55,60.45,4.099999999999994,1.680714133932354,,4.099999999999994,0.026947476894859015,6252.08375,7147.370000000001,4961.635,2185.7350000000006,974.4040964150436,6580.125,6663.844999999999,6528.035,135.8099999999995,58.40424927463169,1.680714133932354,5,1,2
2024-06-01 12:00:00+00:00,19390.25,21877.0,18114.5,3762.5,1757.0550408756887,49.79,54.37,45.97,8.399999999999999,4.122402212302919,,8.399999999999999,0.08279578654956656,6139.015,7052.01,4909.105,2142.9050000000007,940.7815596508934,6914.48,7197.25,6663.59,533.6599999999999,235.28123554588873,4.122402212302919,5,1,3
2024-06-01 16:00:00+00:00,23471.875,24200.0,22748.5,1451.5,631.1261594694569,78.3925,83.92,68.41,15.510000000000005,6.844269500830609,,15.510000000000005,0.08730770801837683,1806.13625,3656.98,202.3625,3454.6175,1508.7922990542525,7501.603125,7609.63,7342.7775,266.85249999999996,113.0075600600648,6.844269500830609,5,1,4
2024-06-01 20:00:00+00:00,20543.375,22822.0,18875.0,3947.0,1725.5405614376807,73.3925,79.35,68.0,11.349999999999994,4.66753593094543,,11.349999999999994,0.06359690610001612,0.0,0.0,0.0,0.0,0.0,6511.2175,7269.7775,5774.165,1495.6125000000002,650.0825664643172,4.66753593094543,5,1,5
2024-06-02 00:00:00+00:00,17124.625,18025.0,16487.5,1537.5,675.1334898867532,59.3075,65.1,53.71,11.389999999999993,5.0009690727564635,,11.389999999999993,0.08432270914735004,0.0,0.0,0.0,0.0,0.0,5444.726874999999,5654.03,5286.905,367.125,154.080904794838,5.0009690727564635,6,1,0
2024-06-02 04:00:00+00:00,17294.375,17882.0,16684.5,1197.5,533.95089895982,49.1025,49.83,48.47,1.3599999999999994,0.6178119994518286,,1.3599999999999994,0.012582088477202377,1982.670625,4223.655,167.04500000000002,4056.6099999999997,1770.9289370157956,5016.5,5685.4875,4346.12,1339.3675000000003,595.8315916046805,0.6178119994518286,6,1,1
2024-06-02 08:00:00+00:00,16320.375,17072.5,16060.0,1012.5,501.5589654600275,45.0175,47.66,43.43,4.229999999999997,1.8434275141702747,,4.229999999999997,0.04094913120831397,8549.25875,10050.7,6301.45,3749.250000000001,1685.929176460145,4104.586875,4234.0075,3983.46,250.54749999999967,103.35561138965384,1.8434275141702747,6,1,2
2024-06-02 12:00:00+00:00,18547.375,21920.0,16223.5,5696.5,2530.521335449805,37.7625,48.12,32.43,15.689999999999998,7.0369613470588295,,15.689999999999998,0.18634786751562604,8213.15875,9886.3025,6019.58,3866.7225,1706.4166032440862,4671.123750000001,4906.31,4377.305,529.0050000000001,226.7389588041351,7.0369613470588295,6,1,3
2024-06-02 16:00:00+00:00,24267.0,24718.5,23989.5,729.0,324.04166398782735,84.53,91.6,69.75,21.849999999999994,10.130472183796106,,21.849999999999994,0.11984469636574123,2025.26875,4224.6125,194.0275,4030.585,1758.3408473206352,4433.03875,4859.09,4006.18,852.9100000000003,375.9219655809574,10.130472183796106,6,1,4
2024-06-02 20:00:00+00:00,20185.25,22821.0,18500.0,4321.0,1914.884570063341,82.0275,87.51,76.48,11.030000000000001,4.660346017196582,,11.030000000000001,0.056814434393301964,0.0,0.0,0.0,0.0,0.0,4134.324375,4194.64,4061.0075,133.63250000000016,68.75977637686033,4.660346017196582,6,1,5
2024-06-03 00:00:00+00:00,17498.625,17933.0,16896.0,1037.0,491.8969023077904,69.92,73.53,67.21,6.320000000000007,2.8960893172230353,,6.320000000000007,0.04142004172229734,0.0,0.0,0.0,0.0,0.0,4217.354375,4443.0825,4015.99,427.09250000000065,189.87397688307883,2.8960893172230353,0,0,0
2024-06-03 04:00:00+00:00,23817.625,25667.5,20587.0,5080.5,2288.866035653172,84.9875,92.42,72.92,19.5,8.675879878529129,,19.5,0.10208418742202245,1423.430625,2967.91,123.715,2844.1949999999997,1245.4231474790254,4631.828125,4684.16,4568.014999999999,116.14500000000044,55.865936303462654,8.675879878529129,0,0,1
2024-06-03 08:00:00+00:00,25404.0,25813.5,25027.5,786.0,373.52599195593746,87.395,90.2,85.28,4.920000000000002,2.1896955648369603,,4.920000000000002,0.025055158359596832,4745.624374999999,5263.32,3984.51,1278.8099999999995,564.9395554038462,4616.081875,4704.97,4544.99,159.98000000000047,73.4587207602283,2.1896955648369603,0,0,2
2024-06-03 12:00:00+00:00,25687.625,27333.5,24661.5,2672.0,1238.3907820904783,79.9425,83.23,77.42,5.810000000000002,2.7436760620257927,,5.810000000000002,0.03432061872002739,4532.2575,5193.3,3609.56,1583.7400000000002,694.2197648289534,4560.06875,4642.450000000001,4507.625,134.82500000000073,59.11823839067552,2.7436760620257927,0,0,3
2024-06-03 16:00:00+00:00,27332.625,27674.5,26814.5,860.0,400.77723966479556,100.28,104.37,95.23,9.14,3.989469471830396,,9.14,0.03978330147417621,1329.4181250000001,2646.7200000000003,151.9025,2494.8175,1086.4358285838746,4348.761875,4453.2425,4290.8525,162.39000000000033,72.91044056394917,3.989469471830396,0,0,4
2024-06-03 20:00:00+00:00,21365.0,24177.0,19640.0,4537.0,2057.501032806545,84.0275,94.83,73.83,21.0,9.111642277877243,,21.0,0.10843643185715683,0.0,0.0,0.0,0.0,0.0,4653.1525,4835.475,4429.64,405.83500000000004,173.37807168632008,9.111642277877243,0,0,5
2024-06-04 00:00:00+00:00,18507.5,18874.5,18132.0,742.5,303.8642789141235,66.82249999999999,70.33,64.21,6.1200000000000045,2.670248115812471,,6.1200000000000045,0.039960314502038435,0.0,0.0,0.0,0.0,0.0,4991.66875,5141.285,4901.717500000001,239.5674999999992,111.48018191775927,2.670248115812471,1,0,0
2024-06-04 04:00:00+00:00,24184.875,25568.0,21390.0,4178.0,1948.2740385188797,79.6675,84.59,69.73,14.86,6.959024716150967,,14.86,0.08735086096778438,1256.0625,2679.3775,96.72,2582.6575000000003,1135.9111393190783,6192.725,7262.0225,5350.22,1911.8024999999998,838.0606870950136,6.959024716150967,1,0,1
2024-06-04 08:00:00+00:00,24682.5,24979.5,24246.5,733.0,318.41560891388445,72.32,81.3,65.91,15.39,6.82576979785675,,15.39,0.09438287884204576,4344.900625,4733.835,3627.945,1105.8899999999999,516.0753541650313,9441.260624999999,10841.7675,8046.285,2795.4825,1214.2466214460844,6.82576979785675,1,0,2
2024-06-04 12:00:00+00:00,24986.375,26522.0,24085.0,2437.0,1154.1462483151777,56.42,59.05,53.02,6.029999999999994,3.0820664063795453,,6.029999999999994,0.05462719614284906,3902.886875,4463.2125,3266.5150000000003,1196.6974999999993,516.9904853548042,11835.595,12114.31,11496.5825,617.727499999999,263.5068734951065,3.0820664063795453,1,0,3
2024-06-04 16:00:00+00:00,26072.25,26778.0,25352.0,1426.0,647.8570444164355,79.525,84.36,70.42,13.939999999999998,6.208969318655069,,13.939999999999998,0.0780756908978946,1378.2587500000002,2619.5475,197.645,2421.9025,1053.499149897814,11591.698124999999,12010.4125,11188.835,821.5775000000012,354.8033465607814,6.208969318655069,1,0,4
2024-06-04 20:00:00+00:00,20925.25,23318.0,19170.0,4148.0,1815.7780930866338,61.7875,78.41,43.89,34.519999999999996,15.746077553896818,,34.519999999999996,0.25484244473229734,0.0,0.0,0.0,0.0,0.0,11084.045624999999,11327.22,10728.6725,598.5474999999988,290.990346019524,15.746077553896818,1,0,5
2024-06-05 00:00:00+00:00,17983.875,18497.0,17547.0,950.0,390.93698874200516,41.05,42.63,39.15,3.480000000000004,1.4360129990126616,,3.480000000000004,0.034982046260966175,0.0,0.0,0.0,0.0,0.0,10104.615625,10500.545,9517.81,982.7350000000006,432.474883376553,1.4360129990126616,2,0,0
2024-06-05 04:00:00+00:00,22873.125,23977.0,20473.5,3503.5,1626.7792502877169,68.99000000000001,79.02,52.27,26.749999999999993,11.746117088922054,,26.749999999999993,0.1702582561084512,1997.6356250000001,4113.5175,200.5475,3912.97,1708.0325663481153,8244.355,8922.3125,7739.965,1182.3474999999999,524.8890022939777,11.746117088922054,2,0,1
2024-06-05 08:00:00+00:00,21454.0,22794.5,20395.0,2399.5,1048.2199991732016,54.9825,63.66,50.55,13.11,6.0672914055614635,,13.11,0.11034950039669825,6935.579375,7715.799999999999,5636.7875,2079.012499999999,947.393779614138,7727.125,7796.915,7655.7,141.21500000000015,65.79246040264263,6.0672914055614635,2,0,2
2024-06-05 12:00:00+00:00,22114.5,24908.0,20202.5,4705.5,2141.0342905552293,47.165,55.48,42.81,12.669999999999995,5.687017378790626,,12.669999999999995,0.12057706729122504,6454.092500000001,7545.8775,5052.895,2492.982499999999,1087.6475841332215,7815.720625,7851.835,7788.077499999999,63.75750000000062,29.7716281588556,5.687017378790626,2,0,3
2024-06-05 16:00:00+00:00,26436.25,26774.5,26065.0,709.5,378.1116457696941,88.8575,94.26,78.46,15.800000000000011,7.222752822389357,,15.800000000000011,0.08128467290199876,1829.6725000000001,3686.6875,228.85,3457.8375,1507.9620819268523,7462.589375,7751.61,7122.21,629.3999999999996,266.7477859824937,7.222752822389357,2,0,4
2024-06-05 20:00:00+00:00,22042.875,25134.5,19985.0,5149.5,2298.2847725713477,81.77250000000001,89.58,73.37,16.209999999999994,6.6777310268284,,16.209999999999994,0.08166230733838876,0.0,0.0,0.0,0.0,0.0,6904.30375,7085.4525,6777.7775,307.6750000000002,146.84268660854968,6.6777310268284,2,0,5
2024-06-06 00:00:00+00:00,18964.125,19419.5,18540.5,879.0,359.6617334385186,67.5,69.9,66.22,3.680000000000007,1.6563413496820847,,3.680000000000007,0.024538390365660526,0.0,0.0,0.0,0.0,0.0,6006.95,6561.8525,5435.045,1126.8075,488.35164451874886,1.6563413496820847,3,0,0
2024-06-06 04:00:00+00:00,24334.625,25324.0,21908.5,3415.5,1624.8707833240155,89.7525,96.29,77.11,19.180000000000007,8.6977636014476,,19.180000000000007,0.09690831566193252,1646.28625,3555.98,129.555,3426.425,1504.6190322172642,4689.4475,5072.0575,4463.935,608.1224999999995,280.6688270230596,8.6977636014476,3,0,1
2024-06-06 08:00:00+00:00,23418.125,24258.0,22363.5,1894.5,794.5272572416887,79.9025,90.68,71.29,19.39,8.71049319307849,,19.39,0.10901402575737289,6586.300625,7557.1725,5140.1575,2417.0149999999994,1074.2993827866276,4678.605625,4793.8775000000005,4569.424999999999,224.45250000000124,94.27545059502974,8.71049319307849,3,0,2
2024-06-06 12:00:00+00:00,23353.875,25834.0,21901.0,3933.0,1847.407208991383,65.5375,78.12,58.26,19.860000000000007,8.682051888810621,,19.860000000000007,0.132474566298846,6330.11625,7367.9425,5047.6725,2320.2700000000004,1005.1077364423427,5025.266250000001,5114.2875,4870.935,243.35249999999996,115.49616361774433,8.682051888810621,3,0,3
2024-06-06 16:00:00+00:00,26883.25,27128.0,26438.0,690.0,304.6584152784888,101.045,106.66,91.44,15.219999999999999,6.793185310785119,,15.219999999999999,0.06722930685125555,1868.673125,3730.375,244.9175,3485.4575,1514.6525088673736,4873.751875,5086.435,4483.655,602.7800000000007,279.93888731422993,6.793185310785119,3,0,4
2024-06-06 20:00:00+00:00,21702.375,24399.5,19875.0,4524.5,2016.1692792273172,88.6725,100.55,77.7,22.849999999999994,10.493256167653582,,22.849999999999994,0.11833720902933356,0.0,0.0,0.0,0.0,0.0,4290.63875,4417.79,4199.845,217.9449999999997,91.84058755755346,10.493256167653582,3,0,5
2024-06-07 00:00:00+00:00,18744.875,19496.5,18190.0,1306.5,546.5204136169111,69.64750000000001,74.51,65.36,9.150000000000006,3.8997467866516713,,9.150000000000006,0.05599263127393904,0.0,0.0,0.0,0.0,0.0,4875.631875,5209.5075,4527.7925000000005,681.7149999999992,296.7225684763946,3.8997467866516713,4,0,0
2024-06-07 04:00:00+00:00,23327.125,24131.5,21288.5,2843.0,1365.5107332057112,80.4525,85.99,70.62,15.36999999999999,6.7485868891198155,,15.36999999999999,0.0838828736101404,1907.634375,3856.1825,195.565,3660.6175,1597.0402783539605,5856.246875,6382.6475,5414.12,968.5275000000001,427.97973755275996,6.7485868891198155,4,0,1
2024-06-07 08:00:00+00:00,22643.625,23560.5,21672.5,1888.0,810.5471788654045,63.0475,70.67,56.86,13.810000000000002,5.932342848037918,,13.810000000000002,0.09409322888358652,5933.765625,6438.56,5093.2325,1345.3275000000003,609.4670864998063,6988.0806250000005,7568.7525,6513.5650000000005,1055.187499999999,467.5990210656585,5.932342848037918,4,0,2
2024-06-07 12:00:00+00:00,22520.875,24276.0,21567.5,2708.5,1229.7128645202781,47.9125,53.12,44.52,8.599999999999994,4.168639866111406,,8.599999999999994,0.08700526722904055,5559.790625,6360.0075,4523.7725,1836.2349999999997,804.6500748808322,8388.9125,8756.2675,7911.48,844.7875000000004,383.82153317546846,4.168639866111406,4,0,3
2024-06-07 16:00:00+00:00,25065.0,25195.5,24850.5,345.0,155.82094424905358,84.69749999999999,91.08,72.82,18.260000000000005,8.123818375616242,,18.260000000000005,0.09591568081249434,1692.134375,3381.96,205.0675,3176.8925,1382.4420120559837,8015.44375,8540.0925,7567.1625,972.9300000000003,426.0063418762097,8.123818375616242,4,0,4
2024-06-07 20:00:00+00:00,20679.875,23775.0,18500.0,5275.0,2329.3327504888607,73.3825,85.34,58.45,26.89,11.547462563986368,,26.89,0.15735989594230737,0.0,0.0,0.0,0.0,0.0,7724.97875,7938.045,7565.715,372.3299999999999,162.4122596652829,11.547462563986368,4,0,5
2024-06-08 00:00:00+00:00,16950.0,17735.5,16479.5,1256.0,592.5384656993441,38.7475,47.26,33.6,13.659999999999997,6.223318380628348,,13.659999999999997,0.1606121267340693,0.0,0.0,0.0,0.0,0.0,8233.828125,8320.7675,8079.1,241.66749999999956,111.69175889800064,6.223318380628348,5,1,0
2024-06-08 04:00:00+00:00,19543.625,20648.0,17907.5,2740.5,1239.9623902226497,37.435,38.84,35.28,3.5600000000000023,1.5936645401924006,,3.5600000000000023,0.04257151169206368,1368.321875,2816.435,131.18,2685.255,1171.3419236950965,7968.1849999999995,8119.6925,7852.255,267.4375,114.09962162148732,1.5936645401924006,5,1,1
2024-06-08 08:00:00+00:00,18215.875,19889.5,16692.5,3197.0,1361.7522642414324,35.0475,37.1,32.74,4.359999999999999,1.7981356085308655,,4.359999999999999,0.05130567397191998,5781.110624999999,7160.385,4124.2925,3036.0925000000007,1318.9626596233607,8341.505,8501.6525,8156.855,344.7975000000006,143.81714885286414,1.7981356085308655,5,1,2
2024-06-08 12:00:00+00:00,17173.5,20101.5,15494.0,4607.5,2150.818565104923,24.83,27.91,22.45,5.460000000000001,2.515750385074005,,5.460000000000001,0.10131898449754348,7021.953125,7584.735000000001,5930.155,1654.5800000000008,780.1147932339161,7366.152499999999,7827.764999999999,6871.025,956.7399999999998,412.29010055117743,2.515750385074005,5,1,3
2024-06-08 16:00:00+00:00,22822.25,23355.0,21907.5,1447.5,684.6970741381432,69.77,84.43,43.6,40.830000000000005,18.959382901349933,,40.830000000000005,0.27174119107567624,2248.420625,4430.395,293.3925,4137.0025000000005,1795.3369979110414,6638.333125,6677.9625,6594.8525,83.10999999999967,37.818517530822874,18.959382901349933,5,1,4
2024-06-08 20:00:00+00:00,19711.25,22363.5,17600.0,4763.5,2109.5277710110067,65.6575,82.11,43.96,38.15,16.512028696276744,,38.15,0.25148731974681865,0.0,0.0,0.0,0.0,0.0,7906.989375,9110.645,6970.9,2139.745000000001,928.6436823498175,16.512028696276744,5,1,5
2024-06-09 00:00:00+00:00,16019.625,16978.5,15333.0,1645.5,701.9495916137189,17.97,29.54,10.27,19.27,8.719659779295675,,19.27,0.48523426707265854,0.0,0.0,0.0,0.0,0.0,10034.549375,10184.9675,9880.945,304.02250000000095,156.19101078987438,8.719659779295675,6,1,0
2024-06-09 04:00:00+00:00,16279.875,17035.5,15891.0,1144.5,519.7621852026816,-4.72,0.86,-9.29,10.149999999999999,4.694088480915827,,10.149999999999999,-0.9945102713804721,1988.8756250000001,4005.605,205.305,3800.3,1657.7656912146024,9632.409375,9811.03,9425.485,385.5450000000001,186.0671990211127,4.694088480915827,6,1,1
2024-06-09 08:00:00+00:00,18082.75,18908.5,17565.0,1343.5,638.4398301066959,1.0599999999999998,6.43,-5.94,12.370000000000001,5.6893291930302885,,12.370000000000001,5.367291691538009,6006.46,6377.405,5259.08,1118.3249999999998,526.6712142155991,8750.901249999999,9472.9025,7907.51,1565.3925,685.7034734261971,5.6893291930302885,6,1,2
2024-06-09 12:00:00+00:00,20544.75,23363.5,19007.5,4356.0,2011.0987668436371,16.225,40.59,4.36,36.230000000000004,16.865417279154407,,36.230000000000004,1.0394710187460345,5084.309375,6106.7475,3850.3425,2256.405,981.8444678838206,6562.009375,7224.8575,5979.34,1245.5175,529.0928001005391,16.865417279154407,6,1,3
2024-06-09 16:00:00+00:00,24736.25,25058.0,24444.0,614.0,274.52307128302886,86.9275,93.91,71.39,22.519999999999996,10.61070646407046,,22.519999999999996,0.12206386315113696,1379.53875,2790.0575,157.9325,2632.125,1147.8641363446502,5129.404375,5601.845,4786.2225,815.6225000000004,363.6622133036312,10.61070646407046,6,1,4
2024-06-09 20:00:00+00:00,20186.125,23049.5,18350.0,4699.5,2129.9415631655256,78.545,90.45,64.22,26.230000000000004,11.186660210566277,,26.230000000000004,0.14242358152099147,0.0,0.0,0.0,0.0,0.0,4497.440625,4794.5525,4238.030000000001,556.5224999999991,228.24828626935104,11.186660210566277,6,1,5
2024-06-10 00:00:00+00:00,17248.5,17658.0,16765.0,893.0,386.69647873579953,51.8825,58.02,43.9,14.120000000000005,6.015792411090443,,14.120000000000005,0.11595031872192824,0.0,0.0,0.0,0.0,0.0,4868.2775,5298.415,4607.82,690.5950000000003,313.61894990843047,6.015792411090443,0,0,0
2024-06-10 04:00:00+00:00,22945.25,24207.0,20139.0,4068.0,1918.2555226038055,66.305,77.18,49.38,27.800000000000004,11.893517842365506,,27.800000000000004,0.17937588179421626,1354.7525,3113.8025,74.39,3039.4125,1346.4974278057496,6469.915,7262.625,5677.795,1584.83,690.3548687933377,11.893517842365506,0,0,1
2024-06-10 08:00:00+00:00,23205.125,23498.0,22608.0,890.0,404.08051487296467,33.175000000000004,54.7,17.39,37.31,16.280926468314593,,37.31,0.4907588988188273,5864.414375,6790.125,4591.2725,2198.8525,958.4953067990105,8283.33625,9068.3525,7632.085,1436.2675000000008,624.0696278344404,16.280926468314593,0,0,2
2024-06-10 12:00:00+00:00,23035.875,25412.0,21627.0,3785.0,1737.537067949919,7.42,17.92,1.63,16.290000000000003,7.318474340097578,,16.290000000000003,0.9863172965091075,6202.0181250000005,6916.5475,5155.83,1760.7174999999997,783.3350557827919,10127.845000000001,10385.175,9621.975,763.1999999999989,356.22225524710535,7.318474340097578,0,0,3
2024-06-10 16:00:00+00:00,26607.375,27253.0,25759.5,1493.5,673.3836666418335,78.0,90.52,53.46,37.059999999999995,17.337525775034912,,37.059999999999995,0.22227597147480657,1983.8725,3909.0625,268.35,3640.7125,1582.6206660249215,8993.09625,10196.415,7860.785,2335.630000000001,1025.1190753629148,17.337525775034912,0,0,4
2024-06-10 20:00:00+00:00,21445.75,24090.5,19600.0,4490.5,1960.90304451801,75.03999999999999,85.89,63.98,21.910000000000004,9.09557768002305,,21.910000000000004,0.12120972388090408,0.0,0.0,0.0,0.0,0.0,7397.779375,7460.88,7260.87,200.01000000000022,92.42468826867918,9.09557768002305,0,0,5
2024-06-11 00:00:00+00:00,18708.75,19176.5,18409.0,767.5,337.960673254547,58.269999999999996,61.26,56.63,4.6299999999999955,2.0661881166373335,,4.6299999999999955,0.03545886591105771,0.07875,0.315,0.0,0.315,0.1575,7240.4243750000005,7371.455,7155.2625,216.1925000000001,98.26640118352985,2.0661881166373335,1,0,0
2024-06-11 04:00:00+00:00,24609.625,25517.5,22164.5,3353.0,1634.4303989973596,83.9675,92.43,66.96,25.470000000000013,11.824018986791257,,25.470000000000013,0.14081661341341895,1804.345625,3718.5475,184.1225,3534.425,1543.2532913234722,7234.65125,7366.26,7127.52,238.73999999999978,99.52407969724351,11.824018986791257,1,0,1
2024-06-11 08:00:00+00:00,24896.0,25093.5,24680.0,413.5,169.5204019186678,79.1425,86.73,74.81,11.920000000000002,5.4553421829737925,,11.920000000000002,0.06893062745015384,5887.02125,6393.8775000000005,4995.4875,1398.3900000000003,643.6483654576075,6456.6425,6912.07,6069.945,842.125,372.3644719111456,5.4553421829737925,1,0,2
2024-06-11 12:00:00+00:00,25965.75,28152.5,24711.5,3441.0,1570.8300618887247,75.11500000000001,84.12,70.28,13.840000000000003,6.221963784315479,,13.840000000000003,0.08283250727971077,5546.995,6257.205,4536.8325,1720.3724999999995,758.2782382559185,5755.92875,5936.87,5567.9875,368.8824999999997,157.87293089829117,6.221963784315479,1,0,3
2024-06-11 16:00:00+00:00,28259.375,28628.5,27631.0,997.5,439.70679150997853,102.875,106.94,96.68,10.259999999999991,4.5188678523128605,,10.259999999999991,0.043925811444110424,1708.58375,3387.535,245.3775,3142.1575,1367.3431185156428,5066.96125,5419.27,4741.28,677.9900000000007,295.7723420238109,4.5188678523128605,1,0,4
2024-06-11 20:00:00+00:00,22732.25,25956.0,20600.0,5356.0,2412.2949481078526,85.9025,97.69,75.0,22.689999999999998,10.438398264740302,,22.689999999999998,0.12151448752644335,0.0,0.0,0.0,0.0,0.0,4147.4425,4535.68,3793.775,741.9050000000002,321.996395127337,10.438398264740302,1,0,5
2024-06-12 00:00:00+00:00,19879.75,20237.5,19362.5,875.0,370.7212564717597,71.3925,72.72,70.35,2.3700000000000045,1.0537986841264648,,2.3700000000000045,0.0147606356987984,0.45125,1.805,0.0,1.805,0.9025,3564.645625,3616.135,3499.695,116.44000000000005,48.46118955648088,1.0537986841264648,2,0,0
2024-06-12 04:00:00+00:00,26074.875,27433.0,23213.5,4219.5,1928.9129224773208,90.7125,97.25,78.38,18.870000000000005,8.691675615207926,,18.870000000000005,0.09581563307380925,1636.055625,3491.33,150.635,3340.6949999999997,1465.0383231369394,2952.5375,3333.5125,2550.655,782.8574999999996,337.90955734609395,8.691675615207926,2,0,1
2024-06-12 08:00:00+00:00,25739.875,26065.5,25312.5,753.0,313.8527720126106,89.075,92.58,86.87,5.709999999999994,2.582769831014753,,5.709999999999994,0.02899545137260461,5916.386875,6694.4975,4827.645,1866.8525,827.4345163349155,1878.506875,2224.85,1562.465,662.385,282.16067195375734,2.582769831014753,2,0,2
2024-06-12 12:00:00+00:00,26572.5,28732.0,25056.5,3675.5,1626.6696550518996,83.9175,86.83,81.98,4.849999999999994,2.152337876201903,,4.849999999999994,0.025648260210348318,5906.16625,6650.0475,4853.8775,1796.17,797.4123538684885,1334.1575,1433.63,1276.0725,157.55750000000012,73.22473105105958,2.152337876201903,2,0,3
2024-06-12 16:00:00+00:00,28552.875,29345.5,27596.0,1749.5,730.2933628572374,101.195,104.89,97.27,7.6200000000000045,3.5506478282138882,,7.6200000000000045,0.0350871864046039,1914.9768749999998,3731.1275,294.4925,3436.635,1492.4268442042855,1070.4012500000001,1229.69,930.09,299.6,134.0154643051191,3.5506478282138882,2,0,4
2024-06-12 20:00:00+00:00,22855.375,25931.5,20700.0,5231.5,2323.0796504855357,88.215,95.38,82.07,13.310000000000002,5.7173566153132915,,13.310000000000002,0.064811614978329,0.0,0.0,0.0,0.0,0.0,1151.32625,1384.48,967.735,416.745,182.0941670022684,5.7173566153132915,2,0,5
2024-06-13 00:00:00+00:00,19639.125,20158.5,19085.5,1073.0,443.00966411580725,75.9125,78.57,74.55,4.019999999999996,1.8575319647316928,,4.019999999999996,0.02446938204816987,0.0,0.0,0.0,0.0,0.0,1823.4325,2087.56,1579.16,508.39999999999986,217.04734248353904,1.8575319647316928,3,0,0
2024-06-13 04:00:00+00:00,25064.5,26181.5,22476.0,3705.5,1735.5972555098524,89.975,95.12,80.9,14.219999999999999,6.281032293076251,,14.219999999999999,0.06980863898945536,1611.7525,3305.2175,177.9425,3127.275,1369.127013956643,2454.2174999999997,2821.3025,2235.325,585.9775,261.4945820582775,6.281032293076251,3,0,1
2024-06-13 08:00:00+00:00,25807.375,26030.0,25608.5,421.5,194.02722102839024,85.0925,88.49,82.87,5.61999999999999,2.521512442959577,,5.61999999999999,0.0296326050234695,4500.72625,4663.49,4274.2875,389.2024999999994,194.07270599034936,4490.11125,5668.969999999999,3407.08,2261.8899999999994,969.4429274792728,2.521512442959577,3,0,2
2024-06-13 12:00:00+00:00,27274.375,28918.0,26166.0,2752.0,1219.6512735887527,77.935,80.55,76.12,4.429999999999993,2.0389948504103645,,4.429999999999993,0.026162761922247587,2774.51,3822.11,1734.4825,2087.6275,901.1417286489958,7942.096874999999,9088.44,6679.25,2409.1900000000005,1036.189166842006,2.0389948504103645,3,0,3
2024-06-13 16:00:00+00:00,27076.5,28645.0,25283.0,3362.0,1417.863122213612,90.0675,93.43,85.96,7.470000000000013,3.3550596119890352,,7.470000000000013,0.03725050225651912,524.7418749999999,1157.6725,51.765,1105.9074999999998,486.7218790600327,9846.508125,10261.1025,9506.6925,754.4100000000017,335.1483554983219,3.3550596119890352,3,0,4
2024-06-13 20:00:00+00:00,20371.375,23372.5,18384.5,4988.0,2225.912560988564,54.5575,79.67,30.27,49.400000000000006,23.269613053651458,,49.400000000000006,0.42651538383634635,0.0,0.0,0.0,0.0,0.0,10748.065,11035.0125,10416.29,618.7224999999999,256.60481558062565,23.269613053651458,3,0,5
2024-06-14 00:00:00+00:00,18092.375,18695.0,17729.0,966.0,440.50338156098945,29.68,32.58,27.56,5.02,2.0986980090840444,,5.02,0.07071084936266996,0.0,0.0,0.0,0.0,0.0,9964.1375,10328.21,9587.7775,740.432499999999,313.14094267464736,2.0986980090840444,4,0,0
2024-06-14 04:00:00+00:00,24343.0,25705.5,21541.5,4164.0,1899.2785472383985,65.8875,78.71,42.14,36.56999999999999,17.210212811002656,,36.56999999999999,0.26120603773102113,1387.896875,3071.3675,84.1425,2987.225,1318.5234016005286,8854.281875,9249.48,8448.51,800.9699999999993,339.6391573749931,17.210212811002656,4,0,1
2024-06-14 08:00:00+00:00,24281.0,24610.5,23707.5,903.0,405.1966600717899,60.1625,70.89,52.68,18.21,8.08655416931917,,18.21,0.1344118706722489,5475.965625,6394.9825,4299.66,2095.3225,911.101909444399,7565.5,8096.655000000001,7248.15,848.505000000001,396.21390315081123,8.08655416931917,4,0,2
2024-06-14 12:00:00+00:00,24013.25,25459.5,23058.5,2401.0,1066.8168774442966,50.472500000000004,65.93,41.68,24.250000000000007,10.627374636600836,,24.250000000000007,0.21055772225669098,5742.958125,6545.7625,4589.445,1956.3175,871.9806000025059,6961.695625,7267.42,6593.0325,674.3874999999998,296.75683021748466,10.627374636600836,4,0,3
2024-06-14 16:00:00+00:00,26828.875,27191.0,25999.5,1191.5,559.2377811211729,91.885,98.35,82.61,15.739999999999995,6.635111152045613,,15.739999999999995,0.07221103718828543,1652.31375,3359.1875,214.4925,3144.695,1369.8810678934565,5622.955,6244.515,4991.08,1253.4350000000004,543.7560195682129,6.635111152045613,4,0,4
2024-06-14 20:00:00+00:00,21774.75,24378.0,19725.0,4653.0,2029.0793273469292,82.0875,88.57,78.13,10.439999999999998,4.507063900146077,,10.439999999999998,0.054905605605556004,0.0,0.0,0.0,0.0,0.0,4258.59875,4856.39,3813.63,1042.7600000000002,480.6866820215814,4.507063900146077,4,0,5
2024-06-15 00:00:00+00:00,18102.0,19062.0,17513.0,1549.0,711.6052276367841,71.505,75.02,68.52,6.5,2.853751916337508,,6.5,0.03990982331777508,0.0,0.0,0.0,0.0,0.0,3567.679375,3682.985,3480.4,202.58500000000004,88.27798674204766,2.853751916337508,5,1,0
2024-06-15 04:00:00+00:00,20596.375,21888.0,18870.5,3017.5,1362.5234783909846,77.605,81.02,71.5,9.519999999999996,4.3178428256094135,,9.519999999999996,0.055638719484690555,1521.606875,3098.775,149.665,2949.11,1289.3403817769492,3886.669375,4190.035,3680.305,509.73,221.53987327693963,4.3178428256094135,5,1,1
2024-06-15 08:00:00+00:00,20839.125,21520.5,20236.0,1284.5,550.2477283006267,66.55499999999999,76.57,58.14,18.429999999999993,7.90954908112128,,18.429999999999993,0.11884229706440222,5454.586875,6457.1,4244.865,2212.2350000000006,956.3763993484623,4900.948125,5054.015,4615.8575,438.15750000000025,194.65127371763037,7.90954908112128,5,1,2
2024-06-15 12:00:00+00:00,20771.0,22656.0,19569.5,3086.5,1422.5410948955623,51.0575,60.87,45.17,15.699999999999996,6.807571152768068,,15.699999999999996,0.13333146262092874,5806.7575,6629.8925,4568.8725,2061.0199999999995,921.7768385953476,5108.13875,5172.2025,5004.3150000000005,167.88749999999982,75.44581351594914,6.807571152768068,5,1,3
2024-06-15 16:00:00+00:00,24474.75,25017.0,24103.0,914.0,437.9089517239858,88.0375,93.06,79.47,13.590000000000003,5.916301631931899,,13.590000000000003,0.06720206312005561,1690.946875,3329.46,235.645,3093.815,1343.6305272615173,4977.32625,5049.36,4944.585,104.77499999999964,48.67816782621012,5.916301631931899,5,1,4
2024-06-15 20:00:00+00:00,20734.5,23298.0,18780.0,4518.0,1992.3817405306645,79.315,85.86,74.87,10.989999999999995,4.716654888088939,,10.989999999999995,0.059467375503863606,0.0,0.0,0.0,0.0,0.0,5291.251875,5637.9475,5017.6675,620.2800000000007,275.7693815519819,4.716654888088939,5,1,5
2024-06-16 00:00:00+00:00,17309.75,18190.0,16759.5,1430.5,668.9148550700102,63.5325,69.71,58.15,11.559999999999995,5.003094875507894,,11.559999999999995,0.07874859128017771,0.0,0.0,0.0,0.0,0.0,5563.929375,5656.635,5506.225,150.40999999999985,64.64971630432042,5.003094875507894,6,1,0
2024-06-16 04:00:00+00:00,18627.75,19494.0,17765.5,1728.5,716.9558912513377,59.8925,63.23,56.87,6.359999999999999,2.652374722143664,,6.359999999999999,0.044285590385167786,1630.666875,3564.6575,131.54250000000002,3433.115,1509.8445498797425,5469.18125,5564.005,5342.825,221.1800000000003,97.19776192339361,2.652374722143664,6,1,1
2024-06-16 08:00:00+00:00,18903.375,19383.0,18365.5,1017.5,470.1385212537547,65.925,66.67,64.72,1.9500000000000028,0.8541857721440533,,1.9500000000000028,0.012956932455730808,6557.09,7688.467500000001,5055.48,2632.987500000001,1157.5609210803987,4929.766875,5123.6575,4818.885,304.77250000000004,143.23557294097452,0.8541857721440533,6,1,2
2024-06-16 12:00:00+00:00,19725.375,22554.0,18094.5,4459.5,2069.6620648067164,58.8275,68.1,53.24,14.859999999999992,6.53766204388082,,14.859999999999992,0.1111327532851272,6700.508125,7664.82,5351.37,2313.45,1022.163835199163,4854.93,4895.8975,4788.52,107.3774999999996,46.95758374142866,6.53766204388082,6,1,3
2024-06-16 16:00:00+00:00,24914.375,25099.0,24595.0,504.0,220.90019428088618,92.725,97.56,84.71,12.850000000000009,5.623098197020338,,12.850000000000009,0.060642741407606775,2044.40125,4007.055,315.485,3691.5699999999997,1600.5258992873507,5047.199375,5136.165,4907.7075,228.45749999999953,102.5555420324152,5.623098197020338,6,1,4
2024-06-16 20:00:00+00:00,20826.875,23725.5,18945.5,4780.0,2113.193687880976,76.375,92.32,59.46,32.85999999999999,14.942026859387797,,32.85999999999999,0.195640286211297,0.0,0.0,0.0,0.0,0.0,4792.31875,4906.0575,4643.3325,262.72499999999945,118.22700180690546,14.942026859387797,6,1,5
2024-06-17 00:00:00+00:00,18220.625,18637.0,17832.5,804.5,332.83939445324046,50.475,54.12,48.18,5.939999999999998,2.558156888595121,,5.939999999999998,0.05068166198306327,0.0,0.0,0.0,0.0,0.0,4073.476875,4404.2925,3809.595,594.6974999999998,264.21456154180675,2.558156888595121,0,0,0
2024-06-17 04:00:00+00:00,24499.5,25731.5,21726.0,4005.5,1893.0238156628313,74.3775,83.45,59.85,23.6,10.493621475289965,,23.6,0.14108596652603225,2005.0743750000001,4158.625,209.9925,3948.6325,1721.911328393992,3409.733125,3702.305,3098.965,603.3399999999997,259.7603207395794,10.493621475289965,0,0,1
2024-06-17 08:00:00+00:00,23771.25,24857.0,22561.5,2295.5,993.4623378199431,78.4575,80.5,76.96,3.5400000000000063,1.6720122607205943,,3.5400000000000063,0.02131105707829841,6970.854375,7985.17,5685.385,2299.785,1005.0489659347761,2550.7325,2836.68,2343.405,493.27499999999964,217.93987651414318,1.6720122607205943,0,0,2
2024-06-17 12:00:00+00:00,23901.375,26520.5,22401.5,4119.0,1897.1868812797545,76.0825,82.64,73.15,9.489999999999995,4.431511217030449,,9.489999999999995,0.05824613041146712,6812.379375,7911.05,5392.24,2518.8100000000004,1104.7050846122822,2519.96,2652.9075000000003,2369.9175,282.99000000000024,122.26076597107249,4.431511217030449,0,0,3
2024-06-17 16:00:00+00:00,27368.25,27956.5,26746.0,1210.5,502.994781285055,102.0275,107.52,95.35,12.170000000000002,5.033205572329956,,12.170000000000002,0.04933185241557383,2052.1675,4054.3425,308.0675,3746.275,1627.5558816878352,2659.1575000000003,2690.92,2592.8075,98.11250000000018,46.023834359673515,5.033205572329956,0,0,4
2024-06-17 20:00:00+00:00,22161.5,25186.0,20146.5,5039.5,2255.365195853361,87.885,97.23,80.05,17.180000000000007,7.126595727741734,,17.180000000000007,0.08109001226309075,0.0,0.0,0.0,0.0,0.0,2817.7087500000002,3022.545,2537.42,485.125,210.1932664388897,7.126595727741734,0,0,5
2024-06-18 00:00:00+00:00,19297.875,19754.5,18827.0,927.5,386.932029991487,74.14750000000001,77.26,72.83,4.430000000000007,2.0871252158571263,,4.430000000000007,0.02814828842317181,0.0,0.0,0.0,0.0,0.0,2564.9325,2807.7825000000003,2273.365,534.4175000000005,231.859816924293,2.0871252158571263,1,0,0
2024-06-18 04:00:00+00:00,24228.25,25408.5,21906.5,3502.0,1576.6972072447304,90.465,95.68,79.87,15.810000000000002,7.383732118651111,,15.810000000000002,0.0816197658613951,1796.9450000000002,3780.085,174.2425,3605.8425,1578.0389713937675,1867.94375,2018.205,1760.43,257.77499999999986,109.71841249117365,7.383732118651111,1,0,1
2024-06-18 08:00:00+00:00,24252.875,24440.5,23828.5,612.0,284.79389477304426,88.58,92.5,86.07,6.430000000000007,2.8524258681573755,,6.430000000000007,0.032201691896109434,6264.8150000000005,7092.31,5133.54,1958.7700000000004,865.6725937794464,1748.5787500000001,1847.8225,1692.83,154.99250000000006,72.2387812656748,2.8524258681573755,1,0,2
2024-06-18 12:00:00+00:00,24836.375,26730.0,23725.5,3004.5,1421.652581505059,80.145,82.48,77.6,4.88000000000001,2.440498582940246,,4.88000000000001,0.03045103977715697,5984.766250000001,6914.4400000000005,4772.422500000001,2142.0175,929.4257878445255,2526.50625,3015.725,2066.77,948.9549999999999,405.5093193621859,2.440498582940246,1,0,3
2024-06-18 16:00:00+00:00,27304.625,27847.5,26460.0,1387.5,610.680409461447,100.08,104.6,94.05,10.549999999999997,4.395368774820456,,10.549999999999997,0.043918552905879836,1853.73625,3568.7775,315.0125,3253.7650000000003,1410.2967744673163,3551.0706250000003,3671.295,3360.735,310.55999999999995,133.54722891757245,4.395368774820456,1,0,4
2024-06-18 20:00:00+00:00,22226.0,25243.0,20091.5,5151.5,2297.85795180352,87.1,96.6,78.28,18.319999999999993,7.877262637913414,,18.319999999999993,0.09043929549843188,0.0,0.0,0.0,0.0,0.0,3278.061875,3315.3475,3242.125,73.22249999999985,35.942098770974674,7.877262637913414,1,0,5
2024-06-19 00:00:00+00:00,19094.875,19554.5,18661.0,893.5,370.17301697989853,71.72749999999999,74.47,70.36,4.109999999999999,1.9097709286718167,,4.109999999999999,0.026625365845342634,0.0,0.0,0.0,0.0,0.0,3350.564375,3498.2,3233.2275,264.97249999999985,125.76956061210711,1.9097709286718167,2,0,0
2024-06-19 04:00:00+00:00,24013.25,25113.0,21927.0,3186.0,1420.0622345517115,87.765,93.15,76.9,16.25,7.644669166593586,,16.25,0.08710384739467421,1677.055,3634.6725,163.66000000000005,3471.0125000000003,1520.6245713206686,3329.314375,3511.0175,3014.755,496.2624999999998,229.27990089785268,7.644669166593586,2,0,1
2024-06-19 08:00:00+00:00,22804.25,23752.0,21984.5,1767.5,734.3369458225563,84.6525,89.73,80.73,9.0,3.843630011677337,,9.0,0.045404802122528336,6993.695000000001,8314.630000000001,5266.1225,3048.5075000000006,1342.2151208093164,2642.1325,2812.1275,2540.36,271.7674999999999,127.78658939484451,3.843630011677337,2,0,2
2024-06-19 12:00:00+00:00,23450.75,25894.0,21920.5,3973.5,1853.1365528026627,74.485,77.99,71.81,6.179999999999993,2.9670355575894227,,6.179999999999993,0.0398340009074233,7188.137500000001,8359.7875,5622.1625,2737.625,1207.144676837316,3102.914375,3551.8125,2687.83,863.9825000000001,373.67300584521183,2.9670355575894227,2,0,3
2024-06-19 16:00:00+00:00,27007.0,27682.0,26118.5,1563.5,654.1155606363965,97.255,102.19,89.86,12.329999999999998,5.2354082935335615,,12.329999999999998,0.05383176488132807,2127.125625,4121.8925,347.3025,3774.59,1633.7324460512893,3645.7225,3704.635,3553.575,151.0600000000004,71.31631469493273,5.2354082935335615,2,0,4
2024-06-19 20:00:00+00:00,21968.75,24823.5,20025.5,4798.0,2120.324837534727,85.3875,95.0,77.02,17.980000000000004,7.621948023088758,,17.980000000000004,0.08926304228474617,0.0,0.0,0.0,0.0,0.0,3606.886875,3648.815,3562.385,86.42999999999984,39.18173540136381,7.621948023088758,2,0,5
2024-06-20 00:00:00+00:00,19011.5,19509.0,18529.0,980.0,402.4663547014417,70.9025,72.66,69.23,3.4299999999999926,1.4954235743315865,,3.4299999999999926,0.021091267223745096,0.0,0.0,0.0,0.0,0.0,3050.0343749999997,3526.495,2424.975,1101.52,490.9591681612254,1.4954235743315865,3,0,0
2024-06-20 04:00:00+00:00,24302.625,25338.0,22082.0,3256.0,1507.241596150619,91.00999999999999,96.74,79.41,17.33,7.9442599823184725,,17.33,0.08728996794108858,1826.4293750000002,3871.67,193.29,3678.38,1607.7404400099008,1591.29,2021.9825,1264.48,757.5025,330.6351956020916,7.9442599823184725,3,0,1
2024-06-20 08:00:00+00:00,22265.75,23566.0,21362.5,2203.5,1004.2752361778115,83.5425,90.88,78.19,12.689999999999998,5.705788727248844,,12.689999999999998,0.06829803665498212,7213.771874999999,8490.7925,5535.7125,2955.08,1297.9261869394686,1133.6793750000002,1199.65,1094.9475,104.7025000000001,49.33264201549694,5.705788727248844,3,0,2
2024-06-20 12:00:00+00:00,23044.875,25746.5,21262.5,4484.0,2001.6161543029841,72.3625,78.62,68.78,9.840000000000003,4.370998169754819,,9.840000000000003,0.060404189597579164,7276.58125,8441.35,5679.1775,2762.1725000000006,1215.215250392052,1527.80875,1783.4825,1320.175,463.3075000000001,205.08011808904496,4.370998169754819,3,0,3
2024-06-20 16:00:00+00:00,26956.5,27613.0,26307.5,1305.5,536.3308991036531,99.1675,103.62,91.95,11.670000000000002,5.024595340257099,,11.670000000000002,0.05066776252559655,2111.3250000000003,4135.805,323.35,3812.4550000000004,1651.5229025142726,1978.6681250000001,2033.11,1919.2425,113.86749999999984,46.71987993059438,5.024595340257099,3,0,4
2024-06-20 20:00:00+00:00,21899.0,25019.0,19915.5,5103.5,2280.944577727979,87.2425,96.73,79.38,17.35000000000001,7.385573211787061,,17.35000000000001,0.08465568056608953,0.0,0.0,0.0,0.0,0.0,2392.034375,2749.8975,2076.2200000000003,673.6774999999998,296.73330089475286,7.385573211787061,3,0,5
2024-06-21 00:00:00+00:00,18690.875,19125.0,18337.0,788.0,326.7176086979903,71.065,74.77,68.59,6.179999999999993,2.818681724967658,,6.179999999999993,0.03966343101340542,0.0,0.0,0.0,0.0,0.0,3256.2075,3420.5325000000003,3020.245,400.28750000000036,177.3532355568965,2.818681724967658,4,0,0
2024-06-21 04:00:00+00:00,22876.75,24081.5,20800.0,3281.5,1435.4280720398356,85.85499999999999,91.13,75.07,16.060000000000002,7.440723531126983,,16.060000000000002,0.08666616424351498,1995.464375,4191.5975,221.0275,3970.5699999999997,1734.1536939976597,3669.046875,3890.4825,3459.5925,430.8899999999999,186.72601646948522,7.440723531126983,4,0,1
2024-06-21 08:00:00+00:00,21647.125,22477.0,20615.5,1861.5,856.7442612394125,73.89500000000001,84.84,66.64,18.200000000000003,8.14618724721368,,18.200000000000003,0.110240033117446,7225.986875,8177.497499999999,5830.7175,2346.779999999999,1050.8054834752065,4499.77375,5034.535,4070.435,964.0999999999999,420.4690174153737,8.14618724721368,4,0,2
2024-06-21 12:00:00+00:00,21541.25,23855.5,20137.0,3718.5,1735.9135203114242,58.537499999999994,65.57,54.16,11.409999999999997,5.107774303288401,,11.409999999999997,0.08725644763251592,6290.568125,7882.36,4431.635,3450.7249999999995,1502.7870698824004,5865.128125,6332.8925,5359.375,973.5174999999999,427.3507894155131,5.107774303288401,4,0,3
2024-06-21 16:00:00+00:00,25168.5,25671.5,24785.0,886.5,368.683468574331,90.3075,96.07,80.89,15.179999999999993,6.546736464325825,,15.179999999999993,0.07249382902113133,1479.1356250000001,3089.0725,155.6725,2933.4,1282.8242597802432,6217.97875,6412.3425,5893.735000000001,518.6074999999992,236.6780451592764,6.546736464325825,4,0,4
2024-06-21 20:00:00+00:00,20865.75,23230.0,19031.5,4198.5,1840.7894366276664,80.575,88.01,74.88,13.13000000000001,5.4892774266443105,,13.13000000000001,0.06812630998007203,0.0,0.0,0.0,0.0,0.0,4906.193125,5592.865,4243.91,1348.955,588.573739989926,5.4892774266443105,4,0,5
2024-06-22 00:00:00+00:00,17829.125,18412.5,17545.5,867.0,399.6768225704363,68.7225,71.47,67.16,4.310000000000002,1.9264886019214709,,4.310000000000002,0.02803286553780013,0.0,0.0,0.0,0.0,0.0,3586.634375,3942.445,3124.03,818.415,353.4937689359775,1.9264886019214709,5,1,0
2024-06-22 04:00:00+00:00,20389.875,21279.5,18683.0,2596.5,1215.9693235576842,80.66,85.84,71.59,14.25,6.370541578233359,,14.25,0.07898018321638187,1429.881875,3183.2475,102.625,3080.6225,1359.0431306657988,2303.379375,2742.59,1886.5575,856.0325000000003,370.4310087158326,6.370541578233359,5,1,1
2024-06-22 08:00:00+00:00,19896.0,20838.5,18919.5,1919.0,793.827542144178,74.5775,83.32,67.3,16.019999999999996,7.0137406805023295,,16.019999999999996,0.09404633677050492,6063.81125,7424.62,4544.32,2880.3,1242.9519273512756,1928.451875,2178.615,1794.0,384.6149999999998,178.6976666441465,7.0137406805023295,5,1,2
2024-06-22 12:00:00+00:00,18812.375,20740.5,17798.0,2942.5,1383.4624061269844,57.0625,61.84,52.59,9.25,4.443477429521463,,9.25,0.07787036021067187,6943.657499999999,7803.519999999999,5666.3075,2137.2124999999987,961.0594395531247,2984.67375,3484.3925,2510.4425,973.9499999999998,414.7686192399925,4.443477429521463,5,1,3
2024-06-22 16:00:00+00:00,23134.625,23490.5,22410.0,1080.5,491.9692359961816,90.775,96.62,80.15,16.47,7.279855767801994,,16.47,0.08019670358360775,2213.803125,4280.9875,363.1275,3917.86,1698.482412712369,4053.000625,4406.795,3783.8025,622.9925000000003,271.0255950734098,7.279855767801994,5,1,4
2024-06-22 20:00:00+00:00,20426.5,22774.0,18662.5,4111.5,1799.3271427582774,79.8575,89.62,70.24,19.38000000000001,8.15627519153198,,19.38000000000001,0.1021353685193248,0.0,0.0,0.0,0.0,0.0,4679.488125,4771.530000000001,4646.15,125.38000000000102,61.39023121851356,8.15627519153198,5,1,5
2024-06-23 00:00:00+00:00,17049.625,17856.0,16338.5,1517.5,672.878440606722,63.8075,66.07,62.47,3.5999999999999943,1.6091483254608063,,3.5999999999999943,0.0252187959951543,0.0,0.0,0.0,0.0,0.0,4187.8225,4759.66,3391.7625,1367.8975,607.7917914912696,1.6091483254608063,6,1,0
2024-06-23 04:00:00+00:00,18257.625,19684.0,16929.0,2755.0,1290.6468258848604,71.6575,75.99,66.79,9.199999999999989,3.8948801864327836,,9.199999999999989,0.054354117662949133,1966.6212500000001,4028.45,236.4825,3791.9674999999997,1652.4828391349229,2079.364375,2773.2425000000003,1509.47,1263.7725000000003,550.1750899955056,3.8948801864327836,6,1,1
2024-06-23 08:00:00+00:00,20046.875,20697.5,19365.5,1332.0,567.1818307797485,79.2675,80.01,78.65,1.3599999999999994,0.566414159427533,,1.3599999999999994,0.00714560392881742,6542.340625,7482.6425,5432.4825,2050.16,882.8520829376774,1066.933125,1303.0,853.895,449.105,196.04167751372617,0.566414159427533,6,1,2
2024-06-23 12:00:00+00:00,21536.0,24074.5,20025.0,4049.5,1865.614420684689,73.405,79.22,70.02,9.200000000000003,4.064878021950146,,9.200000000000003,0.05537603735372448,6581.27625,7566.4825,5248.2625,2318.2200000000003,1020.0916898831937,811.153125,866.2525,782.645,83.60750000000007,37.963007453254185,4.064878021950146,6,1,3
2024-06-23 16:00:00+00:00,24806.75,25206.5,24404.0,802.5,379.5731154863316,99.1675,103.68,92.39,11.290000000000006,4.791488112615256,,11.290000000000006,0.048317121159808005,1982.606875,3897.285,317.28,3580.005,1553.3187537540591,1305.4537500000001,1589.545,997.81,591.7350000000001,258.4001106609348,4.791488112615256,6,1,4
2024-06-23 20:00:00+00:00,21201.875,23884.0,19444.5,4439.5,1945.8967673457573,87.8175,96.77,79.9,16.86999999999999,7.353445337617816,,16.86999999999999,0.08373553491750302,0.0,0.0,0.0,0.0,0.0,1876.55375,1965.28,1721.535,243.7449999999999,112.91740952092658,7.353445337617816,6,1,5
2024-06-24 00:00:00+00:00,18464.125,18977.0,18069.5,907.5,378.2808425407413,72.88499999999999,76.1,71.16,4.939999999999998,2.201295073360221,,4.939999999999998,0.030202306007549196,0.0,0.0,0.0,0.0,0.0,1900.286875,1912.71,1885.655,27.055000000000064,13.557440665399708,2.201295073360221,0,0,0
2024-06-24 04:00:00+00:00,24311.5,25505.5,21532.5,3973.0,1889.0630393575188,88.32249999999999,93.08,78.01,15.069999999999993,7.08367783475975,,15.069999999999993,0.08020241540671687,1877.461875,4061.0825,187.5675,3873.515,1701.1162789307582,1781.8274999999999,1927.5525,1597.0175,330.5350000000001,149.89366268291658,7.08367783475975,0,0,1
2024-06-24 08:00:00+00:00,24729.375,25180.5,24460.0,720.5,314.08872817512395,85.05,88.85,82.46,6.390000000000001,2.795627538377274,,6.390000000000001,0.03287040021607602,6934.988125,7835.155,5677.2875,2157.8674999999994,948.5757228040518,1697.511875,1806.85,1583.045,223.80499999999984,95.52012827529678,2.795627538377274,0,0,2
2024-06-24 12:00:00+00:00,25280.625,27442.5,23916.5,3526.0,1596.9720502146135,76.6275,79.75,74.03,5.719999999999999,2.6374782779516246,,5.719999999999999,0.03441947444392188,6758.726875,7828.225,5251.5425,2576.682500000001,1144.5972536449506,2321.71375,2792.3575,1935.5825,856.7750000000001,374.7689844340779,2.6374782779516246,0,0,3
2024-06-24 16:00:00+00:00,27933.875,28498.0,27070.5,1427.5,615.1803766647096,98.6525,103.45,91.57,11.88000000000001,5.039327832161744,,11.88000000000001,0.051081602920977666,1965.0575000000001,3853.3125,300.5575,3552.755,1541.4236892831684,3020.0775000000003,3078.67,2976.3050000000003,102.36499999999978,42.93650088599804,5.039327832161744,0,0,4
2024-06-24 20:00:00+00:00,22721.625,26118.0,20400.5,5717.5,2536.4259754951777,85.22749999999999,94.23,77.41,16.820000000000007,7.179175324041996,,16.820000000000007,0.08423543250760598,0.0,0.0,0.0,0.0,0.0,3106.1175000000003,3266.885,2816.3450000000003,450.53999999999996,198.51634998785366,7.179175324041996,0,0,5
2024-06-25 00:00:00+00:00,19469.0,19721.0,19098.0,623.0,283.7296248191227,73.885,74.8,72.84,1.9599999999999937,0.8737848705488066,,1.9599999999999937,0.01182628233807685,0.0,0.0,0.0,0.0,0.0,1852.6056250000001,2422.92,1280.24,1142.68,493.06182628033156,0.8737848705488066,1,0,0
2024-06-25 04:00:00+00:00,24996.125,26285.0,22402.0,3883.0,1760.0721753666812,90.2875,94.46,81.76,12.699999999999989,5.827505898752903,,12.699999999999989,0.06454388369101936,2037.113125,4306.175,227.1825,4078.9925000000003,1779.8398711171267,955.434375,1017.095,926.63,90.46500000000003,41.526036229043484,5.827505898752903,1,0,1
2024-06-25 08:00:00+00:00,24258.75,24777.5,23926.5,851.0,374.5500634094193,83.33250000000001,88.54,79.98,8.560000000000002,3.838240699417726,,8.560000000000002,0.046059348986502595,7843.75875,9133.86,6140.195,2993.665000000001,1310.1214944463804,957.47125,975.11,948.81,26.300000000000068,12.004246731191966,3.838240699417726,1,0,2
2024-06-25 12:00:00+00:00,25352.75,27434.5,23844.5,3590.0,1610.796309283083,76.95,81.71,74.48,7.22999999999999,3.235356755186874,,7.22999999999999,0.042044922094696166,7562.28125,9053.505,5623.6825,3429.8224999999993,1505.324339456589,1166.79125,1356.435,1019.46,336.9749999999999,147.46622005140702,3.235356755186874,1,0,3
2024-06-25 16:00:00+00:00,28091.875,28775.5,27182.0,1593.5,665.9506206669284,99.5775,104.32,93.35,10.969999999999999,4.585189018277584,,10.969999999999999,0.04604643637646639,2068.18875,4085.455,322.6375,3762.8175,1633.9116861927032,1842.1625,2036.2,1571.85,464.35000000000014,205.66155585897272,4.585189018277584,1,0,4
2024-06-25 20:00:00+00:00,23050.0,25876.5,20938.0,4938.5,2147.608088083112,87.58250000000001,95.62,80.9,14.719999999999999,6.279481799214543,,14.719999999999999,0.07169790539450847,0.0,0.0,0.0,0.0,0.0,1719.805625,1967.75,1495.63,472.1199999999999,203.45962038341287,6.279481799214543,1,0,5
2024-06-26 00:00:00+00:00,19640.875,20110.0,19193.0,917.0,376.50462037890907,75.7425,77.67,74.73,2.9399999999999977,1.3395863789493614,,2.9399999999999977,0.017686059728017456,0.0,0.0,0.0,0.0,0.0,1300.67875,1385.005,1235.4625,149.54250000000002,66.8081311324951,1.3395863789493614,2,0,0
2024-06-26 04:00:00+00:00,24265.25,25227.5,22297.5,2930.0,1340.2443496119156,90.00750000000001,94.89,81.09,13.799999999999997,6.135396618529779,,13.799999999999997,0.06816539308979562,1974.9881249999999,4204.5875,207.94,3996.6474999999996,1746.9105887267754,1181.080625,1235.06,1117.195,117.86500000000001,53.28046031672873,6.135396618529779,2,0,1
2024-06-26 08:00:00+00:00,23271.875,23664.0,23077.5,586.5,265.3178518305924,80.1075,87.08,75.16,11.920000000000002,5.37922779464364,,11.920000000000002,0.0671501144667308,8017.36875,9418.5275,6093.45,3325.0775000000003,1467.2962198100122,1360.861875,1662.0375,1129.775,532.2624999999998,235.80207480157827,5.37922779464364,2,0,2
2024-06-26 12:00:00+00:00,24732.375,27020.5,23034.5,3986.0,1779.581241706411,73.195,78.81,70.41,8.400000000000006,3.835531253946445,,8.400000000000006,0.05240154729075004,7626.4487500000005,9317.58,5534.0625,3783.5175,1658.233630340957,2177.760625,2428.37,1883.3725,544.9975,235.6912704540182,3.835531253946445,2,0,3
2024-06-26 16:00:00+00:00,27939.125,28727.5,26911.5,1816.0,754.3367257619993,98.03,103.36,91.44,11.920000000000002,4.960396489529173,,11.920000000000002,0.0506008006684604,1998.38375,3975.01,279.4625,3695.5475,1608.156819043285,2803.645625,3156.42,2553.125,603.2950000000001,261.36140020712537,4.960396489529173,2,0,4
2024-06-26 20:00:00+00:00,22120.25,25413.0,19536.0,5877.0,2573.8969967735698,79.17,92.69,66.72,25.97,11.570747599010176,,25.97,0.14615065806505226,0.0,0.0,0.0,0.0,0.0,5193.510625,6284.6575,3861.275,2423.3825,1059.3003748767683,11.570747599010176,2,0,5
2024-06-27 00:00:00+00:00,18473.375,18920.5,18124.0,796.5,347.43785415524314,57.975,61.16,56.34,4.819999999999993,2.1913390122631986,,4.819999999999993,0.037797999349084954,0.0,0.0,0.0,0.0,0.0,6791.21,6853.1075,6667.0675,186.03999999999996,84.15749350176715,2.1913390122631986,3,0,0
2024-06-27 04:00:00+00:00,23251.5,24240.5,21044.0,3196.5,1510.3891882557955,75.97749999999999,82.05,64.49,17.560000000000002,7.938166769895092,,17.560000000000002,0.10448049448711912,1734.0656250000002,3713.135,179.4625,3533.6725,1546.4738520938192,7098.79,7337.3825,6816.805,520.5774999999994,228.73215226366088,7.938166769895092,3,0,1
2024-06-27 08:00:00+00:00,21241.75,22283.5,19981.5,2302.0,957.1180265080508,59.8675,74.19,47.02,27.169999999999995,11.512802656173683,,27.169999999999995,0.1923047171866821,7119.19625,8532.4425,5375.955,3156.4874999999993,1367.3286393373335,8189.4956250000005,8908.067500000001,7541.88,1366.187500000001,602.9056648168346,11.512802656173683,3,0,2
2024-06-27 12:00:00+00:00,21478.625,23497.0,19872.0,3625.0,1632.500197804991,33.6725,42.64,28.56,14.080000000000002,6.486793635276729,,14.080000000000002,0.19264365981963705,7603.0131249999995,8772.2725,5927.28,2844.9924999999994,1266.6781334234952,9758.130625,10193.5275,9239.235,954.2924999999996,419.5586574324996,6.486793635276729,3,0,3
2024-06-27 16:00:00+00:00,25045.125,25472.0,24626.0,846.0,399.459713237768,71.265,78.73,56.7,22.03,10.104977321432576,,22.03,0.14179439165695046,2239.414375,4370.295,340.7425,4029.5525000000002,1748.8317227704415,10335.128125,10403.75,10224.475,179.27499999999964,83.45498645415017,10.104977321432576,3,0,4
2024-06-27 20:00:00+00:00,19964.5,23532.5,17437.5,6095.0,2715.9441575015244,51.9825,71.53,30.12,41.41,18.624384329868906,,41.41,0.35828181272291465,0.0,0.0,0.0,0.0,0.0,11084.114375000001,11675.0,10536.3325,1138.6674999999996,498.6591846282008,18.624384329868906,3,0,5
2024-06-28 00:00:00+00:00,16133.375,16731.0,15627.0,1104.0,477.4238813674909,17.305,22.0,15.34,6.66,3.1483593611064578,,6.66,0.18193350829855293,0.0,0.0,0.0,0.0,0.0,11838.925,11962.28,11771.285,190.9950000000008,86.22794471631666,3.1483593611064578,4,0,0
2024-06-28 04:00:00+00:00,21474.5,22780.0,18938.0,3842.0,1756.4542882371481,38.332499999999996,48.76,22.11,26.65,11.785138593443298,,26.65,0.30744508167855733,1887.85875,3882.1325,215.205,3666.9275000000002,1599.8681444607919,11973.654999999999,12095.055,11773.9175,321.1375000000007,150.3890704001894,11.785138593443298,4,0,1
2024-06-28 08:00:00+00:00,21472.5,21897.5,20763.5,1134.0,491.9872965839663,32.425,35.49,30.58,4.910000000000004,2.201249645087989,,4.910000000000004,0.06788742159099434,6355.4925,7331.637500000001,5216.335,2115.3025000000007,908.0133744999758,11116.56875,11692.0575,10396.695,1295.362500000001,579.7826421761438,2.201249645087989,4,0,2
2024-06-28 12:00:00+00:00,21796.25,23951.0,20457.5,3493.5,1630.7377931476292,29.6,42.59,23.09,19.500000000000004,8.85896156442729,,19.500000000000004,0.2992892420414625,6899.76375,7726.115,5588.14,2137.9749999999995,976.9233172514531,9136.12875,9833.43,8513.09,1320.3400000000001,565.4797004185178,8.85896156442729,4,0,3
2024-06-28 16:00:00+00:00,24860.25,25083.0,24505.0,578.0,253.1707263225091,77.38,86.61,59.99,26.619999999999997,12.295541197252497,,26.619999999999997,0.15889818037286763,2216.20375,4246.45,356.5775,3889.8725,1685.429081930993,7608.07875,8227.8225,6851.782499999999,1376.0400000000009,597.1855743140075,12.295541197252497,4,0,4
2024-06-28 20:00:00+00:00,20892.0,23434.5,18859.5,4575.0,1965.8733852073653,78.475,84.6,74.24,10.36,4.495067667269687,,10.36,0.057280250618282055,0.0,0.0,0.0,0.0,0.0,5318.705,6156.665,4465.705,1690.96,722.9848699661699,4.495067667269687,4,0,5
2024-06-29 00:00:00+00:00,17595.875,18266.5,17074.5,1192.0,525.2103348500797,67.98,70.58,66.78,3.799999999999997,1.7857958076629792,,3.799999999999997,0.026269429356619238,0.0,0.0,0.0,0.0,0.0,3783.68,4073.845,3539.4725,534.3725,229.85108555142108,1.7857958076629792,5,1,0
2024-06-29 04:00:00+00:00,19568.5,20682.5,18231.0,2451.5,1110.830245056972,72.8325,74.19,69.78,4.409999999999997,2.0647255669135918,,4.409999999999997,0.02834895914479928,1693.70625,3571.575,185.125,3386.45,1481.1971122393704,3310.230625,3384.785,3232.6025,152.1824999999999,72.98826627659064,2.0647255669135918,5,1,1
2024-06-29 08:00:00+00:00,19277.875,20090.0,18056.5,2033.5,882.1384410435057,60.019999999999996,70.56,50.53,20.03,8.577828007912801,,20.03,0.14291616141140961,6224.124375,7192.3925,4944.1575,2248.2349999999997,986.1144407500217,3570.184375,3614.1175,3507.2475,106.86999999999989,45.010905964323605,8.577828007912801,5,1,2
2024-06-29 12:00:00+00:00,17930.875,21108.5,16306.0,4802.5,2165.839035839613,48.5625,63.65,39.03,24.619999999999997,11.25052109904248,,24.619999999999997,0.2316709621424449,6133.62875,7238.434999999999,4613.9525,2624.4824999999983,1163.4637059596723,3733.50125,3768.1375,3677.1075,91.02999999999975,42.85633250077108,11.25052109904248,5,1,3
2024-06-29 16:00:00+00:00,23662.625,24209.0,23044.0,1165.0,540.093722576616,91.63,96.75,82.34,14.409999999999997,6.441123090476274,,14.409999999999997,0.07029491531677698,1630.2812500000002,3320.8500000000004,203.05,3117.8,1361.197683286824,3533.74,3725.3125,3313.035,412.27750000000015,180.3413819098841,6.441123090476274,5,1,4
2024-06-29 20:00:00+00:00,20623.25,22925.0,18653.5,4271.5,1848.9857805474508,85.76,92.67,78.88,13.790000000000006,5.635642524740789,,13.790000000000006,0.06571411526050355,0.0,0.0,0.0,0.0,0.0,3042.958125,3195.3,2956.605,238.69500000000016,104.68006498722276,5.635642524740789,5,1,5
2024-06-30 00:00:00+00:00,16960.125,17848.0,16152.0,1696.0,729.7828872342787,70.26,75.18,67.64,7.540000000000006,3.499599977140251,,7.540000000000006,0.049809279492460126,0.0,0.0,0.0,0.0,0.0,3037.215,3171.035,2982.31,188.7249999999999,90.250230932299,3.499599977140251,6,1,0
2024-06-30 04:00:00+00:00,17926.0,19247.5,16754.0,2493.5,1063.5743979618915,68.99,70.83,67.03,3.799999999999997,1.566248171055066,,3.799999999999997,0.022702539078925395,1283.45125,2808.6875,108.9175,2699.77,1188.6893542548237,3769.365625,3977.69,3465.62,512.0700000000002,231.22570051048064,1.566248171055066,6,1,1
2024-06-30 08:00:00+00:00,20939.0,21727.0,19850.5,1876.5,876.4615412745355,79.18,80.89,77.11,3.780000000000001,1.5683962084456489,,3.780000000000001,0.01980798444614351,5216.8375,6134.07,4019.015,2115.055,918.2287369214349,3583.405625,3850.7375,3253.6,597.1375000000003,258.97867813920345,1.5683962084456489,6,1,2
2024-06-30 12:00:00+00:00,22228.875,23944.5,21356.0,2588.5,1209.4687108395983,72.5075,77.88,68.9,8.97999999999999,3.813199662575598,,8.97999999999999,0.052590417026867516,5484.371875000001,6307.400000000001,4375.97,1931.4300000000003,857.0565977308987,3012.9625,3097.3125,2936.6925,160.6199999999999,73.55409528594139,3.813199662575598,6,1,3
2024-06-30 16:00:00+00:00,25090.875,25658.5,24719.0,939.5,411.10671262662015,97.24,101.96,89.47,12.489999999999995,5.444893632263784,,12.489999999999995,0.055994381244999794,1663.658125,3251.5975,249.6,3001.9975,1299.5655987312564,2559.2643749999997,2877.44,2185.7625,691.6775000000002,296.93215698465946,5.444893632263784,6,1,4
2024-06-30 20:00:00+00:00,20850.125,23868.5,18730.0,5138.5,2263.735569620857,86.14,96.47,76.84,19.629999999999995,8.697520719530756,,19.629999999999995,0.10096959275053106,0.0,0.0,0.0,0.0,0.0,1884.475,1942.645,1815.355,127.28999999999996,53.01899895320552,8.697520719530756,6,1,5
2024-07-01 00:00:00+00:00,17908.5,18089.5,17719.0,370.5,161.55339674547238,72.8125,74.61,71.86,2.75,1.239687460612555,,2.75,0.017025750532017884,0.0,0.0,0.0,0.0,0.0,1981.0318750000001,2270.5175,1765.025,505.49249999999984,226.93548392453417,1.239687460612555,0,0,0
2024-07-01 04:00:00+00:00,24269.5,26049.0,21075.5,4973.5,2263.7221929085445,86.2625,90.42,77.76,12.659999999999997,5.917129794080908,,12.659999999999997,0.06859446218323036,1720.63625,3551.185,192.115,3359.0699999999997,1473.9962371072222,3121.378125,3713.0675,2533.165,1179.9025000000001,509.83287192297547,5.917129794080908,0,0,1
2024-07-01 08:00:00+00:00,25314.875,25771.5,24555.5,1216.0,577.8712911770809,85.6475,88.35,83.09,5.259999999999991,2.2545712822323165,,5.259999999999991,0.02632384228649186,4351.9825,4492.77,4226.165,266.6050000000005,110.96228242440495,4642.201875000001,5316.5475,4111.155000000001,1205.392499999999,519.6410637456676,2.2545712822323165,0,0,2
2024-07-01 12:00:00+00:00,25264.875,27065.5,24072.0,2993.5,1377.1576026366768,74.85,78.21,72.09,6.11999999999999,2.622721233121555,,6.11999999999999,0.0350396958332873,3752.48875,4157.6075,3185.5875,972.02,424.03115554510424,6317.842500000001,6851.1900000000005,5786.62,1064.5700000000006,456.74556016360646,2.622721233121555,0,0,3
2024-07-01 16:00:00+00:00,26841.625,27500.0,25836.0,1664.0,746.241848085011,90.77250000000001,94.51,85.27,9.240000000000009,3.9650672545788392,,9.240000000000009,0.04368137106038546,1256.8981250000002,2458.2175,176.5525,2281.665,993.7992179517767,7427.746875,7647.33,7162.47,484.8599999999997,206.67479516314805,3.9650672545788392,0,0,4
2024-07-01 20:00:00+00:00,21107.375,23944.5,19055.5,4889.0,2176.1382605814974,72.3725,84.06,60.12,23.940000000000005,10.155344651955442,,23.940000000000005,0.1403204898539562,0.0,0.0,0.0,0.0,0.0,7522.549999999999,7766.4025,7382.87,383.53250000000025,180.38347583458568,10.155344651955442,0,0,5
2024-07-02 00:00:00+00:00,18417.625,18646.5,18118.5,528.0,239.81255701067846,52.932500000000005,55.9,51.42,4.479999999999997,2.1049366577959816,,4.479999999999997,0.0397664319236005,0.0,0.0,0.0,0.0,0.0,6986.173125,7308.932500000001,6558.48,750.4525000000012,331.1565044492752,2.1049366577959816,1,0,0
2024-07-02 04:00:00+00:00,24806.25,26482.0,21746.0,4736.0,2117.7736934494833,79.9175,88.54,62.72,25.820000000000007,12.125225427457698,,25.820000000000007,0.1517217809298051,1366.39,3044.025,114.4175,2929.6075,1294.5711953464875,5781.9725,6117.26,5626.2625,490.9975000000004,231.92399156296887,12.125225427457698,1,0,1
2024-07-02 08:00:00+00:00,25431.0,25538.5,25286.0,252.5,111.89652958574469,81.72749999999999,86.21,77.72,8.489999999999995,3.7528422562106147,,8.489999999999995,0.04591896554049268,5336.829375,6168.5375,4268.355,1900.1825000000008,825.7924523333509,5397.009375,5629.74,5101.255,528.4849999999997,234.74539253887198,3.7528422562106147,1,0,2
2024-07-02 12:00:00+00:00,25763.25,27316.5,24860.0,2456.5,1136.4380390794154,70.265,75.02,67.16,7.859999999999999,3.633093264240088,,7.859999999999999,0.051705589756494474,5432.093125,6280.3675,4161.89,2118.4775,947.7321642904858,4834.374375,4982.975,4560.5625,422.41250000000036,191.22920122607476,3.633093264240088,1,0,3
2024-07-02 16:00:00+00:00,27707.625,28201.0,26997.0,1204.0,514.2394667532498,96.21,101.64,87.66,13.980000000000004,5.994647612662484,,13.980000000000004,0.06230794733044885,1383.26375,2912.3225,145.0275,2767.295,1211.48105338483,4108.76375,4280.4400000000005,4004.085,276.3550000000005,126.92500314326047,5.994647612662484,1,0,4
2024-07-02 20:00:00+00:00,22053.25,25282.5,19918.5,5364.0,2355.945581572998,83.53,93.4,75.12,18.28,7.705301205447237,,18.28,0.09224591410807181,0.0,0.0,0.0,0.0,0.0,4152.59,4460.985000000001,4005.05,455.9350000000004,208.0190442703908,7.705301205447237,1,0,5
2024-07-03 00:00:00+00:00,18638.875,19137.5,18019.5,1118.0,495.50065169819214,67.175,71.01,65.28,5.730000000000004,2.6639632129592212,,5.730000000000004,0.03965706308833973,0.0,0.0,0.0,0.0,0.0,5309.026875,5521.8,4919.202499999999,602.5975000000008,271.9893696710638,2.6639632129592212,2,0,0
2024-07-03 04:00:00+00:00,25672.625,27756.0,22179.0,5577.0,2524.6650396636774,86.92750000000001,95.67,73.31,22.36,9.889504116317793,,22.36,0.11376726716307033,621.413125,1546.3025,13.15,1533.1525,688.719548719987,5059.44625,5306.9025,4862.6075,444.2950000000001,184.89211956458126,9.889504116317793,2,0,1
2024-07-03 08:00:00+00:00,26335.375,27088.5,25703.0,1385.5,577.7247578504264,87.0125,93.19,82.09,11.099999999999994,4.900410697074279,,11.099999999999994,0.05631846800257749,3050.96625,3584.355,2331.2425000000003,1253.1124999999997,548.9406315216761,6843.73,8289.84,5452.5650000000005,2837.2749999999996,1235.7530551971804,4.900410697074279,2,0,2
2024-07-03 12:00:00+00:00,25799.25,26809.5,25226.0,1583.5,734.363953817633,73.53999999999999,76.94,70.47,6.469999999999999,2.6753068359847374,,6.469999999999999,0.036378934402838424,3306.00875,3648.22,2847.7625,800.4575,356.124852594447,9357.365,9548.375,9002.5825,545.7924999999996,242.83945592544612,2.6753068359847374,2,0,3
2024-07-03 16:00:00+00:00,26563.625,27392.0,25408.5,1983.5,920.4068280747746,85.3475,88.64,82.39,6.25,3.3775471869390663,,6.25,0.03957406118444083,1277.6981250000001,2325.52,236.7125,2088.8075,905.6630820182135,9977.395625000001,10719.135,9516.6775,1202.4575000000004,532.6611557132074,3.3775471869390663,2,0,4
2024-07-03 20:00:00+00:00,20118.75,23319.0,18072.0,5247.0,2324.3355502164486,50.32,73.97,25.35,48.62,21.564255918842484,,48.62,0.42854244671785546,0.0,0.0,0.0,0.0,0.0,11871.376875,12314.06,11453.67,860.3899999999994,370.0515289871516,21.564255918842484,2,0,5
2024-07-04 00:00:00+00:00,16881.75,17298.0,16605.0,693.0,304.10812221971315,13.95,19.52,11.33,8.19,3.7617283261819963,,8.19,0.2696579445291753,0.0,0.0,0.0,0.0,0.0,12367.930625,12444.615,12322.495,122.11999999999898,55.90175930352488,3.7617283261819963,3,0,0
2024-07-04 04:00:00+00:00,21312.875,22180.0,19633.5,2546.5,1158.8191816816523,37.795,48.21,21.48,26.73,11.466049886512788,,26.73,0.3033747820217698,2055.906875,4290.0725,228.9975,4061.0750000000003,1774.1842448836112,12232.733125,12430.83,12120.2275,310.60249999999905,141.2343278529074,11.466049886512788,3,0,1
2024-07-04 08:00:00+00:00,19568.75,20145.5,18835.0,1310.5,546.673958284704,20.8,28.23,16.11,12.120000000000001,5.1983971888778715,,12.120000000000001,0.24992294177297444,7082.340625,8015.115,5867.9175,2147.1975,928.5824699382184,11837.25625,11962.2575,11719.08,243.17749999999978,124.48599490337573,5.1983971888778715,3,0,2
2024-07-04 12:00:00+00:00,20417.375,22959.5,18445.0,4514.5,1978.3114169664998,13.5375,23.99,8.3,15.689999999999998,7.085677455261423,,15.689999999999998,0.5234110770276212,7224.295625,8186.942499999999,5699.9375,2487.004999999999,1122.6718973119716,11809.58,11995.48,11671.45,324.02999999999884,138.26060875510956,7.085677455261423,3,0,3
2024-07-04 16:00:00+00:00,24843.0,25749.0,24104.0,1645.0,776.2708934386242,64.2425,72.22,47.75,24.47,11.50714089887956,,24.47,0.17912037823683014,2117.285625,4198.705,306.935,3891.77,1694.8142929934527,11478.35875,11527.065,11436.13,90.93500000000131,37.43971852079936,11.50714089887956,3,0,4
2024-07-04 20:00:00+00:00,19848.75,22763.0,18055.0,4708.0,2120.797982678533,36.5,66.74,6.53,60.209999999999994,28.620849044009855,,60.209999999999994,0.7841328505208179,0.0,0.0,0.0,0.0,0.0,11696.910625,11939.115,11483.045,456.0699999999997,202.5742525221208,28.620849044009855,3,0,5
2024-07-05 00:00:00+00:00,17458.0,17934.5,17129.0,805.5,351.0021367456328,1.6224999999999998,7.05,-2.49,9.54,3.993789971109314,,9.54,2.461503834273845,0.0,0.0,0.0,0.0,0.0,11471.675625,11893.7375,10873.79,1019.9474999999984,449.7258350205101,3.993789971109314,4,0,0
2024-07-05 04:00:00+00:00,24106.375,25902.5,20826.0,5076.5,2272.548069715285,49.1575,65.95,21.9,44.050000000000004,20.128857187298703,,44.050000000000004,0.4094768283028776,786.92875,1817.0625,83.485,1733.5775,764.2133207872982,9455.93125,10229.7375,8791.4175,1438.3199999999997,619.8440218329795,20.128857187298703,4,0,1
2024-07-05 08:00:00+00:00,24173.25,24790.5,23316.5,1474.0,695.2799795765727,60.46,65.69,55.72,9.969999999999999,4.346454493799131,,9.969999999999999,0.0718897534535086,4437.304375,5663.3175,3014.175,2649.1425,1138.7926579173939,7301.225,8284.89,6278.6175,2006.2724999999991,863.4351373655695,4.346454493799131,4,0,2
2024-07-05 12:00:00+00:00,24384.5,26552.0,22970.0,3582.0,1638.646138330868,52.192499999999995,61.29,46.15,15.14,6.460311524996301,,15.14,0.123778541457035,5302.6525,6106.7575,3924.895,2181.8624999999997,1004.6655263009177,4656.0,5600.305,3710.2775,1890.0275000000001,816.165290869952,6.460311524996301,4,0,3
2024-07-05 16:00:00+00:00,26933.25,27688.0,25980.5,1707.5,806.5488722534627,81.875,87.25,74.36,12.89,5.501687619873258,,12.89,0.06719618467020773,1184.1956249999998,2603.2225,111.7825,2491.44,1093.6722144175842,2780.598125,3185.015,2547.13,637.8849999999998,283.18107083759855,5.501687619873258,4,0,4
2024-07-05 20:00:00+00:00,21535.25,24148.0,19469.0,4679.0,2023.9561301240367,71.43,76.76,67.51,9.25,4.318788410345354,,9.25,0.060461828508264766,0.0,0.0,0.0,0.0,0.0,3303.496875,3662.12,2936.54,725.5799999999999,311.91200802052475,4.318788410345354,4,0,5
2024-07-06 00:00:00+00:00,17988.375,18816.5,17509.0,1307.5,594.3166068407202,52.9475,60.48,47.42,13.059999999999995,5.675569721769494,,13.059999999999995,0.10719240231870235,0.0,0.0,0.0,0.0,0.0,4101.616875,4242.425,3854.48,387.94500000000016,176.47469385834273,5.675569721769494,5,1,0
2024-07-06 04:00:00+00:00,20462.75,21663.5,18822.5,2841.0,1251.0500589504802,50.432500000000005,51.71,48.14,3.5700000000000003,1.604439154346463,,3.5700000000000003,0.03181359548597562,1296.268125,2945.8275,76.425,2869.4024999999997,1269.1983789604085,4425.9,4721.4625,4170.4400000000005,551.0224999999991,236.54551000635482,1.604439154346463,5,1,1
2024-07-06 08:00:00+00:00,20315.25,21629.0,18664.5,2964.5,1288.358807423874,35.495,48.96,21.2,27.76,11.677866528894171,,27.76,0.32900032480332914,5477.514375,6508.96,4242.1925,2266.7675,976.1898000823899,6100.29125,6807.37,5303.889999999999,1503.4800000000005,636.9818167260216,11.677866528894171,5,1,2
2024-07-06 12:00:00+00:00,19319.125,21396.5,18219.5,3177.0,1468.5276853025273,3.665,11.12,-1.57,12.69,6.233578426554044,,12.69,1.7008399526750462,6492.82875,6937.315,5621.4675,1315.8474999999999,607.538146917884,7586.588125,7818.365,7307.0375,511.3274999999994,218.2377698117256,6.233578426554044,5,1,3
2024-07-06 16:00:00+00:00,23364.125,23684.5,22798.0,886.5,415.4414068193015,59.1125,73.82,35.4,38.419999999999995,17.37178435471344,,38.419999999999995,0.29387666491373976,2280.3250000000003,4372.9125,348.9325,4023.9800000000005,1748.1925517778834,7706.73375,8082.795,7067.8325,1014.9624999999996,480.4361630526472,17.37178435471344,5,1,4
2024-07-06 20:00:00+00:00,20583.75,22987.0,18608.0,4379.0,1948.8610990353652,60.457499999999996,72.46,47.16,25.299999999999997,11.193838707074521,,25.299999999999997,0.18515219297977142,0.0,0.0,0.0,0.0,0.0,6649.159374999999,6827.115,6548.105,279.0100000000002,122.76096251752479,11.193838707074521,5,1,5
2024-07-07 00:00:00+00:00,16968.5,17866.5,16260.5,1606.0,703.2401202055147,41.605000000000004,44.18,40.25,3.9299999999999997,1.7580386798930205,,3.9299999999999997,0.04225546640771595,0.0,0.0,0.0,0.0,0.0,5819.534375,6306.115,5365.25,940.8649999999998,402.6216649575986,1.7580386798930205,6,1,0
2024-07-07 04:00:00+00:00,18941.25,21054.5,16815.0,4239.5,1839.0080886173398,46.655,52.31,40.88,11.43,4.732839176083072,,11.43,0.1014433431804323,1516.69125,3230.6525,154.57,3076.0825,1350.9970111959599,4599.229375,5042.44,4187.1175,855.3224999999993,371.79191938264256,4.732839176083072,6,1,1
2024-07-07 08:00:00+00:00,21381.875,21621.0,20895.0,726.0,340.3410972832994,61.6375,64.14,58.37,5.770000000000003,2.765494229488347,,5.770000000000003,0.04486707328312061,5452.9125,6188.055,4459.6125,1728.4425,748.57116502875,3787.4700000000003,3954.075,3679.57,274.50499999999965,120.3520581980218,2.765494229488347,6,1,2
2024-07-07 12:00:00+00:00,21678.125,24043.5,20442.5,3601.0,1688.9988837079395,49.58,54.91,44.15,10.759999999999998,5.132374369301858,,10.759999999999998,0.10351703044174788,6206.170625,6629.155,5406.8725,1222.2824999999993,560.5251328864709,3731.815,3817.6825,3594.075,223.60750000000007,96.36002056091534,5.132374369301858,6,1,3
2024-07-07 16:00:00+00:00,24960.25,25292.0,24745.0,547.0,233.2228905289244,88.315,94.84,76.85,17.99000000000001,8.024547754650529,,17.99000000000001,0.09086279516107709,2156.0768749999997,4150.2725,343.2075,3807.065,1651.4960718673321,2906.00625,3337.63,2514.3,823.3299999999999,357.0943417682736,8.024547754650529,6,1,4
2024-07-07 20:00:00+00:00,21296.5,23965.5,19453.0,4512.5,1985.5095483695532,78.09,89.29,68.27,21.02000000000001,9.457455612725166,,21.02000000000001,0.12110968898354678,0.0,0.0,0.0,0.0,0.0,2260.12625,2349.3075,2050.79,298.5174999999999,141.67638603668797,9.457455612725166,6,1,5
2024-07-08 00:00:00+00:00,18831.5,19096.5,18561.5,535.0,238.40826327961034,62.2875,64.76,61.06,3.700000000000003,1.7352689512964112,,3.700000000000003,0.027859023902009377,0.0,0.0,0.0,0.0,0.0,1393.716875,1799.96,992.1925,807.7675,350.7090262321875,1.7352689512964112,0,0,0
2024-07-08 04:00:00+00:00,24932.0,26278.0,22166.5,4111.5,1927.4531122701796,83.6175,93.07,68.53,24.539999999999992,10.99131589028356,,24.539999999999992,0.13144755452248108,1852.63125,3965.665,192.0625,3773.6025,1654.124618338579,654.2650000000001,802.355,559.715,242.64,108.01059299902018,10.99131589028356,0,0,1
2024-07-08 08:00:00+00:00,25261.375,25484.0,24962.0,522.0,241.54274121433122,87.09,90.52,85.13,5.390000000000001,2.3875370852268007,,5.390000000000001,0.027414595076665618,6135.336875,6597.0175,5370.54,1226.4775,551.4390818968399,608.4425,681.38,555.555,125.82500000000005,55.68391277260128,2.3875370852268007,0,0,2
2024-07-08 12:00:00+00:00,26446.875,28368.0,25108.5,3259.5,1441.2647440702906,83.7,87.23,81.69,5.540000000000006,2.4359802954868157,,5.540000000000006,0.02910370723401208,5196.436875,6392.05,3721.1675,2670.8825,1166.7523580459265,810.72125,933.89,724.625,209.265,93.70661025909541,2.4359802954868157,0,0,3
2024-07-08 16:00:00+00:00,28263.5,28618.5,27576.5,1042.0,466.6642261840948,96.60249999999999,99.5,93.52,5.980000000000004,3.1502843786976857,,5.980000000000004,0.03261079556634337,1153.15,2482.7775,140.995,2341.7825000000003,1022.7223057502789,1377.269375,1748.8200000000002,1060.785,688.0350000000001,297.1273052243699,3.1502843786976857,0,0,4
2024-07-08 20:00:00+00:00,21438.375,25235.5,18847.5,6388.0,2833.4558515177187,76.8325,88.38,66.3,22.08,9.43229691008505,,22.08,0.12276441492968539,0.0,0.0,0.0,0.0,0.0,2843.4856250000003,3615.56,2116.38,1499.1799999999998,650.5835999456403,9.43229691008505,0,0,5
2024-07-09 00:00:00+00:00,17976.375,18203.0,17627.0,576.0,266.8305876394232,46.3025,59.16,37.56,21.599999999999994,9.577850750559854,,21.599999999999994,0.20685385779514828,0.0,0.0,0.0,0.0,0.0,4932.0775,6017.235000000001,4029.965,1987.2700000000004,864.9005898415919,9.577850750559854,1,0,0
2024-07-09 04:00:00+00:00,24427.25,26346.5,21134.5,5212.0,2338.326948197507,62.645,78.15,42.57,35.580000000000005,16.415250023479185,,35.580000000000005,0.2620360766777745,605.98,1345.62,57.93,1287.6899999999998,568.639675189834,7883.4125,8675.4225,6827.9275,1847.4950000000008,810.9660230423754,16.415250023479185,1,0,1
2024-07-09 08:00:00+00:00,27196.625,27378.5,26946.5,432.0,182.39169160536557,76.4925,78.35,75.22,3.1299999999999955,1.3505400154506004,,3.1299999999999955,0.01765584881459761,2652.67375,3203.3425,1995.48,1207.8625000000002,518.7324258810287,8232.02125,8768.6725,7702.51,1066.1625000000004,466.67462158919307,1.3505400154506004,1,0,2
2024-07-09 12:00:00+00:00,27608.875,28824.5,26724.5,2100.0,990.5566932286102,70.1075,72.79,67.73,5.060000000000002,2.401754566978067,,5.060000000000002,0.03425816876907702,3071.210625,3353.235,2579.62,773.6150000000002,355.6006241580048,7136.9349999999995,7382.105,7019.75,362.35499999999956,165.41028560320308,2.401754566978067,1,0,3
2024-07-09 16:00:00+00:00,27836.375,28834.5,26333.5,2501.0,1105.5780068211677,86.75750000000001,90.51,82.28,8.230000000000004,3.6089645329373923,,8.230000000000004,0.04159830023845077,998.60875,1982.69,131.85,1850.8400000000001,807.3507678654408,6506.625,6918.08,6088.7,829.3800000000001,358.7869371925349,3.6089645329373923,1,0,4
2024-07-09 20:00:00+00:00,21514.125,24604.5,19286.0,5318.5,2334.4339918918245,70.62,81.3,60.34,20.959999999999994,8.831232454570914,,20.959999999999994,0.12505285265605937,0.0,0.0,0.0,0.0,0.0,5726.3875,5870.31,5651.5225,218.78750000000036,100.48337426742201,8.831232454570914,1,0,5
2024-07-10 00:00:00+00:00,18480.5,18785.0,18202.0,583.0,263.0668482851206,49.09,54.86,46.15,8.71,4.014100148227495,,8.71,0.0817702209865043,0.0,0.0,0.0,0.0,0.0,6179.985,6394.31,5851.514999999999,542.795000000001,238.22679326466795,4.014100148227495,2,0,0
2024-07-10 04:00:00+00:00,24707.75,26374.0,21707.0,4667.0,2177.9740394840956,69.34,78.35,53.05,25.299999999999997,11.608163793928247,,25.299999999999997,0.16740934228336093,1234.4962500000001,2826.67,74.3975,2752.2725,1220.4323455448414,6942.068749999999,7415.122499999999,6508.85,906.2724999999982,402.854103597588,11.608163793928247,2,0,1
2024-07-10 08:00:00+00:00,24735.5,25863.0,23671.0,2192.0,916.3721041876671,67.835,75.9,59.99,15.910000000000004,6.747910787792034,,15.910000000000004,0.09947535619948443,5550.59375,6734.51,4176.5425,2557.9675000000007,1098.1617260155342,7768.354375,7999.84,7567.865,431.97500000000036,180.86292031046383,6.747910787792034,2,0,2
2024-07-10 12:00:00+00:00,24371.125,26128.0,23140.0,2988.0,1340.5042816666669,47.22,51.59,43.46,8.130000000000003,4.236216865710883,,8.130000000000003,0.08971234361945962,6257.1425,6980.345,5022.5375,1957.8075,894.1075263985308,8498.5125,8704.3325,8271.27,433.0625,188.77990380113698,4.236216865710883,2,0,3
2024-07-10 16:00:00+00:00,27060.875,27871.5,26404.0,1467.5,612.4490965242196,80.2225,86.7,69.11,17.590000000000003,7.8355445460627315,,17.590000000000003,0.09767265475474744,1844.118125,3698.86,240.6075,3458.2525,1504.91009754234,8247.71,8579.4175,7981.59,597.8274999999994,256.3564401294293,7.8355445460627315,2,0,4
2024-07-10 20:00:00+00:00,21832.5,24826.5,19724.0,5102.5,2229.771400839108,70.67,80.59,60.92,19.67,8.295328002355703,,19.67,0.11738118016634644,0.0,0.0,0.0,0.0,0.0,6390.165625,7644.1825,5344.4325,2299.75,1016.6299094954517,8.295328002355703,2,0,5
2024-07-11 00:00:00+00:00,18894.75,19193.5,18537.0,656.5,273.455206569559,55.8125,57.46,54.11,3.3500000000000014,1.5567567782626381,,3.3500000000000014,0.027892618647482877,0.0,0.0,0.0,0.0,0.0,4564.943125,4902.34,4230.24,672.1000000000004,286.8196470444958,1.5567567782626381,3,0,0
2024-07-11 04:00:00+00:00,24482.25,25968.5,21461.0,4507.5,2123.980637859018,78.84,85.53,65.61,19.92,9.259096428197878,,19.92,0.11744160867830891,1459.6375,3233.3625,112.255,3121.1075,1379.4212359008277,3954.8999999999996,4092.2225,3773.02,319.2024999999999,137.56183844305573,9.259096428197878,3,0,1
2024-07-11 08:00:00+00:00,25108.5,25465.0,24712.5,752.5,308.51769263150317,79.1,82.7,76.59,6.109999999999999,2.6150462073674037,,6.109999999999999,0.03306000262158544,5277.3412499999995,6072.035,4362.325,1709.71,733.5957154929291,3665.94625,3699.1,3629.75,69.34999999999991,30.84515558263012,2.6150462073674037,3,0,2
2024-07-11 12:00:00+00:00,25341.875,27176.0,24272.0,2904.0,1360.4946634098446,69.535,73.83,66.33,7.5,3.742276490765126,,7.5,0.05381860200999677,5504.68,6224.685,4404.2675,1820.4175000000005,811.5679968097767,3961.465625,4152.92,3749.9375,402.9825000000001,178.01583347620843,3.742276490765126,3,0,3
2024-07-11 16:00:00+00:00,27413.75,28137.0,26380.5,1756.5,783.029852559914,90.61500000000001,95.4,84.03,11.370000000000005,4.761249835914932,,11.370000000000005,0.05254372715240232,1587.23625,3229.9,182.895,3047.005,1331.9057523002207,4303.880625,4379.0675,4208.5325,170.53499999999985,71.10166434336037,4.761249835914932,3,0,4
2024-07-11 20:00:00+00:00,21827.875,24768.5,19666.5,5102.0,2191.981119710356,78.24,87.02,71.05,15.969999999999999,6.7487529712285905,,15.969999999999999,0.08625706762817723,0.0,0.0,0.0,0.0,0.0,3634.3525,4149.547500000001,3289.885,859.6625000000004,391.1418678423045,6.7487529712285905,3,0,5
2024-07-12 00:00:00+00:00,18679.25,19014.0,18332.5,681.5,294.71356150223806,63.7825,67.85,60.78,7.069999999999993,3.1559718524304534,,7.069999999999993,0.049480215614478185,0.0,0.0,0.0,0.0,0.0,3437.16375,3754.23,3254.1725,500.0574999999999,224.8654731398678,3.1559718524304534,4,0,0
2024-07-12 04:00:00+00:00,24733.0,26576.5,21439.5,5137.0,2330.4037561475625,78.42,84.26,65.66,18.60000000000001,8.78870866509979,,18.60000000000001,0.11207228596148666,1146.8425000000002,2593.565,85.4625,2508.1025,1109.5480881065198,4407.610000000001,4627.0325,4084.805,542.2275000000004,245.24825345113754,8.78870866509979,4,0,1
2024-07-12 08:00:00+00:00,26148.25,26463.5,25810.0,653.5,267.794230707086,77.2825,81.67,74.48,7.189999999999998,3.198597348839023,,7.189999999999998,0.04138837833712702,4661.990624999999,5373.5425,3694.185,1679.3574999999996,740.688772920671,4568.59625,4683.335,4496.78,186.5550000000003,84.12690179871151,3.198597348839023,4,0,2
2024-07-12 12:00:00+00:00,25798.375,27171.0,24921.5,2249.5,1017.7084041282819,66.44,69.44,62.62,6.82,3.479885055572961,,6.82,0.052376355442097504,4500.196875,5242.9975,3542.825,1700.1725000000006,741.3806733958579,5144.463125,5382.9775,4878.245,504.7325000000001,219.4060361082371,3.479885055572961,4,0,3
2024-07-12 16:00:00+00:00,27107.0,27795.0,26131.5,1663.5,764.6204941014861,87.6575,93.69,80.29,13.399999999999991,5.544470969653755,,13.399999999999991,0.0632515297567665,1337.704375,2688.1925,158.82,2529.3725,1106.5195587222559,5575.811874999999,5668.19,5464.3025,203.88749999999982,85.72584959662098,5.544470969653755,4,0,4
2024-07-12 20:00:00+00:00,21950.25,24917.5,19767.5,5150.0,2252.8807299396326,75.42750000000001,85.58,67.18,18.39999999999999,8.133680491224942,,18.39999999999999,0.1078344170392091,0.0,0.0,0.0,0.0,0.0,5179.404375,5315.52,5083.5525,231.96750000000065,99.61407063376757,8.133680491224942,4,0,5
2024-07-13 00:00:00+00:00,18195.625,19028.5,17600.0,1428.5,625.9941925981959,55.269999999999996,61.71,51.33,10.380000000000003,4.909989816690051,,10.380000000000003,0.08883643598136517,0.0,0.0,0.0,0.0,0.0,5166.779375,5327.7025,5028.93,298.77250000000004,132.87748546397614,4.909989816690051,5,1,0
2024-07-13 04:00:00+00:00,20550.25,22334.0,18426.0,3908.0,1720.481933451593,62.93,68.57,54.06,14.509999999999991,6.3734605984504205,,14.509999999999991,0.10127857299301475,1145.5825,2621.82,55.8525,2565.9675,1135.7851763812998,5143.77625,5301.51,4880.585,420.9250000000002,188.10475996879185,6.3734605984504205,5,1,1
2024-07-13 08:00:00+00:00,22175.625,22483.0,21894.0,589.0,241.21821897747827,66.8325,70.44,63.69,6.75,2.848524471839186,,6.75,0.042621845237559235,4821.695625,5639.445,3775.695,1863.7499999999995,808.2971100106457,4461.715625,4669.7925,4327.1025,342.6899999999996,155.1777444493757,2.848524471839186,5,1,2
2024-07-13 12:00:00+00:00,22206.625,23733.5,21228.5,2505.0,1125.3835179617654,52.7275,56.91,48.12,8.79,4.831068722342914,,8.79,0.09162332221976983,5280.46875,5837.225,4371.8675,1465.3575,665.8144308054233,4288.62375,4308.2775,4264.235,44.04250000000047,18.373197473947798,4.831068722342914,5,1,3
2024-07-13 16:00:00+00:00,24490.375,24733.5,24206.5,527.0,266.40519733418614,83.11,88.63,73.26,15.36999999999999,6.87730082711718,,15.36999999999999,0.08274937825914062,1688.010625,3332.015,215.0325,3116.9825,1359.2910208211104,4154.171875,4221.0650000000005,4127.4025,93.66250000000036,45.00842038695874,6.87730082711718,5,1,4
2024-07-13 20:00:00+00:00,20580.875,23032.5,18720.0,4312.5,1871.1178198695386,73.92999999999999,84.45,63.26,21.190000000000005,8.976989101772004,,21.190000000000005,0.12142552552106055,0.0,0.0,0.0,0.0,0.0,4872.998125,5381.675,4145.425,1236.25,576.6059552508364,8.976989101772004,5,1,5
2024-07-14 00:00:00+00:00,17107.75,17870.0,16496.5,1373.5,597.9250928558415,45.0925,55.21,39.25,15.96,7.592594528003368,,15.96,0.1683782120752535,0.0,0.0,0.0,0.0,0.0,5623.9643750000005,5695.7975,5498.31,197.48749999999927,88.43508830339422,7.592594528003368,6,1,0
2024-07-14 04:00:00+00:00,18328.5,20254.5,16684.0,3570.5,1610.329521143628,42.815,49.65,37.95,11.699999999999996,4.914641390783257,,11.699999999999996,0.1147878404947625,1560.470625,3450.1825,117.05,3333.1324999999997,1472.5732717881633,5249.88125,5616.7275,4858.5375,758.1899999999996,334.1062170209996,4.914641390783257,6,1,1
2024-07-14 08:00:00+00:00,21304.375,21702.5,20778.5,924.0,469.7514191924628,65.6025,69.26,59.08,10.180000000000007,4.754845773874621,,10.180000000000007,0.07247964290803892,5491.5,6075.5425,4661.1175,1414.4249999999993,621.3777731581646,4714.36,4811.8775000000005,4521.9,289.9775000000009,133.73722844007713,4.754845773874621,6,1,2
2024-07-14 12:00:00+00:00,22488.625,24308.5,21512.0,2796.5,1289.9531241483157,64.4625,71.62,60.19,11.430000000000007,5.109712157581221,,11.430000000000007,0.07926642866133368,5150.846875,5934.8375,4198.8775000000005,1735.9599999999991,747.7352217484662,4025.09625,4319.42,3741.2875,578.1325000000002,249.40893879747617,5.109712157581221,6,1,3
2024-07-14 16:00:00+00:00,25365.25,25599.5,24783.0,816.5,389.2069929142244,91.265,96.3,83.21,13.090000000000003,5.813286505927607,,13.090000000000003,0.06369677867668448,1638.3925,3202.3975,209.105,2993.2925,1304.6787765784215,3110.783125,3529.24,2649.6375,879.6025,379.8607667695222,5.813286505927607,6,1,4
2024-07-14 20:00:00+00:00,21059.125,23722.0,19227.5,4494.5,1971.1125612624633,79.47,90.98,70.06,20.92,9.519156125063462,,20.92,0.11978301403125038,0.0,0.0,0.0,0.0,0.0,1927.18875,2395.5275,1512.065,883.4625000000001,389.72436683133316,9.519156125063462,6,1,5
2024-07-15 00:00:00+00:00,18393.125,18645.5,18032.5,613.0,290.91103307827063,65.69,67.81,64.37,3.4399999999999977,1.5105848756910931,,3.4399999999999977,0.022995659547740764,0.0,0.0,0.0,0.0,0.0,1055.3175,1332.14,807.365,524.7750000000001,228.40996403579527,1.5105848756910931,0,0,0
2024-07-15 04:00:00+00:00,24684.75,26458.5,21634.0,4824.5,2169.3459267714775,80.6275,86.25,70.91,15.340000000000003,6.949083272873718,,15.340000000000003,0.08618750764780901,1508.139375,3285.915,122.0275,3163.8875,1395.1536589810562,681.65375,698.905,656.365,42.539999999999964,19.480172130913008,6.949083272873718,0,0,1
2024-07-15 08:00:00+00:00,27112.25,27835.5,26212.5,1623.0,775.300963067462,80.72749999999999,83.11,79.57,3.5400000000000063,1.6153095678537974,,3.5400000000000063,0.020009409034762525,4756.31125,4990.795,4400.37,590.4250000000002,272.23996475612597,906.28,1102.595,742.4124999999999,360.1825000000001,154.29384864331655,1.6153095678537974,0,0,2
2024-07-15 12:00:00+00:00,28458.125,29750.5,27606.0,2144.5,949.5895056110653,79.94749999999999,82.26,78.96,3.3000000000000114,1.556606886789347,,3.3000000000000114,0.019470363510920848,3240.1081249999997,4095.375,2356.705,1738.67,740.0522068897543,1639.619375,2075.98,1288.635,787.345,344.1251119286354,1.556606886789347,0,0,3
2024-07-15 16:00:00+00:00,28794.0,30249.0,27424.0,2825.0,1193.8446995596487,93.5275,97.14,89.74,7.400000000000006,3.403188455943441,,7.400000000000006,0.036387035427477885,800.3824999999999,1639.9325,94.3925,1545.54,672.4550261076943,2275.644375,2340.2225,2243.6825,96.53999999999996,44.930699015956755,3.403188455943441,0,0,4
2024-07-15 20:00:00+00:00,22259.875,25005.0,20287.5,4717.5,2079.482763213006,76.0975,85.92,67.9,18.019999999999996,7.6146191631623905,,18.019999999999996,0.10006398584923809,0.0,0.0,0.0,0.0,0.0,2992.96375,3651.3575,2511.53,1139.8274999999999,498.2340305205478,7.6146191631623905,0,0,5
2024-07-16 00:00:00+00:00,19404.125,19768.0,18921.0,847.0,370.4529603516933,58.295,63.57,54.91,8.660000000000004,3.89233006479838,,8.660000000000004,0.06676953537693418,0.0,0.0,0.0,0.0,0.0,4371.578125,4584.8725,4096.65,488.22250000000076,210.77274404137097,3.89233006479838,1,0,0
2024-07-16 04:00:00+00:00,26008.75,27633.0,22875.5,4757.5,2227.4353900094766,74.3625,81.96,61.18,20.779999999999994,9.380378012994287,,20.779999999999994,0.12614393024702353,670.3562499999999,1562.235,37.2525,1524.9824999999998,677.2400741197688,4890.925625,5074.72,4691.6275000000005,383.09249999999975,163.40548323591372,9.380378012994287,1,0,1
2024-07-16 08:00:00+00:00,26251.125,26886.0,25322.0,1564.0,663.8358701516509,74.61500000000001,79.4,71.26,8.14,3.546289140308033,,8.14,0.047527831405321075,3626.700625,4739.59,2430.905,2308.685,988.8714316169868,5502.66375,5897.0875,5168.8,728.2874999999995,317.92531135800317,3.546289140308033,1,0,2
2024-07-16 12:00:00+00:00,25455.0,26919.0,24580.0,2339.0,1076.9280384501092,61.735,66.27,57.24,9.029999999999994,3.8937770865831505,,9.029999999999994,0.06307244005156155,5182.125625000001,5421.9575,4756.695,665.2625000000007,292.3808061798793,6040.255625,6267.405,5623.88,643.5249999999996,285.14686951328963,3.8937770865831505,1,0,3
2024-07-16 16:00:00+00:00,27488.0,27865.0,27009.0,856.0,359.3651810252819,85.725,91.88,76.34,15.539999999999992,6.799654402982546,,15.539999999999992,0.07931938644482414,1870.235,3731.53,227.9825,3503.5475,1527.2925127833787,4371.794375,5124.18,3566.8725,1557.3075000000003,676.6328897944308,6.799654402982546,1,0,4
2024-07-16 20:00:00+00:00,22108.75,25214.0,20031.0,5183.0,2276.082361573646,75.0475,84.47,67.82,16.650000000000006,7.035279549053705,,16.650000000000006,0.09374435589531575,0.0,0.0,0.0,0.0,0.0,2663.166875,3193.74,2357.4725,836.2674999999999,384.60199903804767,7.035279549053705,1,0,5
2024-07-17 00:00:00+00:00,19223.125,19502.5,18968.5,534.0,218.5144446026395,62.2125,65.1,60.62,4.479999999999997,1.9789454262308468,,4.479999999999997,0.031809450291032305,0.0,0.0,0.0,0.0,0.0,2372.7400000000002,2491.2925,2148.0925,343.1999999999998,156.53806686926535,1.9789454262308468,2,0,0
2024-07-17 04:00:00+00:00,24196.875,25454.0,21704.5,3749.5,1733.6837646564422,77.3675,81.52,68.43,13.08999999999999,6.113048203092571,,13.08999999999999,0.07901312829149926,1887.055625,4251.8575,138.4975,4113.36,1815.9725672113173,1521.918125,1898.1,1226.05,672.05,298.7929480800974,6.113048203092571,2,0,1
2024-07-17 08:00:00+00:00,23995.5,24766.5,23381.0,1385.5,573.5635681131309,72.0525,76.52,69.45,7.069999999999993,3.172826027376857,,7.069999999999993,0.04403491936264326,7653.689375,8690.7975,6174.97,2515.8275000000003,1099.3097737697635,1260.48,1361.18,1201.2975,159.88250000000016,73.20512809336968,3.172826027376857,2,0,2
2024-07-17 12:00:00+00:00,24654.375,26752.0,23105.0,3647.0,1633.5810037562667,64.065,67.58,61.63,5.949999999999996,2.884308120387509,,5.949999999999996,0.04502158932939215,7607.54125,8746.355,5936.4425,2809.9124999999995,1246.10972380796,1523.840625,1638.665,1423.085,215.57999999999993,92.57468661336367,2.884308120387509,2,0,3
2024-07-17 16:00:00+00:00,27018.75,27450.0,26344.0,1106.0,510.19301902972677,87.6225,94.09,78.95,15.14,6.3509336583949025,,15.14,0.07248062607657745,2024.14,4240.38,201.6425,4038.7375,1769.2785849052057,2100.970625,2485.65,1785.7975,699.8525000000002,302.27212005061904,6.3509336583949025,2,0,4
2024-07-17 20:00:00+00:00,22022.5,24583.5,20084.5,4499.0,1938.531574843873,75.72749999999999,84.17,69.32,14.850000000000009,6.184353240234594,,14.850000000000009,0.08166588412709501,0.0,0.0,0.0,0.0,0.0,3289.064375,3674.14,2922.5475,751.5924999999997,314.4887552201124,6.184353240234594,2,0,5
2024-07-18 00:00:00+00:00,19221.625,19501.5,18889.5,612.0,307.6595453310906,63.3525,66.21,61.61,4.599999999999994,2.013924444130575,,4.599999999999994,0.03178918660085359,0.0,0.0,0.0,0.0,0.0,3495.2981250000003,3740.29,3261.3175,478.97249999999985,203.18590564200665,2.013924444130575,3,0,0
2024-07-18 04:00:00+00:00,23927.0,24944.0,22058.0,2886.0,1305.057342290624,78.01,83.77,68.04,15.72999999999999,7.119611412617024,,15.72999999999999,0.09126536870423056,1244.150625,2933.355,58.0975,2875.2575,1276.7183850376828,3365.303125,3638.005,3132.7075,505.2975000000001,232.9475373642367,7.119611412617024,3,0,1
2024-07-18 08:00:00+00:00,21987.125,22826.0,21389.5,1436.5,611.1388787883374,72.47,78.95,67.9,11.049999999999997,4.869750164707282,,11.049999999999997,0.06719677335045245,6806.753125,8466.92,4669.700000000001,3797.2199999999993,1665.2859993698964,3507.380625,3551.005,3449.645,101.36000000000013,51.45786570806422,4.869750164707282,3,0,2
2024-07-18 12:00:00+00:00,23188.0,25977.5,21265.5,4712.0,2099.8129281755864,62.365,67.68,58.81,8.870000000000005,3.9441982708783816,,8.870000000000005,0.06324377889647048,7292.514375,8577.3475,5539.9925,3037.3549999999996,1344.2693046121362,3409.706875,3586.2425000000003,3176.585,409.65750000000025,183.5562506469409,3.9441982708783816,3,0,3
2024-07-18 16:00:00+00:00,27410.875,27723.0,26988.0,735.0,309.21577552468614,88.5725,94.89,78.84,16.049999999999997,6.967727391337868,,16.049999999999997,0.07866693828601277,1894.956875,3953.1725,188.0725,3765.1000000000004,1647.7414360122045,2688.38375,2972.935,2511.325,461.6100000000001,203.97277368867157,6.967727391337868,3,0,4
2024-07-18 20:00:00+00:00,22571.5,25452.5,20576.0,4876.5,2126.710252949377,77.105,87.27,69.04,18.22999999999999,7.730263039940274,,18.22999999999999,0.10025631333817875,0.0,0.0,0.0,0.0,0.0,3306.050625,3601.7,2805.655,796.0449999999996,371.14850118907344,7.730263039940274,3,0,5
2024-07-19 00:00:00+00:00,19537.875,19865.0,19184.5,680.5,278.46076174810185,63.6675,65.34,62.41,2.930000000000007,1.2740584758950442,,2.930000000000007,0.02001112774798831,0.0,0.0,0.0,0.0,0.0,3520.575625,3620.695,3321.715,298.98,137.63294001278342,1.2740584758950442,4,0,0
2024-07-19 04:00:00+00:00,24010.0,25178.5,22107.0,3071.5,1327.8356449500823,78.8075,83.07,70.08,12.989999999999995,5.96951910402616,,12.989999999999995,0.07574810905086653,1575.805625,3727.0525,56.0275,3671.0249999999996,1632.7643657120466,3182.220625,3404.6875,3049.465,355.22249999999985,163.47953738382418,5.96951910402616,4,0,1
2024-07-19 08:00:00+00:00,21971.0,22962.5,21172.5,1790.0,759.0215192382013,65.9975,76.76,54.38,22.380000000000003,9.66297530094467,,22.380000000000003,0.14641426267577817,7963.725,9782.77,5697.5225,4085.2475000000004,1782.478402212539,4204.535,4612.9025,3730.31,882.5925000000002,377.5252029500814,9.66297530094467,4,0,2
2024-07-19 12:00:00+00:00,22623.375,25124.5,21118.5,4006.0,1829.1016180537003,42.7375,52.59,34.33,18.260000000000005,7.592107195414638,,18.260000000000005,0.17764509377981016,8470.910625,9934.3775,6415.5325,3518.8450000000003,1557.9731218896973,5199.735625,5653.555,4820.094999999999,833.460000000001,361.8493060560288,7.592107195414638,4,0,3
2024-07-19 16:00:00+00:00,26370.375,26700.0,26060.5,639.5,287.5692307949515,81.2825,88.14,70.83,17.310000000000002,7.521876428126162,,17.310000000000002,0.09253992468398689,2094.425625,4473.2225,183.46,4289.7625,1880.6586037591271,6028.42,6258.8150000000005,5851.195,407.6200000000008,184.49632656686387,7.521876428126162,4,0,4
2024-07-19 20:00:00+00:00,22235.0,25169.0,19752.5,5416.5,2321.4021983849907,75.4225,81.62,71.29,10.329999999999998,4.383106774880127,,10.329999999999998,0.05811404786211169,0.0,0.0,0.0,0.0,0.0,6050.788125,6254.51,5661.485000000001,593.0249999999996,270.37072860992606,4.383106774880127,4,0,5
2024-07-20 00:00:00+00:00,18519.75,18785.0,18375.0,410.0,183.3777976382819,66.1375,68.42,64.5,3.9200000000000017,1.6776645473196776,,3.9200000000000017,0.02536631332178682,0.0,0.0,0.0,0.0,0.0,3896.51875,4978.4025,2924.605,2053.7975,889.8428369486096,1.6776645473196776,5,1,0
2024-07-20 04:00:00+00:00,21828.5,23651.0,19617.5,4033.5,1756.5510240240674,76.43,82.76,69.01,13.75,5.802315629700488,,13.75,0.07591672942169952,1022.898125,2403.405,40.685,2362.7200000000003,1052.5995799000345,2364.35875,2589.5925,2165.895,423.6975000000002,179.56035118797809,5.802315629700488,5,1,1
2024-07-20 08:00:00+00:00,22996.125,23255.5,22721.5,534.0,219.9671850526805,79.9325,83.21,77.54,5.6699999999999875,2.45455189393094,,5.6699999999999875,0.030707808387463714,4451.273125,5145.9475,3489.9175,1656.0300000000002,723.7052686820991,2004.44125,2043.3925,1955.315,88.07749999999987,36.81095808881736,2.45455189393094,5,1,2
2024-07-20 12:00:00+00:00,23804.125,25450.5,22608.0,2842.5,1279.1255069382369,72.7975,75.8,70.63,5.170000000000002,2.5202165912212107,,5.170000000000002,0.0346195486276481,4387.0125,5169.7475,3303.5575,1866.1900000000005,820.9622109959345,2114.0543749999997,2149.2275,2068.46,80.76749999999993,34.24611427927506,2.5202165912212107,5,1,3
2024-07-20 16:00:00+00:00,25801.625,26159.0,25357.0,802.0,348.1703067465686,93.1275,98.14,85.57,12.570000000000007,5.339122118850634,,12.570000000000007,0.05733131587179545,1064.95875,2303.92,70.7625,2233.1575000000003,983.3457963175601,2255.806875,2308.075,2222.44,85.63499999999976,36.733422642907854,5.339122118850634,5,1,4
2024-07-20 20:00:00+00:00,21260.5,24037.0,19112.0,4925.0,2148.0618395815954,77.805,89.84,65.0,24.840000000000003,10.579078409767083,,24.840000000000003,0.13596913321466592,0.0,0.0,0.0,0.0,0.0,3316.3125,4112.5725,2376.635,1735.9375,777.8917413459067,10.579078409767083,5,1,5
2024-07-21 00:00:00+00:00,17523.875,18196.5,16981.5,1215.0,507.43429377605185,47.9725,58.09,40.96,17.130000000000003,8.003025990211457,,17.130000000000003,0.16682528511566946,0.0,0.0,0.0,0.0,0.0,4291.136875,4492.725,4006.815,485.9100000000003,205.2485145234005,8.003025990211457,6,1,0
2024-07-21 04:00:00+00:00,17973.75,19174.0,17401.5,1772.5,830.3708508853133,48.152499999999996,57.42,40.48,16.940000000000005,7.075824451374323,,16.940000000000005,0.14694614924197746,1243.993125,2939.3625,38.6875,2900.675,1283.7280340548107,3575.0950000000003,3773.32,3441.295,332.0250000000001,154.71716264418333,7.075824451374323,6,1,1
2024-07-21 08:00:00+00:00,20002.875,20298.0,19763.0,535.0,221.34828325514562,62.589999999999996,66.02,59.76,6.259999999999998,2.8910090510638904,,6.259999999999998,0.04618963174730612,5818.816875,6725.825,4518.81,2207.0149999999994,975.3497122856645,3308.191875,3504.575,3153.325,351.25,152.90981107304998,2.8910090510638904,6,1,2
2024-07-21 12:00:00+00:00,21403.875,24475.0,19628.0,4847.0,2230.4823983090887,61.185,64.26,57.91,6.3500000000000085,3.1261104693639155,,6.3500000000000085,0.05109275916260385,5948.340625,6664.095,4962.0925,1702.0025000000005,743.8733438433779,3319.213125,3428.7225,3124.5150000000003,304.2074999999995,140.7352516455244,3.1261104693639155,6,1,3
2024-07-21 16:00:00+00:00,25043.875,25374.0,24549.5,824.5,362.51721223504273,86.8675,92.98,76.34,16.64,7.495844960154028,,16.64,0.08629055699949963,1773.824375,3687.3575,193.805,3493.5525000000002,1529.348111460096,2312.904375,2853.91,1773.8925,1080.0175,471.9943736616245,7.495844960154028,6,1,4
2024-07-21 20:00:00+00:00,20450.0,23409.0,18308.0,5101.0,2279.8036465157843,79.275,88.21,71.9,16.309999999999988,6.882414789398643,,16.309999999999988,0.08681696360010911,0.0,0.0,0.0,0.0,0.0,1582.866875,1707.735,1476.19,231.54499999999985,95.76066497121435,6.882414789398643,6,1,5
2024-07-22 00:00:00+00:00,18041.75,18564.0,17726.0,838.0,365.7543574586633,61.785000000000004,67.18,58.78,8.400000000000006,3.909786865461259,,8.400000000000006,0.0632805189845635,0.0,0.0,0.0,0.0,0.0,2226.530625,2666.56,1744.15,922.4099999999999,402.93399273524005,3.909786865461259,0,0,0
2024-07-22 04:00:00+00:00,24585.875,26750.0,21256.5,5493.5,2544.049474590985,77.09,83.68,66.17,17.510000000000005,7.870412949775885,,17.510000000000005,0.10209382474738471,1015.2481250000001,2345.96,45.6,2300.36,1020.1146365633273,3421.235,4121.18,2845.815,1275.3650000000002,563.7536799695117,7.870412949775885,0,0,1
2024-07-22 08:00:00+00:00,25743.25,26210.5,25049.0,1161.5,561.011066438682,76.6975,81.61,72.48,9.129999999999995,3.92646045015948,,9.129999999999995,0.05119411258723542,4938.803125,6229.78,3505.4675,2724.3124999999995,1171.2251623805003,5406.195,6151.475,4551.745,1599.7300000000005,702.1591998495314,3.92646045015948,0,0,2
2024-07-22 12:00:00+00:00,25428.25,26820.0,24603.5,2216.5,1005.0423291251637,61.5325,65.94,57.5,8.439999999999998,3.7104301188227047,,8.439999999999998,0.06030033102543701,6187.891875,6719.7825,5108.5925,1611.1900000000005,759.5241941844665,6119.634375,6308.555,5804.695,503.8600000000006,230.67226271248163,3.7104301188227047,0,0,3
2024-07-22 16:00:00+00:00,27577.125,28150.0,26615.5,1534.5,665.7036847076436,85.39,91.02,75.78,15.239999999999995,6.719474185777734,,15.239999999999995,0.07869158198592027,1750.55375,3697.545,170.4125,3527.1325,1548.251254015451,4912.03625,5491.84,4280.34,1211.5,530.4860664738674,6.719474185777734,0,0,4
2024-07-22 20:00:00+00:00,22157.625,24883.5,20262.5,4621.0,2029.3415342174412,77.8275,85.18,72.88,12.300000000000011,5.21508948469088,,12.300000000000011,0.0670083130601764,0.0,0.0,0.0,0.0,0.0,3542.0575,4019.26,2957.565,1061.6950000000002,465.4745197913629,5.21508948469088,0,0,5
2024-07-23 00:00:00+00:00,19389.25,19604.5,19095.0,509.5,251.87381099802073,67.3775,70.33,65.38,4.950000000000003,2.2092589255223127,,4.950000000000003,0.032789268309484795,0.0,0.0,0.0,0.0,0.0,2483.15875,2683.61,2304.9975,378.6125000000002,162.15071338752543,2.2092589255223127,1,0,0
2024-07-23 04:00:00+00:00,25118.25,26665.0,22501.5,4163.5,1842.638167591963,81.3125,86.84,71.53,15.310000000000002,6.879943677095041,,15.310000000000002,0.08461114437626488,1213.14375,2852.83,28.59,2824.24,1253.6784478311215,2414.808125,2529.2725,2352.53,176.74249999999984,78.39319601042664,6.879943677095041,1,0,1
2024-07-23 08:00:00+00:00,24864.75,25263.5,24428.5,835.0,353.2889516151524,78.61,83.89,74.37,9.519999999999996,4.104631530356901,,9.519999999999996,0.05221513204880924,5924.00625,7324.8,4278.985,3045.8150000000005,1321.5243258804394,3095.00625,3529.09,2713.69,815.4000000000001,351.9234019730005,4.104631530356901,1,0,2
2024-07-23 12:00:00+00:00,24815.75,26675.5,23899.5,2776.0,1291.5007097688078,66.2075,69.6,62.34,7.259999999999991,3.478671920910811,,7.259999999999991,0.052541961574003156,6855.9275,7540.139999999999,5654.995,1885.1449999999995,857.6108928028881,4079.9512499999996,4250.2175,3902.64,347.5774999999999,180.55007364648165,3.478671920910811,1,0,3
2024-07-23 16:00:00+00:00,27899.0,28287.0,27368.5,918.5,428.35830018027303,90.5,96.73,80.47,16.260000000000005,7.256321382077834,,16.260000000000005,0.08018034676329103,1895.214375,4098.6425,151.98749999999998,3946.6549999999997,1736.934145342226,2934.251875,3515.9775,2218.865,1297.1125000000002,561.8754803311815,7.256321382077834,1,0,4
2024-07-23 20:00:00+00:00,22724.375,25404.5,20675.5,4729.0,2074.7978365373333,81.47749999999999,90.55,74.77,15.780000000000001,6.905347565474159,,15.780000000000001,0.08475158866526547,0.0,0.0,0.0,0.0,0.0,1116.0974999999999,1752.09,688.915,1063.175,481.30644306668063,6.905347565474159,1,0,5
2024-07-24 00:00:00+00:00,19575.75,20049.0,19226.5,822.5,344.27810947933745,68.9275,72.22,67.32,4.900000000000006,2.273431693864291,,4.900000000000006,0.03298294140748312,0.0,0.0,0.0,0.0,0.0,655.3525,662.5575,652.69,9.86749999999995,4.807850784567475,2.273431693864291,2,0,0
2024-07-24 04:00:00+00:00,24182.25,25804.0,21607.5,4196.5,1907.488772356646,81.93,85.79,73.67,12.120000000000005,5.670161667301328,,12.120000000000005,0.06920739249726993,1512.6675,3538.745,45.5675,3493.1775,1553.4989815882832,702.63625,771.0875,647.26,123.82749999999999,53.9594638169864,5.670161667301328,2,0,1
2024-07-24 08:00:00+00:00,24680.5,25106.0,24435.5,670.5,302.12387084329106,75.9025,81.27,72.8,8.469999999999999,3.7842161231444833,,8.469999999999999,0.04985627776614054,6653.394375,7756.8775,5143.055,2613.8224999999993,1143.0256819391223,1322.03625,1904.7425,885.215,1019.5275,444.9302133972809,3.7842161231444833,2,0,2
2024-07-24 12:00:00+00:00,25288.125,26963.0,24411.5,2551.5,1201.563382639468,66.1225,68.51,63.74,4.770000000000003,2.326920353886941,,4.770000000000003,0.03519105227247827,6462.540625,7820.2125,4642.8475,3177.365,1399.1634326764915,3336.4137499999997,4300.95,2475.195,1825.7549999999997,784.5171344248957,2.326920353886941,2,0,3
2024-07-24 16:00:00+00:00,26988.25,28042.0,25625.5,2416.5,1034.342504524815,85.0225,90.44,77.44,13.0,5.452622457741475,,13.0,0.06413152351132316,1408.88875,3134.77,89.11999999999999,3045.65,1344.5991615975186,6155.564375,7036.325,5177.639999999999,1858.6850000000004,789.0586966558504,5.452622457741475,2,0,4
2024-07-24 20:00:00+00:00,20996.875,23678.0,19097.5,4580.5,2022.9242601985868,64.60249999999999,80.46,48.98,31.479999999999997,13.732706397502282,,31.479999999999997,0.2125723679037541,0.0,0.0,0.0,0.0,0.0,7524.79,7710.9775,7269.64,441.33749999999964,194.3831122530104,13.732706397502282,2,0,5
2024-07-25 00:00:00+00:00,18668.5,18955.0,18318.5,636.5,282.69624452168915,41.24,44.28,38.56,5.719999999999999,2.4230696784588486,,5.719999999999999,0.058755326829748974,0.0,0.0,0.0,0.0,0.0,6701.686250000001,7090.9400000000005,6135.6175,955.3225000000002,430.5701561519913,2.4230696784588486,3,0,0
2024-07-25 04:00:00+00:00,25166.75,27242.5,21866.0,5376.5,2492.1514299897594,69.69,80.83,50.87,29.96,13.361748887527167,,29.96,0.19173122237806234,589.433125,1457.185,18.25,1438.935,645.8804802792303,5655.665,5752.605,5602.22,150.3849999999993,67.55697459675523,13.361748887527167,3,0,1
2024-07-25 08:00:00+00:00,26962.375,27145.0,26646.0,499.0,235.8818118606574,76.215,80.37,73.47,6.900000000000006,3.110139332355816,,6.900000000000006,0.04080744384118372,3294.1575000000003,4042.4775,2316.7575,1725.7199999999998,754.2021726549849,5821.928125,5890.8625,5749.295,141.5675000000001,63.32762244125788,3.110139332355816,3,0,2
2024-07-25 12:00:00+00:00,26788.5,27852.5,26267.0,1585.5,744.6056003012606,68.97999999999999,70.61,67.41,3.200000000000003,1.7688791177842917,,3.200000000000003,0.025643362101830866,3642.8587500000003,4121.335,2942.905,1178.4299999999998,522.6235331060494,6058.48125,6198.4625,5894.8175,303.6449999999995,143.757770029136,1.7688791177842917,3,0,3
2024-07-25 16:00:00+00:00,27714.125,28573.5,26376.5,2197.0,982.5062658833276,83.8475,87.56,79.16,8.400000000000006,3.5005273412254145,,8.400000000000006,0.04174873837890714,1039.72125,2165.3775,89.26,2076.1175,910.5172013854268,6277.359375,6565.9875,6025.035,540.9525000000003,241.9203917990979,3.5005273412254145,3,0,4
2024-07-25 20:00:00+00:00,21684.75,24557.5,19600.5,4957.0,2166.9721387226,70.3225,79.18,62.91,16.27000000000001,6.713500701323172,,16.27000000000001,0.09546732128867962,0.0,0.0,0.0,0.0,0.0,5828.407499999999,6460.8775000000005,5244.215,1216.6625000000004,531.9494556072351,6.713500701323172,3,0,5
2024-07-26 00:00:00+00:00,18559.75,18862.0,18201.5,660.5,311.0585421856578,57.41,60.23,55.43,4.799999999999997,2.018712460951284,,4.799999999999997,0.035163080664540755,0.0,0.0,0.0,0.0,0.0,4759.34625,4993.3425,4547.125,446.21749999999975,190.15568565103828,2.018712460951284,4,0,0
2024-07-26 04:00:00+00:00,22765.0,23885.0,20992.0,2893.0,1253.1344700390293,75.44,80.9,64.32,16.580000000000013,7.74733932822532,,16.580000000000013,0.10269537815781174,1612.633125,3875.0475,25.24,3849.8075000000003,1717.8488013687536,4016.481875,4384.615,3695.755,688.8599999999997,305.9999111068434,7.74733932822532,4,0,1
2024-07-26 08:00:00+00:00,22414.75,22592.5,22048.5,544.0,248.65287048413467,72.725,78.33,68.43,9.899999999999991,4.37210475629301,,9.899999999999991,0.06011831909650068,7404.718124999999,8504.932499999999,5674.6475,2830.284999999999,1288.869519518259,3444.786875,3590.16,3343.1850000000004,246.97499999999945,110.1371279998824,4.37210475629301,4,0,2
2024-07-26 12:00:00+00:00,22870.125,24611.0,21829.0,2782.0,1281.40446223405,61.8225,66.05,58.44,7.609999999999999,3.4576135797203627,,7.609999999999999,0.05592807763711209,7080.000625000001,8179.7225,5618.342500000001,2561.379999999999,1118.892745309276,3203.663125,3295.5625,3140.82,154.74249999999984,69.7532415428068,3.4576135797203627,4,0,3
2024-07-26 16:00:00+00:00,25636.75,25829.0,25385.0,444.0,202.08104809704494,87.785,93.98,77.58,16.400000000000006,7.145145204962594,,16.400000000000006,0.08139369146166885,1947.5749999999998,4099.83,195.635,3904.1949999999997,1711.3539047831885,2858.043125,3182.9425,2476.5525,706.3900000000003,308.14811428093446,7.145145204962594,4,0,4
2024-07-26 20:00:00+00:00,21248.5,23425.0,19572.5,3852.5,1673.4808533911191,80.49249999999999,88.21,75.03,13.179999999999993,5.672497245481914,,13.179999999999993,0.0704723700404624,0.0,0.0,0.0,0.0,0.0,2011.82625,2302.48,1714.605,587.875,257.7300866418522,5.672497245481914,4,0,5
2024-07-27 00:00:00+00:00,18130.0,18824.5,17672.0,1152.5,524.1680710103078,67.8875,71.58,65.95,5.6299999999999955,2.643777285123187,,5.6299999999999955,0.03894350631741022,0.0,0.0,0.0,0.0,0.0,1177.9125,1484.765,933.6375,551.1275,239.0766224020379,2.643777285123187,5,1,0
2024-07-27 04:00:00+00:00,19587.25,20571.5,18192.5,2379.0,1095.951755325023,74.63,78.12,69.43,8.689999999999998,3.6945274844468714,,8.689999999999998,0.04950458909884591,1591.943125,3764.01,30.6125,3733.3975,1664.9888021412426,798.650625,839.7975,779.79,60.00750000000005,28.29412640571359,3.6945274844468714,5,1,1
2024-07-27 08:00:00+00:00,19939.0,20524.5,18905.5,1619.0,714.9206249647578,74.2225,78.51,72.1,6.410000000000011,2.9917260904033367,,6.410000000000011,0.04030753599519466,6592.86875,7445.2575,5323.03,2122.2275,951.8786269935271,824.16,843.85,798.0899999999999,45.760000000000105,19.55604254444131,2.9917260904033367,5,1,2
2024-07-27 12:00:00+00:00,19926.125,22700.5,18308.0,4392.5,1999.7005348718262,64.425,67.77,61.47,6.299999999999997,2.6460851586195497,,6.299999999999997,0.04107233463126972,6286.04125,7254.5325,5041.0475,2213.4850000000006,963.3031173898052,953.74875,1060.325,860.665,199.66000000000008,87.71265714203777,2.6460851586195497,5,1,3
2024-07-27 16:00:00+00:00,24607.125,24775.5,24297.0,478.5,217.29755904442817,87.3925,93.66,76.72,16.939999999999998,7.669373616317485,,16.939999999999998,0.08775780091332186,1801.168125,3732.29,181.9825,3550.3075,1556.852313093601,1085.308125,1112.915,1036.885,76.02999999999997,34.436837917107944,7.669373616317485,5,1,4
2024-07-27 20:00:00+00:00,20708.375,23121.5,18673.0,4448.5,1912.7398487945677,80.3525,89.17,73.12,16.049999999999997,6.658485188088955,,16.049999999999997,0.08286593681701195,0.0,0.0,0.0,0.0,0.0,1032.613125,1094.7225,996.87,97.85250000000008,42.82194712678499,6.658485188088955,5,1,5
2024-07-28 00:00:00+00:00,17369.75,17909.5,16913.5,996.0,429.1824592563551,63.1625,68.89,59.92,8.969999999999999,4.178974156416855,,8.969999999999999,0.06616226647800293,0.0,0.0,0.0,0.0,0.0,1274.70625,1340.225,1189.995,150.23000000000002,63.74294027903534,4.178974156416855,6,1,0
2024-07-28 04:00:00+00:00,17353.875,17582.5,17074.5,508.0,232.0184529299335,63.75,66.17,60.3,5.8700000000000045,2.5892984892952513,,5.8700000000000045,0.04061644689090591,1840.74125,4404.4225,20.49,4383.9325,1953.8661112271952,923.09,1120.2625,759.4449999999999,360.8175000000001,157.39591024705828,2.5892984892952513,6,1,1
2024-07-28 08:00:00+00:00,17098.0,17363.0,16975.0,388.0,180.44435892170935,59.082499999999996,70.46,50.09,20.36999999999999,8.94330056522758,,20.36999999999999,0.1513697044848742,8870.344375,10488.12,6555.12,3933.000000000001,1764.773525874231,771.620625,861.21,723.735,137.47500000000002,64.45968269569104,8.94330056522758,6,1,2
2024-07-28 12:00:00+00:00,19250.625,22330.5,17213.0,5117.5,2323.698824969937,51.475,62.63,45.03,17.6,8.313208365807597,,17.6,0.16149991968543165,8707.545,10321.0425,6544.895,3776.147499999999,1660.238177492664,1143.9962500000001,1377.145,960.8125,416.3325,178.77049906351073,8.313208365807597,6,1,3
2024-07-28 16:00:00+00:00,24614.5,25000.0,24340.0,660.0,305.8774264309153,85.4725,91.9,75.83,16.070000000000007,7.018591382891585,,16.070000000000007,0.08211519942544782,2117.558125,4556.8325,171.535,4385.297500000001,1924.9070403088897,2283.119375,2839.955,1696.3075,1143.6475,492.0633789478367,7.018591382891585,6,1,4
2024-07-28 20:00:00+00:00,20492.75,22998.5,18689.0,4309.5,1883.4944695078525,75.575,84.98,67.79,17.189999999999998,7.436058543789623,,17.189999999999998,0.09839310014938303,0.0,0.0,0.0,0.0,0.0,3878.4193750000004,4318.1925,3261.065,1057.1275,470.7427592042486,7.436058543789623,6,1,5
2024-07-29 00:00:00+00:00,18149.5,18457.0,17920.0,537.0,269.78324632934493,60.7575,63.35,59.02,4.329999999999998,1.8875623610007335,,4.329999999999998,0.03106714991566036,0.0,0.0,0.0,0.0,0.0,4198.126875,4404.8225,3849.6175,555.2050000000004,252.46188248901214,1.8875623610007335,0,0,0
2024-07-29 04:00:00+00:00,22586.75,23651.0,20766.5,2884.5,1255.8890940949625,76.98,81.32,68.54,12.779999999999987,6.024145859234586,,12.779999999999987,0.0782559867398622,1756.8731249999998,4251.7725,13.3725,4238.4,1893.4181905269184,3210.97125,3489.4,3019.445,469.9549999999999,218.10683583873146,6.024145859234586,0,0,1
2024-07-29 08:00:00+00:00,21138.625,21894.0,20559.5,1334.5,562.9657146162044,67.8125,79.5,54.95,24.549999999999997,10.704729095124264,,24.549999999999997,0.15785775624146384,8770.161875,10555.6125,6400.235,4155.3775,1836.2957122678329,3243.5875,3293.0625,3165.3575,127.70499999999993,54.83969163996713,10.704729095124264,0,0,2
2024-07-29 12:00:00+00:00,22291.375,25301.0,20194.5,5106.5,2263.311267995043,52.655,63.3,44.8,18.5,8.356340905763316,,18.5,0.15869985577368378,8858.82125,10497.2675,6633.592500000001,3863.6749999999993,1703.7578058680317,3411.549375,3446.655,3353.81,92.84500000000025,40.095082220007654,8.356340905763316,0,0,3
2024-07-29 16:00:00+00:00,27577.0,27877.0,27180.0,697.0,327.3660031218881,86.7675,92.86,76.52,16.340000000000003,7.206161137064129,,16.340000000000003,0.08305138602661283,2067.78,4553.345,133.9075,4419.4375,1944.5659098508766,3835.286875,4239.094999999999,3512.035,727.0599999999995,312.7704558150099,7.206161137064129,0,0,4
2024-07-29 20:00:00+00:00,22544.5,25469.5,20454.5,5015.0,2205.742656491611,76.085,86.21,68.58,17.629999999999995,7.679125384226163,,17.629999999999995,0.10092824320465488,0.0,0.0,0.0,0.0,0.0,4743.865625,5052.4625,4276.68,775.7824999999993,348.3071772060247,7.679125384226163,0,0,5
2024-07-30 00:00:00+00:00,19476.625,19741.0,19182.5,558.5,257.6733639707451,65.3375,66.44,64.58,1.8599999999999994,0.8867308873985771,,1.8599999999999994,0.013571546009543935,0.0,0.0,0.0,0.0,0.0,3001.365,3606.96,2499.765,1107.1950000000002,481.5714606542489,0.8867308873985771,1,0,0
2024-07-30 04:00:00+00:00,23718.375,24979.0,21796.5,3182.5,1378.4635392953514,79.9675,84.02,71.79,12.22999999999999,5.6042268274342035,,12.22999999999999,0.07008130587343867,1596.58375,3852.765,11.55,3841.2149999999997,1712.797169610892,2222.411875,2312.245,2147.615,164.6300000000001,69.60904130017296,5.6042268274342035,1,0,1
2024-07-30 08:00:00+00:00,21982.75,22895.0,21541.0,1354.0,616.1699576145097,75.7,80.07,72.19,7.8799999999999955,3.3519944311807355,,7.8799999999999955,0.04427997927583531,7924.295,9510.06,5816.33,3693.7299999999996,1628.2457668159825,2460.339375,2620.5575,2315.79,304.7674999999999,133.88843403456912,3.3519944311807355,1,0,2
2024-07-30 12:00:00+00:00,23465.0,26060.5,21547.0,4513.5,1994.7326888583348,65.5275,68.44,63.12,5.32,2.516391265284476,,5.32,0.0384020642521762,8151.615624999999,9567.96,6113.415,3454.544999999999,1538.2351000014796,2758.21875,2786.495,2721.42,65.07499999999982,27.078496196244107,2.516391265284476,1,0,3
2024-07-30 16:00:00+00:00,27659.875,28100.0,27184.5,915.5,375.91009009247546,90.80250000000001,97.47,80.12,17.349999999999994,7.570673131675057,,17.349999999999994,0.08337516182566623,1882.37875,4218.1075,110.54,4107.5675,1814.5448415747173,2423.5025,2681.11,2135.63,545.48,239.57436745542438,7.570673131675057,1,0,4
2024-07-30 20:00:00+00:00,22482.125,25275.0,20519.5,4755.5,2032.466087252954,81.28,90.63,74.38,16.25,6.887820167997029,,16.25,0.08474188198815245,0.0,0.0,0.0,0.0,0.0,2045.49875,2081.88,2021.82,60.06000000000017,25.80936922095028,6.887820167997029,1,0,5
2024-07-31 00:00:00+00:00,19394.5,19843.5,19031.5,812.0,346.2910625471004,69.1425,71.78,67.47,4.310000000000002,1.8715479333072516,,4.310000000000002,0.027067981824597867,0.0,0.0,0.0,0.0,0.0,1921.445,1975.9625,1886.7775,89.18500000000017,39.04704795713331,1.8715479333072516,2,0,0
2024-07-31 04:00:00+00:00,23875.375,24965.5,21686.5,3279.0,1524.2410338154089,81.8075,85.55,74.28,11.269999999999996,5.262492280279366,,11.269999999999996,0.06432774843723828,1396.0587500000001,3359.2475,8.525,3350.7225,1499.2589030535776,2075.4175,2117.205,2010.34,106.86500000000001,46.17194972780196,5.262492280279366,2,0,1
2024-07-31 08:00:00+00:00,24112.375,24558.0,23607.0,951.0,392.91716154086856,76.75999999999999,81.57,73.07,8.5,3.7443824590979022,,8.5,0.048780386387413936,6711.835,7974.780000000001,4985.797500000001,2988.9825,1317.6356435344712,2139.55625,2277.6475,2048.4625,229.18499999999995,99.7052107151376,3.7443824590979022,2,0,2
2024-07-31 12:00:00+00:00,25090.5,27201.0,23508.0,3693.0,1652.883389716286,67.0975,69.59,64.7,4.890000000000001,2.5188539060453685,,4.890000000000001,0.03754020501576613,7076.499375,8085.03,5437.185,2647.8449999999993,1202.3050633893054,2735.29375,3015.0175,2459.29,555.7275,243.1724382382799,2.5188539060453685,2,0,3
2024-07-31 16:00:00+00:00,28123.75,28441.5,27390.5,1051.0,497.09866559198645,91.0575,97.32,81.37,15.949999999999989,6.881300143625961,,15.949999999999989,0.0755709320333411,1713.925,3798.6575,100.2375,3698.4199999999996,1634.9631390582379,3188.4375,3221.7075,3120.1775,101.5300000000002,47.624757785910816,6.881300143625961,2,0,4
2024-07-31 20:00:00+00:00,23001.125,25781.0,20927.5,4853.5,2107.899482699938,80.6225,89.28,74.59,14.689999999999998,6.203801925701156,,14.689999999999998,0.07694876648207574,0.0,0.0,0.0,0.0,0.0,2852.3181250000002,3155.385,2661.2525,494.13250000000016,231.63230476316508,6.203801925701156,2,0,5
2024-08-01 00:00:00+00:00,19779.5,20226.5,19338.0,888.5,396.72303521054397,69.095,71.52,67.67,3.8499999999999943,1.6836171377919165,,3.8499999999999943,0.02436670001869775,0.0,0.0,0.0,0.0,0.0,2377.541875,2610.7200000000003,2111.9025,498.8175000000001,217.88847296624618,1.6836171377919165,3,0,0
2024-08-01 04:00:00+00:00,25046.875,26357.0,22566.0,3791.0,1784.4384912814078,83.2675,87.91,74.51,13.399999999999991,6.122615862521507,,13.399999999999991,0.0735294786383824,1254.4762500000002,3128.7375,3.5125,3125.2250000000004,1407.3128889164686,1582.958125,1947.735,1233.2525,714.4824999999998,313.3738912184546,6.122615862521507,3,0,1
2024-08-01 08:00:00+00:00,24491.375,25446.5,23639.0,1807.5,762.4500393468414,79.19,84.68,75.94,8.740000000000009,3.905773504271164,,8.740000000000009,0.049321549491996096,6840.41125,8445.645,4792.9375,3652.7075000000004,1604.4679428117029,1044.1625,1122.615,985.025,137.59000000000003,57.42612377365086,3.905773504271164,3,0,2
2024-08-01 12:00:00+00:00,25041.5,27067.5,23505.5,3562.0,1589.6429368467202,71.2475,74.28,69.04,5.239999999999995,2.3430660113051274,,5.239999999999995,0.032886290905717805,7393.175,8604.95,5464.635,3140.3150000000005,1422.9183402840326,1366.46,1549.925,1174.8525,375.0725,159.8713967667971,2.3430660113051274,3,0,3
2024-08-01 16:00:00+00:00,27814.5,28310.0,27115.0,1195.0,501.9100184960119,93.91,100.09,84.56,15.530000000000001,6.605699559219042,,15.530000000000001,0.0703407470899696,1683.936875,3721.7925,97.875,3623.9175,1598.695583390272,1797.9524999999999,1891.945,1681.765,210.17999999999984,89.96813412721927,6.605699559219042,3,0,4
2024-08-01 20:00:00+00:00,22840.125,25602.0,20838.5,4763.5,2060.0296670598377,82.4075,91.05,76.65,14.399999999999991,6.172910577677272,,14.399999999999991,0.07490714531659463,0.0,0.0,0.0,0.0,0.0,1697.4875,1918.8525,1548.1375,370.7149999999999,174.07589929874456,6.172910577677272,3,0,5
2024-08-02 00:00:00+00:00,19795.125,20232.0,19421.0,811.0,333.75449435176114,69.475,72.81,67.54,5.269999999999996,2.469041649439449,,5.269999999999996,0.035538562784302924,0.0,0.0,0.0,0.0,0.0,1770.649375,2036.1925,1577.005,459.1875,201.01326583892217,2.469041649439449,4,0,0
2024-08-02 04:00:00+00:00,24276.625,25694.0,22015.5,3678.5,1610.7303920375166,79.75,83.37,72.41,10.960000000000008,5.1301526942837326,,10.960000000000008,0.06432793347064249,1396.035625,3503.075,3.8775,3499.1974999999998,1576.0012635059643,3222.52625,4069.195,2375.915,1693.2800000000002,735.858864302739,5.1301526942837326,4,0,1
2024-08-02 08:00:00+00:00,22914.375,23879.0,22283.0,1596.0,700.43241108618,67.3775,79.82,51.62,28.199999999999996,12.056302293821268,,28.199999999999996,0.1789366226681202,7489.66625,9085.6925,5383.3525,3702.3399999999992,1623.375157632625,5365.02625,5955.1125,4654.665,1300.4475000000002,559.3134304681804,12.056302293821268,4,0,2
2024-08-02 12:00:00+00:00,22788.25,24516.0,21604.0,2912.0,1291.9824882714165,39.4475,54.96,27.18,27.78,11.623835783997182,,27.78,0.29466596828689223,7457.9375,9140.545,5275.4225,3865.1225000000004,1702.4185625909295,6880.66125,7373.32,6310.385,1062.9349999999995,464.0007858717303,11.623835783997182,4,0,3
2024-08-02 16:00:00+00:00,26153.25,26440.5,25894.0,546.5,259.3557723796921,79.4275,86.71,67.06,19.64999999999999,8.66791930050112,,19.64999999999999,0.10912995247868973,1551.82625,3578.7650000000003,64.275,3514.4900000000002,1561.3258769825782,7187.6125,7521.83,6679.4375,842.3924999999999,375.87182511130044,8.66791930050112,4,0,4
2024-08-02 20:00:00+00:00,22021.125,24638.0,19990.5,4647.5,2042.4238204887838,75.125,81.83,71.34,10.489999999999995,4.623090596848246,,10.489999999999995,0.061538643552056495,0.0,0.0,0.0,0.0,0.0,5269.64,6084.45,4555.297500000001,1529.1524999999992,661.9718921430876,4.623090596848246,4,0,5
2024-08-03 00:00:00+00:00,18497.625,19353.5,18078.5,1275.0,583.637783646672,64.5325,68.09,62.5,5.590000000000003,2.628971598680117,,5.590000000000003,0.04073872232875083,0.0,0.0,0.0,0.0,0.0,3613.895,4143.805,3199.0675,944.7375000000002,417.91642584074134,2.628971598680117,5,1,0
2024-08-03 04:00:00+00:00,20951.625,21958.5,19322.0,2636.5,1210.069445321218,72.8125,78.39,66.27,12.120000000000005,5.152982146291603,,12.120000000000005,0.0707705702494984,854.4056250000001,2152.465,5.1225000000000005,2147.3425,963.5612728708863,3066.3825,3175.455,2893.5,281.9549999999999,131.18105074666852,5.152982146291603,5,1,1
2024-08-03 08:00:00+00:00,20146.25,21184.5,18967.5,2217.0,931.8077859730519,75.58749999999999,80.47,69.96,10.510000000000005,4.515317449157552,,10.510000000000005,0.05973629831860499,5296.13625,6699.49,3538.325,3161.165,1377.6681978520505,3060.533125,3241.5175,2918.8875,322.6300000000001,137.39488252198174,4.515317449157552,5,1,2
2024-08-03 12:00:00+00:00,19894.875,22429.0,18553.0,3876.0,1823.9861281910373,56.02,60.75,51.49,9.259999999999998,4.488392436793677,,9.259999999999998,0.08012125021052614,6721.465,7344.9775,5584.81,1760.1674999999996,815.0117961901942,3663.9918749999997,3835.925,3420.49,415.4350000000004,190.41874992341442,4.488392436793677,5,1,3
2024-08-03 16:00:00+00:00,24453.125,24717.0,23989.0,728.0,329.13633826526456,82.9325,89.27,71.31,17.959999999999994,8.269890668362347,,17.959999999999994,0.09971833320305487,1841.8,4069.6825,99.995,3969.6875,1753.571863223033,3516.226875,3851.6025,3067.65,783.9524999999999,361.64107064979396,8.269890668362347,5,1,4
2024-08-03 20:00:00+00:00,20758.875,22968.0,18967.0,4001.0,1733.3374539213846,79.5275,85.31,74.83,10.480000000000004,4.677637402222057,,10.480000000000004,0.05881786051645097,0.0,0.0,0.0,0.0,0.0,2643.6875,2915.925,2484.32,431.605,197.30142001938728,4.677637402222057,5,1,5
2024-08-04 00:00:00+00:00,17670.5,18226.0,17152.5,1073.5,465.2019274823931,67.035,71.21,63.97,7.239999999999995,3.2568747801125704,,7.239999999999995,0.048584691282353584,0.0,0.0,0.0,0.0,0.0,2394.74875,2541.2825000000003,2158.92,382.3625000000002,172.47924378143793,3.2568747801125704,6,1,0
2024-08-04 04:00:00+00:00,19545.125,21280.0,17858.0,3422.0,1441.280355274435,71.35000000000001,77.29,65.51,11.780000000000001,4.855889894413449,,11.780000000000001,0.06805732157552137,837.1812500000001,2055.5875,6.135,2049.4525,914.6155073638413,1895.556875,1987.825,1822.56,165.2650000000001,84.91779155392484,4.855889894413449,6,1,1
2024-08-04 08:00:00+00:00,20468.375,20589.5,20397.0,192.5,89.38248803130679,78.82000000000001,82.48,73.04,9.439999999999998,4.079313667763243,,9.439999999999998,0.051754804209125115,4316.66625,5191.3175,3201.0675,1990.25,865.9508834139593,3589.995625,4758.6075,2439.955,2318.6525,1003.7333538685607,4.079313667763243,6,1,2
2024-08-04 12:00:00+00:00,20765.625,23201.0,19448.5,3752.5,1752.9625578336431,48.519999999999996,56.65,40.66,15.990000000000002,8.971536471901938,,15.990000000000002,0.18490388441677533,4995.813125,5495.3475,4032.6625,1462.685,682.9789258351215,6157.27625,6711.66,5449.82,1261.8400000000001,550.3248084256699,8.971536471901938,6,1,3
2024-08-04 16:00:00+00:00,23626.5,24207.5,22768.5,1439.0,685.2103083482228,79.315,85.85,68.46,17.39,7.52949090797866,,17.39,0.09493148720896001,1223.7325,2810.5425,28.0875,2782.455,1232.7621064841883,7131.491875,7385.58,6924.915,460.66499999999996,196.11382663493126,7.52949090797866,6,1,4
2024-08-04 20:00:00+00:00,18672.25,20931.5,17148.5,3783.0,1644.7003019800707,64.0725,77.6,52.02,25.57999999999999,10.827771007922173,,25.57999999999999,0.16899248519914428,0.0,0.0,0.0,0.0,0.0,7735.455,7782.49,7644.5225,137.96749999999975,61.889024841512246,10.827771007922173,6,1,5
2024-08-05 00:00:00+00:00,16629.875,17247.0,16250.0,997.0,433.43134308292287,43.6,47.64,40.76,6.880000000000003,2.893348694275662,,6.880000000000003,0.06636120858430415,0.0,0.0,0.0,0.0,0.0,7699.820625,7725.0925,7647.835,77.25749999999971,36.26990765858762,2.893348694275662,0,0,0
2024-08-05 04:00:00+00:00,22018.75,23485.5,19531.5,3954.0,1845.2445863173084,68.03,76.28,53.54,22.740000000000002,10.41579889718819,,22.740000000000002,0.15310596644404217,1239.9343749999998,3057.7025,3.5175,3054.185,1374.1734063601273,7852.821875,8072.434999999999,7677.76,394.67499999999836,171.82941385008047,10.41579889718819,0,0,1
2024-08-05 08:00:00+00:00,22969.625,23308.5,22603.5,705.0,288.47945478548996,65.235,73.97,58.96,15.009999999999998,6.407591851338015,,15.009999999999998,0.09822322145072453,5892.824375,6688.745,4582.345,2106.3999999999996,950.7259969982043,8299.454375000001,8457.0025,8212.15,244.85250000000087,108.52710783438295,6.407591851338015,0,0,2
2024-08-05 12:00:00+00:00,24087.25,26345.0,22859.5,3485.5,1602.8277355973096,53.4275,60.58,48.24,12.339999999999996,5.176146410860752,,12.339999999999996,0.09688168847242999,5671.346875,6597.05,4392.7725,2204.2775,969.554956286592,8510.5525,8658.465,8246.74,411.72500000000036,184.81701366937665,5.176146410860752,0,0,3
2024-08-05 16:00:00+00:00,27298.25,27699.5,26502.0,1197.5,563.2152489649646,85.1925,91.45,74.98,16.47,7.1823226280454255,,16.47,0.08430698275136218,1336.674375,3073.58,39.0775,3034.5025,1348.3917334726564,7417.31875,7996.165,7055.717500000001,940.4474999999993,441.2841491247446,7.1823226280454255,0,0,4
2024-08-05 20:00:00+00:00,21358.75,24005.5,19571.5,4434.0,1952.8985935441365,74.21,85.0,65.07,19.930000000000007,8.347602450204889,,19.930000000000007,0.11248622086248337,0.0,0.0,0.0,0.0,0.0,6507.7425,7126.4075,6156.825000000001,969.5824999999995,458.0629906874163,8.347602450204889,0,0,5
2024-08-06 00:00:00+00:00,18863.75,19168.5,18544.0,624.5,313.0576358010348,58.275,60.25,56.64,3.6099999999999994,1.6425285385648556,,3.6099999999999994,0.028185817907590827,0.0,0.0,0.0,0.0,0.0,5630.47375,5962.700000000001,5224.525,738.1750000000011,319.3924956166796,1.6425285385648556,1,0,0
2024-08-06 04:00:00+00:00,24313.375,25753.0,21558.5,4194.5,1965.0153254279383,80.345,87.86,68.24,19.620000000000005,8.722165251052436,,19.620000000000005,0.10855890535879568,897.34375,2290.065,1.175,2288.89,1030.6330302486833,4638.585,4975.5825,4340.465,635.1175000000003,288.8248595241875,8.722165251052436,1,0,1
2024-08-06 08:00:00+00:00,24186.125,24700.5,23544.0,1156.5,479.15348532594476,80.115,84.66,75.61,9.049999999999997,3.784745698194261,,9.049999999999997,0.047241411698112266,5389.24875,6704.795,3719.2925,2985.5025,1303.1710371412307,4972.259375,5538.8075,4511.9375,1026.87,447.1733278205023,3.784745698194261,1,0,2
2024-08-06 12:00:00+00:00,24500.125,26101.5,23618.0,2483.5,1139.159732361241,60.4125,67.75,54.63,13.119999999999997,5.536053799112382,,13.119999999999997,0.09163755512704132,6572.2425,7179.1075,5414.8275,1764.2799999999997,830.2963984325115,6380.17375,6848.452499999999,5890.9075,957.5449999999992,419.87331419478954,5.536053799112382,1,0,3
2024-08-06 16:00:00+00:00,26440.25,27147.0,25303.5,1843.5,828.2312982092225,85.65,91.72,74.55,17.17,7.763714746605953,,17.17,0.09064465553538764,1705.8556250000001,3867.135,50.22,3816.9150000000004,1693.0088930096902,6544.1987500000005,6878.58,6185.110000000001,693.4699999999993,305.74356327716305,7.763714746605953,1,0,4
2024-08-06 20:00:00+00:00,20812.375,23490.0,18784.5,4705.5,2067.9823248358125,74.80250000000001,86.56,63.97,22.590000000000003,9.500990737812563,,22.590000000000003,0.12701434761956562,0.0,0.0,0.0,0.0,0.0,6289.586875,6467.55,6083.885,383.66499999999996,159.16634144000352,9.500990737812563,1,0,5
2024-08-07 00:00:00+00:00,17744.625,18120.5,17435.5,685.0,291.95957910870675,52.0725,58.11,48.96,9.149999999999999,4.310091839702102,,9.149999999999999,0.0827709796860551,0.0,0.0,0.0,0.0,0.0,6251.719375,6566.202499999999,6085.485,480.71749999999975,214.67553197961126,4.310091839702102,2,0,0
2024-08-07 04:00:00+00:00,22199.75,23357.5,19951.5,3406.0,1596.6018862989406,64.5875,70.94,53.84,17.099999999999994,7.439791103698184,,17.099999999999994,0.11518933390668754,1503.0900000000001,3662.405,4.5125,3657.8925000000004,1644.6093586079442,7537.8975,8089.945,7011.5,1078.4449999999997,458.0497238382898,7.439791103698184,2,0,1
2024-08-07 08:00:00+00:00,23033.125,23263.5,22917.0,346.5,159.63101985516474,52.445,61.45,47.66,13.790000000000006,6.163627178861492,,13.790000000000006,0.11752554445345575,5927.42375,6368.725,5083.515,1285.21,589.581371018525,9216.331875,9905.325,8489.35,1415.9750000000004,628.8965321013172,6.163627178861492,2,0,2
2024-08-07 12:00:00+00:00,24145.625,26149.5,22910.5,3239.0,1474.7980864624594,40.417500000000004,49.89,34.31,15.579999999999998,6.780065756809935,,15.579999999999998,0.16775074551394653,5011.870625,5889.5325,3898.8625,1990.67,861.7190784834676,9963.335,10029.94,9924.675,105.26500000000124,46.224551872715466,6.780065756809935,2,0,3
2024-08-07 16:00:00+00:00,26976.5,27650.0,25800.0,1850.0,810.2599377154637,79.0125,86.79,64.53,22.260000000000005,10.075866794805629,,22.260000000000005,0.12752244005449304,1194.963125,2705.7725,50.385,2655.3875,1171.0570573211037,8863.579375,9662.0,7947.27,1714.7299999999996,750.7349105997592,10.075866794805629,2,0,4
2024-08-07 20:00:00+00:00,20823.25,23687.0,18812.0,4875.0,2162.1078257108275,65.5575,81.1,49.98,31.119999999999997,13.498306992607136,,31.119999999999997,0.20590027064191177,0.0,0.0,0.0,0.0,0.0,7827.9875,7984.985000000001,7655.4175,329.567500000001,140.56607540287519,13.498306992607136,2,0,5
2024-08-08 00:00:00+00:00,17962.125,18247.5,17617.0,630.5,264.0578771784704,40.6325,42.97,38.35,4.619999999999997,2.33478585741819,,4.619999999999997,0.057461043682229505,0.0,0.0,0.0,0.0,0.0,7250.85375,7666.015,6727.11,938.9050000000007,408.76680638996413,2.33478585741819,3,0,0
2024-08-08 04:00:00+00:00,23955.125,26540.5,20477.0,6063.5,2714.07115403533,70.51249999999999,79.55,53.26,26.29,11.943953491202146,,26.29,0.16938774672862467,1237.839375,3013.4325,3.485,3009.9474999999998,1352.4499894795479,5500.4725,6158.525,5021.165,1137.3599999999997,500.0518049912425,11.943953491202146,3,0,1
2024-08-08 08:00:00+00:00,26454.875,26633.0,26285.5,347.5,142.08822083480425,74.71000000000001,77.64,73.43,4.209999999999994,1.9760735478890137,,4.209999999999994,0.02644992033046461,4267.5625,4519.26,4007.9225,511.3375000000001,232.8914426741207,5638.8825,6825.835,4964.2725,1861.5625,849.5141637209471,1.9760735478890137,3,0,2
2024-08-08 12:00:00+00:00,26775.0,27984.5,26182.5,1802.0,846.6859905931286,67.0275,69.85,64.07,5.780000000000001,2.818325448441567,,5.780000000000001,0.04204730071152236,2679.1875,3516.4275,1724.6174999999998,1791.81,775.1188061624275,8875.019375,9799.945,7935.2175,1864.7275,796.7120499182228,2.818325448441567,3,0,3
2024-08-08 16:00:00+00:00,26950.375,28198.5,25161.5,3037.0,1368.9772566287097,77.295,81.23,71.63,9.600000000000009,4.200678516620862,,9.600000000000009,0.05434605752792365,461.274375,1101.7325,20.66,1081.0725,482.10034211153857,11424.08375,12269.99,10504.955,1765.0349999999999,762.6516630193955,4.200678516620862,3,0,4
2024-08-08 20:00:00+00:00,19718.625,22719.5,17415.0,5304.5,2350.1093724548227,33.43,61.14,5.56,55.58,24.145517182284582,,55.58,0.7222709297721981,0.0,0.0,0.0,0.0,0.0,12672.706875,12755.26,12609.3,145.96000000000095,60.7216579077236,24.145517182284582,3,0,5
2024-08-09 00:00:00+00:00,16664.5,16953.5,16288.0,665.5,290.7647961268122,-11.030000000000001,-3.75,-15.03,11.28,4.993355585175164,,11.28,-0.45270676202857324,0.0,0.0,0.0,0.0,0.0,13143.793125,13382.9,12831.5575,551.3424999999988,245.89956319751556,4.993355585175164,4,0,0
2024-08-09 04:00:00+00:00,21534.625,22863.5,19180.0,3683.5,1638.165812476462,22.9625,39.6,-4.83,44.43,20.5971460401678,,44.43,0.8969905733333827,1127.61125,3005.0825,1.1175,3003.965,1366.1776163480415,13130.01625,13328.84,12971.31,357.53000000000065,159.0468113153593,20.5971460401678,4,0,1
2024-08-09 08:00:00+00:00,19978.25,21274.0,18784.0,2490.0,1053.3775439034189,4.7875,17.31,0.16,17.15,8.356081118961606,,17.15,1.7453955339867586,7207.509999999999,9018.4975,4949.4,4069.0975,1774.3203431419877,12016.2,12723.19,11346.085,1377.1050000000014,599.6373496400419,8.356081118961606,4,0,2
2024-08-09 12:00:00+00:00,19379.875,21772.0,17654.5,4117.5,1824.57837024521,-3.07,-0.38,-5.22,4.84,2.4441222009820485,,4.84,-0.7961310100918725,8124.19875,9376.9475,6191.555,3185.3925,1443.4792080486463,10489.55125,10979.235,10079.6,899.6350000000002,392.0872721596352,2.4441222009820485,4,0,3
2024-08-09 16:00:00+00:00,24323.375,24640.0,23585.5,1054.5,497.07450397299624,57.5975,72.74,28.78,43.959999999999994,20.493677683617452,,43.959999999999994,0.35580845841603287,1829.446875,4286.2525000000005,27.5,4258.7525000000005,1894.8229551226932,9751.348125,9971.8925,9466.85,505.04249999999956,219.43568954797493,20.493677683617452,4,0,4
2024-08-09 20:00:00+00:00,19981.875,22700.0,17802.0,4898.0,2171.3644855635516,51.36,68.3,35.75,32.55,13.962743283466898,,32.55,0.2718602664226421,0.0,0.0,0.0,0.0,0.0,9066.9,9337.7825,8879.7025,458.0799999999999,212.8577952041383,13.962743283466898,4,0,5
2024-08-10 00:00:00+00:00,16607.125,17120.0,16300.5,819.5,375.5128437661394,22.935000000000002,26.82,19.14,7.68,3.140461749488441,,7.68,0.13692878785648313,0.0,0.0,0.0,0.0,0.0,8680.5825,8919.127499999999,8308.945,610.182499999999,281.61929271476896,3.140461749488441,5,1,0
2024-08-10 04:00:00+00:00,19243.125,20616.5,17313.5,3303.0,1499.290797621774,35.1725,45.17,26.98,18.19,7.705276871512579,,18.19,0.21907106038844493,916.2225,2300.0625,2.515,2297.5475,1034.302316783718,7968.943125,8066.84,7930.73,136.11000000000058,65.53454678561434,7.705276871512579,5,1,1
2024-08-10 08:00:00+00:00,20388.75,20702.0,19657.5,1044.5,492.72786606807614,41.64,46.33,37.82,8.509999999999998,3.510375098665853,,8.509999999999998,0.08430295625998697,4404.388125,5049.5175,3461.2175,1588.2999999999997,699.799968646919,7893.068125,7995.0075,7788.4,206.60750000000007,95.51712484713144,3.510375098665853,5,1,2
2024-08-10 12:00:00+00:00,20540.75,22806.5,19338.0,3468.5,1604.7552513285839,23.935000000000002,31.14,18.3,12.84,6.360385208460256,,12.84,0.2657357513457387,4914.83875,5202.445,4326.29,876.1549999999997,409.9964669893509,7419.830625,7697.275,7048.7775,648.4974999999995,281.5300942052714,6.360385208460256,5,1,3
2024-08-10 16:00:00+00:00,24157.75,24401.0,23802.0,599.0,257.7186773725693,76.1525,86.95,55.38,31.57,14.71102619352799,,31.57,0.19317850620173982,1464.683125,3266.4875,38.34,3228.1475,1430.3755948852142,5812.914375,6672.6425,4920.6900000000005,1751.9524999999994,763.7643830925408,14.71102619352799,5,1,4
2024-08-10 20:00:00+00:00,20693.875,23088.0,18735.0,4353.0,1924.66448915995,72.555,83.03,63.0,20.03,8.669088764108945,,20.03,0.11948299585292466,0.0,0.0,0.0,0.0,0.0,4098.224375,4383.205,3605.295,777.9099999999999,342.22544403248133,8.669088764108945,5,1,5
2024-08-11 00:00:00+00:00,17325.75,17958.0,16945.5,1012.5,444.093927752527,54.835,59.93,51.51,8.420000000000002,3.9749675051082662,,8.420000000000002,0.072489605272331,0.0,0.0,0.0,0.0,0.0,2626.89375,3073.8275000000003,2271.235,802.5925000000002,345.66577636798723,3.9749675051082662,6,1,0
2024-08-11 04:00:00+00:00,18015.375,18306.0,17564.0,742.0,320.4911270222625,53.9475,55.35,52.01,3.3400000000000034,1.4230571550948588,,3.3400000000000034,0.026378556097962982,1380.798125,3499.995,2.065,3497.93,1576.530116919981,1735.415625,2076.73,1385.76,690.97,303.28876437024365,1.4230571550948588,6,1,1
2024-08-11 08:00:00+00:00,18951.25,19208.5,18614.0,594.5,247.31440853024893,41.7125,52.77,33.12,19.650000000000006,8.320802745729123,,19.650000000000006,0.19947983807561587,7588.70125,9060.435,5479.48,3580.955,1592.3767564156783,1169.636875,1283.11,1103.655,179.45499999999993,85.20200734565573,8.320802745729123,6,1,2
2024-08-11 12:00:00+00:00,19783.625,22381.5,18204.5,4177.0,1908.9902381014588,31.29,46.67,22.08,24.590000000000003,10.701292756796569,,24.590000000000003,0.3420036036048759,7839.2318749999995,9116.28,5986.8225,3129.4575000000004,1393.757872882659,1652.381875,2215.655,1232.4425,983.2125000000001,428.7169524745466,10.701292756796569,6,1,3
2024-08-11 16:00:00+00:00,24241.75,24685.0,24003.5,681.5,320.7799089718683,79.2875,86.9,67.75,19.150000000000006,8.140345508637829,,19.150000000000006,0.10266871207488983,1767.883125,4129.7675,24.0975,4105.67,1827.8542847333947,4533.046875,6460.6900000000005,2883.95,3576.7400000000007,1545.9040985204729,8.140345508637829,6,1,4
2024-08-11 20:00:00+00:00,19205.25,22112.0,17349.0,4763.0,2118.440680469167,57.4525,70.45,47.86,22.590000000000003,9.872197914682763,,22.590000000000003,0.171832346976768,0.0,0.0,0.0,0.0,0.0,9594.273125,10726.805,7923.885,2802.92,1260.5369298758085,9.872197914682763,6,1,5
2024-08-12 00:00:00+00:00,16791.625,17475.5,16375.5,1100.0,482.28801474499284,33.307500000000005,41.24,28.5,12.740000000000002,5.78448139421331,,12.740000000000002,0.17366903532877925,0.0,0.0,0.0,0.0,0.0,11092.526875,11323.75,10880.6725,443.0774999999994,186.92343628001467,5.78448139421331,0,0,0
2024-08-12 04:00:00+00:00,22544.125,24064.0,19912.5,4151.5,1936.5997854917434,57.77,70.43,39.8,30.63000000000001,13.856957337982493,,30.63000000000001,0.23986424334399326,1234.696875,3155.565,0.725,3154.84,1424.9331757538887,11411.053125,11533.34,11147.3475,385.9925000000003,180.21077001869017,13.856957337982493,0,0,1
2024-08-12 08:00:00+00:00,23496.0,23988.5,23162.0,826.5,355.1063221064921,54.285,67.6,47.71,19.889999999999993,9.195580460199341,,19.889999999999993,0.16939450051025773,7045.555,8455.645,5060.27,3395.375,1502.7739656437577,8890.5975,10490.84,7525.045,2965.795,1314.172494203418,9.195580460199341,0,0,2
2024-08-12 12:00:00+00:00,24771.25,26857.0,23732.5,3124.5,1459.884384691701,59.879999999999995,73.91,49.98,23.93,10.975363319726595,,23.93,0.1832893005966365,7353.360625,8426.4325,5855.07,2571.362500000001,1128.0111869816405,6910.195625,7277.135,6407.29,869.8450000000003,381.4759662720959,10.975363319726595,0,0,3
2024-08-12 16:00:00+00:00,28028.375,28380.5,27525.0,855.5,412.4484563756625,95.8925,101.92,85.66,16.260000000000005,7.138559028263336,,16.260000000000005,0.074443350921744,1740.729375,4087.6825,18.875,4068.8075,1814.3253805746629,5385.7056250000005,5991.335,4788.05,1203.2849999999999,517.00875796247,7.138559028263336,0,0,4
2024-08-12 20:00:00+00:00,21846.75,24782.0,19728.0,5054.0,2208.441588541567,82.72749999999999,95.01,71.94,23.070000000000007,10.111318328157486,,23.070000000000007,0.12222439126236719,0.0,0.0,0.0,0.0,0.0,4924.843124999999,5291.185,4445.6375,845.5475000000006,369.72376240227743,10.111318328157486,0,0,5
2024-08-13 00:00:00+00:00,18518.75,18939.0,18101.5,837.5,357.35008511728824,64.25750000000001,68.45,61.5,6.950000000000003,2.993508253983383,,6.950000000000003,0.04658613008572367,0.0,0.0,0.0,0.0,0.0,4712.820625,5015.195,4457.0875,558.1075000000001,252.18239231403405,2.993508253983383,1,0,0
2024-08-13 04:00:00+00:00,23132.0,24340.0,21041.0,3299.0,1496.595191314828,78.1925,82.71,69.69,13.019999999999996,5.879083687106356,,13.019999999999996,0.07518730935967452,1350.36875,3444.115,0.78,3443.3349999999996,1557.7666417148566,4733.205,5097.165,4432.145,665.0199999999995,299.3613973388461,5.879083687106356,1,0,1
2024-08-13 08:00:00+00:00,22649.375,23194.0,22310.0,884.0,382.66464321474314,47.285000000000004,71.06,31.41,39.650000000000006,17.344041243800902,,39.650000000000006,0.3667979537654837,6876.6125,7781.385,5299.175,2482.21,1137.1605597990551,6061.138125,6703.02,5378.6975,1324.3225000000002,573.4326521098443,17.344041243800902,1,0,2
2024-08-13 12:00:00+00:00,24194.625,26642.5,22412.5,4230.0,1825.5068873694593,39.5575,57.79,28.43,29.36,13.203306088501725,,29.36,0.3337750385767989,5912.4825,7414.44,4105.59,3308.8499999999995,1440.8805776648067,6855.9275,6966.585,6617.995000000001,348.58999999999924,160.9418253852407,13.203306088501725,1,0,3
2024-08-13 16:00:00+00:00,27445.375,27879.0,26844.5,1034.5,488.9035990526835,92.1725,98.24,81.52,16.72,7.389241616476391,,16.72,0.08016752953946561,1130.363125,2719.6375,21.75,2697.8875,1206.3483343258404,5429.940625,6066.9525,4949.264999999999,1117.687500000001,485.4358289223853,7.389241616476391,1,0,4
2024-08-13 20:00:00+00:00,21892.375,24629.5,19876.0,4753.5,2088.8094047008376,78.075,90.39,67.81,22.58,9.638888248479002,,22.58,0.12345678192096067,0.0,0.0,0.0,0.0,0.0,4474.0043749999995,4673.24,4041.405,631.8349999999996,298.62528843557254,9.638888248479002,1,0,5
2024-08-14 00:00:00+00:00,19049.0,19345.0,18632.5,712.5,309.5472500281659,62.0125,63.82,59.96,3.8599999999999994,1.935310052678897,,3.8599999999999994,0.031208386255656476,0.0,0.0,0.0,0.0,0.0,3285.118125,3752.475,2764.5525,987.9225000000001,426.1471121933471,1.935310052678897,2,0,0
2024-08-14 04:00:00+00:00,25046.75,27086.0,21860.5,5225.5,2369.7696969677595,86.7125,94.83,73.22,21.61,9.798290242009916,,21.61,0.11299743684024696,727.38,1917.4075,1.7775,1915.63,870.5927947620901,2054.810625,2439.5550000000003,1730.69,708.8650000000002,309.4773571171713,9.798290242009916,2,0,1
2024-08-14 08:00:00+00:00,25968.875,26683.5,24994.5,1689.0,723.9789793219142,85.0225,91.49,79.58,11.909999999999997,5.2171088736962306,,11.909999999999997,0.06136150870294608,4831.205,6125.4225,3210.8275000000003,2914.5949999999993,1265.3791416887007,1516.7,1614.8175,1438.4625,176.35500000000002,75.04427551452547,5.2171088736962306,2,0,2
2024-08-14 12:00:00+00:00,24901.625,26303.0,24076.0,2227.0,972.5546578470538,72.44,75.42,69.25,6.170000000000002,3.363024432461549,,6.170000000000002,0.046424964556343894,6232.844375000001,6626.587500000001,5416.105,1210.482500000001,561.8909236281804,2355.339375,3090.105,1736.385,1353.72,591.7981636728543,3.363024432461549,2,0,3
2024-08-14 16:00:00+00:00,27514.0,27831.0,26972.0,859.0,374.34654176756277,96.195,102.36,87.0,15.36,6.521439002755959,,15.36,0.06779394981813983,1635.310625,3881.61,5.665,3875.945,1736.0575303499868,4112.383125,4998.91,3432.4300000000003,1566.4799999999996,683.3392552488568,6.521439002755959,2,0,4
2024-08-14 20:00:00+00:00,21108.5,24456.5,18602.5,5854.0,2560.4473567458217,74.64,91.15,56.26,34.89000000000001,14.648710978558263,,34.89000000000001,0.19625818567200248,0.0,0.0,0.0,0.0,0.0,6203.389375,6661.2125,5714.2375,946.9749999999995,402.0384565113917,14.648710978558263,2,0,5
2024-08-15 00:00:00+00:00,17554.75,18153.0,17039.5,1113.5,502.88211010799205,34.3825,45.91,28.02,17.889999999999997,8.243645532570321,,17.889999999999997,0.23976283087530934,0.0,0.0,0.0,0.0,0.0,7293.135625,7616.7,6913.07,703.6300000000001,306.6659505768926,8.243645532570321,3,0,0
2024-08-15 04:00:00+00:00,23031.25,24807.0,20245.0,4562.0,2070.1668813568313,59.8725,73.07,36.68,36.38999999999999,17.079391821724798,,36.38999999999999,0.28526271362854067,957.8125,2483.8175,0.4775,2483.34,1127.49300780537,7926.643749999999,8277.99,7733.915,544.0749999999998,252.17980299695492,17.079391821724798,3,0,1
2024-08-15 08:00:00+00:00,23347.25,23762.5,22858.0,904.5,391.70109777737366,60.135,68.61,54.56,14.049999999999997,6.184801263312077,,14.049999999999997,0.10284861167892372,4556.020625,5147.15,3645.0825,1502.0674999999997,673.2217079844963,9827.63625,10927.255,8725.685,2201.5699999999997,952.1458477423067,6.184801263312077,3,0,2
2024-08-15 12:00:00+00:00,24123.75,26275.0,22625.0,3650.0,1605.9064159117945,52.805,63.69,47.09,16.599999999999994,7.480839970662829,,16.599999999999994,0.14166915956183748,4264.251875,5104.755,3083.5375,2021.2175000000002,898.3416547713883,11298.964375,11357.0275,11148.41,208.6175000000003,100.8604229941689,7.480839970662829,3,0,3
2024-08-15 16:00:00+00:00,27096.625,27560.5,26296.5,1264.0,569.2949404014286,89.91499999999999,95.1,80.28,14.819999999999993,6.676039244941559,,14.819999999999993,0.07424833726232069,859.748125,2063.8575,20.2825,2043.575,912.8122814923281,9165.62875,10399.7075,8006.07,2393.6375000000007,1029.771795752381,6.676039244941559,3,0,4
2024-08-15 20:00:00+00:00,21482.875,23967.0,19766.5,4200.5,1856.069385152398,75.16250000000001,89.18,62.17,27.010000000000005,11.695832234888918,,27.010000000000005,0.15560728069035645,0.0,0.0,0.0,0.0,0.0,7298.485625,7413.72,6978.9525,434.7674999999999,213.14442896166864,11.695832234888918,3,0,5
2024-08-16 00:00:00+00:00,18785.0,19247.0,18552.0,695.0,319.35664493895644,54.0,57.51,51.17,6.339999999999996,2.6309060543217138,,6.339999999999996,0.04872048248743918,0.0,0.0,0.0,0.0,0.0,5898.18875,6607.12,5228.1325,1378.9875000000002,599.3534114933776,2.6309060543217138,4,0,0
2024-08-16 04:00:00+00:00,23309.0,24376.0,21250.0,3126.0,1406.088190690755,77.685,84.65,63.51,21.140000000000008,9.896054769452316,,21.140000000000008,0.12738694431939654,1324.846875,3476.3725,1.035,3475.3375,1580.1094816398736,4345.684375,4804.595,4080.2725,724.3225000000002,334.71112174265977,9.896054769452316,4,0,1
2024-08-16 08:00:00+00:00,21100.375,22661.0,19693.0,2968.0,1313.5795480924126,51.964999999999996,76.21,30.51,45.69999999999999,20.057493196641822,,45.69999999999999,0.38598081779355004,7805.878124999999,9367.785,5608.3225,3759.4624999999996,1658.0684036834032,4471.5912499999995,4738.06,4184.6425,553.4175000000005,239.5032542445933,20.057493196641822,4,0,2
2024-08-16 12:00:00+00:00,21009.125,23596.5,19509.5,4087.0,1853.4333624834383,25.247500000000002,41.03,17.89,23.14,10.62635834454432,,23.14,0.4208875470658211,8139.034375,9494.5525,6217.2575,3277.295,1455.0905075936216,5123.3075,5361.9975,4899.5175,462.4800000000005,202.33397557215505,10.62635834454432,4,0,3
2024-08-16 16:00:00+00:00,25666.25,25986.0,25307.5,678.5,303.78295431661957,87.2975,95.91,71.38,24.53,11.016355643617658,,24.53,0.12619325460199504,1749.389375,4250.7025,6.6075,4244.095,1908.5629635991565,5680.625625000001,5912.09,5506.2775,405.8125,171.4563505115197,11.016355643617658,4,0,4
2024-08-16 20:00:00+00:00,21002.0,24249.0,18804.5,5444.5,2424.903537600345,75.1575,88.78,62.82,25.96,11.237474137901273,,25.96,0.14951899860827297,0.0,0.0,0.0,0.0,0.0,6119.9775,6251.735000000001,5876.09,375.64500000000044,167.69664598613775,11.237474137901273,4,0,5
2024-08-17 00:00:00+00:00,17267.125,17870.0,16961.0,909.0,425.14397071266774,53.22,57.26,50.52,6.739999999999995,2.877823251463969,,6.739999999999995,0.054074093413453025,0.0,0.0,0.0,0.0,0.0,5216.604375,5565.1275,4803.985,761.1424999999999,329.1389215904569,2.877823251463969,5,1,0
2024-08-17 04:00:00+00:00,18927.875,19457.0,17864.5,1592.5,734.8613673113226,62.255,66.08,56.46,9.619999999999997,4.430549251127525,,9.619999999999997,0.07116776565942531,1446.01125,3748.915,0.625,3748.29,1704.891638287338,4453.7275,4530.545,4382.415,148.1300000000001,70.58445009939044,4.430549251127525,5,1,1
2024-08-17 08:00:00+00:00,18004.375,18662.5,17323.0,1339.5,550.7082371819038,13.5475,33.75,2.74,31.009999999999998,13.917388105052853,,31.009999999999998,1.0273030525966307,7637.290625,8878.797499999999,5752.135,3126.6624999999985,1396.968996690356,4570.485625,4586.5775,4550.925,35.652500000000146,15.162660328226353,13.917388105052853,5,1,2
2024-08-17 12:00:00+00:00,18940.25,22020.0,17066.5,4953.5,2258.2601894673985,10.6375,35.39,-0.39,35.78,16.94627073036031,,35.78,1.5930689288235311,6996.349375,8647.81,4865.6875,3782.1224999999995,1654.0701650327778,4650.104375,4787.61,4545.2075,242.40249999999924,106.90057901259982,16.94627073036031,5,1,3
2024-08-17 16:00:00+00:00,24753.0,25156.0,24212.5,943.5,471.1448821753241,84.63499999999999,93.25,68.13,25.120000000000005,11.423486041193096,,25.120000000000005,0.13497354571032186,1236.25125,3076.12,2.98,3073.14,1378.4962363938766,4976.07125,5057.115,4911.4400000000005,145.67499999999927,60.29931735033654,11.423486041193096,5,1,4
2024-08-17 20:00:00+00:00,20124.125,22637.0,18144.0,4493.0,2011.9316744114353,77.815,87.15,69.22,17.930000000000007,7.342599448878218,,17.930000000000007,0.09435969220430789,0.0,0.0,0.0,0.0,0.0,5250.745625,5282.23,5195.3375,86.89249999999993,38.518857306897765,7.342599448878218,5,1,5
2024-08-18 00:00:00+00:00,16556.0,17362.0,16005.0,1357.0,611.4109365503155,55.260000000000005,63.52,48.88,14.64,6.481897870222891,,14.64,0.11729818802430127,0.0,0.0,0.0,0.0,0.0,5688.223125,5977.4625,5397.5325,579.9299999999994,250.53760410012092,6.481897870222891,6,1,0
2024-08-18 04:00:00+00:00,17189.5,17885.5,16183.5,1702.0,796.4936701987447,46.9725,50.66,44.54,6.119999999999997,2.8770514420148925,,6.119999999999997,0.0612496980576911,1256.808125,3266.0175,0.0825,3265.935,1489.551772271297,6319.1175,6616.28,6069.625,546.6549999999997,233.06975974659,2.8770514420148925,6,1,1
2024-08-18 08:00:00+00:00,17827.875,18326.5,17106.0,1220.5,532.739832532416,37.345,39.39,33.22,6.170000000000002,2.8509238268790478,,6.170000000000002,0.07634017477250093,6956.9375,8585.2625,4972.63,3612.6325000000006,1568.7597108583902,7062.201875000001,7149.64,6926.467500000001,223.17249999999967,98.62368705030119,2.8509238268790478,6,1,2
2024-08-18 12:00:00+00:00,18509.75,21723.5,16607.0,5116.5,2337.091015914157,34.6975,44.43,29.89,14.54,6.704721595015461,,14.54,0.19323356423418003,7700.5756249999995,8928.8175,5740.2525000000005,3188.5649999999987,1447.5497392970856,6572.6625,6998.99,6140.18,858.8099999999995,371.340047811077,6.704721595015461,6,1,3
2024-08-18 16:00:00+00:00,24579.0,24829.0,24121.0,708.0,315.2884922310567,89.1675,99.39,68.42,30.97,14.526239189824729,,30.97,0.1629095711983036,1584.9099999999999,3888.85,3.3975,3885.4525,1751.2900682318445,5142.468125,5811.780000000001,4491.157499999999,1320.6225000000013,575.2099254090315,14.526239189824729,6,1,4
2024-08-18 20:00:00+00:00,20531.25,23300.5,18687.0,4613.5,2063.2196724213995,85.095,95.82,76.9,18.919999999999987,8.528170964515189,,18.919999999999987,0.10021941317956622,0.0,0.0,0.0,0.0,0.0,3847.854375,4276.35,3428.815,847.5350000000003,371.01427732172584,8.528170964515189,6,1,5
2024-08-19 00:00:00+00:00,17748.25,18187.5,17385.0,802.5,385.625141815209,72.7775,73.73,71.86,1.8700000000000045,0.9162377784541884,,1.8700000000000045,0.012589574778663582,0.0,0.0,0.0,0.0,0.0,2666.061875,3096.815,2372.7,724.1150000000002,325.83229122622123,0.9162377784541884,0,0,0
2024-08-19 04:00:00+00:00,23572.75,25211.0,20526.0,4685.0,2160.216752241929,88.3125,92.85,79.51,13.33999999999999,6.120579357108821,,13.33999999999999,0.06930592336428955,978.4143750000001,2629.87,0.0,2629.87,1203.7696681577263,3113.67375,3736.51,2566.555,1169.9550000000004,503.9077911743875,6.120579357108821,0,0,1
2024-08-19 08:00:00+00:00,24128.125,24633.0,23539.0,1094.0,450.8832766544648,78.0125,86.89,71.68,15.209999999999994,6.628953537323966,,15.209999999999994,0.08497296634928977,5132.916875,5739.9625,4081.185,1658.7774999999997,756.0026266802224,5233.373750000001,6095.05,4336.295,1758.755,751.0658898012322,6.628953537323966,0,0,2
2024-08-19 12:00:00+00:00,24405.875,26073.5,23485.0,2588.5,1215.7493830966973,67.2275,71.56,64.53,7.030000000000001,3.224514175293185,,7.030000000000001,0.0479642136817996,4326.489375,5480.25,2937.8,2542.45,1106.460225332673,7635.661875,8883.994999999999,6612.32,2271.6749999999993,995.068551452141,3.224514175293185,0,0,3
2024-08-19 16:00:00+00:00,26706.125,27259.5,25429.5,1830.0,860.633814406569,86.5775,90.29,82.57,7.720000000000013,4.068917751278184,,7.720000000000013,0.04699740407470975,673.061875,1803.325,0.11,1803.2150000000001,823.2521785308129,10658.294375,11512.9125,9672.615,1840.2975000000006,800.9261098887724,4.068917751278184,0,0,4
2024-08-19 20:00:00+00:00,19493.625,22414.5,17723.5,4691.0,2095.3373783633674,39.46,69.01,16.77,52.24000000000001,23.738299574035768,,52.24000000000001,0.6015788031940134,0.0,0.0,0.0,0.0,0.0,11964.913125,12137.0,11796.155,340.84499999999935,149.27978160955297,23.738299574035768,0,0,5
2024-08-20 00:00:00+00:00,17366.0,18040.5,17084.5,956.0,451.8913955070766,14.435,17.16,12.63,4.529999999999999,2.0854495918146765,,4.529999999999999,0.1444717417259907,0.0,0.0,0.0,0.0,0.0,11710.353125,11786.875,11534.9525,251.92250000000058,118.02404164291781,2.0854495918146765,1,0,0
2024-08-20 04:00:00+00:00,22918.5,24334.5,20343.5,3991.0,1807.2411755675182,61.977500000000006,80.68,32.49,48.190000000000005,22.17401989566469,,48.190000000000005,0.3577753200058842,942.6962500000001,2599.5325000000003,0.13,2599.4025,1196.038294405918,9711.361875,10863.84,8836.0825,2027.7574999999997,890.4721743579236,22.17401989566469,1,0,1
2024-08-20 08:00:00+00:00,21663.875,22580.5,20283.0,2297.5,1012.3513368226801,51.275,74.02,27.92,46.099999999999994,19.984276319146506,,46.099999999999994,0.38974697843289136,6083.535,7898.2425,4129.9175,3768.3250000000007,1625.9574327108016,8843.023125,9265.0225,8625.57,639.4524999999994,301.4010293430705,19.984276319146506,1,0,2
2024-08-20 12:00:00+00:00,21824.5,24843.5,19643.5,5200.0,2338.24121937836,14.2225,23.36,8.07,15.29,6.979839420311425,,15.29,0.4907603740770909,7554.749375,8486.630000000001,5945.82,2540.8100000000013,1162.1184577930212,10040.759375,10205.5475,9774.105,431.442500000001,194.91579749743835,6.979839420311425,1,0,3
2024-08-20 16:00:00+00:00,25641.875,25997.0,24713.0,1284.0,620.5608182657577,67.97749999999999,79.0,46.78,32.22,14.870163359335809,,32.22,0.21875125386099536,1661.41125,4084.21,4.3725,4079.8375,1839.9275252602797,10754.425625,11426.5375,10099.8775,1326.6599999999999,574.9071287512985,14.870163359335809,1,0,4
2024-08-20 20:00:00+00:00,19666.375,22274.5,17728.0,4546.5,1959.5561306496597,43.239999999999995,65.41,24.5,40.91,16.961770740894554,,40.91,0.3922703686608362,0.0,0.0,0.0,0.0,0.0,12411.575,12873.97,11804.87,1069.0999999999985,476.0384708368292,16.961770740894554,1,0,5
2024-08-21 00:00:00+00:00,17008.875,17372.5,16728.0,644.5,272.7939927857649,18.8675,20.03,17.55,2.4800000000000004,1.3063020324565064,,2.4800000000000004,0.06923556552041903,0.0,0.0,0.0,0.0,0.0,12824.311875,13011.425,12490.8,520.625,233.81789956230722,1.3063020324565064,2,0,0
2024-08-21 04:00:00+00:00,22384.0,23776.5,19682.5,4094.0,1872.5974384973047,55.1375,69.0,30.82,38.18,17.54093949403319,,38.18,0.3181308455050227,1172.771875,3149.805,0.6425,3149.1625,1439.340261842173,11464.54875,12096.11,10935.8325,1160.2775000000001,508.4057154580546,17.54093949403319,2,0,1
2024-08-21 08:00:00+00:00,23030.375,23197.0,22903.0,294.0,140.9925382186358,47.2525,53.1,43.34,9.759999999999998,4.16029946838766,,9.759999999999998,0.08804400758452277,6219.078125,6871.82,4941.535,1930.2849999999999,895.7176401247937,10813.805625,10848.925,10763.3225,85.60249999999905,40.591631443305914,4.16029946838766,2,0,2
2024-08-21 12:00:00+00:00,23811.75,25831.5,22389.5,3442.0,1579.3974325672434,53.042500000000004,64.73,45.76,18.970000000000006,8.696027349696335,,18.970000000000006,0.16394452278260518,4876.7875,6242.625,3326.23,2916.395,1258.873551793097,11039.31375,11341.9225,10850.5475,491.375,213.68541732435423,8.696027349696335,2,0,3
2024-08-21 16:00:00+00:00,25407.875,26493.5,23930.5,2563.0,1122.0559533730923,89.745,95.0,80.89,14.11,6.164481594857208,,14.11,0.06868885837492018,788.51875,2091.1775,0.1325,2091.0449999999996,953.5675575994863,12180.51,12785.32,11762.605,1022.7150000000001,447.9695941132621,6.164481594857208,2,0,4
2024-08-21 20:00:00+00:00,18836.875,21371.0,16788.0,4583.0,1988.3127845403662,43.045,76.76,12.79,63.970000000000006,29.15527682370151,,63.970000000000006,0.6773208694087937,0.0,0.0,0.0,0.0,0.0,13265.590625,13335.8725,13207.8125,128.0599999999995,53.69028083116373,29.15527682370151,2,0,5
2024-08-22 00:00:00+00:00,15508.75,15866.0,14978.5,887.5,398.22951924738067,4.365,8.03,1.87,6.159999999999999,2.853740235784142,,6.159999999999999,0.6537778317947635,0.0,0.0,0.0,0.0,0.0,13447.741250000001,13479.26,13390.145,89.11499999999978,39.426207944926716,2.853740235784142,3,0,0
2024-08-22 04:00:00+00:00,22218.625,24495.0,18337.0,6158.0,2918.9139354390018,29.997500000000002,49.25,5.8,43.45,19.75187143032275,,43.45,0.6584505852261937,374.36312499999997,1075.7975,0.06,1075.7375,498.85587587738786,13523.285625,13594.4175,13430.905,163.5124999999989,78.08418673604315,19.75187143032275,3,0,1
2024-08-22 08:00:00+00:00,23526.25,23887.0,23184.0,703.0,311.26877453416313,37.9675,44.47,33.89,10.579999999999998,4.545286019603163,,10.579999999999998,0.11971517797071617,2775.8975,3584.8175,1837.325,1747.4925,754.6700663893901,13574.67625,13690.03,13439.485,250.54500000000007,115.0968910219413,4.545286019603163,3,0,2
2024-08-22 12:00:00+00:00,24147.375,26502.0,22440.5,4061.5,1850.5047228166338,32.457499999999996,46.83,24.94,21.889999999999997,10.039410258243924,,21.889999999999997,0.3093094125623947,4058.966875,4401.0525,3526.3875,874.665,378.036178671957,12690.243125,13380.9925,11745.1275,1635.8649999999998,726.5758150977053,10.039410258243924,3,0,3
2024-08-22 16:00:00+00:00,26938.375,28081.5,25555.0,2526.5,1085.4083237043405,85.85,94.56,70.99,23.570000000000007,10.69807147729596,,23.570000000000007,0.12461352914730299,927.229375,2395.895,1.7,2394.195,1086.055124652932,9246.339375,10953.135,7745.3075,3207.8275000000003,1400.5914359303945,10.69807147729596,3,0,4
2024-08-22 20:00:00+00:00,20558.25,23013.5,18594.0,4419.5,1912.5738547831297,75.065,88.97,59.68,29.29,12.485908056685352,,29.29,0.16633461742070665,0.0,0.0,0.0,0.0,0.0,6914.97875,7233.5175,6686.975,546.5424999999996,245.65678056063615,12.485908056685352,3,0,5
2024-08-23 00:00:00+00:00,16907.75,17494.0,16247.5,1246.5,530.6719796635206,37.8275,51.3,26.38,24.919999999999998,10.995785177360762,,24.919999999999998,0.29068231253349447,0.0,0.0,0.0,0.0,0.0,7467.258125,8551.615,6687.035,1864.58,836.4667108522984,10.995785177360762,4,0,0
2024-08-23 04:00:00+00:00,21496.625,22513.0,19516.5,2996.5,1344.1930277431632,42.495000000000005,55.81,29.72,26.090000000000003,11.141455620040558,,26.090000000000003,0.2621827419705979,796.5987500000001,2432.5325000000003,0.245,2432.2875000000004,1137.6328757528722,10416.4525,11300.8025,9437.615,1863.1875,797.390592048527,11.141455620040558,4,0,1
2024-08-23 08:00:00+00:00,18816.375,20621.5,17739.5,2882.0,1353.4505516764666,-7.8725,5.98,-12.98,18.96,9.248961653432598,,18.96,-1.174844287511286,7268.903125,9355.7875,4642.0425,4713.745000000001,2058.0547484805234,12210.975625000001,12420.985,11813.305,607.6800000000003,282.94463299951366,9.248961653432598,4,0,2
2024-08-23 12:00:00+00:00,19842.875,23179.5,17701.0,5478.5,2500.7154434614636,-7.2325,11.02,-14.33,25.35,12.238415951421162,,25.35,-1.6921418529445091,7899.135,9606.795,5508.8825,4097.9125,1819.4039576545856,11066.51875,12140.225,9841.165,2299.0599999999995,993.4950007538613,12.238415951421162,4,0,3
2024-08-23 16:00:00+00:00,25390.5,25907.5,24721.0,1186.5,511.5719239103466,83.8225,96.92,58.29,38.63,17.694743805247185,,38.63,0.21109778168447824,1304.7175,3407.115,1.5225,3405.5924999999997,1543.6113105514937,7804.2318749999995,8769.5,7246.0025,1523.4975000000004,691.9292582500003,17.694743805247185,4,0,4
2024-08-23 20:00:00+00:00,20140.375,22604.5,18398.5,4206.0,1821.424917246568,65.2875,87.19,43.75,43.44,19.661824898348915,,43.44,0.3011575707194933,0.0,0.0,0.0,0.0,0.0,8237.317500000001,8890.4075,7360.0275,1530.3799999999992,700.4254735992025,19.661824898348915,4,0,5
2024-08-24 00:00:00+00:00,17303.375,17622.5,17038.0,584.5,240.68041569683191,35.0575,37.69,33.33,4.359999999999999,1.9218285563493966,,4.359999999999999,0.05481932700133763,0.0,0.0,0.0,0.0,0.0,7514.65875,8530.49,6439.95,2090.54,892.9158687727811,1.9218285563493966,5,1,0
2024-08-24 04:00:00+00:00,21380.625,23589.0,18472.0,5117.0,2275.7744240514407,55.415,67.27,42.54,24.729999999999997,11.130931377622149,,24.729999999999997,0.2008649531286141,300.3575,825.115,1.1875,823.9275,377.1955433028073,5305.505,5716.3825,5070.92,645.4624999999996,292.459346939878,11.130931377622149,5,1,1
2024-08-24 08:00:00+00:00,22331.375,23420.5,20902.0,2518.5,1048.731883037795,63.942499999999995,69.85,57.35,12.499999999999993,5.224834128148631,,12.499999999999993,0.08171144587947966,2815.77625,3988.5025,1553.2075,2435.295,1049.9407314433279,4914.17375,5075.09,4777.985000000001,297.10499999999956,124.32857001878794,5.224834128148631,5,1,2
2024-08-24 12:00:00+00:00,20902.375,23136.0,19617.5,3518.5,1625.2876347998636,34.3575,44.05,29.49,14.559999999999999,6.569522433175792,,14.559999999999999,0.19121072351526724,4482.326875,4770.1075,3971.0925,799.0149999999999,350.7871449229988,5563.570625,5914.63,5250.3375,664.2925000000005,287.07696367419635,6.569522433175792,5,1,3
2024-08-24 16:00:00+00:00,23709.625,24184.5,23018.5,1166.0,547.2760386678738,67.8825,78.21,49.85,28.359999999999992,12.759000418005584,,28.359999999999992,0.18795713796642116,1127.571875,2789.0425,1.2475,2787.795,1257.7081358804578,7057.6118750000005,8173.4775,6188.280000000001,1985.1974999999993,859.4878337983587,12.759000418005584,5,1,4
2024-08-24 20:00:00+00:00,18676.125,21263.0,16826.0,4437.0,1989.6973126165024,40.7875,60.1,27.45,32.650000000000006,13.768939380601056,,32.650000000000006,0.33757742888387526,0.0,0.0,0.0,0.0,0.0,10899.30875,11752.23,9346.745,2405.4849999999988,1112.378814078377,13.768939380601056,5,1,5
2024-08-25 00:00:00+00:00,15638.25,16208.0,15310.0,898.0,408.42981853271516,13.4575,20.61,9.34,11.27,5.007543476263254,,11.27,0.37210057412322145,0.0,0.0,0.0,0.0,0.0,11244.84,11563.1925,10763.975,799.2174999999988,363.2307971925925,5.007543476263254,6,1,0
2024-08-25 04:00:00+00:00,16610.375,17418.0,15548.5,1869.5,849.6663438275838,7.585,11.09,3.85,7.24,3.124499959993599,,7.24,0.41193143836435053,1134.8912500000001,3109.6675,0.485,3109.1825,1429.3736618219941,10199.093125,10420.6625,9939.2525,481.40999999999985,198.18491367885628,3.124499959993599,6,1,1
2024-08-25 08:00:00+00:00,16325.375,17373.0,15594.5,1778.5,875.8322113852636,7.9375,10.8,3.94,6.860000000000001,3.209780625941073,,6.860000000000001,0.40438181114218247,5568.979375,5983.47,4797.705,1185.7650000000003,529.4942193986285,10678.046875,11560.105,9817.9725,1742.1324999999997,765.6473465510924,3.209780625941073,6,1,2
2024-08-25 12:00:00+00:00,19730.875,21873.5,17996.0,3877.5,1666.234396025961,10.6775,17.87,7.1,10.770000000000001,4.8862553828741575,,10.770000000000001,0.4576216701357207,4143.30375,5125.135,3036.88,2088.255,890.6371048054597,12083.546875,12174.29,11912.8225,261.46750000000065,122.31358050749132,4.8862553828741575,6,1,3
2024-08-25 16:00:00+00:00,22417.625,22864.0,21557.5,1306.5,601.9315264214026,62.302499999999995,73.2,42.4,30.800000000000004,13.887621286599085,,30.800000000000004,0.22290632457123047,761.61625,2002.4075,0.3025,2002.105,915.4318067686693,11989.15,12122.525,11904.935,217.59000000000015,99.57045219340947,13.887621286599085,6,1,4
2024-08-25 20:00:00+00:00,18117.875,20331.0,16691.0,3640.0,1612.891728903917,32.7975,62.05,5.93,56.12,25.36544023535435,,56.12,0.7733955403721122,0.0,0.0,0.0,0.0,0.0,11827.81875,11902.635,11651.895,250.73999999999978,119.40297660827557,25.36544023535435,6,1,5
2024-08-26 00:00:00+00:00,15718.375,16067.0,15424.5,642.5,266.96984068117774,3.6,6.26,1.65,4.609999999999999,2.1933687940395856,,4.609999999999999,0.6092691094554404,0.0,0.0,0.0,0.0,0.0,11010.205,11470.04,10413.56,1056.4800000000014,464.3009912222891,2.1933687940395856,0,0,0
2024-08-26 04:00:00+00:00,18626.375,19606.5,17150.5,2456.0,1078.3532487856962,26.32,34.53,15.54,18.990000000000002,8.398916596799854,,18.990000000000002,0.3191077734346449,954.73625,2706.1575000000003,0.0225,2706.135,1252.104235115332,8989.2975,9957.25,8074.615,1882.6350000000002,825.226932894824,8.398916596799854,0,0,1
2024-08-26 08:00:00+00:00,18381.25,19138.5,17734.5,1404.0,604.0469766499949,19.8925,24.4,18.11,6.289999999999999,3.025044076813867,,6.289999999999999,0.15206957782148386,6071.055625,7199.7,4458.185,2741.5149999999994,1208.2783799452961,6674.420625,7510.5075,5898.95,1611.5575,686.9283261294896,3.025044076813867,0,0,2
2024-08-26 12:00:00+00:00,19997.25,23263.0,17534.5,5728.5,2522.6874063189034,26.537499999999998,53.91,13.51,40.4,18.8888880473856,,40.4,0.7117809909518832,6159.328125,7238.41,4623.8575,2614.5525,1157.483936534281,5093.58125,5429.465,4681.555,747.9099999999999,322.4761643226517,18.8888880473856,0,0,3
2024-08-26 16:00:00+00:00,25715.125,26433.0,24770.0,1663.0,738.1181449018399,101.485,108.97,87.4,21.569999999999993,9.752074992875446,,21.569999999999993,0.09609375762797898,1137.454375,2996.0675,0.6825,2995.385,1362.4955169274488,4473.241875,4900.445,4223.8625,676.5824999999995,296.79978982314407,9.752074992875446,0,0,4
2024-08-26 20:00:00+00:00,19228.5,22088.0,17234.0,4854.0,2113.0397535304437,81.735,100.62,62.76,37.86000000000001,17.12483284589955,,37.86000000000001,0.20951652102403562,0.0,0.0,0.0,0.0,0.0,6637.80375,7616.625,5510.205,2106.42,929.108917730451,17.12483284589955,0,0,5
2024-08-27 00:00:00+00:00,16228.375,16822.5,15768.0,1054.5,515.2082709933915,45.665,54.76,40.69,14.07,6.347054434932794,,14.07,0.13899166615422728,0.0,0.0,0.0,0.0,0.0,8539.515,8783.76,8117.0025,666.7575000000006,296.2045509933406,6.347054434932794,1,0,0
2024-08-27 04:00:00+00:00,22610.375,24427.5,19587.0,4840.5,2182.1078255897437,64.2125,74.14,48.69,25.450000000000003,11.638477492066276,,25.450000000000003,0.18124940614469573,678.274375,1968.1325,0.0,1968.1325,914.5055973023871,9587.820625,9992.2275,9074.69,917.5375000000004,400.32442688386647,11.638477492066276,1,0,1
2024-08-27 08:00:00+00:00,22159.0,22787.0,21498.5,1288.5,555.8403547782407,46.182500000000005,63.24,31.41,31.830000000000002,14.037754746872215,,31.830000000000002,0.3039626427082166,4619.851875,5765.31,3259.57,2505.7400000000002,1091.6517774710621,10367.698125,10446.6725,10198.1825,248.48999999999978,115.61137390655963,14.037754746872215,1,0,2
2024-08-27 12:00:00+00:00,23775.0,26727.5,21479.5,5248.0,2389.6025471473986,41.875,66.63,26.18,40.449999999999996,18.72997686419642,,40.449999999999996,0.4472830295927504,5082.3425,5902.4275,3805.37,2097.0575,941.8286066897559,9621.1925,10245.005,8948.775,1296.2299999999996,557.9209743883991,18.72997686419642,1,0,3
2024-08-27 16:00:00+00:00,27597.75,28086.0,26422.5,1663.5,791.6940170714104,97.6,103.52,86.7,16.819999999999993,7.5405216442011955,,16.819999999999993,0.0772594430758319,875.665625,2371.91,1.37,2370.54,1083.513302257166,8074.639375,8541.585,7675.575,866.0099999999993,372.7765246116798,7.5405216442011955,1,0,4
2024-08-27 20:00:00+00:00,21316.875,23974.0,19472.0,4502.0,1958.3984262231554,81.53,95.28,67.52,27.760000000000005,11.71923490107894,,27.760000000000005,0.14374138232649258,0.0,0.0,0.0,0.0,0.0,7063.8175,7477.0075,6510.76,966.2474999999995,425.194528573883,11.71923490107894,1,0,5
2024-08-28 00:00:00+00:00,18956.875,19451.5,18442.5,1009.0,412.70275320138103,64.84,67.89,63.1,4.789999999999999,2.117750378743127,,4.789999999999999,0.03266117178814202,0.0,0.0,0.0,0.0,0.0,5407.298125,6057.845,4851.8,1206.045,525.4577000552908,2.117750378743127,2,0,0
2024-08-28 04:00:00+00:00,25130.375,26746.5,22272.5,4474.0,2075.700057611086,89.68,95.8,78.44,17.36,7.931141153705436,,17.36,0.08843823766397677,727.413125,2098.2725,0.0,2098.2725,972.7846382451406,4269.359375,4514.0175,4155.139999999999,358.8775000000005,166.60339902963952,7.931141153705436,2,0,1
2024-08-28 08:00:00+00:00,25147.375,25895.0,24328.0,1567.0,641.1195123895908,84.17750000000001,90.65,78.11,12.540000000000006,5.4237463989386585,,12.540000000000006,0.06443225801358624,4775.296249999999,5697.2225,3529.4175,2167.805,949.5676970919009,4446.835,4646.33,4205.735,440.59500000000025,196.6902860145873,5.4237463989386585,2,0,2
2024-08-28 12:00:00+00:00,25272.625,27340.5,24168.5,3172.0,1438.4090965947996,74.655,82.93,69.74,13.190000000000012,5.778664782340873,,13.190000000000012,0.0774049264261051,4856.631875,5728.9375,3644.815,2084.1225,920.4487924521183,4871.016875,4908.355,4807.865,100.48999999999978,44.684116369568635,5.778664782340873,2,0,3
2024-08-28 16:00:00+00:00,28528.0,29027.0,27507.5,1519.5,690.9627341615469,104.47,110.17,94.77,15.400000000000006,6.756631310547197,,15.400000000000006,0.06467532603184832,889.30875,2353.27,0.8975,2352.3725,1071.4910353694443,4305.821875000001,4703.735000000001,3984.765,718.9700000000007,321.8426206974397,6.756631310547197,2,0,4
2024-08-28 20:00:00+00:00,21778.0,25069.5,19737.0,5332.5,2371.3623721396943,90.11500000000001,100.56,81.54,19.019999999999996,8.25324784554541,,19.019999999999996,0.09158572763186384,0.0,0.0,0.0,0.0,0.0,3789.82875,3913.36,3661.785,251.57500000000027,141.95745110037967,8.25324784554541,2,0,5
2024-08-29 00:00:00+00:00,18689.875,19067.5,18305.5,762.0,365.8431756458862,75.145,77.33,73.88,3.450000000000003,1.5055563755635388,,3.450000000000003,0.020035349997518558,0.0,0.0,0.0,0.0,0.0,4123.648125,4185.58,4064.6025,120.97749999999996,49.42700001749216,1.5055563755635388,3,0,0
2024-08-29 04:00:00+00:00,23523.375,24675.0,21131.0,3544.0,1666.9397797061133,89.91,94.96,82.13,12.829999999999998,5.485976060222408,,12.829999999999998,0.061016305863890626,1094.52625,3117.0225,0.0,3117.0225,1447.4945652380702,4268.003125,4360.2525000000005,4200.275,159.97750000000087,75.26880842949411,5.485976060222408,3,0,1
2024-08-29 08:00:00+00:00,22669.875,23716.0,21767.0,1949.0,825.8478850046574,67.065,84.51,52.8,31.710000000000008,14.076113336666012,,31.710000000000008,0.20988762151145918,7104.280624999999,8561.5525,5069.6775,3491.875,1545.0243366143875,4892.99125,5294.885,4460.6125,834.2725,365.4238209742439,14.076113336666012,3,0,2
2024-08-29 12:00:00+00:00,23907.125,27071.5,21648.0,5423.5,2445.707408740193,56.25,73.56,47.2,26.36,12.283218904939643,,26.36,0.21836833608781586,7102.733125,8527.3275,5269.8150000000005,3257.512499999999,1423.858926035709,5035.724375,5333.195,4653.895,679.2999999999993,297.6550218399854,12.283218904939643,3,0,3
2024-08-29 16:00:00+00:00,27904.5,28267.0,26992.5,1274.5,611.555530321382,103.4075,111.0,90.93,20.069999999999993,8.849588973506055,,20.069999999999993,0.08557975943240144,1258.516875,3370.34,0.4175,3369.9225,1540.1072794159168,4021.65625,4327.265,3825.04,502.22500000000036,224.89075630829464,8.849588973506055,3,0,4
2024-08-29 20:00:00+00:00,21771.5,24404.5,20210.0,4194.5,1903.0741358829578,92.0775,101.39,85.05,16.340000000000003,6.8236128016371635,,16.340000000000003,0.07410727703985416,0.0,0.0,0.0,0.0,0.0,3893.728125,4017.105,3777.42,239.68499999999995,101.52234674721863,6.8236128016371635,3,0,5
2024-08-30 00:00:00+00:00,18975.125,19661.5,18483.5,1178.0,503.00122183416903,80.7475,82.14,79.45,2.6899999999999977,1.1230724227166586,,2.6899999999999977,0.01390844822089425,0.0,0.0,0.0,0.0,0.0,3498.744375,3705.5,3284.7175,420.7824999999998,178.99083186920262,1.1230724227166586,4,0,0
2024-08-30 04:00:00+00:00,23649.875,25065.5,21096.5,3969.0,1768.1106382708826,95.8125,101.29,88.05,13.240000000000009,5.597025251565933,,13.240000000000009,0.058416440981771,1159.7493749999999,3347.895,0.0,3347.895,1554.3432409600618,2867.340625,3116.645,2580.1800000000003,536.4649999999997,234.34811186543757,5.597025251565933,4,0,1
2024-08-30 08:00:00+00:00,22517.875,23277.0,21874.5,1402.5,581.870314159435,79.095,88.86,72.43,16.429999999999993,7.663413077735011,,16.429999999999993,0.09688871708369695,7929.3825,9466.375,5694.8150000000005,3771.5599999999995,1673.1044536068766,2284.091875,2480.795,2060.37,420.4250000000002,182.7083129081138,7.663413077735011,4,0,2
2024-08-30 12:00:00+00:00,23217.0,25425.0,21978.0,3447.0,1561.72746235272,77.295,86.3,71.05,15.25,6.887701600195329,,15.25,0.08910927744608749,7600.429375,9338.09,5376.32,3961.7700000000004,1737.431236886772,1756.6625,1859.24,1681.9625,177.27749999999992,79.49384758688343,6.887701600195329,4,0,3
2024-08-30 16:00:00+00:00,27467.75,27981.5,26512.5,1469.0,666.3440677808027,108.3675,114.12,99.05,15.070000000000007,6.487980553813855,,15.070000000000007,0.05987016913570814,1212.55125,3339.54,0.4425,3339.0975,1533.0399219667274,2314.681875,2719.315,1949.085,770.23,332.2723076996673,6.487980553813855,4,0,4
2024-08-30 20:00:00+00:00,21619.5,24617.5,19687.5,4930.0,2196.208133731106,93.475,102.59,85.93,16.659999999999997,6.9099614084788215,,16.659999999999997,0.07392309610568412,0.0,0.0,0.0,0.0,0.0,2850.0056250000002,2941.0475,2757.77,183.27750000000015,76.66938362146803,6.9099614084788215,4,0,5
2024-08-31 00:00:00+00:00,18085.125,18851.5,17752.0,1099.5,519.0875608539786,79.82,82.74,77.74,5.0,2.242572927093639,,5.0,0.028095376185086916,0.0,0.0,0.0,0.0,0.0,3277.231875,3555.56,2979.9675,575.5924999999997,248.81517038569515,2.242572927093639,5,1,0
2024-08-31 04:00:00+00:00,19766.5,20697.5,18554.0,2143.5,910.7944334480746,87.1175,90.82,83.79,7.029999999999987,3.763547750018146,,7.029999999999987,0.04320082360051823,997.34125,2898.24,0.0,2898.24,1348.2584853455398,4031.6187499999996,4298.5875,3742.98,555.6074999999996,241.10865925708666,3.763547750018146,5,1,1
2024-08-31 08:00:00+00:00,18955.125,19151.0,18704.0,447.0,187.86802770384634,54.239999999999995,72.41,37.01,35.4,15.177645842927465,,35.4,0.2798238540362733,6644.04375,8010.615,4812.7125,3197.9025,1408.2465920730701,4595.7625,4817.485000000001,4389.605,427.880000000001,183.90224180707227,15.177645842927465,5,1,2
2024-08-31 12:00:00+00:00,20744.0,23693.0,18692.0,5001.0,2231.4884419746986,39.8125,59.83,29.72,30.11,14.187220481828001,,30.11,0.3563509069218964,6517.876875,7916.5175,4569.48,3347.0375000000004,1471.711329589886,5473.44875,6047.11,5016.575,1030.5349999999999,446.3399159529841,14.187220481828001,5,1,3
2024-08-31 16:00:00+00:00,25160.375,25630.5,24264.5,1366.0,616.6593299113107,93.73750000000001,99.7,84.12,15.579999999999998,6.804490551589201,,15.579999999999998,0.07259091133846325,967.07375,2686.7675,0.1675,2686.6,1235.0401595587555,7870.509375,9019.71,6695.805,2323.904999999999,1003.7026559037433,6.804490551589201,5,1,4
2024-08-31 20:00:00+00:00,19668.0,22233.5,17876.5,4357.0,1918.9532737059203,67.145,82.99,52.2,30.789999999999992,12.99056709052123,,30.789999999999992,0.19347035654957528,0.0,0.0,0.0,0.0,0.0,9145.5475,9522.455,8862.94,659.5149999999994,317.46615196216817,12.99056709052123,5,1,5
2024-09-01 00:00:00+00:00,16424.25,16983.0,16140.5,842.5,386.7269708722158,40.9875,45.42,38.46,6.960000000000001,3.049146055318877,,6.960000000000001,0.07439209650061304,0.0,0.0,0.0,0.0,0.0,8591.619999999999,8744.41,8500.21,244.20000000000073,112.050413728226,3.049146055318877,6,1,0
2024-09-01 04:00:00+00:00,18812.875,20641.5,16893.0,3748.5,1639.4679205461757,49.4625,53.11,44.8,8.310000000000002,3.590880811165975,,8.310000000000002,0.07259804520931967,593.556875,1745.0425,0.0,1745.0425,814.9721224868549,8398.599375,8507.315,8187.75,319.5650000000005,144.15840737962228,3.590880811165975,6,1,1
2024-09-01 08:00:00+00:00,21254.375,21286.5,21218.5,68.0,28.38536888375179,46.095,52.84,42.8,10.040000000000006,4.557524913078739,,10.040000000000006,0.09887243547193272,4408.229375,5323.285,3045.3875,2277.8975,1023.9347165802266,7640.05,7997.2675,7228.09,769.1774999999998,342.7676091817408,4.557524913078739,6,1,2
2024-09-01 12:00:00+00:00,23370.0,25964.5,21246.5,4718.0,2063.8122895909564,52.9425,73.29,41.24,32.050000000000004,14.703939098078447,,32.050000000000004,0.27773412849938034,4197.104375,5096.3125,3035.85,2060.4625,896.423482866717,6858.89625,7072.025,6589.805,482.21999999999935,205.97379940075672,14.703939098078447,6,1,3
2024-09-01 16:00:00+00:00,26759.75,27283.5,25527.0,1756.5,825.846686740342,100.925,106.16,92.08,14.079999999999998,6.119915576759754,,14.079999999999998,0.06063825193717864,643.16375,1847.0675,0.0,1847.0675,856.7317865550164,6235.2837500000005,6315.455,6189.285,126.17000000000007,58.718042105897815,6.119915576759754,6,1,4
2024-09-01 20:00:00+00:00,20859.625,23576.5,19034.0,4542.5,2066.5307230154285,89.88,95.79,86.46,9.330000000000013,4.324234036219596,,9.330000000000013,0.048111193104356915,0.0,0.0,0.0,0.0,0.0,5565.435625,6293.725,4850.3525,1443.3725000000004,640.7860324189572,4.324234036219596,6,1,5
2024-09-02 00:00:00+00:00,18557.625,19215.0,18225.0,990.0,457.21573591321925,84.95,85.71,84.36,1.3499999999999943,0.5601785429664327,,1.3499999999999943,0.006594214749457726,0.0,0.0,0.0,0.0,0.0,3741.2225,4306.5075,3298.045,1008.4624999999996,434.36351992983157,0.5601785429664327,0,0,0
2024-09-02 04:00:00+00:00,26778.125,29146.0,22946.0,6200.0,2825.2525661434242,92.205,96.2,85.88,10.320000000000007,4.591307003457729,,10.320000000000007,0.04979455564728304,363.23375000000004,1087.7325,0.0,1087.7325,509.04126462768227,3179.100625,3213.7375,3125.9575,87.7800000000002,37.44651994150014,4.591307003457729,0,0,1
2024-09-02 08:00:00+00:00,28756.125,28958.5,28603.5,355.0,174.95017147748098,83.5425,89.56,79.28,10.280000000000001,4.509518636543515,,10.280000000000001,0.053978737008630616,2896.358125,3780.69,1878.1175,1902.5725,826.1117256974965,3396.99625,3855.58,3052.45,803.1300000000001,364.13892846400887,4.509518636543515,0,0,2
2024-09-02 12:00:00+00:00,29057.0,30672.0,28056.5,2615.5,1184.214296485226,79.1925,84.58,76.69,7.890000000000001,3.640214050482922,,7.890000000000001,0.045966651519814744,3431.79125,4015.28,2497.0025,1518.2775000000001,686.71928824211,4802.7725,5271.0525,4216.395,1054.6574999999993,462.75978651185727,3.640214050482922,0,0,3
2024-09-02 16:00:00+00:00,30245.875,31162.5,28871.5,2291.0,971.9579359039499,111.0125,117.35,101.18,16.169999999999987,6.902890095218569,,16.169999999999987,0.06218119666901086,520.128125,1481.725,1.475,1480.25,685.4862242518536,5473.731250000001,5614.56,5342.31,272.25,123.43254130124387,6.902890095218569,0,0,4
2024-09-02 20:00:00+00:00,22281.375,25825.0,19949.0,5876.0,2630.584199216338,91.9025,105.91,80.4,25.50999999999999,11.267331464607457,,25.50999999999999,0.12260092450811956,0.0,0.0,0.0,0.0,0.0,4944.945,5543.585,4219.9675,1323.6175000000003,582.489862447551,11.267331464607457,0,0,5
2024-09-03 00:00:00+00:00,19128.125,19736.0,18781.0,955.0,431.2513526548835,78.7525,81.8,76.8,5.0,2.1533133384004604,,5.0,0.02734279341481807,0.0,0.0,0.0,0.0,0.0,3187.45375,3838.185,2427.995,1410.19,613.687082700065,2.1533133384004604,1,0,0
2024-09-03 04:00:00+00:00,25857.375,28130.0,22327.5,5802.5,2664.581436017047,96.235,100.94,87.17,13.769999999999996,6.209629618584347,,13.769999999999996,0.06452568835230786,471.89750000000004,1440.375,0.0,1440.375,675.7079385170786,1860.3575,2037.9825,1773.125,264.8575000000001,120.51664319711207,6.209629618584347,1,0,1
2024-09-03 08:00:00+00:00,26921.25,27921.5,25790.5,2131.0,923.6152247193278,82.215,91.91,75.06,16.849999999999994,7.441193900622842,,16.849999999999994,0.0905089570105558,4337.172500000001,5714.1775,2714.7125,2999.4649999999997,1301.6568032239395,1951.994375,2192.025,1787.9675,404.0575000000001,181.47820555986655,7.441193900622842,1,0,2
2024-09-03 12:00:00+00:00,26872.0,28928.5,25649.5,3279.0,1472.404665844278,75.685,85.21,70.8,14.409999999999997,6.6071905274985525,,14.409999999999997,0.08729854697097912,5390.44875,6151.3625,4120.035,2031.3275000000003,928.5940137570437,2842.5306250000003,3087.245,2501.6325,585.6124999999997,260.9767081910358,6.6071905274985525,1,0,3
2024-09-03 16:00:00+00:00,29069.0,29993.0,27044.0,2949.0,1374.2685327111292,111.2775,117.66,100.17,17.489999999999995,7.679667419014096,,17.489999999999995,0.06901365881704834,913.823125,2564.4175,0.1775,2564.2400000000002,1185.0221539883673,2742.8075,2980.11,2603.4925000000003,376.61749999999984,171.9640280577112,7.679667419014096,1,0,4
2024-09-03 20:00:00+00:00,22093.25,24877.5,20330.0,4547.5,1990.4626974650894,96.8,105.57,90.55,15.019999999999996,6.3569227356219,,15.019999999999996,0.06567068941758164,0.0,0.0,0.0,0.0,0.0,2032.213125,2475.5325,1686.44,789.0924999999997,349.7932142076643,6.3569227356219,1,0,5
2024-09-04 00:00:00+00:00,19496.375,20053.5,19064.0,989.5,452.97817736251557,86.74000000000001,87.31,86.18,1.1299999999999955,0.640988819455273,,1.1299999999999955,0.0073897719559058595,0.0,0.0,0.0,0.0,0.0,1354.28875,1544.85,1182.04,362.80999999999995,158.23911075621172,0.640988819455273,2,0,0
2024-09-04 04:00:00+00:00,26536.875,28012.5,23336.5,4676.0,2171.348788771624,101.035,106.9,92.68,14.219999999999999,6.019842190622607,,14.219999999999999,0.05958175078559516,757.336875,2253.685,0.0,2253.685,1056.8155904559362,1114.9693750000001,1125.585,1110.93,14.654999999999973,7.085970991743689,6.019842190622607,2,0,1
2024-09-04 08:00:00+00:00,26168.375,27271.5,25357.0,1914.5,816.8686527424912,84.4275,93.97,78.52,15.450000000000003,6.862960367071934,,15.450000000000003,0.08128821020487313,5123.96875,6098.7975,3786.305,2312.4925,1012.0701614770012,1178.79125,1273.86,1120.15,153.7099999999998,69.02894638905715,6.862960367071934,2,0,2
2024-09-04 12:00:00+00:00,26560.875,28666.0,25245.0,3421.0,1565.1452741412427,82.3025,91.57,77.11,14.459999999999994,6.578902517390966,,14.459999999999994,0.07993563400128759,5101.88375,6201.4925,3554.1875,2647.3050000000003,1180.0156198798459,1525.17625,1745.2075,1365.7625,379.44499999999994,164.2412620012097,6.578902517390966,2,0,3
2024-09-04 16:00:00+00:00,29547.25,30344.5,27852.0,2492.5,1142.7070563651323,115.1,120.33,107.17,13.159999999999997,5.689422935002581,,13.159999999999997,0.04943026007821525,750.304375,2135.0275,0.2225,2134.8050000000003,990.7253239196672,2554.65875,3226.3125,2010.035,1216.2775,530.2613441836173,5.689422935002581,2,0,4
2024-09-04 20:00:00+00:00,21577.5,24711.0,19356.0,5355.0,2366.4723746538857,93.9575,106.82,83.96,22.86,9.737530059859456,,22.86,0.10363760274442661,0.0,0.0,0.0,0.0,0.0,3655.42375,3819.155,3564.885,254.26999999999998,112.62897452291467,9.737530059859456,2,0,5
2024-09-05 00:00:00+00:00,18454.375,18806.0,17984.0,822.0,351.688160875512,72.9425,79.23,68.19,11.040000000000006,4.857484774379985,,11.040000000000006,0.06659334097926428,0.0,0.0,0.0,0.0,0.0,4743.595625,5256.805,4135.1525,1121.6525000000001,485.9272989277601,4.857484774379985,3,0,0
2024-09-05 04:00:00+00:00,25850.5,28303.0,21877.5,6425.5,2877.95821720886,86.97749999999999,94.63,73.93,20.69999999999999,9.132963648235984,,20.69999999999999,0.10500374980007456,307.4375,886.4275,0.0,886.4275,412.4870573070546,6077.195,6785.07,5508.74,1276.33,558.5196400306797,9.132963648235984,3,0,1
2024-09-05 08:00:00+00:00,28563.5,28795.0,28199.5,595.5,255.69610869154775,81.3425,86.2,77.87,8.329999999999998,3.6238779872764297,,8.329999999999998,0.04455085579219264,2131.5631249999997,2612.615,1491.3975,1121.2174999999997,493.2104901238709,8015.80625,8346.76,7446.74,900.0200000000004,403.2387849933545,3.6238779872764297,3,0,2
2024-09-05 12:00:00+00:00,28575.625,29688.5,27895.5,1793.0,859.3796575631358,79.805,85.62,75.94,9.680000000000007,4.321762757641076,,9.680000000000007,0.05415403493065686,2159.90375,2594.2825000000003,1582.8874999999998,1011.3950000000004,445.56460087876144,9013.28875,9265.1425,8577.9375,687.2049999999999,320.7986521331048,4.321762757641076,3,0,3
2024-09-05 16:00:00+00:00,28696.375,29703.0,26759.0,2944.0,1342.739077098253,103.5425,107.37,97.73,9.64,4.308374596836572,,9.64,0.04160972158134649,373.84062500000005,1037.6950000000002,0.0225,1037.6725000000001,480.0139530106348,8932.59625,9073.84,8791.285,282.5550000000003,119.35125941068414,4.308374596836572,3,0,4
2024-09-05 20:00:00+00:00,21026.875,23815.5,19185.0,4630.5,2056.9512380786596,71.6375,94.26,48.86,45.400000000000006,20.94413263104173,,45.400000000000006,0.2923626959489335,0.0,0.0,0.0,0.0,0.0,8662.365,8740.02,8522.06,217.96000000000095,101.17797932356657,20.94413263104173,3,0,5
2024-09-06 00:00:00+00:00,18505.375,19133.5,18051.5,1082.0,483.1808451984274,43.94,46.08,42.01,4.07,1.7792320440759473,,4.07,0.04049230869540158,0.0,0.0,0.0,0.0,0.0,8141.4425,8366.195,7938.6475,427.5474999999997,184.62094959447703,1.7792320440759473,4,0,0
2024-09-06 04:00:00+00:00,25873.75,27766.0,22566.5,5199.5,2312.1632187196474,77.125,88.89,56.64,32.25,14.283217424656108,,32.25,0.1851956878399496,605.0975000000001,1865.9425,0.0,1865.9425,878.0759151951689,7791.34625,7869.4325,7628.014999999999,241.41750000000047,113.14799362081813,14.283217424656108,4,0,1
2024-09-06 08:00:00+00:00,26526.375,27578.5,25440.5,2138.0,955.5691475938999,68.77250000000001,78.11,63.75,14.36,6.670464126780587,,14.36,0.09699318952750857,4907.388125,5877.025,3434.9125,2442.1124999999997,1086.345022455602,7186.839375,7480.42,6852.0,628.4200000000001,274.9784312327592,6.670464126780587,4,0,2
2024-09-06 12:00:00+00:00,26485.125,28353.0,25148.5,3204.5,1475.9905925061537,67.705,78.82,61.22,17.599999999999994,8.068244336078736,,17.599999999999994,0.11916762921613967,4963.00375,5947.1825,3482.49,2464.6925,1101.7992346091992,6400.278125,6640.855,6141.0225,499.8324999999995,213.20404533543874,8.068244336078736,4,0,3
2024-09-06 16:00:00+00:00,28247.0,28995.0,26851.5,2143.5,951.5870077577425,104.7925,111.75,93.39,18.36,7.927043900471341,,18.36,0.07564514541089627,690.944375,1999.83,0.11,1999.72,928.2042671838075,5734.67875,5964.295,5396.04,568.2550000000001,245.08034687203437,7.927043900471341,4,0,4
2024-09-06 20:00:00+00:00,21743.5,24429.0,19828.0,4601.0,2005.5987052914315,89.57000000000001,98.47,83.29,15.179999999999993,6.508287025016643,,15.179999999999993,0.07266146058966887,0.0,0.0,0.0,0.0,0.0,3990.643125,4967.6975,3108.4575,1859.2400000000002,822.0308516066956,6.508287025016643,4,0,5
2024-09-07 00:00:00+00:00,18529.625,19019.0,18169.5,849.5,354.9284845805795,79.3675,80.0,78.77,1.230000000000004,0.622541832597082,,1.230000000000004,0.00784378785519364,0.0,0.0,0.0,0.0,0.0,2632.76375,2879.505,2435.145,444.3600000000001,201.2089704915017,0.622541832597082,5,1,0
2024-09-07 04:00:00+00:00,22651.0,24774.5,19933.0,4841.5,2199.411095422287,91.67750000000001,95.67,84.9,10.769999999999996,4.735204149066146,,10.769999999999996,0.05165066836536939,448.95,1409.3525,0.0,1409.3525,665.380291553259,2389.47125,2456.0625,2281.1525,174.90999999999985,79.87095082329142,4.735204149066146,5,1,1
2024-09-07 08:00:00+00:00,24434.875,24658.5,24196.5,462.0,200.11887092425818,83.135,89.5,78.62,10.879999999999995,4.747016606950801,,10.879999999999995,0.05710009751549645,3794.176875,4641.9525,2642.4175,1999.5350000000003,873.9224621888544,1947.65,2181.44,1727.48,453.96000000000004,200.02829504014343,4.747016606950801,5,1,2
2024-09-07 12:00:00+00:00,24983.625,27102.5,23732.5,3370.0,1553.468826798058,78.7975,84.58,76.14,8.439999999999998,3.9473060433667904,,8.439999999999998,0.050094305572724915,3976.6125,4769.305,2744.39,2024.9150000000004,913.5064089038093,1753.876875,1941.955,1649.16,292.79499999999985,135.70921599408481,3.9473060433667904,5,1,3
2024-09-07 16:00:00+00:00,27583.75,28464.5,25898.0,2566.5,1146.5952860534535,106.03750000000001,111.48,98.04,13.439999999999998,5.8028979829047485,,13.439999999999998,0.054724960348034875,496.88125,1505.035,0.0,1505.035,706.3019575386414,2332.649375,2630.205,2078.7075,551.4975,239.048413823565,5.8028979829047485,5,1,4
2024-09-07 20:00:00+00:00,21444.625,23905.5,19562.5,4343.0,1880.959789354006,88.33,98.39,80.72,17.67,7.459959785414406,,17.67,0.08445556193155661,0.0,0.0,0.0,0.0,0.0,2390.738125,2750.32,2119.31,631.0100000000002,267.7089200308096,7.459959785414406,5,1,5
2024-09-08 00:00:00+00:00,18194.5,18974.5,17895.0,1079.5,522.9169787515665,73.185,77.11,70.58,6.530000000000001,2.8892271169524433,,6.530000000000001,0.0394784056425831,0.0,0.0,0.0,0.0,0.0,3022.011875,3510.3500000000004,2569.07,941.2800000000002,400.1595355676648,2.8892271169524433,6,1,0
2024-09-08 04:00:00+00:00,20923.875,23072.5,18698.0,4374.5,1960.8070351685972,79.39,82.35,73.42,8.929999999999993,4.1789552123307825,,8.929999999999993,0.05263830724689238,360.43125,1160.6725,0.0,1160.6725,549.4493190098761,4210.628125,4350.35,3921.87,428.4800000000005,201.631118768233,4.1789552123307825,6,1,1
2024-09-08 08:00:00+00:00,24005.125,24397.5,23789.5,608.0,272.00409770197706,77.955,82.16,73.65,8.509999999999991,3.6249367810579356,,8.509999999999991,0.0465003756148795,3522.716875,4512.6175,2306.905,2205.7125,954.7287261145067,4381.494375,4573.3825,4288.51,284.8724999999995,131.8991812012585,3.6249367810579356,6,1,2
2024-09-08 12:00:00+00:00,25010.0,27004.0,23453.5,3550.5,1565.3026863836915,70.7875,76.97,66.99,9.980000000000004,4.3042953352823385,,9.980000000000004,0.06080586735345003,3944.49875,4741.0225,2781.84,1959.1825,883.6275747369001,5584.565,6286.4625,4954.7725,1331.6899999999996,580.5245862400369,4.3042953352823385,6,1,3
2024-09-08 16:00:00+00:00,27114.0,27786.5,25454.0,2332.5,1110.9417176431891,96.77250000000001,101.15,90.14,11.010000000000005,4.919833161127861,,11.010000000000005,0.05083916568372068,521.681875,1614.17,0.0,1614.17,760.4805865903018,6378.1375,6486.2675,6147.2625,339.0050000000001,157.69572003281127,4.919833161127861,6,1,4
2024-09-08 20:00:00+00:00,20102.125,23056.0,18150.0,4906.0,2202.5993876554126,77.8325,88.96,66.33,22.629999999999995,9.443302300219633,,22.629999999999995,0.1213285234345502,0.0,0.0,0.0,0.0,0.0,5548.279375,5823.78,5344.26,479.5199999999995,208.71967494679447,9.443302300219633,6,1,5
2024-09-09 00:00:00+00:00,17513.0,18000.5,17032.0,968.5,427.1020565001609,56.25,61.67,52.33,9.340000000000003,4.097470764589623,,9.340000000000003,0.07284392470381554,0.0,0.0,0.0,0.0,0.0,5442.889375,5587.54,5326.7075,260.8324999999995,110.20134709504465,4.097470764589623,0,0,0
2024-09-09 04:00:00+00:00,25345.625,27488.5,21488.5,6000.0,2779.8485682677037,76.9475,86.01,58.09,27.92,13.123435462306865,,27.92,0.17055051122267603,394.94875,1246.3025,0.0,1246.3025,588.4537342494168,6735.88125,7889.69,5854.29,2035.3999999999996,889.6021273428454,13.123435462306865,0,0,1
2024-09-09 08:00:00+00:00,26411.75,26700.5,25859.0,841.5,376.3355107701991,71.335,84.71,58.02,26.68999999999999,11.603276836020639,,26.68999999999999,0.16265895894050109,3796.5787499999997,5126.7925,2341.0125,2785.7799999999997,1203.8568271004033,9365.2425,9789.5325,8706.115,1083.4174999999996,483.7943690031609,11.603276836020639,0,0,2
2024-09-09 12:00:00+00:00,25510.75,27791.5,24143.5,3648.0,1613.0756078580653,49.0875,65.82,38.88,26.93999999999999,11.62582577712224,,26.93999999999999,0.2368388240819402,5086.58875,5720.3375,3865.845,1854.4924999999998,866.1257652964825,9228.785625,9909.65,8204.4625,1705.1875,770.2873870250603,11.62582577712224,0,0,3
2024-09-09 16:00:00+00:00,28451.5,30006.0,26172.5,3833.5,1636.4381544480484,97.935,104.8,85.52,19.28,8.51285106960842,,19.28,0.0869234805698517,704.25625,2186.0275,0.0,2186.0275,1029.657438950167,6941.78875,7409.0875,6591.1900000000005,817.8974999999991,345.3096397950925,8.51285106960842,0,0,4
2024-09-09 20:00:00+00:00,20208.375,23361.0,18075.0,5286.0,2321.1124981712255,72.9075,91.66,52.42,39.239999999999995,16.575156862002842,,39.239999999999995,0.2273450174810938,0.0,0.0,0.0,0.0,0.0,8953.586875,9764.87,7876.6925,1888.1775000000007,816.5758323414076,16.575156862002842,0,0,5
2024-09-10 00:00:00+00:00,16778.25,17291.5,16232.0,1059.5,524.1136168173207,32.2725,43.7,24.14,19.560000000000002,8.615835711061347,,19.560000000000002,0.26697143732469897,0.0,0.0,0.0,0.0,0.0,11176.19375,11976.7225,10293.2575,1683.4650000000001,728.9759354438593,8.615835711061347,1,0,0
2024-09-10 04:00:00+00:00,23798.625,25997.0,20216.0,5781.0,2585.5382216926005,59.25,77.13,32.02,45.10999999999999,21.180020459543158,,45.10999999999999,0.357468699739125,377.430625,1183.01,0.0,1183.01,558.3132258806245,12623.61125,12933.075,12276.655,656.4200000000001,287.64599966437356,21.180020459543158,1,0,1
2024-09-10 08:00:00+00:00,24610.0,25428.0,23658.5,1769.5,754.2421140898109,60.025,72.76,50.63,22.130000000000003,9.427797551213475,,22.130000000000003,0.15706451563870835,3409.698125,4285.485000000001,2199.5325,2085.952500000001,930.8982879262713,13100.125,13173.7825,13043.8575,129.92499999999927,55.429513686302336,9.427797551213475,1,0,2
2024-09-10 12:00:00+00:00,24773.0,27448.5,22959.5,4489.0,2056.5977162942354,48.42,63.12,40.25,22.869999999999997,10.375416457505048,,22.869999999999997,0.21427956335202494,3784.58375,4406.3625,2646.615,1759.7475000000004,823.4365579653056,13088.248749999999,13120.2775,13046.1525,74.125,32.30828315489141,10.375416457505048,1,0,3
2024-09-10 16:00:00+00:00,28458.5,29565.0,26507.0,3058.0,1352.8928265017892,92.0275,97.02,83.81,13.209999999999994,5.753517040327008,,13.209999999999994,0.06251954079299135,491.5375,1502.97,0.0,1502.97,707.3737849697993,12416.0975,12858.8875,11975.685,883.2025000000012,386.6537149105992,5.753517040327008,1,0,4
2024-09-10 20:00:00+00:00,20111.875,23224.5,18100.0,5124.5,2294.836609107498,47.1575,83.11,10.37,72.74,34.3042867826554,,72.74,0.7274407418259112,0.0,0.0,0.0,0.0,0.0,11930.66875,12131.59,11797.39,334.2000000000007,162.0005381871204,34.3042867826554,1,0,5
2024-09-11 00:00:00+00:00,17668.625,18285.5,17286.0,999.5,455.1011563377971,1.665,5.84,-0.99,6.83,2.9466874056585417,,6.83,1.7697822256207458,0.0,0.0,0.0,0.0,0.0,12285.30625,12356.6375,12208.6125,148.02500000000146,62.44294867783956,2.9466874056585417,2,0,0
2024-09-11 04:00:00+00:00,24360.875,25846.5,21620.0,4226.5,1876.1766252585783,40.8125,61.79,10.41,51.379999999999995,21.790815152260823,,51.379999999999995,0.5339250267016435,763.126875,2409.69,0.0,2409.69,1138.1885304094965,12552.094375,12610.355,12452.745,157.60999999999876,71.69998461107937,21.790815152260823,2,0,1
2024-09-11 08:00:00+00:00,23119.125,23567.0,22555.0,1012.0,423.6611017861647,4.5675,22.49,-3.92,26.409999999999997,12.181079248846,,26.409999999999997,2.6669029554123704,5595.4875,6496.42,4213.2225,2283.1975,1015.6524008508852,12222.84375,12584.42,11723.06,861.3600000000006,382.80122799731214,12.181079248846,2,0,2
2024-09-11 12:00:00+00:00,25154.875,28190.0,22529.0,5661.0,2508.2551828910864,8.715,37.37,-4.36,41.73,19.502438309093556,,41.73,2.2378012976584687,5497.9425,6601.65,3872.2675,2729.3824999999997,1223.6619108046825,10962.9875,11287.7025,10710.84,576.8624999999993,243.37285748928545,19.502438309093556,2,0,3
2024-09-11 16:00:00+00:00,29100.625,30147.0,27100.0,3047.0,1367.0715279384617,86.715,93.87,74.06,19.810000000000002,8.696054660975092,,19.810000000000002,0.10028316509225732,721.75875,2227.1075,0.0,2227.1075,1049.5148283304134,10195.266875,10401.7975,10073.0325,328.76500000000124,147.5001624345853,8.696054660975092,2,0,4
2024-09-11 20:00:00+00:00,21310.25,23772.0,19705.0,4067.0,1791.4315737234654,66.2875,79.54,55.25,24.290000000000006,10.133592239017053,,24.290000000000006,0.15287335076774744,0.0,0.0,0.0,0.0,0.0,9752.565,10126.18,9537.6525,588.5275000000001,276.1737932066813,10.133592239017053,2,0,5
2024-09-12 00:00:00+00:00,19110.25,19610.5,18701.0,909.5,450.49685533493647,48.345,51.38,46.24,5.140000000000001,2.262351284246844,,5.140000000000001,0.04679597237039698,0.0,0.0,0.0,0.0,0.0,9346.425,9445.91,9222.95,222.95999999999913,93.6955440286949,2.262351284246844,3,0,0
2024-09-12 04:00:00+00:00,26093.625,27573.5,23310.0,4263.5,1911.8483802767066,88.82,102.01,63.44,38.57000000000001,17.475264423369016,,38.57000000000001,0.1967492053970841,834.1975,2646.575,0.0,2646.575,1251.0518214902875,8824.316875,9076.3375,8434.95,641.3874999999989,285.5690635480827,17.475264423369016,3,0,1
2024-09-12 08:00:00+00:00,25420.875,25870.5,25212.0,658.5,303.0795756342992,70.1725,89.06,56.68,32.38,14.461358569189365,,32.38,0.2060829893361269,6664.369375,7905.34,4818.3475,3086.9925000000003,1378.3258211389027,7806.57125,8078.745000000001,7624.44,454.3050000000012,192.65600498362414,14.461358569189365,3,0,2
2024-09-12 12:00:00+00:00,26318.5,29438.5,24496.0,4942.5,2303.6728283330513,64.3425,82.8,53.61,29.189999999999998,13.47972149811214,,29.189999999999998,0.20949949874674037,5924.820625,7621.37,3961.7725,3659.5975,1589.917328570596,8513.471249999999,8999.369999999999,7969.18,1030.1899999999987,459.42368002612784,13.47972149811214,3,0,3
2024-09-12 16:00:00+00:00,30756.625,31768.5,28817.5,2951.0,1333.9470488616355,104.395,110.44,94.65,15.789999999999992,6.809515401260209,,15.789999999999992,0.06522836727103987,740.971875,2282.2475,0.0,2282.2475,1075.1974631053724,8614.60625,9014.54,8062.34,952.2000000000007,421.3483020836207,6.809515401260209,3,0,4
2024-09-12 20:00:00+00:00,22971.5,25839.5,21035.0,4804.5,2112.329322493694,88.5325,98.56,80.65,17.909999999999997,7.459787195356173,,17.909999999999997,0.08426043763991954,0.0,0.0,0.0,0.0,0.0,6451.73875,7562.28,5733.9425,1828.3374999999996,841.462370891939,7.459787195356173,3,0,5
2024-09-13 00:00:00+00:00,20269.5,20742.0,19913.0,829.0,377.2773073836626,79.92,83.53,78.06,5.469999999999999,2.4815452175341597,,5.469999999999999,0.031050365584761794,0.0,0.0,0.0,0.0,0.0,5255.279375,5500.0175,5090.555,409.46249999999964,174.99813493500181,2.4815452175341597,4,0,0
2024-09-13 04:00:00+00:00,26984.875,28800.5,24199.0,4601.5,1960.305986957138,104.2775,112.0,91.72,20.28,8.768399226768821,,20.28,0.08408716383466057,847.125,2702.17,0.0,2702.17,1278.0877031542736,4603.76375,4909.0,4179.21,729.79,319.1054861673227,8.768399226768821,4,0,1
2024-09-13 08:00:00+00:00,24994.25,26045.5,24306.5,1739.0,757.9346387827031,92.1375,98.88,87.83,11.049999999999997,5.127951995355133,,11.049999999999997,0.055655427978348965,7383.99625,8806.055,5099.2225,3706.8325000000004,1683.822704662049,3325.81,3761.61,2874.96,886.6500000000001,378.8197732431612,5.127951995355133,4,0,2
2024-09-13 12:00:00+00:00,25740.125,28488.0,24040.5,4447.5,2069.2688473226476,91.07000000000001,98.92,86.92,12.0,5.571947594872016,,12.0,0.061183129404546066,6337.9275,8285.485,4100.0975,4185.387500000001,1809.6927803140604,2216.833125,2556.905,1948.4475,608.4575000000002,263.71394343883776,5.571947594872016,4,0,3
2024-09-13 16:00:00+00:00,29560.375,30815.5,27497.0,3318.5,1434.918544436118,118.0325,122.53,111.74,10.790000000000006,5.149571988686696,,10.790000000000006,0.04362842427879354,708.57125,2223.99,0.0,2223.99,1050.1167376088479,1948.63625,2261.8025,1764.7225,497.0799999999997,221.87882734257593,5.149571988686696,4,0,4
2024-09-13 20:00:00+00:00,21713.5,24783.5,19445.0,5338.5,2346.1382099100647,91.135,107.65,77.86,29.790000000000006,13.230566881279128,,29.790000000000006,0.14517547463959096,0.0,0.0,0.0,0.0,0.0,3700.91875,4574.15,2680.075,1894.0749999999998,833.1870724875756,13.230566881279128,4,0,5
2024-09-14 00:00:00+00:00,18208.375,18833.5,17739.5,1094.0,465.09432287081984,72.46000000000001,74.44,71.57,2.8700000000000045,1.3300375934536592,,2.8700000000000045,0.018355473274270732,0.0,0.0,0.0,0.0,0.0,5079.844375000001,5315.525,4834.8725,480.65249999999924,206.01057922243282,1.3300375934536592,5,1,0
2024-09-14 04:00:00+00:00,21438.125,22434.0,19745.5,2688.5,1178.7943964774631,83.24000000000001,87.66,77.4,10.259999999999991,4.314162722939407,,10.259999999999991,0.05182800003531243,715.5643749999999,2306.0125,0.0,2306.0125,1092.108564855495,5884.6537499999995,6237.74,5531.25,706.4899999999998,305.2232150717737,4.314162722939407,5,1,1
2024-09-14 08:00:00+00:00,19703.0,20717.5,18957.0,1760.5,743.3748493638101,52.1825,75.55,38.2,37.349999999999994,17.490790672046053,,37.349999999999994,0.3351849886848284,6454.649375,7824.83,4387.3225,3437.5074999999997,1548.0216580544763,6747.083125,7067.8775000000005,6445.62,622.2575000000006,266.0750150441211,17.490790672046053,5,1,2
2024-09-14 12:00:00+00:00,20558.75,23822.0,18564.0,5258.0,2389.995275448608,50.2625,70.99,38.56,32.42999999999999,14.802061511830031,,32.42999999999999,0.29449513079990114,5956.759375,7600.2625,3845.8025,3754.46,1648.1138552162377,7227.304375,7287.335,7148.805,138.52999999999975,58.84471607456229,14.802061511830031,5,1,3
2024-09-14 16:00:00+00:00,25277.125,26274.5,23971.5,2303.0,965.3584286850831,91.91,97.73,83.67,14.060000000000002,5.999305515363151,,14.060000000000002,0.06527369726213848,636.6525,2042.685,0.0,2042.685,966.8435141932225,7119.715,7149.8,7082.3925,67.40750000000025,27.878947179428092,5.999305515363151,5,1,4
2024-09-14 20:00:00+00:00,19602.0,21841.0,17995.0,3846.0,1706.3706611792572,67.6325,84.25,52.79,31.46,14.2602813787106,,31.46,0.21084953799889974,0.0,0.0,0.0,0.0,0.0,7543.858749999999,7860.1025,7178.605,681.4975000000004,283.80040968155197,14.2602813787106,5,1,5
2024-09-15 00:00:00+00:00,16800.875,17411.0,16504.0,907.0,424.9843869681175,53.364999999999995,56.58,51.67,4.909999999999997,2.234614060637766,,4.909999999999997,0.04187415085988503,0.0,0.0,0.0,0.0,0.0,6506.804375,7086.625,5956.3375,1130.2875000000004,485.8324503981757,2.234614060637766,6,1,0
2024-09-15 04:00:00+00:00,19282.625,20975.5,17430.5,3545.0,1616.1426491804496,74.785,80.55,64.68,15.86999999999999,6.966493618265454,,15.86999999999999,0.0931536219598242,617.5749999999999,1988.9225,0.0,1988.9225,941.8627890626284,5343.35375,5634.4,5108.365,526.0349999999999,226.75192168884354,6.966493618265454,6,1,1
2024-09-15 08:00:00+00:00,20940.75,21564.0,20544.5,1019.5,475.1312976430831,64.8875,73.41,58.3,15.11,6.629215011346864,,15.11,0.10216474685181072,4801.41125,5430.58,3614.8725,1815.7075,854.5067912605595,5322.081875,5482.435,5097.95,384.4850000000006,176.15753597484664,6.629215011346864,6,1,2
2024-09-15 12:00:00+00:00,24363.625,27612.5,21933.0,5679.5,2539.9444670766584,66.3725,79.77,57.57,22.199999999999996,10.13449678079775,,22.199999999999996,0.15269120163919922,3413.155,4794.455,1921.015,2873.4399999999996,1240.3344054343434,5412.45,5472.105,5366.83,105.27499999999964,44.10662894244626,10.13449678079775,6,1,3
2024-09-15 16:00:00+00:00,27855.25,28985.0,25883.0,3102.0,1417.040666318367,98.815,103.26,92.43,10.829999999999998,4.7388219351789616,,10.829999999999998,0.04795650392328055,338.2725,1031.9125,0.0,1031.9125,485.7257657919401,4364.46,4908.530000000001,3889.325,1019.2050000000008,431.8029478245837,4.7388219351789616,6,1,4
2024-09-15 20:00:00+00:00,20998.125,23348.0,19549.0,3799.0,1697.2465139650951,83.5775,91.29,77.94,13.350000000000009,5.599603408575768,,13.350000000000009,0.06699893402621242,0.0,0.0,0.0,0.0,0.0,3242.690625,3535.61,2981.545,554.065,234.43744460920888,5.599603408575768,6,1,5
2024-09-16 00:00:00+00:00,18874.75,19431.0,18439.5,991.5,456.97273806358885,75.9225,77.53,74.46,3.0700000000000074,1.257070006006031,,3.0700000000000074,0.016557278883151012,0.0,0.0,0.0,0.0,0.0,2705.668125,2834.46,2549.39,285.07000000000016,121.35200206724721,1.257070006006031,0,0,0
2024-09-16 04:00:00+00:00,26231.25,27741.0,22846.0,4895.0,2318.985212688229,98.5025,106.24,85.47,20.769999999999996,9.155968454146908,,20.769999999999996,0.09295163527978385,764.7412499999999,2464.7825,0.0,2464.7825,1167.4053649163243,2097.1731250000003,2379.14,1890.5275,488.61249999999995,220.9865143639518,9.155968454146908,0,0,1
2024-09-16 08:00:00+00:00,24973.0,26765.0,23608.0,3157.0,1387.0537120097404,84.775,93.47,78.97,14.5,6.400388009071531,,14.5,0.07549853151367188,7152.605625,9082.875,4719.17,4363.705,1910.3954832293832,1958.665,1997.51,1904.2425,93.26749999999993,40.67801530515799,6.400388009071531,0,0,2
2024-09-16 12:00:00+00:00,26172.375,29489.0,23766.5,5722.5,2540.064381565948,77.675,84.77,74.14,10.629999999999995,4.823916113145692,,10.629999999999995,0.06210384439196258,7310.16625,9185.375,4871.3475,4314.0275,1905.049749665894,2170.3475000000003,2413.34,2000.925,412.4150000000002,180.73680046317838,4.823916113145692,0,0,3
2024-09-16 16:00:00+00:00,30600.375,31432.5,28899.0,2533.5,1160.3188049698526,105.74,110.43,99.02,11.41000000000001,5.450473985504992,,11.41000000000001,0.05154599948463206,799.101875,2584.4075,0.0,2584.4075,1224.562813359961,3046.9518749999997,3451.005,2634.7325,816.2725,362.5868168302076,5.450473985504992,0,0,4
2024-09-16 20:00:00+00:00,22277.875,25621.0,20215.0,5406.0,2434.83977484488,85.3375,96.8,76.73,20.069999999999993,8.675607087307105,,20.069999999999993,0.10166230657456692,0.0,0.0,0.0,0.0,0.0,3301.8875,3482.1725,3030.3875,451.7850000000003,206.9684065664776,8.675607087307105,0,0,5
2024-09-17 00:00:00+00:00,19490.875,19940.5,19004.0,936.5,486.99356173020055,74.5475,75.26,73.4,1.8599999999999994,0.8329615837480109,,1.8599999999999994,0.011173568312123308,0.0,0.0,0.0,0.0,0.0,2950.0375,3040.0725,2894.6725,145.4000000000001,62.716505037882065,0.8329615837480109,1,0,0
2024-09-17 04:00:00+00:00,26408.375,27532.5,23716.5,3816.0,1802.71583890344,93.5975,101.64,81.75,19.89,8.498330718441126,,19.89,0.09079655672898446,777.60625,2520.76,0.0,2520.76,1194.7682555721497,3223.2581250000003,3263.655,3144.61,119.04500000000007,53.38279854718337,8.498330718441126,1,0,1
2024-09-17 08:00:00+00:00,23923.5,25412.0,22714.0,2698.0,1150.7013803183986,78.6725,88.08,72.1,15.980000000000004,7.381704297337663,,15.980000000000004,0.09382826651419066,7084.965,8683.4575,4849.055,3834.4025,1694.344540580762,3176.59625,3226.4700000000003,3129.715,96.75500000000011,39.63718169745002,7.381704297337663,1,0,2
2024-09-17 12:00:00+00:00,25013.875,28738.0,22502.5,6235.5,2806.299027040181,72.3375,81.01,68.04,12.969999999999999,5.9337249402602605,,12.969999999999999,0.08202833855552465,7077.230625,8649.57,4879.7525000000005,3769.817499999999,1663.973557784417,3345.3518750000003,3522.89,3262.5150000000003,260.37499999999955,122.51292485174419,5.9337249402602605,1,0,3
2024-09-17 16:00:00+00:00,30589.5,31549.5,28792.5,2757.0,1236.3324795539427,104.14750000000001,110.52,95.59,14.929999999999993,6.719292497478187,,14.929999999999993,0.06451707911834836,789.8462499999999,2560.1,0.0,2560.1,1213.3843048225006,3973.39375,4242.3525,3715.72,526.6325000000002,230.01798029809905,6.719292497478187,1,0,4
2024-09-17 20:00:00+00:00,22327.5,25720.0,20050.0,5670.0,2546.630911616366,81.7825,92.53,73.71,18.820000000000007,7.971287537154835,,18.820000000000007,0.09746935514510854,0.0,0.0,0.0,0.0,0.0,4237.194375,4343.345,4149.5650000000005,193.77999999999975,88.23043995637735,7.971287537154835,1,0,5
2024-09-18 00:00:00+00:00,19275.75,19691.5,18821.5,870.0,442.21290121388375,72.0775,73.27,70.73,2.539999999999992,1.051708926779018,,2.539999999999992,0.014591362447074494,0.0,0.0,0.0,0.0,0.0,3737.415625,4003.19,3533.3875,469.80250000000024,210.20819434129876,1.051708926779018,2,0,0
2024-09-18 04:00:00+00:00,25684.125,27181.5,23162.0,4019.5,1790.8403230048182,91.8975,99.07,79.94,19.129999999999995,8.347651865444957,,19.129999999999995,0.09083655012862109,672.17125,2148.0625,0.0,2148.0625,1016.2946885838527,3767.471875,3909.42,3590.33,319.09000000000015,141.22370488836427,8.347651865444957,2,0,1
2024-09-18 08:00:00+00:00,23300.625,24149.5,22263.0,1886.5,786.8519952951762,79.4375,88.56,71.82,16.74000000000001,7.272800354746452,,16.74000000000001,0.09155374168052177,6517.3575,8588.535,4121.8375,4466.6975,1935.4065122700968,3724.644375,3890.985,3562.0625,328.9225000000001,144.8115153163905,7.272800354746452,2,0,2
2024-09-18 12:00:00+00:00,24677.875,28166.5,22123.5,6043.0,2712.8168440141085,70.16499999999999,77.47,66.14,11.329999999999998,5.0466127253832305,,11.329999999999998,0.0719249301700739,7279.1775,8961.9,4898.415,4063.4849999999997,1819.5220404477102,3784.3425,4049.32,3573.6325,475.6875,206.79873606359388,5.0466127253832305,2,0,3
2024-09-18 16:00:00+00:00,29656.25,30869.5,27529.0,3340.5,1472.1887616742629,99.945,106.02,91.33,14.689999999999998,6.747693433067826,,14.689999999999998,0.06751406706756542,798.68125,2581.565,0.0,2581.565,1223.1383415104428,4825.46375,5283.43,4311.66,971.7700000000004,425.6822350332662,6.747693433067826,2,0,4
2024-09-18 20:00:00+00:00,21724.0,24471.0,20025.0,4446.0,1981.4207024254083,78.2825,87.88,71.51,16.36999999999999,7.1223655948474445,,16.36999999999999,0.09098285817197262,0.0,0.0,0.0,0.0,0.0,5003.509375,5419.2375,4404.53,1014.7075000000004,452.6994585878462,7.1223655948474445,2,0,5
2024-09-19 00:00:00+00:00,19243.25,19755.0,18720.0,1035.0,492.593392160309,71.345,73.04,70.14,2.9000000000000057,1.3002948383603898,,2.9000000000000057,0.018225451515318365,0.0,0.0,0.0,0.0,0.0,3403.7625,3826.21,3137.6375,688.5725000000002,307.83951130553953,1.3002948383603898,3,0,0
2024-09-19 04:00:00+00:00,26383.125,28442.0,23406.5,5035.5,2162.6723967890584,92.8175,99.44,79.51,19.929999999999993,9.20754536598472,,19.929999999999993,0.0992005318607452,511.489375,1635.155,0.0,1635.155,773.7153829153818,3368.36375,3506.08,3168.465,337.6149999999998,155.09101115017378,9.20754536598472,3,0,1
2024-09-19 08:00:00+00:00,24477.375,25691.0,23212.5,2478.5,1051.2881285198016,79.23,89.17,71.67,17.5,7.609099815352668,,17.5,0.09603811454439816,5823.364375,8023.1975,3293.565,4729.6325,2059.540647852266,3026.313125,3285.8100000000004,2836.07,449.74000000000024,199.15725785350932,7.609099815352668,3,0,2
2024-09-19 12:00:00+00:00,25517.0,28879.0,23095.5,5783.5,2607.660477644026,71.8575,79.62,68.09,11.530000000000001,5.386751494794121,,11.530000000000001,0.07496435994564407,6740.903125,8383.76,4401.0675,3982.6925,1782.2696344681956,3099.175625,3505.7825000000003,2823.51,682.2725,302.35672878775046,5.386751494794121,3,0,3
2024-09-19 16:00:00+00:00,29792.875,31018.5,27768.0,3250.5,1407.0922366710715,100.04249999999999,105.5,93.94,11.560000000000002,5.465372051989388,,11.560000000000002,0.05463050255630743,687.1375,2230.9925000000003,0.0,2230.9925000000003,1057.6696710674055,4617.66375,5096.1825,3971.13,1125.0524999999998,499.90527158694476,5.465372051989388,3,0,4
2024-09-19 20:00:00+00:00,21627.875,24682.5,19680.0,5002.5,2233.468392993284,77.33500000000001,86.75,70.27,16.480000000000004,7.096616564720588,,16.480000000000004,0.09176461582363214,0.0,0.0,0.0,0.0,0.0,4396.719375,5075.725,3818.71,1257.0150000000003,556.5812303038639,7.096616564720588,3,0,5
2024-09-20 00:00:00+00:00,18706.5,19034.5,18198.5,836.0,367.0188460192925,67.9525,68.77,67.14,1.6299999999999955,0.7764609885027501,,1.6299999999999955,0.011426525712854546,0.0,0.0,0.0,0.0,0.0,3589.87125,3889.03,3414.005,475.0250000000001,206.66464870150554,0.7764609885027501,4,0,0
2024-09-20 04:00:00+00:00,26159.25,27961.5,22485.0,5476.5,2566.585036580709,89.3225,96.13,76.37,19.75999999999999,9.216577003783268,,19.75999999999999,0.10318315098416715,421.189375,1368.3725,0.0,1368.3725,648.7832335655178,4737.268125,5196.5425,4288.855,907.6875,389.1583195788007,9.216577003783268,4,0,1
2024-09-20 08:00:00+00:00,26486.625,27447.0,25155.5,2291.5,1009.8501023254222,79.6325,88.82,72.24,16.58,7.22829336704038,,16.58,0.09077064473726658,4999.160625,6758.455,2872.0925,3886.3624999999997,1700.3516067853127,5491.71,5567.12,5376.055,191.0649999999996,88.34487487492761,7.22829336704038,4,0,2
2024-09-20 12:00:00+00:00,26184.875,28522.5,24639.0,3883.5,1751.8881421198096,67.9225,73.39,63.76,9.630000000000003,4.028087842471496,,9.630000000000003,0.05930417523606311,5661.721875,6960.955,3867.1025,3093.8525,1376.3043043621308,5725.44625,6002.84,5586.75,416.09000000000015,191.65474893564047,4.028087842471496,4,0,3
2024-09-20 16:00:00+00:00,29008.875,30051.0,27231.5,2819.5,1228.3434898946898,92.11,97.45,87.16,10.290000000000006,5.343425867362626,,10.290000000000006,0.05801135454741751,630.99875,2043.6325,0.0,2043.6325,968.4507861194685,6865.429375,7336.1625,6299.04,1037.1225000000004,472.90111537885247,5.343425867362626,4,0,4
2024-09-20 20:00:00+00:00,21547.25,24499.5,19475.0,5024.5,2218.0528435243978,70.14,80.44,61.76,18.68,7.997632983160292,,18.68,0.11402385205532203,0.0,0.0,0.0,0.0,0.0,6604.405624999999,7102.7125,5794.1175,1308.5949999999993,582.7200287637239,7.997632983160292,4,0,5
2024-09-21 00:00:00+00:00,18002.5,18644.0,17548.5,1095.5,460.8804978878288,60.935,63.71,58.87,4.840000000000003,2.060509645694484,,4.840000000000003,0.033814878898736085,0.0,0.0,0.0,0.0,0.0,4581.17625,5088.75,4270.0225,818.7275,369.9044085103834,2.060509645694484,5,1,0
2024-09-21 04:00:00+00:00,21857.375,23521.5,19369.5,4152.0,1923.068397769564,79.97,85.1,70.1,15.0,7.020702718864168,,15.0,0.08779170587550537,457.714375,1486.26,0.0,1486.26,704.630373624992,4533.895,4654.49,4402.264999999999,252.22500000000036,106.35317288794604,7.020702718864168,5,1,1
2024-09-21 08:00:00+00:00,22202.375,22969.0,21617.5,1351.5,572.6683704378996,68.615,79.32,56.5,22.819999999999993,9.773861400013136,,22.819999999999993,0.14244496684417587,4982.746875,6525.535,3035.77,3489.765,1528.8010896197045,4382.944375,4572.43,4247.925,324.5050000000001,141.86215631107981,9.773861400013136,5,1,2
2024-09-21 12:00:00+00:00,23046.25,25669.5,21227.5,4442.0,1986.5986635453073,58.93,73.67,48.64,25.03,11.60084767017767,,25.03,0.19685809723702136,5210.65875,6698.1475,3206.7475,3491.4,1549.6730378756513,4291.641250000001,4491.85,4162.8,329.0500000000002,144.6330663192783,11.60084767017767,5,1,3
2024-09-21 16:00:00+00:00,26549.5,27468.0,24888.0,2580.0,1137.2951830256438,93.0275,97.48,88.03,9.450000000000003,4.744381765133719,,9.450000000000003,0.0509997771103568,462.048125,1509.8475,0.0,1509.8475,716.3800143091393,5056.07125,5357.4925,4658.2525000000005,699.2399999999998,309.5813183727609,4.744381765133719,5,1,4
2024-09-21 20:00:00+00:00,20542.75,23012.5,18800.0,4212.5,1885.1335275429876,75.2125,82.2,70.98,11.219999999999999,4.8496142458275315,,11.219999999999999,0.0644788332501583,0.0,0.0,0.0,0.0,0.0,4749.965,5379.635,4130.9875,1248.6475,550.879624468147,4.8496142458275315,5,1,5
2024-09-22 00:00:00+00:00,17391.125,18129.5,16952.5,1177.0,515.7811834166372,67.57,68.5,66.32,2.180000000000007,1.0484591869341742,,2.180000000000007,0.015516637367680572,0.0,0.0,0.0,0.0,0.0,3464.7487499999997,3740.915,3311.465,429.4499999999998,196.61723743418318,1.0484591869341742,6,1,0
2024-09-22 04:00:00+00:00,20839.125,23563.0,18144.0,5419.0,2400.7494099065534,81.8425,86.25,74.16,12.090000000000003,5.5566679164165755,,12.090000000000003,0.06789465029069953,203.1225,676.5475,0.0,676.5475,322.04140514717466,3573.5012500000003,3750.58,3372.35,378.23,169.71719203697873,5.5566679164165755,6,1,1
2024-09-22 08:00:00+00:00,25091.0,25459.5,24303.0,1156.5,533.9058905837245,81.635,85.59,78.62,6.969999999999999,3.031616730393212,,6.969999999999999,0.03713623728049499,2441.6843750000003,3152.5475,1510.4525,1642.095,715.4406766851667,3501.861875,3702.035,3263.4350000000004,438.59999999999945,190.62704472537237,3.031616730393212,6,1,2
2024-09-22 12:00:00+00:00,26679.25,28724.0,25222.0,3502.0,1533.5113030775697,81.86,88.48,78.07,10.41000000000001,4.674291390146747,,10.41000000000001,0.05710104312419679,2659.8450000000003,3264.135,1664.3225,1599.8125000000002,726.6696386110863,2920.81625,3055.075,2844.5825,210.49249999999984,92.57208440138245,4.674291390146747,6,1,3
2024-09-22 16:00:00+00:00,28046.75,29092.5,25872.0,3220.5,1496.3441282004621,101.295,105.79,95.69,10.100000000000009,4.830386457969314,,10.100000000000009,0.04768632664958108,231.28624999999997,759.5799999999999,0.0,759.5799999999999,360.68626859375075,3229.046875,3381.91,3012.6975,369.21249999999964,155.90331599764784,4.830386457969314,6,1,4
2024-09-22 20:00:00+00:00,20969.0,23561.0,19350.0,4211.0,1882.454957407127,80.1925,88.1,74.21,13.89,5.807462871168443,,13.89,0.07241902760443236,0.0,0.0,0.0,0.0,0.0,2698.611875,3117.7725,2317.9425,799.8299999999999,348.96543729510296,5.807462871168443,6,1,5
2024-09-23 00:00:00+00:00,18579.75,19329.5,18148.5,1181.0,530.4473740783969,73.0575,74.36,71.71,2.6500000000000057,1.0865963678692587,,2.6500000000000057,0.014873166586172016,0.0,0.0,0.0,0.0,0.0,2056.8756249999997,2131.5525,1999.875,131.67749999999978,54.74814861310362,1.0865963678692587,0,0,0
2024-09-23 04:00:00+00:00,28045.5,31052.0,23376.5,7675.5,3449.577727780605,94.96000000000001,102.73,80.6,22.13000000000001,10.42242774021486,,22.13000000000001,0.10975597873014799,170.208125,582.4549999999999,0.0,582.4549999999999,278.7106644994575,2492.2556250000002,2755.815,2183.7775,572.0374999999999,254.60397850039408,10.42242774021486,0,0,1
2024-09-23 08:00:00+00:00,30679.5,30913.0,30243.0,670.0,314.5944479272746,93.12,98.53,89.24,9.290000000000006,4.085886276766242,,9.290000000000006,0.04387764472472336,2534.8581249999997,3361.135,1458.0825,1903.0525000000002,834.0650808799211,2780.58875,2836.4725,2750.6175000000003,85.85499999999956,38.13145079305697,4.085886276766242,0,0,2
2024-09-23 12:00:00+00:00,31409.0,32936.5,30246.5,2690.0,1228.6550234572226,87.3225,91.78,85.0,6.780000000000001,3.0389074242782264,,6.780000000000001,0.03480096681013745,2716.630625,3392.8025,1706.275,1686.5274999999997,751.699940912748,3238.835625,3299.0975,3101.4750000000004,197.6224999999995,92.21770248473152,3.0389074242782264,0,0,3
2024-09-23 16:00:00+00:00,31317.75,32891.0,28648.5,4242.5,1983.111801353284,104.4375,108.59,99.41,9.180000000000007,4.433819835461669,,9.180000000000007,0.04245428926833434,222.711875,752.255,0.0,752.255,358.9719557371149,3428.25375,3556.8,3311.395,245.4050000000002,114.17657650725332,4.433819835461669,0,0,4
2024-09-23 20:00:00+00:00,22307.5,25625.0,20197.5,5427.5,2457.941584605568,80.6875,90.81,72.97,17.840000000000003,7.506336767469652,,17.840000000000003,0.0930297353055882,0.0,0.0,0.0,0.0,0.0,4367.763125,4868.325,3609.3325,1258.9924999999998,562.1762264827604,7.506336767469652,0,0,5
2024-09-24 00:00:00+00:00,19602.875,20141.0,19069.0,1072.0,484.03897484259124,69.3375,70.59,68.36,2.230000000000004,1.013619751188776,,2.230000000000004,0.014618637118280575,0.0,0.0,0.0,0.0,0.0,4318.099375,4514.6975,4177.922500000001,336.77499999999964,152.79831670886446,1.013619751188776,1,0,0
2024-09-24 04:00:00+00:00,28274.625,30202.0,24308.5,5893.5,2756.2295917611796,88.5525,95.21,76.24,18.97,8.933787457362824,,18.97,0.10088690276799443,252.329375,863.745,0.0,863.745,413.3416479458155,4667.965,5230.7,4212.965,1017.7349999999997,444.28907149043494,8.933787457362824,1,0,1
2024-09-24 08:00:00+00:00,29147.25,29578.0,28378.5,1199.5,528.2721047591541,81.77,88.96,76.99,11.969999999999999,5.343213764517886,,11.969999999999999,0.06534442661755994,3839.18,5117.3925,2170.375,2947.0175,1289.483587935173,6022.805,6279.01,5678.1875,600.8225000000002,270.7047093775182,5.343213764517886,1,0,2
2024-09-24 12:00:00+00:00,29279.375,31222.0,28007.0,3215.0,1505.9789382657386,80.245,87.51,76.56,10.950000000000003,5.077995011156799,,10.950000000000003,0.06328113915081064,4007.45125,5272.575,2337.145,2935.43,1304.0696768282419,5969.755,6136.93,5763.77,373.15999999999985,161.79557070575206,5.077995011156799,1,0,3
2024-09-24 16:00:00+00:00,30751.875,32330.5,28216.5,4114.0,1889.7675066437846,105.0325,110.22,99.69,10.530000000000001,5.912311307771268,,10.530000000000001,0.05629030355148423,309.834375,1038.7225,0.0,1038.7225,495.03683426663235,5920.413125,6292.5375,5651.4225,641.1150000000007,292.06290287350146,5.912311307771268,1,0,4
2024-09-24 20:00:00+00:00,22298.0,25303.5,20408.5,4895.0,2193.0776700032,78.61,90.65,68.98,21.67,9.503413421853567,,21.67,0.12089318689547862,0.0,0.0,0.0,0.0,0.0,6143.28875,6328.110000000001,5806.985,521.1250000000009,233.3378242439849,9.503413421853567,1,0,5
2024-09-25 00:00:00+00:00,19959.375,20462.0,19649.0,813.0,384.74263584028927,70.2825,73.63,68.15,5.47999999999999,2.5620223131997326,,5.47999999999999,0.03645320404367708,0.0,0.0,0.0,0.0,0.0,4730.034375,5395.85,4007.915,1387.9350000000004,597.5865211846418,2.5620223131997326,2,0,0
2024-09-25 04:00:00+00:00,29126.0,31373.5,24607.0,6766.5,3125.24471041869,97.6675,106.23,81.8,24.430000000000007,11.518791530943398,,24.430000000000007,0.11793883872263954,343.034375,1161.1925,0.0,1161.1925,554.4147047276336,2358.79875,3359.96,1411.3,1948.66,841.5315469861582,11.518791530943398,2,0,1
2024-09-25 08:00:00+00:00,30775.25,31202.0,30515.0,687.0,319.70363880735965,90.4425,97.5,86.0,11.5,5.34838527034095,,11.5,0.059135752222030005,3461.5175,3940.4825,2534.03,1406.4524999999999,643.2150124018923,783.120625,1005.94,662.02,343.9200000000001,158.03989219992056,5.34838527034095,2,0,2
2024-09-25 12:00:00+00:00,30945.625,32738.0,29937.0,2801.0,1275.2275205494373,91.895,101.15,85.61,15.540000000000006,6.745020385439912,,15.540000000000006,0.07339920980945552,2253.50375,3412.2175,1076.055,2336.1625000000004,1017.5931734172634,843.9393749999999,998.155,717.23,280.92499999999995,120.32601520409384,6.745020385439912,2,0,3
2024-09-25 16:00:00+00:00,31091.625,33050.0,27974.0,5076.0,2296.2991012714347,109.71000000000001,116.33,100.59,15.739999999999995,6.594032655868992,,15.739999999999995,0.06010420796526286,130.015625,443.585,0.0,443.585,212.1225947847828,2609.515,4130.7975,1301.0825,2829.7149999999997,1234.9614323414448,6.594032655868992,2,0,4
2024-09-25 20:00:00+00:00,21500.625,24749.0,19400.0,5349.0,2382.1231207685296,74.17,89.54,60.94,28.60000000000001,12.380519644452193,,28.60000000000001,0.16692085269586351,0.0,0.0,0.0,0.0,0.0,6864.095,8020.37,5048.5275,2971.8424999999997,1308.470457915462,12.380519644452193,2,0,5
2024-09-26 00:00:00+00:00,18463.875,19170.0,17943.0,1227.0,576.9625023921976,55.7625,57.82,54.51,3.3100000000000023,1.508009173270066,,3.3100000000000023,0.027043428348263898,0.0,0.0,0.0,0.0,0.0,7139.246875000001,7228.965,7081.17,147.79500000000007,64.72984909655298,1.508009173270066,3,0,0
2024-09-26 04:00:00+00:00,27207.0,29303.0,23090.0,6213.0,2850.6826960104368,80.5825,89.41,63.91,25.5,11.801060333715784,,25.5,0.14644693740844206,248.140625,850.185,0.0,850.185,406.92670921993124,7177.50875,7297.375,7071.81,225.5649999999996,100.42606877491201,11.801060333715784,3,0,1
2024-09-26 08:00:00+00:00,27905.0,28954.0,26933.0,2021.0,848.2530086399144,76.0625,82.68,70.75,11.930000000000007,5.24829099167847,,11.930000000000007,0.06899971722831183,3770.975625,4957.9025,2137.4925000000003,2820.41,1245.7872278860714,7630.373125,7835.045,7425.345,409.6999999999998,173.21199346676056,5.24829099167847,3,0,2
2024-09-26 12:00:00+00:00,27550.0,29767.5,26321.0,3446.5,1623.6019113892014,70.3975,78.46,66.02,12.439999999999998,5.573211970369212,,12.439999999999998,0.07916775411583095,3544.101875,4873.495,1845.21,3028.285,1328.972479275773,8325.055,8566.42,8017.52,548.8999999999996,239.40403446196672,5.573211970369212,3,0,3
2024-09-26 16:00:00+00:00,29739.5,31472.5,26849.0,4623.5,2069.153248714717,94.1675,100.28,87.45,12.829999999999998,5.5947676448624755,,12.829999999999998,0.05941293593715957,200.383125,696.3875,0.0,696.3875,334.34678340992383,9411.005625,10111.02,8786.6775,1324.3425000000007,587.0237686001847,5.5947676448624755,3,0,4
2024-09-26 20:00:00+00:00,20389.0,23420.0,18450.0,4970.0,2268.932494955869,58.6975,78.19,38.85,39.339999999999996,16.63986252948022,,39.339999999999996,0.2834850296772473,0.0,0.0,0.0,0.0,0.0,10532.73625,10631.925,10464.01,167.91499999999905,80.70344389336762,16.63986252948022,3,0,5
2024-09-27 00:00:00+00:00,17534.0,18215.5,17081.0,1134.5,552.7318518051951,24.61,33.56,18.09,15.470000000000002,6.635294517452361,,15.470000000000002,0.26961781866933604,0.0,0.0,0.0,0.0,0.0,11530.726875,12266.355,10892.7475,1373.6075,604.4490568325252,6.635294517452361,4,0,0
2024-09-27 04:00:00+00:00,26544.0,28617.5,22234.0,6383.5,2979.4735832581787,63.82,82.74,27.77,54.97,25.695780457758694,,54.97,0.40262896361264006,150.73749999999998,529.0799999999999,0.0,529.0799999999999,254.6046329360485,12820.269375,13065.11,12465.715,599.3950000000004,262.97348173005844,25.695780457758694,4,0,1
2024-09-27 08:00:00+00:00,26016.875,27613.0,24374.0,3239.0,1372.1887852988743,67.245,77.87,57.54,20.330000000000005,8.78208213732181,,20.330000000000005,0.13059829187778724,3098.1381250000004,4352.3625,1521.5825,2830.78,1238.0872626831394,13035.4075,13111.915,12914.66,197.25500000000102,88.2180975858496,8.78208213732181,4,0,2
2024-09-27 12:00:00+00:00,25523.25,28629.0,23781.5,4847.5,2286.1335080582385,50.115,64.87,41.16,23.710000000000008,10.261957253207925,,23.710000000000008,0.20476817825417387,4196.1775,4839.4,2933.2675,1906.1324999999997,886.7787494094378,13048.326874999999,13100.95,13018.06,82.89000000000124,36.22221920399817,10.261957253207925,4,0,3
2024-09-27 16:00:00+00:00,29667.25,30933.0,27821.0,3112.0,1343.617536106661,87.505,93.31,81.07,12.240000000000009,5.94526422177069,,12.240000000000009,0.06794199442055532,379.35375,1295.9875,0.0,1295.9875,619.935497479711,12450.8225,12833.9275,12035.375,798.5524999999998,343.44789741313076,5.94526422177069,4,0,4
2024-09-27 20:00:00+00:00,22009.75,24962.5,20001.5,4961.0,2191.175122318312,57.21,76.07,39.58,36.489999999999995,16.884499795177042,,36.489999999999995,0.2951319663551308,0.0,0.0,0.0,0.0,0.0,10845.63125,11661.01,10035.805,1625.205,702.4977822785268,16.884499795177042,4,0,5
2024-09-28 00:00:00+00:00,19293.0,19643.0,19023.0,620.0,285.48467559573123,41.675,45.87,39.68,6.189999999999998,2.864384750692542,,6.189999999999998,0.06873148771907724,0.0,0.0,0.0,0.0,0.0,8910.27875,9531.815,8271.585000000001,1260.2299999999996,534.4684765474166,2.864384750692542,5,1,0
2024-09-28 04:00:00+00:00,23513.75,24922.5,21140.0,3782.5,1749.2225177680134,75.94500000000001,85.14,57.34,27.799999999999997,13.005766669699513,,27.799999999999997,0.17125244149976307,594.02625,2004.705,0.0,2004.705,956.6105711083534,6992.19875,7769.62,6043.525,1726.0950000000003,746.9525440791066,13.005766669699513,5,1,1
2024-09-28 08:00:00+00:00,22910.875,23946.5,22214.0,1732.5,767.7747472403613,61.555,77.79,50.77,27.020000000000003,12.77251606640863,,27.020000000000003,0.2074976210934714,6369.81125,7555.327499999999,4264.43,3290.897499999999,1526.2294062472224,4858.155000000001,5363.64,4594.7675,768.8725000000004,357.47665333440597,12.77251606640863,5,1,2
2024-09-28 12:00:00+00:00,24656.25,28730.5,22007.0,6723.5,3030.040112495762,64.7025,80.09,53.66,26.430000000000007,11.996814507748855,,26.430000000000007,0.18541500726786223,5012.686875,6933.5625,2736.53,4197.032499999999,1822.4258783354026,4069.278125,4461.705,3634.29,827.415,352.91834726897144,11.996814507748855,5,1,3
2024-09-28 16:00:00+00:00,29000.25,30198.0,26906.5,3291.5,1541.8308651297223,102.955,108.44,97.54,10.899999999999991,6.224352710657281,,10.899999999999991,0.06045702210341683,312.70125,1092.7275,0.0,1092.7275,525.3263510527686,3248.235,3294.4775,3201.13,93.34749999999985,38.12835422403292,6.224352710657281,5,1,4
2024-09-28 20:00:00+00:00,22226.25,24775.5,20372.0,4403.5,1943.4807476964274,83.455,89.29,80.58,8.710000000000008,4.0908393596750585,,8.710000000000008,0.049018505298365156,0.0,0.0,0.0,0.0,0.0,2677.275625,3162.755,2374.8900000000003,787.8649999999998,352.10442711393046,4.0908393596750585,5,1,5
2024-09-29 00:00:00+00:00,19080.25,19838.5,18642.5,1196.0,549.7116668460541,77.6375,79.32,76.75,2.569999999999993,1.145232872970966,,2.569999999999993,0.01475102718365432,0.0,0.0,0.0,0.0,0.0,2601.58125,2630.675,2564.41,66.26500000000033,27.857776704480095,1.145232872970966,6,1,0
2024-09-29 04:00:00+00:00,21550.125,23711.5,19469.5,4242.0,1921.7618381318737,87.5575,90.3,82.18,8.11999999999999,3.7264314922814057,,8.11999999999999,0.04255982060110679,251.83437500000002,856.95,0.0,856.95,409.59227406844786,3486.400625,4390.6125,2794.21,1596.4025000000001,696.6810676951802,3.7264314922814057,6,1,1
2024-09-29 08:00:00+00:00,24456.5,24820.5,24212.0,608.5,268.1457936769971,81.7875,86.36,77.67,8.689999999999998,3.7415627305534565,,8.689999999999998,0.04574736641361406,3082.9675,3791.2775,1977.055,1814.2225,817.858721558416,6174.420625,7139.9175,5202.305,1937.6124999999993,829.1219725392605,3.7415627305534565,6,1,2
2024-09-29 12:00:00+00:00,25862.375,28107.5,24386.0,3721.5,1670.1871838709176,73.825,79.91,70.15,9.759999999999991,4.2220097899775855,,9.759999999999991,0.05718943162854848,2533.8743750000003,3543.5775000000003,1262.9825,2280.5950000000003,993.8868204205795,8910.116875,10142.79,7783.1925,2359.5975000000008,1014.6992869387769,4.2220097899775855,6,1,3
2024-09-29 16:00:00+00:00,27059.375,28736.0,24270.0,4466.0,2070.184829711267,91.0875,96.38,84.79,11.58999999999999,5.114680667777151,,11.58999999999999,0.056151290438063925,108.22125,401.6875,0.0,401.6875,196.19296568790807,12125.570625,12824.4675,11162.775,1661.692500000001,725.4886190997286,5.114680667777151,6,1,4
2024-09-29 20:00:00+00:00,19509.5,21950.5,18190.0,3760.5,1745.286079701548,39.1475,71.51,9.43,62.080000000000005,27.91369601109821,,62.080000000000005,0.7130390449223631,0.0,0.0,0.0,0.0,0.0,12908.771875,12994.975,12745.44,249.53499999999985,113.55560120074438,27.91369601109821,6,1,5
2024-09-30 00:00:00+00:00,18084.875,18709.0,17812.0,897.0,421.4819836007231,12.1675,16.49,10.59,5.899999999999999,2.8845609140156254,,5.899999999999999,0.23707096067521063,0.0,0.0,0.0,0.0,0.0,11943.505,12400.91,11470.0075,930.9025000000001,398.33557657143797,2.8845609140156254,0,0,0
2024-09-30 04:00:00+00:00,27833.625,30987.5,23151.0,7836.5,3492.7967393623126,77.5425,98.59,40.95,57.64,26.006908537284215,,57.64,0.33538909033477404,76.83187500000001,272.165,0.0,272.165,131.27279556606223,10516.333125000001,11053.795,9969.9675,1083.8274999999994,459.1969268524443,26.006908537284215,0,0,1
2024-09-30 08:00:00+00:00,31338.125,31485.5,31245.5,240.0,106.3683654413598,92.625,96.92,90.01,6.909999999999997,3.1360750416191627,,6.909999999999997,0.03385776023340533,1533.7975000000001,2148.455,778.9825,1369.4724999999999,596.0931264527102,8471.923125000001,9346.895,7694.85,1652.045,706.9775745305242,3.1360750416191627,0,0,2
2024-09-30 12:00:00+00:00,31553.0,33077.0,30598.0,2479.0,1076.4883495266758,89.1225,94.35,86.85,7.5,3.523042009400396,,7.5,0.039530331952092886,1955.888125,2355.6175,1231.315,1124.3024999999998,523.9717293478047,6910.741875,7262.045,6680.2125,581.8325000000004,270.15432562838816,3.523042009400396,0,0,3
2024-09-30 16:00:00+00:00,32131.5,33877.5,29009.0,4868.5,2250.5667064097443,106.545,112.93,98.08,14.850000000000009,6.397627164295633,,14.850000000000009,0.06004624491337587,146.45125,509.9025,0.0,509.9025,244.92589398377214,6854.824375,7023.245,6766.425,256.8199999999997,121.1596577244083,6.397627164295633,0,0,4
2024-09-30 20:00:00+00:00,22189.5,25622.5,19940.0,5682.5,2526.934275625967,72.185,90.19,54.32,35.87,15.517200134044801,,35.87,0.21496432962588904,0.0,0.0,0.0,0.0,0.0,7961.336875,8488.9175,7108.46,1380.4574999999995,654.2353440384138,15.517200134044801,0,0,5
2024-10-01 00:00:00+00:00,19502.625,20934.5,18779.0,2155.5,1001.3867363977485,43.68,48.9,41.01,7.890000000000001,3.5920746094701297,,7.890000000000001,0.08223614032669717,0.0,0.0,0.0,0.0,0.0,9007.878125,9362.7,8647.5475,715.1525000000001,305.8059120339175,3.5920746094701297,1,0,0
2024-10-01 04:00:00+00:00,28965.375,31196.5,24609.5,6587.0,3102.830706924458,78.695,91.92,52.12,39.800000000000004,18.578219326225355,,39.800000000000004,0.23607877662145438,224.240625,791.17,0.0,791.17,381.22897334571667,10022.340625,10346.0525,9640.8975,705.1550000000007,308.028143474579,18.578219326225355,1,0,1
2024-10-01 08:00:00+00:00,30346.0,30943.0,29764.5,1178.5,487.0001711156437,83.53999999999999,89.13,78.95,10.179999999999993,4.577167974486692,,10.179999999999993,0.05479013615617305,3130.335625,3887.835,1974.01,1913.825,856.030643304644,10377.473125,10472.6575,10242.205,230.45249999999942,98.69227427495296,4.577167974486692,1,0,2
2024-10-01 12:00:00+00:00,31032.125,33117.0,29551.5,3565.5,1632.984352599048,79.5925,85.96,76.58,9.379999999999995,4.311158970238355,,9.379999999999995,0.05416539209395806,2976.095625,3861.3975,1786.105,2075.2925,917.4011558504432,9896.588749999999,10077.63,9812.65,264.97999999999956,122.80417983691267,4.311158970238355,1,0,3
2024-10-01 16:00:00+00:00,31646.0,33750.0,28505.5,5244.5,2397.153068398706,101.05,106.72,94.36,12.36,5.889827388529027,,12.36,0.058286268070549506,214.50375,745.725,0.0,745.725,358.07902825063167,9696.99375,9774.75,9577.0125,197.73749999999927,86.87355458030112,5.889827388529027,1,0,4
2024-10-01 20:00:00+00:00,22312.5,25397.5,20575.0,4822.5,2212.5916553520074,65.7875,85.84,43.9,41.940000000000005,18.42534011445469,,41.940000000000005,0.28007357194686977,0.0,0.0,0.0,0.0,0.0,9162.636875,9383.3825,8891.3975,491.9850000000006,207.5591767261319,18.42534011445469,1,0,5
2024-10-02 00:00:00+00:00,20020.25,20733.5,19618.0,1115.5,513.0845446902489,40.6375,42.91,38.52,4.3899999999999935,2.0684353990395707,,4.3899999999999935,0.05089967146206267,0.0,0.0,0.0,0.0,0.0,8366.684375,8657.8325,8114.775,543.0575000000008,237.65794053968122,2.0684353990395707,2,0,0
2024-10-02 04:00:00+00:00,28846.25,30990.5,25115.0,5875.5,2633.2795933335046,80.235,92.05,55.87,36.18,16.939164678342316,,36.18,0.21111939525571533,248.41625000000002,887.5675000000001,0.0,887.5675000000001,429.026111678629,8115.40625,8196.8675,8057.610000000001,139.2574999999997,60.10031684955292,16.939164678342316,2,0,1
2024-10-02 08:00:00+00:00,29121.375,30036.5,28186.5,1850.0,768.779376132494,77.615,87.44,69.13,18.310000000000002,8.299841363945857,,18.310000000000002,0.10693604797971865,3552.91125,4636.672500000001,2138.4575,2498.2150000000006,1096.9544687879031,8298.903125,8386.835,8244.4575,142.3774999999987,67.63760404337985,8.299841363945857,2,0,2
2024-10-02 12:00:00+00:00,30265.0,32757.0,28395.0,4362.0,1990.6802857314888,72.855,84.63,66.36,18.269999999999996,8.315152834835121,,18.269999999999996,0.1141329055635869,3881.51625,4754.755,2477.5950000000003,2277.16,1026.173683580376,8118.5475,8240.145,7956.422500000001,283.72249999999985,118.29736262557391,8.315152834835121,2,0,3
2024-10-02 16:00:00+00:00,32598.375,34688.0,29648.5,5039.5,2168.713188928709,101.21000000000001,107.26,93.96,13.300000000000011,6.054827275268334,,13.300000000000011,0.05982439754242009,290.76,1019.41,0.0,1019.41,490.4626437015021,8043.805,8153.389999999999,7890.29,263.09999999999945,114.94791443664036,6.054827275268334,2,0,4
2024-10-02 20:00:00+00:00,23540.5,26672.5,21585.0,5087.5,2277.5614517871227,78.075,87.27,71.59,15.679999999999993,6.626218127006278,,15.679999999999993,0.08486990876729147,0.0,0.0,0.0,0.0,0.0,7325.72125,7892.08,6550.9825,1341.0974999999999,587.6887047029376,6.626218127006278,2,0,5
2024-10-03 00:00:00+00:00,20896.375,21355.0,20511.0,844.0,378.8313993938024,74.75999999999999,78.1,72.08,6.019999999999996,2.8481455955293673,,6.019999999999996,0.038097185600981326,0.0,0.0,0.0,0.0,0.0,4769.7993750000005,5804.860000000001,3892.11,1912.7500000000005,830.8187558526606,2.8481455955293673,3,0,0
2024-10-03 04:00:00+00:00,29145.25,30813.0,25772.0,5041.0,2284.076819344452,99.195,107.26,85.58,21.680000000000007,9.806927823397766,,21.680000000000007,0.0988651426321667,477.666875,1649.97,0.0,1649.97,791.1387601673063,3465.9987499999997,3599.5225,3375.7975,223.7249999999999,96.01186258088102,9.806927823397766,3,0,1
2024-10-03 08:00:00+00:00,26718.625,28164.5,25945.5,2219.0,1016.7823738801407,87.28999999999999,94.99,82.67,12.319999999999993,5.82342396418693,,12.319999999999993,0.0667135292036537,5987.74625,7435.1975,3818.4575,3616.7400000000002,1615.8098449029876,3001.21,3234.785,2853.1625,381.62249999999995,171.65064910305483,5.82342396418693,3,0,2
2024-10-03 12:00:00+00:00,28881.125,31988.0,26335.5,5652.5,2526.6058713552193,86.99,97.49,82.08,15.409999999999997,7.224278510688802,,15.409999999999997,0.08304722968949074,5422.033125,7275.495,2979.665,4295.83,1892.5871413396167,2717.180625,2788.985,2653.155,135.82999999999993,56.80539801136126,7.224278510688802,3,0,3
2024-10-03 16:00:00+00:00,32721.375,34280.5,29891.5,4389.0,2029.0644139192157,114.4975,121.54,106.01,15.530000000000001,6.57640415931584,,15.530000000000001,0.057437098271279616,291.611875,1081.69,0.0,1081.69,528.2320031142211,3043.1637499999997,3497.1825,2678.785,818.3975,359.80013549480947,6.57640415931584,3,0,4
2024-10-03 20:00:00+00:00,23343.25,26485.0,21451.0,5034.0,2269.83411655272,85.77250000000001,96.31,77.68,18.629999999999995,7.817187793573848,,18.629999999999995,0.09113862594157625,0.0,0.0,0.0,0.0,0.0,4472.885,4892.4875,3787.61,1104.8775,511.29212753490214,7.817187793573848,3,0,5
2024-10-04 00:00:00+00:00,20428.75,20978.5,20126.5,852.0,382.09346587800604,75.2525,76.33,73.94,2.3900000000000006,0.9872647399085362,,2.3900000000000006,0.013119361348905822,0.0,0.0,0.0,0.0,0.0,4883.604375,4905.055,4864.1275000000005,40.92749999999978,22.384354783252057,0.9872647399085362,4,0,0
2024-10-04 04:00:00+00:00,27396.375,29274.5,23589.5,5685.0,2589.7335890975355,95.4925,103.59,82.18,21.409999999999997,9.481615105033532,,21.409999999999997,0.09929172558089411,493.19562500000006,1702.88,0.0,1702.88,816.4312495713051,5211.1575,5434.435,5020.6900000000005,413.7449999999999,177.44855443432996,9.481615105033532,4,0,1
2024-10-04 08:00:00+00:00,26438.625,27957.5,25579.0,2378.5,1118.0826128541069,81.53999999999999,90.39,75.75,14.64,6.62177216964361,,14.64,0.08120888115824888,6150.1825,7415.875,3954.9725,3460.9025,1594.810868759208,5912.278125,6169.7175,5667.555,502.16249999999945,212.13690521860872,6.62177216964361,4,0,2
2024-10-04 12:00:00+00:00,27273.125,30313.0,25430.0,4883.0,2181.8108829975777,77.3825,87.72,71.77,15.950000000000003,7.240825804653316,,15.950000000000003,0.09357187742258673,4743.460625,6777.215,2392.25,4384.965,1896.2980610305515,5991.083125,6205.09,5827.0875,378.0025000000005,166.7112822913588,7.240825804653316,4,0,3
2024-10-04 16:00:00+00:00,31125.375,32936.5,28381.5,4555.0,2001.8460802885586,105.1825,112.49,95.55,16.939999999999998,7.660415023569767,,16.939999999999998,0.07282974851871522,192.25937499999998,737.935,0.0,737.935,364.07909425914926,6383.885,6959.7725,5881.5775,1078.1949999999997,475.6142327602976,7.660415023569767,4,0,4
2024-10-04 20:00:00+00:00,22265.375,25341.5,20250.0,5091.5,2260.7887404989146,76.97,87.07,67.81,19.25999999999999,7.981240505084409,,19.25999999999999,0.10369287391301032,0.0,0.0,0.0,0.0,0.0,7337.67875,7442.9875,7211.38,231.60750000000007,111.21885943377586,7.981240505084409,4,0,5
2024-10-05 00:00:00+00:00,18975.25,19704.5,18503.0,1201.5,513.3631755395005,63.1725,64.5,62.13,2.3699999999999974,1.169967948278926,,2.3699999999999974,0.018520209715919517,0.0,0.0,0.0,0.0,0.0,6878.0525,7129.91,6626.67,503.2399999999998,220.19979559292642,1.169967948278926,5,1,0
2024-10-05 04:00:00+00:00,23115.5,24792.0,20817.5,3974.5,1679.7110366568015,82.02250000000001,87.43,72.0,15.430000000000007,6.9571995084229155,,15.430000000000007,0.08482062249288809,454.894375,1593.5875,0.0,1593.5875,766.5674640085911,6727.4037499999995,6952.865,6539.077499999999,413.78750000000036,183.42176666202056,6.9571995084229155,5,1,1
2024-10-05 08:00:00+00:00,20940.5,22105.5,19983.5,2122.0,886.4468399176569,47.075,78.44,24.66,53.78,24.170684033900795,,53.78,0.5134505370982643,6368.39,8050.82,3880.83,4169.99,1870.4219375194914,7558.200625,7970.71,7184.43,786.2799999999997,336.5175865660353,24.170684033900795,5,1,2
2024-10-05 12:00:00+00:00,22249.25,26599.0,18955.0,7644.0,3367.2471817990045,35.43,67.51,20.06,47.45,22.224096532067772,,47.45,0.6272677542215006,5465.928125,7710.595,2692.4625,5018.1325,2184.1607836949024,8360.640625,8622.71,8174.04,448.66999999999916,193.85954533689832,22.224096532067772,5,1,3
2024-10-05 16:00:00+00:00,27799.875,29170.0,25759.0,3411.0,1492.2077812757852,88.3375,94.68,81.03,13.650000000000006,5.856975186334101,,13.650000000000006,0.06630225200321606,200.55624999999998,774.8725,0.0,774.8725,383.0945544102004,10331.0725,11394.8725,9172.4975,2222.375,969.4167631773067,5.856975186334101,5,1,4
2024-10-05 20:00:00+00:00,20487.625,23328.5,18650.0,4678.5,2080.6642919590213,48.1475,69.42,32.28,37.14,15.905502978529162,,37.14,0.33034950887437897,0.0,0.0,0.0,0.0,0.0,12070.926875,12239.555,11789.72,449.83500000000095,207.09253605348206,15.905502978529162,5,1,5
2024-10-06 00:00:00+00:00,17853.375,18213.0,17484.0,729.0,328.35229429176644,26.27,29.85,24.4,5.450000000000003,2.5322848707573713,,5.450000000000003,0.096394551608579,0.0,0.0,0.0,0.0,0.0,11802.698125,12154.87,11497.0575,657.8125,299.70436533617936,2.5322848707573713,6,1,0
2024-10-06 04:00:00+00:00,22063.125,25155.5,19159.0,5996.5,2638.487710002329,49.205,71.48,30.18,41.300000000000004,17.57224800644471,,41.300000000000004,0.3571232193160189,63.93875,247.2425,0.0,247.2425,122.26836802194589,11648.086875,11753.715,11548.0575,205.65749999999935,87.31919408543173,17.57224800644471,6,1,1
2024-10-06 08:00:00+00:00,25990.625,26292.5,25818.0,474.5,213.4812150205883,81.4125,82.25,80.25,2.0,0.8400148808205712,,2.0,0.010318008669683068,1613.7875,2232.4,789.6825,1442.7175000000002,644.4540667527566,11465.3025,11764.26,11158.4775,605.7824999999993,264.4419643560753,0.8400148808205712,6,1,2
2024-10-06 12:00:00+00:00,29052.125,31693.5,26933.5,4760.0,2071.367397598343,82.31,89.79,78.99,10.800000000000011,5.033070633321177,,10.800000000000011,0.061147741870017966,1563.51125,2158.9875,816.4725,1342.5150000000003,584.0171706433383,10317.504375,10914.6375,9706.68,1207.9575000000004,524.6738212228272,5.033070633321177,6,1,3
2024-10-06 16:00:00+00:00,30476.0,32230.5,27458.0,4772.5,2260.1752513171778,103.93,110.53,96.46,14.070000000000007,5.914834458094895,,14.070000000000007,0.05691171421240156,65.003125,245.0025,0.0,245.0025,120.20801424639913,8932.05625,9317.3275,8612.1275,705.1999999999989,312.1235264582762,5.914834458094895,6,1,4
2024-10-06 20:00:00+00:00,21993.125,24577.0,20450.0,4127.0,1879.057404436242,77.9075,89.7,67.17,22.53,9.464799258304424,,22.53,0.1214876521298261,0.0,0.0,0.0,0.0,0.0,8070.760625000001,8519.6275,7825.7775,693.8500000000004,324.8555374661119,9.464799258304424,6,1,5
2024-10-07 00:00:00+00:00,19961.5,20885.5,19447.5,1438.0,679.4690328975021,67.7975,70.68,66.23,4.450000000000003,2.0142223478719155,,4.450000000000003,0.029709389695371072,0.0,0.0,0.0,0.0,0.0,7613.84375,7765.475,7485.18,280.2950000000001,124.23884224716781,2.0142223478719155,0,0,0
2024-10-07 04:00:00+00:00,29008.75,30787.0,25338.5,5448.5,2552.286311656015,97.67750000000001,106.34,81.95,24.39,11.344165534170717,,24.39,0.11613898322715782,257.826875,939.9375,0.0,939.9375,456.77572575506076,7191.35375,7371.047500000001,6961.225,409.8225000000002,175.6602355460198,11.344165534170717,0,0,1
2024-10-07 08:00:00+00:00,27989.75,29458.5,27376.5,2082.0,989.3152935237586,92.5625,99.02,88.18,10.83999999999999,4.922549305661314,,10.83999999999999,0.053180816266428725,4396.195625,5888.9825,2578.8675,3310.1150000000002,1439.4943990359006,6499.068125,6815.745000000001,6062.29,753.4550000000008,336.26322955,4.922549305661314,0,0,2
2024-10-07 12:00:00+00:00,29766.625,33493.0,27203.5,6289.5,2826.600884896911,92.02250000000001,103.64,86.55,17.090000000000003,8.004167143848681,,17.090000000000003,0.08698054436522237,4327.875625,5870.5975,2244.1075,3626.49,1594.7992596214306,4628.073125,5669.32,3489.1725,2180.1474999999996,949.4496762102398,8.004167143848681,0,0,3
2024-10-07 16:00:00+00:00,33298.25,34902.0,30339.0,4563.0,2137.3495463618788,118.9675,126.92,108.57,18.35000000000001,7.658530646714599,,18.35000000000001,0.06437498179515076,156.07125000000002,619.0075,0.0,619.0075,308.6341938046021,3194.37,3446.5075,3043.15,403.3575000000001,186.87336417344244,7.658530646714599,0,0,4
2024-10-07 20:00:00+00:00,23564.25,26745.5,21500.0,5245.5,2306.8831244777007,90.61500000000001,100.24,83.42,16.819999999999993,7.119056585437896,,16.819999999999993,0.07856377625600498,0.0,0.0,0.0,0.0,0.0,3666.839375,3760.4725,3579.98,180.49249999999984,100.27599607614218,7.119056585437896,0,0,5
2024-10-08 00:00:00+00:00,20494.375,20965.0,20067.5,897.5,490.94099696399365,78.635,80.51,77.3,3.210000000000008,1.4161096944328422,,3.210000000000008,0.018008643662908913,0.0,0.0,0.0,0.0,0.0,3898.656875,4229.0375,3623.31,605.7275000000004,259.31339300782247,1.4161096944328422,1,0,0
2024-10-08 04:00:00+00:00,28868.0,31005.0,24651.5,6353.5,2967.9208491242935,99.355,107.26,84.73,22.53,10.599768865404569,,22.53,0.1066858121423639,163.171875,614.7975,0.0,614.7975,301.6130937377595,5082.645,5652.155000000001,4541.1,1111.0550000000003,477.3866657298535,10.599768865404569,1,0,1
2024-10-08 08:00:00+00:00,29239.25,30364.5,28653.0,1711.5,768.5426143032022,93.21000000000001,101.15,87.47,13.680000000000007,6.1699108583512,,13.680000000000007,0.06619365795892285,3315.42625,4383.2475,1795.865,2587.3825000000006,1155.0408411078301,6439.070625,6682.055,6065.31,616.7449999999999,280.9112450903825,6.1699108583512,1,0,2
2024-10-08 12:00:00+00:00,30260.375,32834.5,28433.0,4401.5,1958.3248528185175,89.7025,98.1,85.48,12.61999999999999,5.848283936335509,,12.61999999999999,0.0651964430906107,3115.88,4366.860000000001,1447.7675,2919.0925000000007,1300.653050741883,6796.016250000001,6943.3225,6655.7225,287.60000000000036,130.94506857998417,5.848283936335509,1,0,3
2024-10-08 16:00:00+00:00,31740.375,33799.5,28192.5,5607.0,2618.248281294194,113.065,120.96,101.59,19.36999999999999,8.205309256816584,,19.36999999999999,0.07257161152272218,107.39812500000001,423.7425,0.0,423.7425,210.91427942190757,7168.028125,7544.98,6932.46,612.5199999999995,277.67985807531863,8.205309256816584,1,0,4
2024-10-08 20:00:00+00:00,22164.25,25211.5,20290.0,4921.5,2200.523668735846,79.6075,92.28,68.54,23.739999999999995,10.237204615193214,,23.739999999999995,0.12859598172525472,0.0,0.0,0.0,0.0,0.0,8481.76375,8923.705,7811.88,1111.8249999999998,485.02180803847983,10.237204615193214,1,0,5
2024-10-09 00:00:00+00:00,19668.875,20426.0,19165.5,1260.5,587.7718342747181,65.9825,66.9,64.88,2.0200000000000102,1.0302871767942514,,2.0200000000000102,0.0156145519917289,0.0,0.0,0.0,0.0,0.0,8490.6075,8544.8,8460.865,83.93499999999949,37.53501837173753,1.0302871767942514,2,0,0
2024-10-09 04:00:00+00:00,28671.25,30459.0,24492.0,5967.0,2839.1939437100805,90.9125,100.44,74.6,25.840000000000003,11.983225428350526,,25.840000000000003,0.13181053681672517,144.41687499999998,559.9975,0.0,559.9975,277.17893965642935,8385.977499999999,8502.619999999999,8190.405000000001,312.2149999999983,144.66734672459194,11.983225428350526,2,0,1
2024-10-09 08:00:00+00:00,29811.75,30505.5,29115.5,1390.0,572.1008797988919,89.22999999999999,95.71,83.99,11.719999999999999,5.13827467800882,,11.719999999999999,0.057584609189833276,2930.81875,3901.8475,1662.48,2239.3675,980.5989589117204,7974.381875,8109.0425,7858.5375,250.5049999999992,112.88784113695503,5.13827467800882,2,0,2
2024-10-09 12:00:00+00:00,29791.5,32089.0,28363.5,3725.5,1706.1873187509818,83.745,91.02,80.68,10.33999999999999,4.871505585203265,,10.33999999999999,0.0581707037459343,2848.4825,3923.3125,1442.5375,2480.775,1089.9224241488475,9127.7925,10013.955,8323.5075,1690.4475000000002,741.6047345874348,4.871505585203265,2,0,3
2024-10-09 16:00:00+00:00,31067.625,32902.5,27772.0,5130.5,2405.9245061237207,103.0325,110.93,93.3,17.63000000000001,7.2753436344959015,,17.63000000000001,0.07061212369394028,106.486875,415.73,0.0,415.73,206.21834061433327,11345.65875,12115.415,10533.94,1581.4750000000004,683.4434691127841,7.2753436344959015,2,0,4
2024-10-09 20:00:00+00:00,21770.5,24482.5,20185.0,4297.5,1943.7644318864018,59.285000000000004,83.18,36.62,46.56000000000001,20.827337003723418,,46.56000000000001,0.3513087122159638,0.0,0.0,0.0,0.0,0.0,12526.225,12751.0275,12296.4625,454.5650000000005,185.93132281615902,20.827337003723418,2,0,5
2024-10-10 00:00:00+00:00,19850.375,20461.0,19364.0,1097.0,493.6752264056469,37.5225,41.83,34.88,6.949999999999996,3.1093555066390577,,6.949999999999996,0.08286642698751578,0.0,0.0,0.0,0.0,0.0,11815.565625,12276.0,11312.2,963.7999999999993,421.68143354104257,3.1093555066390577,3,0,0
2024-10-10 04:00:00+00:00,29594.625,31775.5,24928.5,6847.0,3211.1808932488793,81.125,94.65,55.54,39.11000000000001,18.22487402791398,,39.11000000000001,0.2246517599742863,256.589375,970.0225,0.0,970.0225,476.3629055246597,10546.66,11037.135,9998.16,1038.9750000000004,449.4909533943184,18.22487402791398,3,0,1
2024-10-10 08:00:00+00:00,29027.625,30399.0,28066.5,2332.5,996.6903878169321,83.78,88.97,80.05,8.920000000000002,4.013435768349442,,8.920000000000002,0.047904461307584634,4570.284375,5807.8425,2714.7875,3093.055,1382.139104307424,8739.0225,9465.36,8150.6525,1314.7075000000004,572.1935810581655,4.013435768349442,3,0,2
2024-10-10 12:00:00+00:00,30847.125,34639.5,28000.0,6639.5,2960.6757217173695,81.075,89.69,77.42,12.269999999999996,5.818146898569441,,12.269999999999996,0.07176252727190192,4057.895,5606.1075,2134.225,3471.8825,1513.763018013113,8116.94375,8227.245,8026.215,201.03000000000065,84.53345554424028,5.818146898569441,3,0,3
2024-10-10 16:00:00+00:00,33779.25,35895.5,30157.5,5738.0,2682.7893910381163,111.36,119.75,103.24,16.510000000000005,7.7799528704656495,,16.510000000000005,0.06986308252932516,165.09187500000002,653.865,0.0,653.865,325.8631675858174,7523.62125,7799.8925,7345.055,454.83749999999964,200.78247589638713,7.7799528704656495,3,0,4
2024-10-10 20:00:00+00:00,24067.625,26799.0,22348.5,4450.5,1945.4296601265237,84.0725,93.79,76.56,17.230000000000004,7.27122811726694,,17.230000000000004,0.08648759246206478,0.0,0.0,0.0,0.0,0.0,6643.435625,7140.625,6376.6975,763.9274999999998,358.1673518085679,7.27122811726694,3,0,5
2024-10-11 00:00:00+00:00,21936.375,22368.5,21397.5,971.0,435.083971780161,72.755,73.78,71.6,2.180000000000007,0.9753460924205335,,2.180000000000007,0.01340589777225666,0.0,0.0,0.0,0.0,0.0,6662.298125,6907.055,6408.4375,498.6175000000003,220.97579834843708,0.9753460924205335,4,0,0
2024-10-11 04:00:00+00:00,30009.0,31814.0,26449.5,5364.5,2457.5537633996946,96.2175,105.22,80.78,24.439999999999998,11.237942798098475,,24.439999999999998,0.11679728529735726,409.63375,1512.1975,0.0,1512.1975,737.4512879633136,6351.269375,6818.585,5851.7375,966.8474999999999,419.228543837641,11.237942798098475,4,0,1
2024-10-11 08:00:00+00:00,27890.625,29400.0,27044.5,2355.5,1047.4278316428301,84.9525,94.95,77.71,17.24000000000001,7.670012494557407,,17.24000000000001,0.09028589499493724,6583.346875,8150.995,4079.4125,4071.5825,1840.0980670507922,5140.762500000001,5426.422500000001,4962.6075,463.8150000000005,202.93268616095324,7.670012494557407,4,0,2
2024-10-11 12:00:00+00:00,29306.625,32930.0,26728.5,6201.5,2874.3648972425203,81.8325,94.1,76.14,17.959999999999994,8.483078745361254,,17.959999999999994,0.1036639323662513,5344.62375,7692.825,2565.8025,5127.0225,2223.159085543681,4806.6381249999995,4941.0075,4637.5925,303.41499999999996,134.5361069932373,8.483078745361254,4,0,3
2024-10-11 16:00:00+00:00,32825.25,34411.5,30041.5,4370.0,2069.989432340174,114.7225,126.13,101.14,24.989999999999995,10.504374882241525,,24.989999999999995,0.0915633365925736,166.3025,661.25,0.0,661.25,329.97028051780666,5142.66625,5839.68,4621.555,1218.125,543.5198703301935,10.504374882241525,4,0,4
2024-10-11 20:00:00+00:00,23844.75,27177.0,21555.0,5622.0,2548.223973018594,82.97999999999999,91.61,76.07,15.540000000000006,6.503317102320429,,15.540000000000006,0.07837210294432907,0.0,0.0,0.0,0.0,0.0,6754.520625,7105.605,6202.7325,902.8724999999995,414.0801778257798,6.503317102320429,4,0,5
2024-10-12 00:00:00+00:00,20113.125,20953.5,19454.0,1499.5,629.9847055021786,69.265,72.87,67.38,5.490000000000009,2.463229587350716,,5.490000000000009,0.035562399297635515,0.0,0.0,0.0,0.0,0.0,7454.828125,7630.74,7225.2325,405.5074999999997,175.404400640527,2.463229587350716,5,1,0
2024-10-12 04:00:00+00:00,24949.25,27560.0,21701.0,5859.0,2657.2553979623412,84.33500000000001,90.18,74.4,15.780000000000001,7.144683337979362,,15.780000000000001,0.08471789100586193,147.17,574.0,0.0,574.0,284.63746930671886,8810.133125,9507.6075,8025.445,1482.1625000000004,638.5324212186845,7.144683337979362,5,1,1
2024-10-12 08:00:00+00:00,26150.875,26901.5,25196.5,1705.0,720.2086937131487,78.465,87.46,69.75,17.709999999999994,7.6991536331382875,,17.709999999999994,0.09812213895543613,3658.2325,4858.725,1887.445,2971.2800000000007,1327.59366073076,10299.119375,10684.2575,9863.65,820.6075000000001,349.5177746813874,7.6991536331382875,5,1,2
2024-10-12 12:00:00+00:00,26510.875,29247.0,24499.0,4748.0,2065.438628758228,64.7425,75.59,58.91,16.680000000000007,7.399835020683457,,16.680000000000007,0.11429640530846753,3556.2062499999997,4816.5025,1947.47,2869.0324999999993,1252.0505993011689,11673.725625,12255.105,11127.955,1127.1499999999996,470.79143516695575,7.399835020683457,5,1,3
2024-10-12 16:00:00+00:00,27769.625,29950.0,24936.0,5014.0,2249.12291701306,91.4525,99.16,83.79,15.36999999999999,6.366717495434097,,15.36999999999999,0.06961775233519146,140.31562499999998,558.645,0.0,558.645,278.8889796165536,13665.088749999999,13953.8725,13057.16,896.7124999999996,420.8932482357205,6.366717495434097,5,1,4
2024-10-12 20:00:00+00:00,21121.75,23408.5,19945.0,3463.5,1614.207984327505,50.3975,74.03,29.29,44.74,21.18987081130982,,44.74,0.4204548005617308,0.0,0.0,0.0,0.0,0.0,13923.899374999999,14087.2925,13824.31,262.9825000000001,124.08511887636848,21.18987081130982,5,1,5
2024-10-13 00:00:00+00:00,18992.625,19802.0,18569.0,1233.0,567.7199096679038,30.145000000000003,36.81,26.67,10.14,4.6355833865149405,,10.14,0.1537761946098836,0.0,0.0,0.0,0.0,0.0,12766.278125,13493.8375,11869.65,1624.1875,702.4529918595242,4.6355833865149405,6,1,0
2024-10-13 04:00:00+00:00,23636.0,27240.0,20047.0,7193.0,3163.479703322487,73.7525,91.49,50.33,41.16,18.320411885835608,,41.16,0.24840394408102245,221.189375,836.99,0.0,836.99,411.15083838119864,9377.661875,10923.4775,7841.87,3081.607500000001,1327.593658063615,18.320411885835608,6,1,1
2024-10-13 08:00:00+00:00,28614.75,28816.5,28176.5,640.0,295.11396103878246,90.91,93.16,89.05,4.109999999999999,1.807336899049716,,4.109999999999999,0.019880507084476095,3258.2643749999997,3917.42,2184.3025,1733.1175000000003,784.4325345734939,5343.385,6830.5025,3981.1725,2849.3299999999995,1233.7421577832486,1.807336899049716,6,1,2
2024-10-13 12:00:00+00:00,31621.75,34251.5,29378.0,4873.5,2116.3283653535427,96.67750000000001,108.54,89.65,18.89,8.421094050062623,,18.89,0.0871050042674109,2240.386875,3575.395,776.7725,2798.6225,1217.106172416727,2612.35625,3302.0275,2064.33,1237.6975000000002,536.84881656951,8.421094050062623,6,1,3
2024-10-13 16:00:00+00:00,32158.375,34650.0,28878.5,5771.5,2580.1993584152874,121.695,131.06,106.28,24.78,10.811960969222923,,24.78,0.08884474275215029,37.123125,146.6925,0.0,146.6925,73.0511782181677,2050.3075,2398.6075,1852.245,546.3625000000002,254.75488808689565,10.811960969222923,6,1,4
2024-10-13 20:00:00+00:00,22978.625,25531.0,21535.0,3996.0,1811.0746982109818,85.905,96.39,78.95,17.439999999999998,7.760345782674033,,17.439999999999998,0.09033636904340882,0.0,0.0,0.0,0.0,0.0,2597.7475,2782.0,2370.6075,411.3924999999999,172.14119757968064,7.760345782674033,6,1,5
2024-10-14 00:00:00+00:00,21052.625,21825.5,20472.0,1353.5,597.6413884317808,75.9625,77.06,75.17,1.8900000000000006,0.8134033439813281,,1.8900000000000006,0.010707959111157805,0.0,0.0,0.0,0.0,0.0,2983.690625,3082.1025,2810.9975,271.105,121.16831064981145,0.8134033439813281,0,0,0
2024-10-14 04:00:00+00:00,31277.125,33852.5,26272.0,7580.5,3516.937099593906,100.935,112.97,83.58,29.39,13.20662586229604,,29.39,0.13084287771631287,168.458125,649.91,0.0,649.91,321.16596674834,3008.38625,3123.88,2942.76,181.1199999999999,83.6308620640929,13.20662586229604,0,0,1
2024-10-14 08:00:00+00:00,32558.125,33157.5,32151.5,1006.0,425.5677335434791,100.005,108.88,92.93,15.949999999999989,7.091245776777634,,15.949999999999989,0.0709089123221602,3833.8793750000004,5141.4175000000005,2043.6675,3097.7500000000005,1370.5107603483928,3344.834375,3405.795,3251.235,154.55999999999995,65.98950126014341,7.091245776777634,0,0,2
2024-10-14 12:00:00+00:00,33617.125,36347.5,31706.0,4641.5,2089.5878132221837,95.05,106.0,90.25,15.75,7.390845689094038,,15.75,0.07775745070062118,3574.26,5055.9775,1684.6675,3371.31,1477.4420312020704,3088.078125,3262.735,2957.835,304.9000000000001,136.5635780716407,7.390845689094038,0,0,3
2024-10-14 16:00:00+00:00,34345.375,37000.5,30566.5,6434.0,2857.219930136052,122.535,132.82,105.35,27.47,11.989046389656405,,27.47,0.09784181164284823,102.41250000000001,408.7975,0.0,408.7975,204.2570620056175,3581.2556250000002,4215.3225,3071.9175,1143.4050000000002,498.05834713990004,11.989046389656405,0,0,4
2024-10-14 20:00:00+00:00,23869.5,27021.5,22083.0,4938.5,2295.937172485345,82.88,92.63,76.3,16.33,6.91370137239573,,16.33,0.08341821153952382,0.0,0.0,0.0,0.0,0.0,5245.67125,5777.045,4814.345,962.6999999999998,406.630874081457,6.91370137239573,0,0,5
2024-10-15 00:00:00+00:00,21357.25,21953.5,20839.5,1114.0,494.11882848831704,68.7575,73.02,66.85,6.170000000000002,2.917343254858204,,6.170000000000002,0.04242945503920598,0.0,0.0,0.0,0.0,0.0,6913.3675,7461.264999999999,6245.525,1215.7399999999998,525.2850680106948,2.917343254858204,1,0,0
2024-10-15 04:00:00+00:00,30484.25,33060.5,25859.0,7201.5,3254.04093653824,90.74,99.47,74.63,24.840000000000003,11.696309959413126,,24.840000000000003,0.1288991619948548,86.60875,342.94,0.0,342.94,170.89544202889087,8928.19125,9870.39,7995.59,1874.7999999999993,805.2772052749392,11.696309959413126,1,0,1
2024-10-15 08:00:00+00:00,32296.625,32801.0,31385.0,1416.0,640.3532065717066,89.2025,95.01,84.24,10.77000000000001,4.768482463006451,,10.77000000000001,0.053456825346895526,1919.280625,2494.6400000000003,1100.335,1394.3050000000003,618.8479756988486,10504.374375,10648.305,10319.185,329.1200000000008,140.21624279386882,4.768482463006451,1,0,2
2024-10-15 12:00:00+00:00,32098.5,34258.0,30270.0,3988.0,1712.5547193204268,85.1275,94.18,81.06,13.120000000000005,6.11418773564132,,13.120000000000005,0.071823884592421,1661.458125,2417.495,685.1825,1732.3125,760.3986258600786,10513.469375,10687.5325,10356.02,331.5124999999989,137.02350775163532,6.11418773564132,1,0,3
2024-10-15 16:00:00+00:00,32194.5,35371.0,28336.0,7035.0,3090.6336459265644,103.1375,113.84,90.78,23.060000000000002,9.60734571391426,,23.060000000000002,0.09315084924410869,32.03,128.06,0.0,128.06,64.02000624804718,11807.425,12451.9425,10959.625,1492.3174999999992,653.0826748614337,9.60734571391426,1,0,4
2024-10-15 20:00:00+00:00,22061.25,25239.0,20345.0,4894.0,2257.1058718338104,47.77,79.62,18.77,60.85000000000001,27.856595867645662,,60.85000000000001,0.5831399595487892,0.0,0.0,0.0,0.0,0.0,13114.360625000001,13396.695,12671.945,724.75,320.63850204432595,27.856595867645662,1,0,5
2024-10-16 00:00:00+00:00,19675.125,20132.0,19020.5,1111.5,523.6758499619144,16.4125,17.75,15.12,2.630000000000001,1.320059973385048,,2.630000000000001,0.0804301583174439,0.0,0.0,0.0,0.0,0.0,13056.648125,13178.565,12922.42,256.14500000000044,108.42119798450771,1.320059973385048,2,0,0
2024-10-16 04:00:00+00:00,29303.375,32196.0,24336.0,7860.0,3521.4293351563933,74.94749999999999,96.21,30.81,65.39999999999999,30.30255256024922,,65.39999999999999,0.40431705607590945,64.21375,251.625,0.0,251.625,124.96515616862966,12365.37625,12753.785,11974.765,779.0200000000004,341.1250104769755,30.30255256024922,2,0,1
2024-10-16 08:00:00+00:00,32135.0,32398.0,32017.0,381.0,176.82901345650265,90.745,94.59,88.44,6.150000000000006,2.871776453695517,,6.150000000000006,0.031646663217758775,1493.91875,1926.3575,857.9825000000001,1068.375,473.9166631623292,10890.755625,11729.7075,10031.14,1698.567500000001,741.9015356287055,2.871776453695517,2,0,2
2024-10-16 12:00:00+00:00,33447.625,34982.5,32566.5,2416.0,1091.4924320244584,92.68,103.09,88.46,14.63000000000001,6.995155466463922,,14.63000000000001,0.07547642928856191,1335.39125,1924.0575,483.9825,1440.0749999999998,647.8997026080375,8454.13625,9323.42,7796.84,1526.58,663.0135542527893,6.995155466463922,2,0,3
2024-10-16 16:00:00+00:00,33773.0,36209.5,30090.5,6119.0,2818.8677691583903,114.345,127.14,99.01,28.129999999999995,11.67277887508654,,28.129999999999995,0.10208385915507054,19.921875,78.7825,0.0,78.7825,39.242735706486705,7562.93625,7652.98,7441.265,211.71499999999924,90.63568211756724,11.67277887508654,2,0,4
2024-10-16 20:00:00+00:00,23639.5,26784.5,21865.0,4919.5,2232.749687418334,81.64750000000001,90.32,74.86,15.459999999999994,6.496754959208485,,15.459999999999994,0.0795707763153615,0.0,0.0,0.0,0.0,0.0,6989.570625,7253.8375,6687.13,566.7074999999995,248.20949020245482,6.496754959208485,2,0,5
2024-10-17 00:00:00+00:00,20731.5,21285.5,20282.0,1003.5,496.6160488747822,68.4325,71.67,66.58,5.090000000000003,2.2390827735183523,,5.090000000000003,0.03271958168294831,0.0,0.0,0.0,0.0,0.0,6690.44625,6829.8225,6611.195,218.6275000000005,96.16951029519046,2.2390827735183523,3,0,0
2024-10-17 04:00:00+00:00,29022.5,30540.0,25568.5,4971.5,2317.9494889521065,94.0375,103.37,77.48,25.89,12.076794207625356,,25.89,0.1284253006260838,184.03812499999998,728.5799999999999,0.0,728.5799999999999,363.04546700663053,5676.36625,6138.32,5224.8175,913.5024999999996,384.79754078443625,12.076794207625356,3,0,1
2024-10-17 08:00:00+00:00,27686.625,28855.0,26647.0,2208.0,929.0978935684518,88.4325,97.14,82.39,14.75,6.6336182937117005,,14.75,0.07501335248592667,4838.96875,6382.6425,2591.3325,3791.31,1685.7642047717063,4947.940625,5007.205,4829.085,178.1199999999999,81.91832676450272,6.6336182937117005,3,0,2
2024-10-17 12:00:00+00:00,29073.0,32510.0,26509.0,6001.0,2680.062903490638,87.0725,101.54,80.53,21.010000000000005,9.860298761531858,,21.010000000000005,0.11324239870833912,4492.55,6296.0675,2113.8250000000003,4182.2425,1844.5856980938838,4408.140625,4633.3075,4209.945,423.3625000000002,176.75972064706693,9.860298761531858,3,0,3
2024-10-17 16:00:00+00:00,32639.875,34619.0,29218.0,5401.0,2457.2667191753253,128.17,148.63,107.95,40.67999999999999,16.72913625983122,,40.67999999999999,0.13052302613584477,132.32375,527.8,0.0,527.8,263.6517752445132,3624.169375,4016.9075,3165.395,851.5124999999998,377.64563224213555,16.72913625983122,3,0,4
2024-10-17 20:00:00+00:00,23552.0,26416.0,21805.0,4611.0,2122.0404881465697,86.5475,95.68,80.77,14.91000000000001,6.442873970519685,,14.91000000000001,0.0744432129237665,0.0,0.0,0.0,0.0,0.0,4001.3862499999996,4595.3475,3153.6075,1441.7399999999998,623.4463673554848,6.442873970519685,3,0,5
2024-10-18 00:00:00+00:00,20549.375,21332.0,20009.5,1322.5,558.3764224666606,77.9125,78.78,77.16,1.6200000000000045,0.7352720584926383,,1.6200000000000045,0.009437151400515171,0.0,0.0,0.0,0.0,0.0,3574.51875,3794.3775,3390.04,404.3375000000001,193.72918219880205,0.7352720584926383,4,0,0
2024-10-18 04:00:00+00:00,28266.75,30457.0,24361.5,6095.5,2756.2051356892866,96.8875,103.72,84.43,19.289999999999992,8.914958870722089,,19.289999999999992,0.09201350918046287,185.2175,732.3,0.0,732.3,364.74404069840534,5044.573125,5999.2225,4052.345,1946.8775,844.5071080354481,8.914958870722089,4,0,1
2024-10-18 08:00:00+00:00,27143.25,28236.5,26614.0,1622.5,738.5637526081733,86.7325,96.95,78.02,18.930000000000007,8.313793257793547,,18.930000000000007,0.0958555703778116,4656.98875,6191.39,2407.36,3784.03,1704.3718688731778,6954.88,7357.9875,6501.285,856.7025000000003,362.0355567424743,8.313793257793547,4,0,2
2024-10-18 12:00:00+00:00,28432.25,31300.0,26381.5,4918.5,2304.868054791858,76.8575,90.18,70.53,19.650000000000006,9.219477118217354,,19.650000000000006,0.11995546457037186,3858.7581250000003,5884.5275,1442.3874999999998,4442.14,1940.307293650475,7951.29125,8239.9575,7647.29,592.6675000000005,255.6774159830118,9.219477118217354,4,0,3
2024-10-18 16:00:00+00:00,30118.875,32089.5,26633.5,5456.0,2585.8354992471327,102.0775,112.59,90.0,22.590000000000003,9.289479264199906,,22.590000000000003,0.09100418078616646,66.711875,266.26750000000004,0.0,266.26750000000004,133.03736429062266,8715.45875,9068.4825,8412.455,656.0275000000001,285.98363015870376,9.289479264199906,4,0,4
2024-10-18 20:00:00+00:00,21419.0,23744.0,20340.0,3404.0,1592.3531852785256,63.65,81.24,49.38,31.859999999999992,14.405096320399942,,31.859999999999992,0.2263173027556943,0.0,0.0,0.0,0.0,0.0,9528.28125,9956.27,9162.415,793.8549999999996,363.59488780727264,14.405096320399942,4,0,5
2024-10-19 00:00:00+00:00,19319.625,19765.5,18882.0,883.5,370.6726711893755,44.8275,49.22,41.45,7.769999999999996,3.5901009735103537,,7.769999999999996,0.0800870218841192,0.0,0.0,0.0,0.0,0.0,8558.235625000001,8717.545,8466.4475,251.09749999999985,109.82377346562654,3.5901009735103537,5,1,0
2024-10-19 04:00:00+00:00,24948.125,27753.5,21271.0,6482.5,2919.896783991973,76.0225,90.19,52.36,37.83,16.904854085932435,,37.83,0.22236645842918132,93.763125,373.265,0.0,373.265,186.3364885918192,8383.651875,8468.974999999999,8219.914999999999,249.0599999999995,112.81541323800826,16.904854085932435,5,1,1
2024-10-19 08:00:00+00:00,25494.25,26912.0,24122.5,2789.5,1224.66624705128,82.515,89.82,74.63,15.189999999999998,6.561821393485198,,15.189999999999998,0.07952277032642788,3553.7612500000005,5297.585,1524.125,3773.46,1641.4223202321361,7726.325,8116.505,7164.5125,951.9925000000003,425.07216084938636,6.561821393485198,5,1,2
2024-10-19 12:00:00+00:00,25738.625,29994.0,23553.5,6440.5,3001.552691941289,75.51249999999999,91.99,66.83,25.159999999999997,11.796966771166224,,25.159999999999997,0.156225350387899,4253.895625,5589.74,2147.485,3442.2549999999997,1550.199834986841,5516.450625,6566.4175000000005,4518.63,2047.7875000000004,886.7516321909021,11.796966771166224,5,1,3
2024-10-19 16:00:00+00:00,29940.875,31661.5,26937.0,4724.5,2176.644603321054,110.27,123.03,96.6,26.430000000000007,10.802916272932974,,26.430000000000007,0.09796786318067446,126.18312499999999,504.2025,0.0,504.2025,252.01304051390377,3852.550625,4070.6225,3713.6375,356.9850000000001,156.16390648630227,10.802916272932974,5,1,4
2024-10-19 20:00:00+00:00,21685.875,24567.5,19750.0,4817.5,2125.3467707255054,84.13499999999999,88.5,79.92,8.579999999999998,3.9300339269103883,,8.579999999999998,0.04671104685220639,0.0,0.0,0.0,0.0,0.0,4372.40625,5104.855,4038.55,1066.3049999999994,499.34031335311084,3.9300339269103883,5,1,5
2024-10-20 00:00:00+00:00,17473.375,18795.5,16697.0,2098.5,972.1239097117889,61.3425,75.51,43.34,32.17,14.135554169068385,,32.17,0.2304365516414947,0.0,0.0,0.0,0.0,0.0,7504.51375,9341.845,5947.389999999999,3394.455,1464.0716589724186,14.135554169068385,6,1,0
2024-10-20 04:00:00+00:00,21116.75,24558.0,17969.0,6589.0,2894.36986521534,36.0475,46.68,30.76,15.919999999999998,7.265045881938162,,15.919999999999998,0.2015409080224194,27.289375,106.3075,0.0,106.3075,52.6958793603684,12498.64375,13596.5125,10940.4425,2656.0700000000015,1169.4728813755864,7.265045881938162,6,1,1
2024-10-20 08:00:00+00:00,25062.875,25619.0,24752.0,867.0,386.0130341063628,69.7525,76.04,58.69,17.35000000000001,7.612097279987958,,17.35000000000001,0.10913009970951518,858.024375,1469.635,354.2325,1115.4025,475.8682217465558,14199.503125,14381.235,13968.1325,413.1025000000009,172.16286481816007,7.612097279987958,6,1,2
2024-10-20 12:00:00+00:00,26353.875,28279.5,24856.5,3423.0,1554.7403521167128,69.9075,85.52,62.11,23.409999999999997,10.748771635245891,,23.409999999999997,0.15375705947496177,2044.104375,2508.04,1261.875,1246.165,540.9792869894026,14445.58375,14508.7625,14334.6525,174.11000000000058,80.03935564510316,10.748771635245891,6,1,3
2024-10-20 16:00:00+00:00,26719.125,29536.0,23294.0,6242.0,2775.4205799902347,90.875,103.08,73.71,29.370000000000005,12.924396826673709,,29.370000000000005,0.14222169823024716,76.4725,305.8375,0.0,305.8375,152.9100020028121,14212.299374999999,14295.5625,14122.795,172.76749999999993,79.95755578156805,12.924396826673709,6,1,4
2024-10-20 20:00:00+00:00,18110.625,20726.5,16579.0,4147.5,1886.527514376613,18.96,57.08,-5.46,62.54,30.174828361842703,,62.54,1.5914993861731384,0.0,0.0,0.0,0.0,0.0,14009.088749999999,14116.125,13866.1175,250.0074999999997,109.7402420206454,30.174828361842703,6,1,5
2024-10-21 00:00:00+00:00,16681.625,17633.5,16201.5,1432.0,655.9804843387745,-3.5524999999999998,-0.04,-5.16,5.12,2.38729100306882,,5.12,-0.6720030972748262,0.0,0.0,0.0,0.0,0.0,13651.578125,13789.955,13435.2675,354.6875,159.7839824754949,2.38729100306882,0,0,0
2024-10-21 04:00:00+00:00,28044.5,32107.5,22027.5,10080.0,4499.993203698571,48.589999999999996,77.1,2.59,74.50999999999999,35.44763367748732,,74.50999999999999,0.7295252866327911,79.91625,316.06,0.0,316.06,157.43833879623054,12817.574375,13176.61,12467.8975,708.7125000000015,303.6333084932594,35.44763367748732,0,0,1
2024-10-21 08:00:00+00:00,30953.5,32092.0,29870.0,2222.0,924.425497268439,58.24,65.85,51.49,14.359999999999992,6.382429004697191,,14.359999999999992,0.10958841010812483,2518.72125,3645.365,1176.66,2468.705,1071.482777217122,11837.786875,12203.285,11416.76,786.5249999999996,340.37254731259213,6.382429004697191,0,0,2
2024-10-21 12:00:00+00:00,31729.75,34342.5,29757.5,4585.0,1984.7597041791569,69.8325,90.22,53.17,37.05,15.86770173444577,,37.05,0.2272251707220244,2935.498125,3855.2675,1507.365,2347.9025,1053.8947430550465,10543.356875,11036.67,10191.6175,845.0524999999998,374.5660204455223,15.86770173444577,0,0,3
2024-10-21 16:00:00+00:00,31880.0,34991.5,28093.0,6898.5,3035.7795539202125,96.125,104.14,86.41,17.730000000000004,8.834042109929067,,17.730000000000004,0.09190160842579005,85.5375,342.0875,0.0,342.0875,171.03333587101278,10354.693125,10519.3725,10216.0775,303.2950000000001,138.65276918101085,8.834042109929067,0,0,4
2024-10-21 20:00:00+00:00,22249.5,25358.5,20550.0,4808.5,2214.8898768712334,63.8075,82.38,44.13,38.24999999999999,17.259529493393877,,38.24999999999999,0.27049374279503013,0.0,0.0,0.0,0.0,0.0,10364.029375,10576.8525,10215.3975,361.45500000000175,173.6033171411077,17.259529493393877,0,0,5
2024-10-22 00:00:00+00:00,19993.75,20851.5,19509.0,1342.5,610.7067626938482,39.692499999999995,45.53,35.96,9.57,4.491817560854403,,9.57,0.1131653980186283,0.0,0.0,0.0,0.0,0.0,10082.24125,10236.1875,9747.3525,488.8349999999991,229.14362142460527,4.491817560854403,1,0,0
2024-10-22 04:00:00+00:00,29806.625,32057.0,25274.0,6783.0,3139.9887307388017,86.5475,96.61,63.85,32.76,15.242577155236361,,32.76,0.17611805257501786,188.67749999999998,748.3774999999999,0.0,748.3774999999999,373.14527422863955,8584.865625,9181.285,8177.2825,1004.0024999999996,447.83588106849436,15.242577155236361,1,0,1
2024-10-22 08:00:00+00:00,29079.75,30380.0,27783.0,2597.0,1071.2188151820337,74.725,84.16,67.72,16.439999999999998,7.4220953914645875,,16.439999999999998,0.09932546525881024,4514.75375,5882.41,2509.605,3372.805,1503.1901378533532,7975.229375,8151.915,7808.297500000001,343.6174999999994,148.78040205247368,7.4220953914645875,1,0,2
2024-10-22 12:00:00+00:00,30551.25,34106.0,27724.5,6381.5,2878.383530733874,84.255,108.31,68.52,39.790000000000006,17.572665326200998,,39.790000000000006,0.2085652522248056,4055.1925,5696.2875,1821.38,3874.9075000000003,1707.036921047941,6467.938125,7477.7125,5283.8,2193.9124999999995,948.6248424152697,17.572665326200998,1,0,3
2024-10-22 16:00:00+00:00,33415.625,35792.5,30152.5,5640.0,2510.012761421743,113.22,131.87,89.33,42.540000000000006,20.248155471548507,,42.540000000000006,0.17883903437156437,99.28375,396.995,0.0,396.995,198.47417763926705,4313.735625,4574.81,4152.7425,422.0675000000001,183.15971907935787,20.248155471548507,1,0,4
2024-10-22 20:00:00+00:00,23664.625,26945.0,21785.0,5160.0,2322.9418623446727,87.13,94.17,81.01,13.159999999999997,6.448875871033647,,13.159999999999997,0.07401441376143289,0.0,0.0,0.0,0.0,0.0,4629.814375,4845.8725,4463.17,382.7025000000003,164.03806559473495,6.448875871033647,1,0,5
2024-10-23 00:00:00+00:00,20855.875,21527.5,20198.5,1329.0,608.1259977723914,89.3625,94.11,86.55,7.560000000000002,3.320515773189462,,7.560000000000002,0.03715782093371895,0.0,0.0,0.0,0.0,0.0,5522.695625,5863.16,5104.9175,758.2425000000003,333.6310508903944,3.320515773189462,2,0,0
2024-10-23 04:00:00+00:00,30387.625,32466.0,26021.0,6445.0,2985.3277702512555,104.9875,109.33,100.73,8.599999999999994,3.7955094080592984,,8.599999999999994,0.03615201245919083,112.83687499999999,449.07,0.0,449.07,224.15798778777102,6105.56125,6249.5775,5966.424999999999,283.15250000000106,117.54890192490092,3.7955094080592984,2,0,1
2024-10-23 08:00:00+00:00,29609.75,30820.5,28700.5,2120.0,890.5591408398055,85.8875,94.29,78.92,15.370000000000005,6.898233469519562,,15.370000000000005,0.08031708303908684,3332.0768749999997,4651.7925,1610.1174999999998,3041.6749999999997,1343.0716008221214,6655.976875,6904.335,6445.22,459.1149999999998,197.4184959607275,6.898233469519562,2,0,2
2024-10-23 12:00:00+00:00,30897.75,33938.0,28549.5,5388.5,2458.019612750612,92.9025,113.06,80.04,33.019999999999996,14.363394155514447,,33.019999999999996,0.1546071866259191,3278.84375,4696.015,1353.6075,3342.4075000000003,1485.4236572025784,7231.719375,7313.7425,7080.03,233.71250000000055,110.45721016105097,14.363394155514447,2,0,3
2024-10-23 16:00:00+00:00,32770.125,35832.5,28759.5,7073.0,3135.1046600020654,106.5175,124.5,87.2,37.3,17.857432392890825,,37.3,0.16764787375680829,66.681875,266.68,0.0,266.68,133.33208521355928,8199.59,8978.945,7459.585,1519.3599999999997,658.0214322529067,17.857432392890825,2,0,4
2024-10-23 20:00:00+00:00,22061.0,25187.5,20500.0,4687.5,2140.8381146955817,74.9075,84.26,63.47,20.790000000000006,8.77396670079541,,20.790000000000006,0.11713068385402545,0.0,0.0,0.0,0.0,0.0,9909.401249999999,10138.83,9587.4225,551.4074999999993,236.03612783586618,8.77396670079541,2,0,5
2024-10-24 00:00:00+00:00,19490.0,20091.5,18786.0,1305.5,634.4384656266253,52.5725,58.73,48.29,10.439999999999998,5.084082185278545,,10.439999999999998,0.09670611413340709,0.0,0.0,0.0,0.0,0.0,10475.755625,10592.6275,10251.895,340.7325000000001,159.54745908839283,5.084082185278545,3,0,0
2024-10-24 04:00:00+00:00,28727.625,30813.0,24388.0,6425.0,3023.5128954854267,87.3175,97.94,65.33,32.61,15.181627877141498,,32.61,0.17386695538857047,180.07,716.845,0.0,716.845,357.85366359728664,10671.275625,10874.55,10537.97,336.5799999999999,150.97779271544928,15.181627877141498,3,0,1
2024-10-24 08:00:00+00:00,27685.875,28861.5,26956.5,1905.0,827.9940997173027,70.265,85.21,54.43,30.779999999999994,13.66308286344385,,30.779999999999994,0.19445076301777356,4375.354375,5758.38,2485.6975,3272.6825,1435.9864253513088,11027.376875,11069.1125,10966.8675,102.24499999999898,49.32427362089759,13.66308286344385,3,0,2
2024-10-24 12:00:00+00:00,29411.375,32938.5,26896.5,6042.0,2687.9042137881324,67.945,87.72,51.27,36.449999999999996,15.842071623791298,,36.449999999999996,0.23316022700406644,3829.266875,5693.15,1441.93,4251.219999999999,1875.300858877244,10222.424374999999,10663.1125,9874.6875,788.4249999999993,339.85806746698734,15.842071623791298,3,0,3
2024-10-24 16:00:00+00:00,32656.0,35236.5,29347.0,5889.5,2608.940621529487,104.0025,115.23,91.33,23.900000000000006,9.93821370602719,,23.900000000000006,0.09555745011924896,60.688125,242.7075,0.0,242.7075,121.3462518541982,9643.22125,9726.78,9466.5275,260.2525000000005,121.13376928180152,9.93821370602719,3,0,4
2024-10-24 20:00:00+00:00,23542.375,26345.5,22050.0,4295.5,1962.7835410881826,83.035,85.41,78.54,6.86999999999999,3.0620962318864673,,6.86999999999999,0.03687717506938603,0.0,0.0,0.0,0.0,0.0,7313.064375,8823.2875,5693.282499999999,3130.005000000001,1362.4422302483374,3.0620962318864673,3,0,5
2024-10-25 00:00:00+00:00,21103.625,21532.5,20628.5,904.0,484.5988676214586,85.4425,89.26,83.27,5.990000000000009,2.7403086809092674,,5.990000000000009,0.03207196279262973,0.0,0.0,0.0,0.0,0.0,3949.1206250000005,4798.200000000001,3228.485,1569.7150000000006,677.6841556555407,2.7403086809092674,4,0,0
2024-10-25 04:00:00+00:00,30303.375,32874.5,25318.5,7556.0,3540.356299748186,109.2675,116.34,97.56,18.78,8.620933340808667,,18.78,0.07889750695136866,58.836875,234.9825,0.0,234.9825,117.43054272233651,2887.17125,2996.1675,2821.94,174.22749999999996,75.67417763290628,8.620933340808667,4,0,1
2024-10-25 08:00:00+00:00,31824.125,32481.0,31200.0,1281.0,550.873302886729,99.1875,108.98,91.2,17.78,8.146170368134143,,17.78,0.08212900182113811,2121.4925000000003,2932.3925,990.675,1941.7175,859.7396032544776,2791.6925,2953.425,2547.6425,405.78250000000025,186.48632721328391,8.146170368134143,4,0,2
2024-10-25 12:00:00+00:00,31784.25,33482.0,30845.5,2636.5,1237.4716495069026,100.5625,116.71,90.47,26.239999999999995,11.688853308458734,,26.239999999999995,0.11623471282494699,2181.850625,2998.51,969.9,2028.6100000000001,909.0338314028231,2064.7974999999997,2320.91,1925.67,395.2399999999998,185.58472231930435,11.688853308458734,4,0,3
2024-10-25 16:00:00+00:00,32446.875,34860.5,29483.5,5377.0,2366.5390121088917,135.65,157.91,101.19,56.72,26.663328124348375,,56.72,0.19655973552781691,47.006875,188.0025,0.0,188.0025,93.99708407212694,2147.689375,2239.06,2020.6075,218.45249999999987,95.82690393740764,26.663328124348375,4,0,4
2024-10-25 20:00:00+00:00,23810.0,26753.5,22000.0,4753.5,2132.5571113884225,90.7225,93.49,87.78,5.709999999999994,2.5090818373792905,,5.709999999999994,0.027656665517146167,0.0,0.0,0.0,0.0,0.0,2493.77,2677.445,2242.2325,435.2125000000001,201.03433090934172,2.5090818373792905,4,0,5
2024-10-26 00:00:00+00:00,20353.125,21452.0,19698.5,1753.5,786.6095362376427,87.82,88.41,87.24,1.1700000000000017,0.6051446108162891,,1.1700000000000017,0.006890737996086205,0.0,0.0,0.0,0.0,0.0,2883.43375,3018.56,2771.625,246.93499999999995,104.24265436750589,0.6051446108162891,5,1,0
2024-10-26 04:00:00+00:00,24745.25,27349.5,21504.5,5845.0,2608.661518224751,99.9325,104.52,93.27,11.25,4.80177311000843,,11.25,0.048050164961433245,91.535625,365.78,0.0,365.78,182.82966319289977,3524.7375,3911.355,3168.475,742.8800000000001,321.3961280751012,4.80177311000843,5,1,1
2024-10-26 08:00:00+00:00,26279.625,27410.0,25031.0,2379.0,1004.8117049975081,86.34,95.43,79.01,16.42,7.406096587721954,,16.42,0.08577827875517659,3124.566875,4366.295,1482.11,2884.1850000000004,1269.0487517352237,4791.635625,5274.5975,4258.995,1015.6025,432.4212731448689,7.406096587721954,5,1,2
2024-10-26 12:00:00+00:00,26783.625,29782.0,24533.5,5248.5,2278.6486263792403,82.9025,98.13,76.16,21.97,10.402955910060689,,21.97,0.12548422436067294,3014.51375,4356.355,1213.08,3143.2749999999996,1387.5117297379568,6012.33375,6327.395,5666.825,660.5700000000006,280.9311622199473,10.402955910060689,5,1,3
2024-10-26 16:00:00+00:00,28963.375,31322.5,26147.0,5175.5,2279.473783390954,105.86500000000001,117.89,91.67,26.22,11.73605981579848,,26.22,0.11085873344163306,54.656875,218.53,0.0,218.53,109.24875966830243,6800.32625,7179.23,6539.9525,639.2774999999992,277.90338927179295,11.73605981579848,5,1,4
2024-10-26 20:00:00+00:00,22113.5,24692.5,20300.0,4392.5,1926.0330128704093,80.1075,85.81,74.82,10.990000000000009,4.523327499382139,,10.990000000000009,0.05646571793380323,0.0,0.0,0.0,0.0,0.0,7638.29875,7694.87,7592.77,102.09999999999945,44.26553157273339,4.523327499382139,5,1,5
2024-10-27 00:00:00+00:00,18783.875,19376.0,17913.0,1463.0,720.6134394851844,71.790625,72.28,71.23,1.0499999999999972,0.4601918757431503,,1.0499999999999972,0.006410194586593323,0.0,0.0,0.0,0.0,0.0,7147.070937500001,7529.1075,6771.3725,757.7349999999997,326.6473225299967,0.4601918757431503,6,1,0
2024-10-27 04:00:00+00:00,19856.25,21852.5,18518.5,3334.0,1513.4799580216893,85.56,95.82,75.18,20.639999999999986,9.219038272328977,,20.639999999999986,0.10774939542226489,212.00125,845.735,0.0,845.735,422.49052183402097,6144.6675000000005,6662.78,5422.395,1240.3849999999993,553.6993507987886,9.219038272328977,6,1,1
2024-10-27 08:00:00+00:00,23736.875,23957.0,23640.0,317.0,149.1768385731062,75.95,88.96,62.64,26.319999999999993,11.171935075596053,,26.319999999999993,0.1470959193626866,5442.291875,7021.405,3026.9925,3994.4125,1790.178811253193,5110.06875,5384.2475,4959.1225,425.125,188.70950645657297,11.171935075596053,6,1,2
2024-10-27 12:00:00+00:00,25833.0,28296.5,23794.5,4502.0,1976.1718042720886,75.0975,88.55,63.47,25.08,10.624422729416093,,25.08,0.14147505215774286,4320.9525,6679.75,1440.2625,5239.4875,2296.297208535769,6261.173125,6644.8875,5877.12,767.7674999999999,321.8212142852959,10.624422729416093,6,1,3
2024-10-27 16:00:00+00:00,31709.875,33238.0,30289.5,2948.5,1358.6861530537503,113.56,123.08,103.9,19.179999999999993,9.816326536269392,,19.179999999999993,0.08644176238349235,49.215,196.86,0.0,196.86,98.43,7837.660625,8766.875,7011.0725,1755.8024999999998,760.486091326832,9.816326536269392,6,1,4
2024-10-27 20:00:00+00:00,24678.0,28134.5,21161.5,6973.0,3003.5799195848504,80.7225,92.28,72.95,19.33,9.056965551441609,,19.33,0.11219877421340528,0.0,0.0,0.0,0.0,0.0,9809.304375,10153.2375,9343.425,809.8125,356.10990016177436,9.056965551441609,6,1,5
2024-10-28 00:00:00+00:00,19110.75,20200.0,18040.0,2160.0,963.7244160028326,56.605000000000004,65.54,47.87,17.67000000000001,8.162223961641828,,17.67000000000001,0.144196165738748,0.0,0.0,0.0,0.0,0.0,10341.7825,10426.73,10233.08,193.64999999999964,82.24477232627017,8.162223961641828,0,0,0
2024-10-28 04:00:00+00:00,22313.375,28290.5,17940.5,10350.0,4619.140042168744,83.575,109.76,51.66,58.10000000000001,26.722641461252792,,58.10000000000001,0.319744438662911,28.101875,112.37,0.0,112.37,56.178752781300695,9520.080625,10151.775,8782.03,1369.744999999999,596.2065399478291,26.722641461252792,0,0,1
2024-10-28 08:00:00+00:00,31246.75,32215.0,30852.5,1362.5,648.5772249059219,104.45,109.56,97.62,11.939999999999998,5.083207648719458,,11.939999999999998,0.04866642076323079,1334.146875,1739.13,632.01,1107.1200000000001,506.2402269565928,7567.21375,8292.3775,6927.6775,1364.7000000000007,594.7565510235404,5.083207648719458,0,0,2
2024-10-28 12:00:00+00:00,32642.25,33241.5,32109.0,1132.5,466.09700349462304,101.47,108.14,97.84,10.299999999999997,4.687984641613067,,10.299999999999997,0.04620069618225158,1111.71625,1685.9025,339.33,1346.5725,599.1342218585777,5741.904375,6555.895,4967.55,1588.3450000000003,690.1436546605562,4.687984641613067,0,0,3
2024-10-28 16:00:00+00:00,35894.5,36963.0,35117.5,1845.5,928.0083512555263,148.7525,166.7,132.9,33.79999999999998,18.03488355936904,,33.79999999999998,0.12124087702303517,8.195,32.78,0.0,32.78,16.39,4276.850625,4626.1875,3943.425,682.7624999999998,291.3447285674868,18.03488355936904,0,0,4
2024-10-28 20:00:00+00:00,28368.75,32777.0,23994.0,8783.0,3794.135331886129,101.5725,111.65,95.32,16.330000000000013,7.192242927858694,,16.330000000000013,0.070808958407627,0.0,0.0,0.0,0.0,0.0,3328.425625,3680.1,3077.215,602.8849999999998,269.7213437387353,7.192242927858694,0,0,5
2024-10-29 00:00:00+00:00,21540.25,22795.0,20431.5,2363.5,1046.9373190406382,92.47999999999999,94.82,90.52,4.299999999999997,1.938315419808306,,4.299999999999997,0.020959293034259422,0.0,0.0,0.0,0.0,0.0,3149.4143750000003,3224.27,3073.175,151.0949999999998,69.79915079399228,1.938315419808306,1,0,0
2024-10-29 04:00:00+00:00,23883.75,29064.0,20078.5,8985.5,4097.25742621411,106.36500000000001,120.95,92.73,28.22,12.582764667062113,,28.22,0.11829798022904255,40.695,162.655,0.0,162.655,81.30668801929315,3127.213125,3225.2,2972.3975,252.80249999999978,117.76115706828985,12.582764667062113,1,0,1
2024-10-29 08:00:00+00:00,31482.125,32004.5,31023.0,981.5,402.5682913080301,106.5125,117.11,95.54,21.569999999999993,9.121276866024102,,21.569999999999993,0.08563574102592758,2242.824375,3207.9075000000003,925.24,2282.6675000000005,1007.8542379799087,2909.1375,3016.1375,2843.7200000000003,172.41749999999956,74.37169177516398,9.121276866024102,1,0,2
2024-10-29 12:00:00+00:00,31540.375,33178.5,30692.5,2486.0,1115.180581415704,98.5,108.22,93.6,14.620000000000005,6.8217641901979205,,14.620000000000005,0.06925648924058803,2197.833125,3268.495,795.5475,2472.9474999999998,1094.72761268952,2977.389375,3103.9475,2755.77,348.17750000000024,159.53604295444478,6.8217641901979205,1,0,3
2024-10-29 16:00:00+00:00,35958.0,37058.5,35064.0,1994.5,1030.7954048532943,153.10750000000002,165.28,140.12,25.159999999999997,13.834033817606,,25.159999999999997,0.09035503693552571,24.554375,98.2175,0.0,98.2175,49.10875,2288.6262500000003,2530.735,2077.655,453.0799999999999,194.2513145547542,13.834033817606,1,0,4
2024-10-29 20:00:00+00:00,28353.875,32497.5,24488.5,8009.0,3478.276569773216,101.3325,115.17,94.14,21.03,9.749042260653091,,21.03,0.09620844507589467,0.0,0.0,0.0,0.0,0.0,1696.0587500000001,1896.375,1482.765,413.6099999999999,178.00502255905596,9.749042260653091,1,0,5
2024-10-30 00:00:00+00:00,22210.75,23300.0,21258.5,2041.5,910.6102807092254,90.0125,91.13,88.87,2.259999999999991,0.991711483581118,,2.259999999999991,0.01101748627780716,0.0,0.0,0.0,0.0,0.0,1218.335,1373.31,1119.245,254.06500000000005,113.4980504237849,0.991711483581118,2,0,0
2024-10-30 04:00:00+00:00,24635.5,29702.0,20947.0,8755.0,4007.989042732859,106.9925,123.21,92.75,30.459999999999994,13.52569006249466,,30.459999999999994,0.12641717935831626,63.89625,255.585,0.0,255.585,127.7925,1001.3987500000001,1061.025,944.9025,116.12250000000006,48.756485145568135,13.52569006249466,2,0,1
2024-10-30 08:00:00+00:00,31617.0,32324.0,30867.0,1457.0,657.0525093171777,108.4325,122.24,94.99,27.25,11.549064536431796,,27.25,0.10650925263580384,3010.00375,4253.7975,1281.045,2972.7524999999996,1326.4752415055032,829.5475,875.7025,799.0475,76.65499999999997,34.10089313346496,11.549064536431796,2,0,2
2024-10-30 12:00:00+00:00,32120.625,33607.5,30969.5,2638.0,1142.2570036992552,105.2625,120.83,95.74,25.090000000000003,11.113296465645703,,25.090000000000003,0.10557697627973596,2572.6425,4037.3475,836.245,3201.1025,1398.4718348179797,1073.586875,1269.2475,907.6675,361.5799999999999,155.2587844049277,11.113296465645703,2,0,3
2024-10-30 16:00:00+00:00,35947.5,37013.5,35104.5,1909.0,962.9416735538382,158.89499999999998,173.51,132.62,40.889999999999986,18.186442752776024,,40.889999999999986,0.11445572706992686,25.58875,102.355,0.0,102.355,51.1775,2106.481875,2705.235,1527.8175,1177.4175,506.4994713158438,18.186442752776024,2,0,4
2024-10-30 20:00:00+00:00,28497.5,32923.0,24187.0,8736.0,3798.63455731135,92.4225,101.69,86.36,15.329999999999998,6.880752744673604,,15.329999999999998,0.07444889225755201,0.0,0.0,0.0,0.0,0.0,3638.105625,4114.62,3143.515,971.105,421.8174059371691,6.880752744673604,2,0,5
2024-10-31 00:00:00+00:00,21652.25,23075.0,20373.0,2702.0,1192.8004513189403,80.9875,84.01,78.53,5.480000000000004,2.2837450966924258,,5.480000000000004,0.02819873556650619,0.0,0.0,0.0,0.0,0.0,4486.579374999999,4703.105,4256.094999999999,447.0100000000002,192.12235793428448,2.2837450966924258,3,0,0
2024-10-31 04:00:00+00:00,23814.375,29059.5,19944.5,9115.0,4150.045629769228,92.5275,104.55,82.93,21.61999999999999,10.104356733607531,,21.61999999999999,0.10920382301053774,57.645,230.58,0.0,230.58,115.29,5083.9556250000005,5321.0625,4833.51,487.5524999999998,211.32549111081957,10.104356733607531,3,0,1
2024-10-31 08:00:00+00:00,30877.5,31303.5,30404.5,899.0,407.21574953170347,90.5125,100.02,79.85,20.17,8.697246211684856,,20.17,0.09608889613793523,2667.7775,3850.65,1133.06,2717.59,1196.2671144143212,5874.5075,6321.75,5482.205,839.5450000000001,367.23101930755644,8.697246211684856,3,0,2
2024-10-31 12:00:00+00:00,31425.625,33105.0,30555.5,2549.5,1156.1720153881374,81.74,89.0,78.25,10.75,5.008173319684537,,10.75,0.06126955370301608,2438.0825,3791.1575,827.975,2963.1825,1296.553792146383,6355.4525,6437.965,6206.475,231.48999999999978,103.37587456300737,5.008173319684537,3,0,3
2024-10-31 16:00:00+00:00,35632.5,36755.5,34626.5,2129.0,1020.4100482975789,120.0225,134.21,103.96,30.250000000000014,13.787326003737398,,30.250000000000014,0.11487284470609595,25.699375,102.7975,0.0,102.7975,51.39875,5999.26375,6026.282499999999,5981.205,45.07749999999942,21.808549021350625,13.787326003737398,3,0,4
2024-10-31 20:00:00+00:00,27744.375,32225.0,23573.0,8652.0,3756.9113061795847,85.5975,92.92,79.66,13.260000000000005,5.525108596217814,,13.260000000000005,0.06454754632107033,0.0,0.0,0.0,0.0,0.0,6125.405624999999,6188.695,6064.2675,124.42749999999978,66.15727364189904,5.525108596217814,3,0,5
2024-11-01 00:00:00+00:00,21530.875,22950.0,20116.0,2834.0,1249.1433314475964,78.7675,80.9,76.99,3.910000000000011,1.624384498817935,,3.910000000000011,0.02062252196423578,0.0,0.0,0.0,0.0,0.0,6226.046875,6346.93,6116.1875,230.7425000000003,95.22002385648295,1.624384498817935,4,0,0
2024-11-01 04:00:00+00:00,23706.875,29242.0,19704.0,9538.0,4344.783354303565,90.5475,102.53,79.88,22.650000000000006,9.994089503301442,,22.650000000000006,0.11037399710982017,63.645,254.58,0.0,254.58,127.29,6326.1575,6441.094999999999,6084.1225,356.97249999999894,166.11879726318338,9.994089503301442,4,0,1
2024-11-01 08:00:00+00:00,31349.625,31649.5,31073.0,576.5,236.48445156782114,93.1875,101.48,85.65,15.829999999999998,6.8421359968945366,,15.829999999999998,0.07342332391033708,2691.459375,3697.8975,1215.9675,2481.9300000000003,1112.1337067011004,5206.8099999999995,5730.1575,4748.487499999999,981.670000000001,423.60597791953677,6.8421359968945366,4,0,2
2024-11-01 12:00:00+00:00,31859.25,32370.5,31629.5,741.0,346.0205918727962,93.4425,102.75,86.32,16.430000000000007,7.116845626165199,,16.430000000000007,0.07616283410830402,2233.1150000000002,3527.16,682.03,2845.13,1247.326760404359,3576.6431249999996,4406.549999999999,2732.695,1673.854999999999,730.3041750912621,7.116845626165199,4,0,3
2024-11-01 16:00:00+00:00,34733.5,35898.0,33611.5,2286.5,987.7100620458752,147.1275,168.15,125.09,43.06,18.1952931184597,,43.06,0.12367023920381771,17.913125,71.6525,0.0,71.6525,35.82625,1973.7625,2393.725,1608.25,785.4749999999999,342.12927348445345,18.1952931184597,4,0,4
2024-11-01 20:00:00+00:00,28279.625,31467.0,24711.0,6756.0,2964.1654074123467,91.4675,97.15,87.37,9.780000000000001,4.1824584078426135,,9.780000000000001,0.04572616949017531,0.0,0.0,0.0,0.0,0.0,1562.703125,1760.575,1450.775,309.79999999999995,139.28724306528997,4.1824584078426135,4,0,5
2024-11-02 00:00:00+00:00,22092.375,23710.0,20426.0,3284.0,1430.7032871400456,83.66749999999999,86.91,80.6,6.310000000000002,2.8576724211614373,,6.310000000000002,0.03415510707456825,0.0,0.0,0.0,0.0,0.0,2489.40625,2917.56,2010.5325,907.0274999999999,397.96381538034757,2.8576724211614373,5,1,0
2024-11-02 04:00:00+00:00,21199.875,23146.5,20065.0,3081.5,1409.6292287335702,87.89500000000001,94.52,80.68,13.83999999999999,6.2866498762589496,,13.83999999999999,0.07152454492586548,14.608125000000001,58.432500000000005,0.0,58.432500000000005,29.216250000000002,3411.348125,3644.38,3091.9375,552.4425000000001,242.64678636836666,6.2866498762589496,5,1,1
2024-11-02 08:00:00+00:00,27991.375,28954.5,26221.0,2733.5,1287.0876928813618,89.63499999999999,94.5,83.8,10.700000000000003,4.627493922200224,,10.700000000000003,0.05162597112958357,1420.633125,2063.71,503.58,1560.13,700.4820474245306,3811.119375,3891.8725,3710.2425,181.6300000000001,76.095282742948,4.627493922200224,5,1,2
2024-11-02 12:00:00+00:00,29722.5,30402.5,29351.0,1051.5,484.1750716424798,86.7825,91.86,83.76,8.099999999999994,3.602280527665771,,8.099999999999994,0.04150929654787279,1297.330625,1961.53,434.2825,1527.2475,671.2190127682339,3474.085,3599.115,3396.4225,202.69249999999965,91.86300032748032,3.602280527665771,5,1,3
2024-11-02 16:00:00+00:00,32371.0,33763.0,30481.0,3282.0,1376.7026427906162,107.935,116.47,97.74,18.730000000000004,7.97732829126812,,18.730000000000004,0.07390863289264946,12.29125,49.165,0.0,49.165,24.5825,3338.009375,3364.78,3327.69,37.090000000000146,17.92698970535289,7.97732829126812,5,1,4
2024-11-02 20:00:00+00:00,26390.25,29261.5,23174.5,6087.0,2646.77834042319,87.095,89.6,82.95,6.6499999999999915,3.149714272755542,,6.6499999999999915,0.03616412277117563,0.0,0.0,0.0,0.0,0.0,3160.839375,3341.9475,2859.71,482.2375000000002,221.92529070777235,3.149714272755542,5,1,5
2024-11-03 00:00:00+00:00,21040.5,22350.0,19754.5,2595.5,1133.2105570751924,82.735,86.71,78.83,7.8799999999999955,3.886296437483889,,7.8799999999999955,0.046972822112574995,0.0,0.0,0.0,0.0,0.0,2273.616875,2611.445,1960.4275,651.0175000000002,281.0747974396301,3.886296437483889,6,1,0
2024-11-03 04:00:00+00:00,20518.625,22389.5,19247.5,3142.0,1415.7195093544012,88.695,96.83,79.63,17.200000000000003,8.043633092908538,,17.200000000000003,0.0906886869937261,46.47625,185.905,0.0,185.905,92.9525,1552.650625,1761.44,1424.6025,336.8375000000001,153.58415733693315,8.043633092908538,6,1,1
2024-11-03 08:00:00+00:00,27238.125,28655.5,24994.0,3661.5,1606.7217854480384,91.5375,95.01,87.6,7.410000000000011,3.349431543809582,,7.410000000000011,0.03659081298713193,2114.140625,2924.19,972.2775,1951.9125,869.4720953984448,1487.256875,1524.4775,1435.525,88.95249999999987,39.416945614322984,3.349431543809582,6,1,2
2024-11-03 12:00:00+00:00,30799.375,31714.5,29937.5,1777.0,727.4581746281596,93.2475,98.41,89.05,9.36,4.203905921877886,,9.36,0.045083309706725534,1683.463125,2732.65,478.6775,2253.9725,979.3800849567526,1222.478125,1330.04,1158.375,171.66499999999996,79.67789549636187,4.203905921877886,6,1,3
2024-11-03 16:00:00+00:00,34167.625,35498.5,32575.5,2923.0,1223.7707012208898,124.0625,139.91,106.18,33.72999999999999,13.950573166241822,,33.72999999999999,0.11244794491681072,3.674375,14.6975,0.0,14.6975,7.34875,1494.4675,1719.235,1256.49,462.7449999999999,202.75638972668656,13.950573166241822,6,1,4
2024-11-03 20:00:00+00:00,27137.625,30524.0,23445.0,7079.0,3085.5840985406094,90.8525,94.98,87.78,7.200000000000003,3.15391159250435,,7.200000000000003,0.03471463737931651,0.0,0.0,0.0,0.0,0.0,1683.700625,1746.965,1612.2625,134.70249999999987,56.58890661218416,3.15391159250435,6,1,5
2024-11-04 00:00:00+00:00,21462.375,22400.0,20624.0,1776.0,794.8676383524487,83.8125,87.6,80.79,6.809999999999988,2.926549447158996,,6.809999999999988,0.034917815924342996,0.0,0.0,0.0,0.0,0.0,1447.41125,1537.77,1361.455,176.31500000000005,77.17749074104007,2.926549447158996,0,0,0
2024-11-04 04:00:00+00:00,25014.125,31159.5,20517.5,10642.0,4837.031172372161,92.635,106.27,80.59,25.679999999999993,11.775413651616091,,25.679999999999993,0.12711624819578013,36.074375,144.2975,0.0,144.2975,72.14875,1582.39125,1801.595,1383.54,418.05500000000006,181.286971005227,11.775413651616091,0,0,1
2024-11-04 08:00:00+00:00,34209.5,34594.0,33496.0,1098.0,508.18877726031513,100.575,106.4,94.3,12.100000000000009,5.3027885745772245,,12.100000000000009,0.05272471861374318,1976.245625,2875.2275,786.8525000000001,2088.375,927.809727389761,1924.493125,2019.5775,1776.3875,243.19000000000005,104.37257522882068,5.3027885745772245,0,0,2
2024-11-04 12:00:00+00:00,34827.0,35142.0,34699.5,442.5,210.69685965069974,98.935,108.94,94.08,14.86,6.933697907081521,,14.86,0.07008336692860484,1668.761875,2750.475,471.7525,2278.7225,996.3923260973706,1471.3118749999999,1586.6675,1411.815,174.85249999999996,81.09810281830995,6.933697907081521,0,0,3
2024-11-04 16:00:00+00:00,37964.5,39048.5,36829.5,2219.0,1039.3651106965897,129.595,138.82,112.39,26.429999999999993,11.732730571638756,,26.429999999999993,0.09053382130204679,8.96875,35.875,0.0,35.875,17.9375,1750.52625,1900.445,1534.705,365.74,163.32857263682715,11.732730571638756,0,0,4
2024-11-04 20:00:00+00:00,29808.875,34198.5,25115.5,9083.0,3930.5035592359745,91.95750000000001,98.9,86.84,12.060000000000002,5.211029168983802,,12.060000000000002,0.05666779946153169,0.0,0.0,0.0,0.0,0.0,1578.345,1883.425,1142.555,740.8699999999999,340.6012790150187,5.211029168983802,0,0,5
2024-11-05 00:00:00+00:00,22815.25,24380.0,21460.0,2920.0,1362.929534740027,84.52,87.71,81.95,5.759999999999991,3.0104484715736266,,5.759999999999991,0.035618178792873,0.0,0.0,0.0,0.0,0.0,995.391875,1079.6575,931.47,148.1875,66.2264190540993,3.0104484715736266,1,0,0
2024-11-05 04:00:00+00:00,25824.375,31832.5,21549.0,10283.5,4696.123265968075,97.2125,114.02,83.98,30.039999999999992,13.526170620935794,,30.039999999999992,0.13914024041080925,25.944375,103.7775,0.0,103.7775,51.88875,963.2725,990.045,932.0275,58.01749999999993,25.109367358949246,13.526170620935794,1,0,1
2024-11-05 08:00:00+00:00,34083.25,34490.5,33722.0,768.5,333.936246410399,108.0,120.15,96.43,23.72,10.27566380661934,,23.72,0.09514503524647538,1941.2106250000002,2906.53,718.16,2188.3700000000003,958.6510727457423,1025.309375,1029.1925,1023.005,6.187500000000114,2.8104258092265724,10.27566380661934,1,0,2
2024-11-05 12:00:00+00:00,33951.75,34762.0,32981.0,1781.0,735.8399395701948,107.2625,125.0,95.93,29.069999999999993,13.04609104930158,,29.069999999999993,0.12162769886308425,1857.47,2969.5675,481.3025,2488.2650000000003,1100.9691859164361,1097.2375,1200.71,1024.76,175.95000000000005,77.94723284590248,13.04609104930158,1,0,3
2024-11-05 16:00:00+00:00,37650.25,38707.5,36584.0,2123.5,1130.5544731089549,160.085,179.72,125.17,54.55,24.11349345629262,,54.55,0.15062931227968024,3.336875,13.3475,0.0,13.3475,6.67375,1587.9725,1881.3575,1331.6775,549.6800000000001,237.285115288549,24.11349345629262,1,0,4
2024-11-05 20:00:00+00:00,29366.125,34173.5,24865.5,9308.0,4037.0464734960215,90.7,102.39,84.54,17.849999999999994,8.241735254180393,,17.849999999999994,0.09086808439008152,0.0,0.0,0.0,0.0,0.0,2184.625625,2314.765,2085.465,229.29999999999973,103.61268777630056,8.241735254180393,1,0,5
2024-11-06 00:00:00+00:00,22709.0,23810.0,21479.5,2330.5,1018.3340152752759,80.315,82.76,78.5,4.260000000000005,1.9982909364421064,,4.260000000000005,0.024880669071059073,0.0,0.0,0.0,0.0,0.0,2048.16625,2109.92,1967.615,142.30500000000006,65.7239047550435,1.9982909364421064,2,0,0
2024-11-06 04:00:00+00:00,25394.125,31411.0,21109.0,10302.0,4709.611207856406,91.49,104.75,79.08,25.67,11.462329606148998,,25.67,0.12528505417148328,20.90125,83.605,0.0,83.605,41.8025,1974.8287500000001,2001.255,1943.4875,57.767500000000155,27.33383057220489,11.462329606148998,2,0,1
2024-11-06 08:00:00+00:00,33952.25,34229.5,33794.5,435.0,197.13003322680186,98.98,105.93,92.34,13.590000000000003,5.941610331663747,,13.590000000000003,0.06002839292446699,1616.1599999999999,2393.2375,594.3025,1798.9350000000002,795.9471121092155,1888.953125,1956.495,1827.325,129.16999999999985,58.917324962434826,5.941610331663747,2,0,2
2024-11-06 12:00:00+00:00,34415.0,35021.0,34052.5,968.5,436.5216680379872,99.5,109.62,92.69,16.930000000000007,7.426416812074763,,16.930000000000007,0.07463735489522376,1440.69125,2351.7125,361.6875,1990.025,878.2324264146993,1883.51625,1981.5175,1805.9675,175.54999999999995,75.89424880768856,7.426416812074763,2,0,3
2024-11-06 16:00:00+00:00,37201.25,38414.0,35724.0,2690.0,1138.1945132533363,140.58249999999998,161.97,114.16,47.81,19.84749585380148,,47.81,0.14118041615280333,3.5,14.0,0.0,14.0,7.0,2549.443125,2913.685,2189.54,724.145,312.74987077918325,19.84749585380148,2,0,4
2024-11-06 20:00:00+00:00,29134.0,33473.5,24727.5,8746.0,3777.207588505914,89.215,96.17,82.39,13.780000000000001,5.648164893721381,,13.780000000000001,0.06330958800337816,0.0,0.0,0.0,0.0,0.0,3207.0225,3294.2325,3060.8050000000003,233.42749999999978,108.74291714482658,5.648164893721381,2,0,5
2024-11-07 00:00:00+00:00,22518.5,23850.0,21055.5,2794.5,1231.7887400037398,82.7,86.78,80.02,6.760000000000005,3.24448249597169,,6.760000000000005,0.03923195279288621,0.0,0.0,0.0,0.0,0.0,3229.540625,3266.105,3203.2925,62.8125,30.22125689360336,3.24448249597169,3,0,0
2024-11-07 04:00:00+00:00,24999.0,30834.0,20795.5,10038.5,4586.64272643946,93.365,107.46,80.9,26.559999999999988,11.915548665504247,,26.559999999999988,0.12762329208487377,11.978125,47.9125,0.0,47.9125,23.95625,3647.8025,4162.47,3258.615,903.8550000000005,398.40656343426366,11.915548665504247,3,0,1
2024-11-07 08:00:00+00:00,33692.0,33980.5,33093.5,887.0,404.2624972300376,104.04,109.93,98.76,11.170000000000002,4.871775856912964,,11.170000000000002,0.04682598862853671,1306.191875,1997.6,457.1625,1540.4375,673.5835561054982,4790.145,4913.43,4568.555,344.875,154.65420982523116,4.871775856912964,3,0,2
2024-11-07 12:00:00+00:00,34007.0,34368.5,33849.0,519.5,242.75330413130666,106.24,114.86,100.61,14.25,6.348590394725434,,14.25,0.05975706320336437,1265.871875,1983.865,358.13,1625.7350000000001,714.9407308516762,4959.86625,5187.764999999999,4840.86,346.90499999999975,155.1984792464691,6.348590394725434,3,0,3
2024-11-07 16:00:00+00:00,36880.0,37717.0,36059.0,1658.0,835.6111535876,141.2275,156.21,119.38,36.83000000000001,15.676520394101066,,36.83000000000001,0.1110018968975665,2.863125,11.4525,0.0,11.4525,5.72625,6041.19875,6350.56,5578.0225,772.5375000000004,345.6256009669282,15.676520394101066,3,0,4
2024-11-07 20:00:00+00:00,29372.5,33909.0,24798.5,9110.5,3959.439627859815,92.6825,105.22,84.76,20.459999999999994,9.360279109086441,,20.459999999999994,0.10099295022346652,0.0,0.0,0.0,0.0,0.0,6084.8425,6346.215,5815.0975,531.1175000000003,224.60070175573054,9.360279109086441,3,0,5
2024-11-08 00:00:00+00:00,22799.875,23995.0,21618.5,2376.5,1092.1015196247406,79.195,82.25,76.78,5.469999999999999,2.4648258897266246,,5.469999999999999,0.031123503879368977,0.0,0.0,0.0,0.0,0.0,4848.18125,5407.2475,4350.65,1056.5975000000008,460.40570485216307,2.4648258897266246,4,0,0
2024-11-08 04:00:00+00:00,24590.75,29825.5,21229.5,8596.0,3938.6411468085457,91.10249999999999,106.31,77.71,28.60000000000001,12.754636738587791,,28.60000000000001,0.14000314742831194,8.07,32.28,0.0,32.28,16.14,4118.94125,4190.9,4083.73,107.16999999999962,49.35673111390156,12.754636738587791,4,0,1
2024-11-08 08:00:00+00:00,33569.5,34228.0,32870.5,1357.5,554.6985667910095,100.52250000000001,105.43,95.58,9.850000000000009,4.287084284996824,,9.850000000000009,0.04264800701332359,1224.6575,1902.1375,392.075,1510.0625,661.5847462627144,4180.896875,4230.075,4149.3275,80.74749999999949,36.710256081407344,4.287084284996824,4,0,2
2024-11-08 12:00:00+00:00,34896.25,35432.5,34339.0,1093.5,507.30242459503387,100.7375,109.87,95.66,14.210000000000008,6.461317590089507,,14.210000000000008,0.06414014235105599,1220.6725000000001,1933.0675,291.12,1641.9475000000002,728.2876191822617,4050.370625,4148.65,3941.775,206.87499999999955,90.22671981308612,6.461317590089507,4,0,3
2024-11-08 16:00:00+00:00,37074.125,38223.5,36161.5,2062.0,885.6970301218513,142.71,158.29,124.58,33.709999999999994,14.667090145401486,,33.709999999999994,0.10277548977227582,0.17625,0.705,0.0,0.705,0.3525,3800.5675,3931.09,3560.8825,370.2075,171.20773939622782,14.667090145401486,4,0,4
2024-11-08 20:00:00+00:00,30135.5,34209.5,26032.0,8177.5,3560.0809681803585,95.0875,104.8,89.44,15.36,6.904526896657491,,15.36,0.07261235069443919,0.0,0.0,0.0,0.0,0.0,2724.9387500000003,3242.8775,2186.2075,1056.67,459.7858800776184,6.904526896657491,4,0,5
2024-11-09 00:00:00+00:00,23734.75,25095.0,22495.0,2600.0,1176.8127506107332,86.235,89.32,83.62,5.699999999999989,2.6744906057041837,,5.699999999999989,0.03101398046853588,0.0,0.0,0.0,0.0,0.0,1735.879375,1982.03,1527.04,454.99,195.90627963789862,2.6744906057041837,5,1,0
2024-11-09 04:00:00+00:00,23467.25,26235.5,21937.0,4298.5,1996.3487712989097,93.75,102.57,85.85,16.72,7.6175630398879255,,16.72,0.08125400575880459,1.805625,7.2225,0.0,7.2225,3.6112499999999996,1283.080625,1382.025,1206.89,175.135,74.96508555029126,7.6175630398879255,5,1,1
2024-11-09 08:00:00+00:00,30800.375,31447.5,29312.0,2135.5,1013.7273939115317,98.60249999999999,102.49,95.78,6.709999999999994,2.8485361737800123,,6.709999999999994,0.028889086724778988,1061.860625,1691.56,279.535,1412.0249999999999,625.0138183684921,1486.0831249999999,1521.895,1441.215,80.68000000000006,40.4504202375679,2.8485361737800123,5,1,2
2024-11-09 12:00:00+00:00,32281.625,32769.5,32005.0,764.5,340.49409564141735,102.015,110.83,95.92,14.909999999999997,6.772170996069129,,14.909999999999997,0.06638407093142316,997.410625,1664.1275,195.1925,1468.935,652.2793597243407,1354.79375,1412.69,1316.8675,95.82249999999999,45.37516815854979,6.772170996069129,5,1,3
2024-11-09 16:00:00+00:00,35153.375,36248.0,33766.5,2481.5,1137.8827103440842,128.47,148.52,108.23,40.290000000000006,16.59848788293681,,40.290000000000006,0.1292012756514113,0.628125,2.5125,0.0,2.5125,1.25625,1575.7150000000001,1819.4825,1369.415,450.0675000000001,195.58586391275827,16.59848788293681,5,1,4
2024-11-09 20:00:00+00:00,28544.25,32133.5,24890.5,7243.0,3099.7189523137963,93.305,98.83,89.33,9.5,4.023443798538754,,9.5,0.04312141684302834,0.0,0.0,0.0,0.0,0.0,2002.62,2071.335,1936.5075,134.8275000000001,59.68265357287664,4.023443798538754,5,1,5
2024-11-10 00:00:00+00:00,22802.625,24380.0,21260.5,3119.5,1340.798355147659,85.275,88.65,82.87,5.780000000000001,2.566898257949985,,5.780000000000001,0.030101416100263664,0.0,0.0,0.0,0.0,0.0,1973.1725,1984.2775,1948.1225,36.15499999999997,16.910665643315276,2.566898257949985,6,1,0
2024-11-10 04:00:00+00:00,21621.25,23821.5,20430.5,3391.0,1601.246519642328,89.4475,95.35,83.18,12.169999999999987,5.579954450232243,,12.169999999999987,0.06238245283805858,10.164375,40.6575,0.0,40.6575,20.32875,2073.8525,2205.65,1984.55,221.10000000000014,97.28912319302032,5.579954450232243,6,1,1
2024-11-10 08:00:00+00:00,28997.25,30543.0,26444.0,4099.0,1839.313028461079,94.56,97.48,90.51,6.969999999999999,3.296391966984513,,6.969999999999999,0.03486032113985309,1382.87375,2138.705,431.4575,1707.2475,754.0364526955908,2694.0950000000003,3044.5525,2399.3375,645.2149999999997,274.29487759526216,3.296391966984513,6,1,2
2024-11-10 12:00:00+00:00,31851.375,32757.0,31350.0,1407.0,623.9980468719433,94.63499999999999,99.22,90.52,8.700000000000003,3.9254171752821474,,8.700000000000003,0.04147954958822994,1212.089375,2074.88,270.39,1804.4900000000002,791.0412660179173,3921.015,4426.405,3412.7275,1013.6774999999998,438.98516899302325,3.9254171752821474,6,1,3
2024-11-10 16:00:00+00:00,35357.625,36941.5,33427.5,3514.0,1458.3446309086203,112.9325,123.02,99.69,23.33,9.69842727800063,,23.33,0.0858780889292332,0.77375,3.095,0.0,3.095,1.5475,5715.7725,6605.675,4793.610000000001,1812.0649999999996,789.6881029505678,9.69842727800063,6,1,4
2024-11-10 20:00:00+00:00,27224.75,31096.0,23064.5,8031.5,3493.9983423960957,84.3825,91.46,79.25,12.209999999999994,5.427100975659103,,12.209999999999994,0.06431547981701302,0.0,0.0,0.0,0.0,0.0,7917.82125,8789.43,7082.57,1706.8600000000006,738.4628464404404,5.427100975659103,6,1,5
2024-11-11 00:00:00+00:00,21344.625,22400.0,20308.0,2092.0,931.8282544725365,71.2175,78.04,64.55,13.490000000000009,6.048175344680413,,13.490000000000009,0.08492540941033333,0.0,0.0,0.0,0.0,0.0,9565.351875,9880.265,9198.5925,681.6724999999988,297.55545338484745,6.048175344680413,0,0,0
2024-11-11 04:00:00+00:00,24491.125,30561.0,20092.0,10469.0,4749.830319337734,82.13749999999999,97.13,65.41,31.72,14.050953407746626,,31.72,0.17106624145788019,30.941875,123.7675,0.0,123.7675,61.88375,9329.88875,9791.365,8821.1325,970.2325000000001,423.327408192623,14.050953407746626,0,0,1
2024-11-11 08:00:00+00:00,32245.0,33206.5,31274.0,1932.5,928.36226765202,91.035,97.76,85.16,12.600000000000009,5.549873872440713,,12.600000000000009,0.060964177211410016,2996.759375,4591.0075,1002.525,3588.4824999999996,1584.250584323935,8091.003124999999,8540.49,7746.15,794.3400000000001,354.4541391196645,5.549873872440713,0,0,2
2024-11-11 12:00:00+00:00,32866.0,34347.0,31937.0,2410.0,1057.7841619788671,92.1075,103.15,85.26,17.89,8.158203948582477,,17.89,0.08857263467776756,2878.01,4624.21,737.385,3886.825,1722.339536322373,7843.0125,7876.7675,7777.59,99.17749999999978,46.58364318620901,8.158203948582477,0,0,3
2024-11-11 16:00:00+00:00,38306.125,39392.0,36776.5,2615.5,1277.462939775554,119.4325,130.78,107.41,23.370000000000005,9.672612108422424,,23.370000000000005,0.08098810716029908,4.238125,16.9525,0.0,16.9525,8.47625,7753.753124999999,7866.945,7620.889999999999,246.0550000000003,109.96477404482431,9.672612108422424,0,0,4
2024-11-11 20:00:00+00:00,30191.875,35223.5,25403.0,9820.5,4245.13204299937,92.57249999999999,98.27,87.8,10.469999999999999,4.567467387221647,,10.469999999999999,0.04933935442190332,0.0,0.0,0.0,0.0,0.0,7414.626875,7553.045,7275.495,277.5500000000002,120.49042339841438,4.567467387221647,0,0,5
2024-11-12 00:00:00+00:00,23499.0,24700.0,22446.5,2253.5,982.4012248906582,84.485,87.55,82.03,5.519999999999996,2.5660930094860905,,5.519999999999996,0.030373356329361202,0.0,0.0,0.0,0.0,0.0,7102.30125,7200.1900000000005,6986.5650000000005,213.625,92.47728301002722,2.5660930094860905,1,0,0
2024-11-12 04:00:00+00:00,26620.0,32759.5,22197.5,10562.0,4835.968465571296,94.41,106.92,84.38,22.540000000000006,10.178048273940677,,22.540000000000006,0.10780688776549809,29.22,116.88,0.0,116.88,58.44,6838.00625,6938.38,6628.3225,310.0574999999999,144.91964909476553,10.178048273940677,1,0,1
2024-11-12 08:00:00+00:00,33381.625,34363.5,32409.5,1954.0,920.8065644676219,99.85249999999999,106.75,94.35,12.400000000000006,5.509908498937769,,12.400000000000006,0.055180476191760544,2626.755625,3781.62,942.6875,2838.9325,1281.6652452756125,6001.886875,6411.3,5575.4925,835.8074999999999,367.5148908058865,5.509908498937769,1,0,2
2024-11-12 12:00:00+00:00,33515.25,34911.0,32737.0,2174.0,1028.6088906868345,105.64,118.8,96.58,22.22,9.847273734389626,,22.22,0.09321538938271143,1941.76375,3431.9075,462.3375,2969.5699999999997,1286.4576403012977,4917.224375,5284.785,4655.1225,629.6624999999995,279.46072538890957,9.847273734389626,1,0,3
2024-11-12 16:00:00+00:00,38757.375,39793.5,37877.0,1916.5,935.1215050284463,149.085,177.97,118.01,59.959999999999994,24.635737591285277,,59.959999999999994,0.16524625275034563,2.151875,8.6075,0.0,8.6075,4.30375,4601.15625,4657.870000000001,4522.335,135.53500000000076,57.04555918664203,24.635737591285277,1,0,4
2024-11-12 20:00:00+00:00,30677.375,35433.5,25985.0,9448.5,4093.5928875703635,99.3325,108.62,93.5,15.120000000000005,6.747727395205002,,15.120000000000005,0.06793071145098531,0.0,0.0,0.0,0.0,0.0,4080.7225,4330.2925,3828.675,501.6174999999994,214.9584430283368,6.747727395205002,1,0,5
2024-11-13 00:00:00+00:00,24097.25,25270.0,23038.0,2232.0,955.7660540111262,88.88,91.22,87.09,4.1299999999999955,1.7472836060582726,,4.1299999999999955,0.01965890645880142,0.0,0.0,0.0,0.0,0.0,3276.15125,3657.125,2994.185,662.94,302.5297288249815,1.7472836060582726,2,0,0
2024-11-13 04:00:00+00:00,26783.75,32839.5,22617.0,10222.5,4643.505868414511,101.33,114.23,89.59,24.64,11.351572578281834,,24.64,0.11202578287063882,18.818125000000002,75.27250000000001,0.0,75.27250000000001,37.636250000000004,3181.855625,3243.05,3079.695,163.35500000000002,75.37377678319233,11.351572578281834,2,0,1
2024-11-13 08:00:00+00:00,34019.5,34961.0,32762.0,2199.0,1050.22830851201,106.3825,117.02,97.71,19.310000000000002,8.297475017537963,,19.310000000000002,0.07799661614962958,2619.836875,4028.0775,795.6324999999999,3232.4449999999997,1437.5022896769808,3249.6218750000003,3272.17,3227.9675,44.20249999999987,21.1159792746906,8.297475017537963,2,0,2
2024-11-13 12:00:00+00:00,34003.25,35367.0,33163.0,2204.0,983.0945614063118,106.14,118.5,97.65,20.849999999999994,9.140375630501545,,20.849999999999994,0.0861162203740489,2213.671875,3836.3225,461.115,3375.2075000000004,1480.9515330162665,3714.2662499999997,3911.95,3488.7925,423.1574999999998,177.71514089149338,9.140375630501545,2,0,3
2024-11-13 16:00:00+00:00,38347.25,39295.0,37522.5,1772.5,946.8125914526767,147.9325,170.9,120.18,50.72,20.92130871464148,,50.72,0.1414246951457014,1.759375,7.0375,0.0,7.0375,3.51875,4268.460625,4496.6325,4099.6050000000005,397.02749999999924,171.6444828753969,20.92130871464148,2,0,4
2024-11-13 20:00:00+00:00,30450.25,35206.5,25883.5,9323.0,4082.347884490003,97.44500000000001,105.98,92.68,13.299999999999997,6.086736947385417,,13.299999999999997,0.06246330696685731,0.0,0.0,0.0,0.0,0.0,4918.118125,5125.75,4667.13,458.6199999999999,208.5855031653185,6.086736947385417,2,0,5
2024-11-14 00:00:00+00:00,23685.125,24930.0,22369.0,2561.0,1148.9328653871232,86.6875,90.13,83.87,6.259999999999991,2.8872636988447424,,6.259999999999991,0.033306574752354656,0.0,0.0,0.0,0.0,0.0,5344.701875000001,5674.280000000001,5119.6025,554.6775000000007,245.89583649531187,2.8872636988447424,3,0,0
2024-11-14 04:00:00+00:00,26556.625,32790.0,22032.0,10758.0,4917.517452519446,97.5325,112.9,84.82,28.080000000000013,12.578000304764936,,28.080000000000013,0.12896214394960587,3.3568749999999996,13.427499999999998,0.0,13.427499999999998,6.71375,5828.85125,5919.8025,5700.4,219.40250000000015,98.6123614736846,12.578000304764936,3,0,1
2024-11-14 08:00:00+00:00,34604.125,34925.5,34375.5,550.0,250.3701842605596,111.9475,115.5,108.23,7.269999999999996,3.4007584938265367,,7.269999999999996,0.030378154883552878,1623.3825000000002,2552.1725,402.1975,2149.9750000000004,961.967879462026,4765.720625,5522.8925,3991.3025,1531.5900000000001,668.1088432950598,3.4007584938265367,3,0,2
2024-11-14 12:00:00+00:00,34538.625,35668.0,33962.0,1706.0,790.9217591940861,118.6325,128.2,110.79,17.409999999999982,7.707071968869453,,17.409999999999982,0.06496594077398225,1430.116875,2436.1025,283.085,2153.0175,949.15751855785,3498.125,3654.275,3417.88,236.39499999999998,108.31757575142947,7.707071968869453,3,0,3
2024-11-14 16:00:00+00:00,38435.375,39364.5,37570.0,1794.5,936.7218882001922,153.9675,166.33,132.93,33.400000000000006,14.543407154675501,,33.400000000000006,0.0944576430394434,1.319375,5.2775,0.0,5.2775,2.63875,3212.995625,3451.645,2894.02,557.625,248.66201159384156,14.543407154675501,3,0,4
2024-11-14 20:00:00+00:00,30564.75,35215.5,25992.0,9223.5,4050.5244619267105,103.5,112.7,96.29,16.409999999999997,7.4201572310385275,,16.409999999999997,0.0716923403965075,0.0,0.0,0.0,0.0,0.0,2510.40375,2699.95,2402.2,297.75,135.9255085285689,7.4201572310385275,3,0,5
2024-11-15 00:00:00+00:00,24050.5,25280.0,22784.0,2496.0,1109.199260728207,90.5175,94.33,87.65,6.679999999999993,3.088488033542186,,6.679999999999993,0.03412034174101352,0.0,0.0,0.0,0.0,0.0,2615.29125,2868.28,2412.925,455.355,195.5809857567533,3.088488033542186,4,0,0
2024-11-15 04:00:00+00:00,26241.0,31975.5,22260.0,9715.5,4432.522325568893,100.075,113.29,89.05,24.24000000000001,11.001661995656232,,24.24000000000001,0.10993416932956518,13.2575,53.03,0.0,53.03,26.515,3819.878125,4599.625,3142.3025,1457.3225000000002,633.731145108657,11.001661995656232,4,0,1
2024-11-15 08:00:00+00:00,32818.375,33671.5,31809.0,1862.5,826.4762927634413,103.09,111.55,93.65,17.89999999999999,7.707533111616625,,17.89999999999999,0.07476508984010692,1979.46125,3150.6025,590.8975,2559.705,1125.5765241375564,5819.876875,6416.6625,5152.805,1263.8575,546.4116884706956,7.707533111616625,4,0,2
2024-11-15 12:00:00+00:00,32509.75,33405.0,32171.5,1233.5,597.5004184098957,96.85,101.83,93.0,8.829999999999998,3.8537341198721373,,8.829999999999998,0.03979074981798799,1814.033125,3097.6025,412.1775,2685.425,1178.577604240904,7052.529375,7580.6075,6665.525,915.0825000000004,393.7113983796538,3.8537341198721373,4,0,3
2024-11-15 16:00:00+00:00,36287.25,37392.5,35016.0,2376.5,1048.257005700415,113.2175,121.27,103.05,18.22,7.583268314739584,,18.22,0.06697964815279957,1.69,6.76,0.0,6.76,3.38,9333.78125,10237.1675,8286.765,1950.4025000000001,851.7276376198068,7.583268314739584,4,0,4
2024-11-15 20:00:00+00:00,28434.625,32601.0,24368.0,8233.0,3576.5733455129,87.875,93.43,83.08,10.350000000000009,4.291421675855223,,10.350000000000009,0.04883552404956154,0.0,0.0,0.0,0.0,0.0,10577.7425,10704.0,10444.0925,259.90749999999935,126.92678018907802,4.291421675855223,4,0,5
2024-11-16 00:00:00+00:00,22175.375,23520.0,20686.0,2834.0,1238.0092470710113,79.6975,84.91,74.04,10.86999999999999,4.761395978772056,,10.86999999999999,0.05974335429307128,0.0,0.0,0.0,0.0,0.0,10407.744375,10463.945,10381.8925,82.05249999999978,38.1772369119235,4.761395978772056,5,1,0
2024-11-16 04:00:00+00:00,22311.75,25464.0,20200.0,5264.0,2392.3400503830276,84.34,94.6,75.32,19.28,8.964031830971297,,19.28,0.10628446562688285,8.8,35.2,0.0,35.2,17.6,10543.521874999999,10660.2725,10364.335,295.9375,126.90185849333591,8.964031830971297,5,1,1
2024-11-16 08:00:00+00:00,29811.375,30378.5,28530.0,1848.5,861.8641013330737,90.11,93.84,86.29,7.549999999999997,3.2511433886147327,,7.549999999999997,0.036079717995946496,1466.57125,2173.21,479.9725,1693.2375,760.5052566290497,10240.62625,10353.56,10176.2025,177.35750000000007,77.6548316939562,3.2511433886147327,5,1,2
2024-11-16 12:00:00+00:00,30502.875,30923.0,30282.5,640.5,298.4854477189803,88.18,90.69,86.16,4.530000000000001,2.102522294768829,,4.530000000000001,0.023843527951563075,1100.488125,2011.315,169.34,1841.9750000000001,809.6160197725808,11069.310625,11310.025,10722.1525,587.8724999999995,252.52005706127446,2.102522294768829,5,1,3
2024-11-16 16:00:00+00:00,33450.25,34666.0,32432.0,2234.0,1144.8691701092603,98.5775,104.97,91.2,13.769999999999996,5.734593127095705,,13.769999999999996,0.058173448576964375,0.2525,1.01,0.0,1.01,0.505,11980.481875,12497.255,11465.7075,1031.5474999999988,455.6181474627582,5.734593127095705,5,1,4
2024-11-16 20:00:00+00:00,26859.5,30354.5,23420.5,6934.0,2998.820796024108,82.63,87.39,77.53,9.86,4.354545517808561,,9.86,0.05269932854663638,0.0,0.0,0.0,0.0,0.0,12781.95375,12891.7775,12701.7475,190.03000000000065,91.1015792147241,4.354545517808561,5,1,5
2024-11-17 00:00:00+00:00,21440.875,23050.0,19801.0,3249.0,1419.320516714483,59.89,72.12,47.32,24.800000000000004,11.074231350301481,,24.800000000000004,0.1849095232977371,0.0,0.0,0.0,0.0,0.0,12593.64125,12772.085,12338.395,433.6899999999987,191.14348682664934,11.074231350301481,6,1,0
2024-11-17 04:00:00+00:00,20860.625,22840.5,19437.0,3403.5,1537.437769743326,63.8625,84.51,47.05,37.46000000000001,16.58427241897174,,37.46000000000001,0.259687178218387,15.08375,60.335,0.0,60.335,30.167499999999997,11689.01625,12086.3,11227.165,859.1349999999984,372.9479660617326,16.58427241897174,6,1,1
2024-11-17 08:00:00+00:00,27628.375,28877.5,25583.5,3294.0,1449.0918060978745,90.0975,92.06,87.43,4.6299999999999955,2.280078580517197,,4.6299999999999955,0.025306790760200898,2605.269375,3855.07,876.4649999999999,2978.6050000000005,1331.210396553914,10409.586875,10877.2325,10050.34,826.8924999999999,367.2443919833628,2.280078580517197,6,1,2
2024-11-17 12:00:00+00:00,31525.0,33456.0,30087.0,3369.0,1491.047450619866,94.2,99.75,89.93,9.819999999999993,4.2495646835881855,,9.819999999999993,0.04511215163044786,1922.521875,3514.0075,318.625,3195.3825,1398.5090379852975,9558.495625,9998.2175,9113.5225,884.6950000000015,387.7815441251208,4.2495646835881855,6,1,3
2024-11-17 16:00:00+00:00,36226.5,37402.5,34965.0,2437.5,1003.3142578474602,112.3275,118.56,104.83,13.730000000000004,5.91172493158018,,13.730000000000004,0.052629364417263624,1.13625,4.545,0.0,4.545,2.2725,8757.205,8942.22,8556.0725,386.1474999999991,169.30785730684033,5.91172493158018,6,1,4
2024-11-17 20:00:00+00:00,29001.0,33066.5,24782.5,8284.0,3551.6047546613822,92.3125,97.68,88.3,9.38000000000001,3.9606680833751713,,9.38000000000001,0.042905002934328126,0.0,0.0,0.0,0.0,0.0,8118.559374999999,8403.744999999999,7758.754999999999,644.9899999999998,279.8809630477983,3.9606680833751713,6,1,5
2024-11-18 00:00:00+00:00,23496.75,24580.0,22368.0,2212.0,991.8915851375425,86.64,89.65,84.59,5.060000000000002,2.464643314288436,,5.060000000000002,0.028446944994095495,0.0,0.0,0.0,0.0,0.0,7518.3225,7638.9375,7344.5975,294.34000000000015,132.483349283976,2.464643314288436,0,0,0
2024-11-18 04:00:00+00:00,26530.75,33029.5,22085.0,10944.5,5105.419840718293,99.0025,114.84,86.26,28.58,12.741251573792377,,28.58,0.1286962609408083,6.8125,27.25,0.0,27.25,13.625,6643.48625,7142.514999999999,6065.725,1076.789999999999,468.9239450260027,12.741251573792377,0,0,1
2024-11-18 08:00:00+00:00,36744.125,37000.5,36151.0,849.5,398.24351323447047,115.32,118.24,113.0,5.239999999999995,2.4024015762010564,,5.239999999999995,0.02083247984912468,1413.97875,1949.505,503.8125,1445.6925,665.5124703330134,4704.5575,5583.07,3795.21,1787.8599999999997,774.4355396512995,2.4024015762010564,0,0,2
2024-11-18 12:00:00+00:00,38181.25,38797.5,37657.5,1140.0,499.84022447177966,126.41749999999999,137.2,116.39,20.809999999999988,8.923341582613537,,20.809999999999988,0.07058628419810184,822.87375,1645.7625,99.93,1545.8325,679.8921318994285,3175.765625,3416.85,2998.7925,418.0574999999999,183.75752998601874,8.923341582613537,0,0,3
2024-11-18 16:00:00+00:00,40609.0,41836.5,39061.0,2775.5,1149.7023527852764,142.41,153.54,123.39,30.14999999999999,13.250833936020777,,30.14999999999999,0.09304707489657173,0.5,2.0,0.0,2.0,1.0,3454.5387499999997,4004.625,3042.14,962.4850000000001,425.09694308818143,13.250833936020777,0,0,4
2024-11-18 20:00:00+00:00,30689.125,35967.0,25636.5,10330.5,4498.390552464291,103.2375,112.33,94.39,17.939999999999998,8.045559334191745,,17.939999999999998,0.07793252775582273,0.0,0.0,0.0,0.0,0.0,5107.633125,5509.205,4526.2625,982.9425000000001,418.14168040158626,8.045559334191745,0,0,5
2024-11-19 00:00:00+00:00,24142.125,25350.0,22970.0,2380.0,1088.987938026251,88.5525,92.27,85.97,6.299999999999997,2.8249882005653255,,6.299999999999997,0.031901845804074735,0.0,0.0,0.0,0.0,0.0,6945.406875000001,7714.360000000001,6174.7825,1539.5775000000003,668.9352198655434,2.8249882005653255,1,0,0
2024-11-19 04:00:00+00:00,27565.375,34165.0,22568.0,11597.0,5191.350520737997,98.9625,113.35,87.6,25.75,11.538842735156182,,25.75,0.11659813298124223,0.9225,3.69,0.0,3.69,1.845,8355.374375,8464.8625,8114.63,350.23249999999916,162.27905616014974,11.538842735156182,1,0,1
2024-11-19 08:00:00+00:00,37260.125,37765.5,36134.0,1631.5,762.9414978664273,114.395,117.17,110.1,7.070000000000007,3.2452683504860875,,7.070000000000007,0.028368970238962257,1497.74125,2597.33,311.4975,2285.8325,999.7170253887264,8352.0775,8495.1175,8255.65,239.46750000000065,107.11241262104087,3.2452683504860875,1,0,2
2024-11-19 12:00:00+00:00,38524.0,39172.5,37948.5,1224.0,501.5301586146134,110.0025,112.23,108.55,3.680000000000007,1.5885291939401076,,3.680000000000007,0.014440846289312591,1822.675625,2827.2975,428.505,2398.7925,1085.4681168612901,10234.045,11560.61,9017.4075,2543.2025000000012,1104.9029377940103,1.5885291939401076,1,0,3
2024-11-19 16:00:00+00:00,40687.25,41646.0,38930.0,2716.0,1218.4619061204444,117.92,125.99,106.44,19.549999999999997,8.271650379458746,,19.549999999999997,0.07014628883530143,0.655625,2.6225,0.0,2.6225,1.31125,12721.876875,13032.775,12253.545,779.2299999999996,342.9530361882364,8.271650379458746,1,0,4
2024-11-19 20:00:00+00:00,31754.625,37060.0,26464.5,10595.5,4592.492539914101,91.81,99.09,86.22,12.870000000000005,5.85336940004075,,12.870000000000005,0.06375524888400767,0.0,0.0,0.0,0.0,0.0,13056.374375,13098.0175,13038.509999999998,59.50750000000153,28.17030790381683,5.85336940004075,1,0,5
2024-11-20 00:00:00+00:00,25619.0,26600.0,24451.5,2148.5,979.2632434641877,80.6725,84.65,76.21,8.440000000000012,3.8111448411205795,,8.440000000000012,0.04724218093055975,0.0,0.0,0.0,0.0,0.0,12835.49375,12902.025,12792.8275,109.19750000000022,46.964169609217144,3.8111448411205795,2,0,0
2024-11-20 04:00:00+00:00,28953.875,35484.5,24200.0,11284.5,5115.366480435851,90.7275,105.48,77.42,28.060000000000002,12.556834460430967,,28.060000000000002,0.13840163633331645,9.84875,39.395,0.0,39.395,19.697499999999998,12828.83,12877.0875,12758.0425,119.04500000000007,50.823070630702205,12.556834460430967,2,0,1
2024-11-20 08:00:00+00:00,37635.625,38493.0,37107.5,1385.5,597.3807237990408,98.4825,106.29,91.73,14.560000000000002,6.367518485773451,,14.560000000000002,0.0646563448914625,3599.6031250000005,5479.675,1101.385,4378.29,1943.6972080584114,12506.8225,12658.195,12408.595,249.60000000000036,115.17319866907721,6.367518485773451,2,0,2
2024-11-20 12:00:00+00:00,37561.75,39140.0,36497.0,2643.0,1141.6165074139396,96.215,103.88,91.44,12.439999999999998,5.833469522219743,,12.439999999999998,0.06062952265467697,3172.039375,5315.46,696.5325,4618.9275,2032.5144202341828,12800.484375,13089.78,12557.0075,532.772500000001,232.2193237937562,5.833469522219743,2,0,3
2024-11-20 16:00:00+00:00,41979.125,42678.5,41169.5,1509.0,631.7596292631135,118.0625,125.46,108.47,16.989999999999995,7.197542983546539,,16.989999999999995,0.06096383681140529,0.379375,1.5175,0.0,1.5175,0.75875,13047.265625,13223.22,12808.565,414.65499999999884,196.01408062065948,7.197542983546539,2,0,4
2024-11-20 20:00:00+00:00,33652.5,38820.5,28266.0,10554.5,4588.238678040482,93.9575,100.77,89.93,10.83999999999999,5.136778335364168,,10.83999999999999,0.0546712964410948,0.0,0.0,0.0,0.0,0.0,11751.221875,12615.655,10631.7525,1983.9025000000001,883.665043557641,5.136778335364168,2,0,5
2024-11-21 00:00:00+00:00,26966.0,27950.0,25821.5,2128.5,967.4110639571302,85.97,88.51,84.26,4.25,2.063217551948094,,4.25,0.023999273606468453,0.0,0.0,0.0,0.0,0.0,9917.73,10314.145,9492.37,821.7749999999996,357.5285021680096,2.063217551948094,3,0,0
2024-11-21 04:00:00+00:00,30278.0,36808.5,25566.0,11242.5,5112.198695277796,99.98,116.56,86.43,30.129999999999995,13.521609864706692,,30.129999999999995,0.1352431472765222,4.395,17.58,0.0,17.58,8.79,8775.37875,9171.405,8448.98,722.4250000000011,310.24792081965177,13.521609864706692,3,0,1
2024-11-21 08:00:00+00:00,40134.375,40563.5,39075.0,1488.5,714.2230481439249,112.9425,119.82,105.14,14.679999999999993,6.597607520912408,,14.679999999999993,0.058415632033224044,2199.553125,3483.615,639.8725000000001,2843.7425,1246.7768029275442,8340.236875,8609.415,8188.99,420.4250000000011,185.1637381636309,6.597607520912408,3,0,2
2024-11-21 12:00:00+00:00,40087.5,40945.5,39667.0,1278.5,586.4277449098056,108.3075,114.73,104.32,10.41000000000001,4.784804942036135,,10.41000000000001,0.044177964979674814,2012.76125,3432.9475,394.34,3038.6075,1338.336522220931,9909.305,10894.3925,9034.2325,1860.1599999999999,801.8357479636961,4.784804942036135,3,0,3
2024-11-21 16:00:00+00:00,42953.5,43907.0,41686.0,2221.0,961.5394774353607,122.2375,131.2,109.15,22.049999999999983,9.397195947018789,,22.049999999999983,0.07687653909004027,0.290625,1.1625,0.0,1.1625,0.58125,12577.063125,13236.6075,11717.995,1518.6124999999993,660.8285040871513,9.397195947018789,3,0,4
2024-11-21 20:00:00+00:00,33695.875,39243.0,28102.5,11140.5,4855.905466113744,93.4075,102.09,87.98,14.11,6.781515931805615,,14.11,0.07260140707979136,0.0,0.0,0.0,0.0,0.0,13501.098125,13637.37,13403.31,234.0600000000013,115.19958654032894,6.781515931805615,3,0,5
2024-11-22 00:00:00+00:00,26418.0,27294.5,25248.5,2046.0,996.2856016223456,81.56,86.21,77.71,8.5,3.799877190997982,,8.5,0.0465899606547079,0.0,0.0,0.0,0.0,0.0,13024.943125,13412.165,12621.9425,790.2225000000017,342.681473926438,3.799877190997982,4,0,0
2024-11-22 04:00:00+00:00,29279.625,35984.0,24850.5,11133.5,5073.337878474749,94.39,109.83,80.49,29.340000000000003,12.88111537613624,,29.340000000000003,0.1364669496359385,4.4593750000000005,17.837500000000002,0.0,17.837500000000002,8.918750000000001,11899.16,12402.715,11277.6225,1125.0925000000007,485.84387782582377,12.88111537613624,4,0,1
2024-11-22 08:00:00+00:00,38420.875,39060.5,37429.5,1631.0,701.9303592000191,104.66499999999999,111.14,97.96,13.180000000000007,5.759319983007261,,13.180000000000007,0.05502622636991599,3480.8987500000003,5363.5025000000005,1020.66,4342.842500000001,1921.8774484672751,9905.133125,10703.0,9186.445,1516.5550000000003,658.6911154813483,5.759319983007261,4,0,2
2024-11-22 12:00:00+00:00,38038.0,39442.0,37445.5,1996.5,944.2004554118791,106.4525,119.26,98.37,20.89,9.251426466587013,,20.89,0.08690661531281102,2940.029375,5116.6825,546.4325,4570.25,2008.4907218122091,8199.375,8797.135,7472.675,1324.46,565.1164668160594,9.251426466587013,4,0,3
2024-11-22 16:00:00+00:00,42180.25,43029.0,41096.0,1933.0,864.6589404692076,136.6625,146.76,120.57,26.189999999999998,11.239058012128956,,26.189999999999998,0.08223951714719804,0.28625,1.145,0.0,1.145,0.5725,5728.915,6719.0275,4764.12,1954.9075000000003,838.3608829461012,11.239058012128956,4,0,4
2024-11-22 20:00:00+00:00,34363.375,39207.0,29249.5,9957.5,4318.297897223704,105.96000000000001,112.12,100.88,11.240000000000009,5.671431330214041,,11.240000000000009,0.053524266989562475,0.0,0.0,0.0,0.0,0.0,3927.4137499999997,4195.9,3753.885,442.0149999999994,212.32783564474823,5.671431330214041,4,0,5
2024-11-23 00:00:00+00:00,26519.75,28415.0,24627.5,3787.5,1700.66969652154,92.2775,98.75,86.83,11.920000000000002,5.176107771933144,,11.920000000000002,0.05609284789827575,0.0,0.0,0.0,0.0,0.0,5708.29625,7548.29,4281.685,3266.6049999999996,1438.9942296350303,5.176107771933144,5,1,0
2024-11-23 04:00:00+00:00,24507.625,26657.0,23191.5,3465.5,1579.3355868317956,88.37,92.94,85.26,7.679999999999993,3.660264107046555,,7.679999999999993,0.0414197590477148,0.708125,2.8325,0.0,2.8325,1.4162500000000002,10831.910625,13118.425,8780.145,4338.279999999999,1872.7161283885396,3.660264107046555,5,1,1
2024-11-23 08:00:00+00:00,32386.0,33932.5,29881.5,4051.0,1768.3839138226367,96.25750000000001,96.75,95.68,1.0699999999999932,0.5625759208023939,,1.0699999999999932,0.005844489216969029,172.0325,288.47,42.8575,245.6125,108.7006365168423,15018.664375,15271.795,14467.7625,804.0324999999993,377.119675922947,0.5625759208023939,5,1,2
2024-11-23 12:00:00+00:00,34224.625,34368.0,34054.5,313.5,129.17260739026676,97.505,99.59,96.2,3.3900000000000006,1.5061761738477593,,3.3900000000000006,0.015447168594920846,161.1625,276.52750000000003,35.465,241.06250000000003,105.67773064447717,14713.20125,15035.675,14445.7575,589.9174999999996,249.0069110193862,1.5061761738477593,5,1,3
2024-11-23 16:00:00+00:00,35533.75,36960.5,33340.0,3620.5,1563.3655202798864,105.6825,112.93,96.83,16.10000000000001,6.670259240339417,,16.10000000000001,0.06311602432133434,0.146875,0.5875,0.0,0.5875,0.29375,14161.13375,14304.22,14036.735,267.48499999999876,127.03659225953905,6.670259240339417,5,1,4
2024-11-23 20:00:00+00:00,26701.375,31137.0,22265.0,8872.0,3819.6041543376373,71.4675,89.42,42.1,47.32,21.202159284689223,,47.32,0.29666854562828165,0.0,0.0,0.0,0.0,0.0,14793.65625,14981.1125,14531.925,449.1875,209.16752445209335,21.202159284689223,5,1,5
2024-11-24 00:00:00+00:00,19888.75,21500.0,18364.5,3135.5,1386.5543924900069,26.225,38.49,18.72,19.770000000000003,9.368459496274365,,19.770000000000003,0.35723391787509495,0.0,0.0,0.0,0.0,0.0,14714.138125,14825.31,14588.255,237.0550000000003,102.05181244052416,9.368459496274365,6,1,0
2024-11-24 04:00:00+00:00,18734.125,20708.5,17633.0,3075.5,1433.494063178033,22.072499999999998,34.58,16.2,18.38,8.555635082602967,,18.38,0.3876151356938709,1.86125,7.445,0.0,7.445,3.7225,14483.01375,14505.16,14460.475,44.68499999999949,18.678389641062115,8.555635082602967,6,1,1
2024-11-24 08:00:00+00:00,25881.0,27900.0,23342.0,4558.0,1979.5827843260306,81.325,86.65,68.69,17.960000000000008,8.521382908112193,,17.960000000000008,0.104781837173221,635.751875,1100.2825,132.0075,968.2750000000001,429.7438380417988,14415.98,14435.9025,14390.005,45.897500000000946,21.719724426582523,8.521382908112193,6,1,2
2024-11-24 12:00:00+00:00,29854.25,30942.0,29183.0,1759.0,766.1246090987197,89.8375,93.08,87.63,5.450000000000003,2.408434830617878,,5.450000000000003,0.026808791769782927,574.225625,1045.14,93.23,951.9100000000001,420.1849350899702,14589.321249999999,14706.835,14500.2725,206.5625,92.21163150826813,2.408434830617878,6,1,3
2024-11-24 16:00:00+00:00,33149.0,34432.0,31195.0,3237.0,1388.7795001367215,104.6025,111.29,95.06,16.230000000000004,6.974063258483771,,16.230000000000004,0.06667205141831004,1.8925,7.57,0.0,7.57,3.785,14702.04625,14733.405,14645.14,88.26500000000124,41.47219979998644,6.974063258483771,6,1,4
2024-11-24 20:00:00+00:00,24682.125,28917.0,20436.5,8480.5,3688.3224817207433,55.97,87.95,-4.55,92.5,41.67581792838624,,92.5,0.7446099326136546,0.0,0.0,0.0,0.0,0.0,14633.2025,14714.815,14554.545,160.27000000000044,67.35221482376507,41.67581792838624,6,1,5
2024-11-25 00:00:00+00:00,19645.0,20285.0,19013.5,1271.5,565.0249257038726,-4.415,-3.56,-5.93,2.3699999999999997,1.0405287117614774,,2.3699999999999997,-0.23568034241483068,0.0,0.0,0.0,0.0,0.0,14523.275,14640.695,14286.02,354.6749999999993,165.77065889354515,1.0405287117614774,0,0,0
2024-11-25 04:00:00+00:00,23504.5,30247.5,18621.5,11626.0,5229.241452320467,23.225,55.06,-0.94,56.0,26.379876800318836,,56.0,1.135839690002964,0.6,2.4,0.0,2.4,1.2,13899.14,14117.0125,13728.775,388.2375000000011,169.32137073476648,26.379876800318836,0,0,1
2024-11-25 08:00:00+00:00,31667.875,32586.5,30606.0,1980.5,935.5610059388604,46.5575,60.04,33.51,26.53,11.75910533728367,,26.53,0.2525716659460596,2598.46625,4288.6875,604.2825,3684.4049999999997,1621.7116405687696,14679.801875000001,14860.51,14461.9925,398.5174999999999,167.86685840737675,11.75910533728367,0,0,2
2024-11-25 12:00:00+00:00,32145.5,33605.5,30967.5,2638.0,1143.8843181604223,50.2625,74.35,34.2,40.14999999999999,17.697087095526953,,40.14999999999999,0.35209325233577626,2355.9518749999997,4176.7975,367.6125,3809.1849999999995,1681.6440873100632,14971.420625,15040.735,14935.87,104.86499999999978,49.052529257546674,17.697087095526953,0,0,3
2024-11-25 16:00:00+00:00,37193.375,38259.5,36387.5,1872.0,931.0472933745095,96.805,106.92,83.1,23.820000000000007,10.001151600357504,,23.820000000000007,0.10331234544039564,0.26375,1.055,0.0,1.055,0.5275000000000001,14991.699375,15073.865,14912.2875,161.57749999999942,72.00979607476417,10.001151600357504,0,0,4
2024-11-25 20:00:00+00:00,28879.75,33721.5,24103.5,9618.0,4160.08272153331,48.837500000000006,66.9,34.63,32.27,13.362176407057849,,32.27,0.27360484068713276,0.0,0.0,0.0,0.0,0.0,14513.311249999999,14888.89,13817.71,1071.1800000000003,504.29311620533116,13.362176407057849,0,0,5
2024-11-26 00:00:00+00:00,22970.125,23850.0,22097.5,1752.5,761.4028034927811,44.3125,46.53,42.13,4.399999999999999,2.4140198148869216,,4.399999999999999,0.05447717494808277,0.0,0.0,0.0,0.0,0.0,12537.9375,13366.28,11631.0625,1735.2175000000007,747.6623688398166,2.4140198148869216,1,0,0
2024-11-26 04:00:00+00:00,26785.75,33571.5,21911.5,11660.0,5297.221984210215,76.95,107.5,47.7,59.8,27.31246235695346,,59.8,0.3549377824165492,0.975,3.9,0.0,3.9,1.95,9934.336875,10924.6825,8959.53,1965.1525000000001,844.9507920444615,27.31246235695346,1,0,1
2024-11-26 08:00:00+00:00,35391.75,36285.5,34538.0,1747.5,783.5207399935254,104.565,109.93,99.76,10.170000000000002,4.665093782551434,,10.170000000000002,0.04461429524746743,3125.9937500000005,5069.2475,773.6899999999999,4295.557500000001,1896.284366456875,7401.649375,8367.814999999999,6329.27,2038.5449999999983,883.5670244723342,4.665093782551434,1,0,2
2024-11-26 12:00:00+00:00,35410.375,37232.0,34662.0,2570.0,1218.7227860209507,118.2475,137.64,102.06,35.579999999999984,15.621402785921616,,35.579999999999984,0.13210767911306048,2753.789375,4913.115,411.45,4501.665,1993.01388992523,4651.59,5600.4725,3807.18,1793.2925,774.3866463880726,15.621402785921616,1,0,3
2024-11-26 16:00:00+00:00,40845.375,41777.0,40071.5,1705.5,802.7774053247889,144.5325,155.02,127.54,27.480000000000004,12.130851508996953,,27.480000000000004,0.08393165211282543,0.18,0.72,0.0,0.72,0.36,2809.15625,3346.565,2322.2575,1024.3075,437.18602949478696,12.130851508996953,1,0,4
2024-11-26 20:00:00+00:00,32306.5,37708.0,27272.5,10435.5,4580.197503019566,110.4325,120.38,103.06,17.319999999999993,7.622840131254667,,17.319999999999993,0.0690271444661188,0.0,0.0,0.0,0.0,0.0,1666.135,2004.115,1366.15,637.9649999999999,281.0827097433542,7.622840131254667,1,0,5
2024-11-27 00:00:00+00:00,25357.75,26800.0,23986.0,2814.0,1277.4819959592385,102.02000000000001,105.9,98.9,7.0,3.0633750450551545,,7.0,0.03002720099054257,0.0,0.0,0.0,0.0,0.0,2087.560625,2892.2925,1494.6725,1397.6200000000001,608.8572921717611,3.0633750450551545,2,0,0
2024-11-27 04:00:00+00:00,28099.5,34350.0,23409.5,10940.5,4914.88458664087,106.3475,118.27,96.96,21.310000000000002,9.877102729714483,,21.310000000000002,0.09287573971851229,0.063125,0.2525,0.0,0.2525,0.12625,4498.064375,5433.2425,3621.285,1811.9575000000004,776.7518973058446,9.877102729714483,2,0,1
2024-11-27 08:00:00+00:00,37357.25,37819.0,36249.5,1569.5,745.3319730160507,116.9575,121.77,110.63,11.14,5.116948146437808,,11.14,0.0437504918148713,931.6456249999999,1725.735,129.7075,1596.0275,702.1282237756832,6500.965625000001,6842.8775000000005,6004.775,838.1025000000009,373.1242849930341,5.116948146437808,2,0,2
2024-11-27 12:00:00+00:00,37927.125,38753.0,37493.5,1259.5,569.4426185607578,112.775,119.57,108.97,10.599999999999994,4.8590911358675495,,10.599999999999994,0.043086598411594366,1266.490625,1961.665,248.6925,1712.9724999999999,786.7445083257519,7291.2675,7509.4825,6999.4675,510.0150000000003,224.68096550998717,4.8590911358675495,2,0,3
2024-11-27 16:00:00+00:00,41343.25,42157.0,40139.0,2018.0,863.2837984502348,137.805,148.63,123.92,24.709999999999994,10.284676303446146,,24.709999999999994,0.0746320982797877,0.109375,0.4375,0.0,0.4375,0.21875,7323.03875,7531.165,7036.49,494.6750000000002,216.6370900213454,10.284676303446146,2,0,4
2024-11-27 20:00:00+00:00,33860.125,38557.5,29045.0,9512.5,4124.217003969763,104.665,113.18,98.03,15.150000000000006,6.747762592148598,,15.150000000000006,0.06447009594562274,0.0,0.0,0.0,0.0,0.0,6455.68875,6711.24,6342.59,368.64999999999964,171.51663876404692,6.747762592148598,2,0,5
2024-11-28 00:00:00+00:00,27446.5,28338.0,26540.0,1798.0,798.7172006828621,95.4925,97.4,94.24,3.160000000000011,1.4928579972656568,,3.160000000000011,0.01563324865581747,0.0,0.0,0.0,0.0,0.0,5329.090625,5912.215,4757.0475,1155.1675000000005,494.5603539440149,1.4928579972656568,3,0,0
2024-11-28 04:00:00+00:00,30234.625,36846.0,25827.5,11018.5,5091.95303681865,110.8325,130.01,96.35,33.66,14.908508476705506,,33.66,0.1345138698189205,0.45375,1.815,0.0,1.815,0.9075000000000001,3986.1306250000002,4390.425,3653.05,737.375,319.9095503834834,14.908508476705506,3,0,1
2024-11-28 08:00:00+00:00,38964.75,39497.5,38190.5,1307.0,556.9251146548645,120.23,133.32,107.06,26.25999999999999,11.54289680568385,,26.25999999999999,0.09600679369278764,2438.566875,3988.115,565.6075,3422.5074999999997,1508.0251535277505,4101.94375,4626.335,3665.735,960.5999999999999,416.6172323683332,11.54289680568385,3,0,2
2024-11-28 12:00:00+00:00,38494.5,39486.5,38015.0,1471.5,670.1406568773448,112.21000000000001,122.18,105.22,16.960000000000008,7.501830887634476,,16.960000000000008,0.06685527927666413,2114.104375,3849.48,299.295,3550.185,1565.1831736205495,5722.934375000001,6332.35,5087.505,1244.8450000000003,533.3421928679834,7.501830887634476,3,0,3
2024-11-28 16:00:00+00:00,41573.0,42348.0,40258.5,2089.5,908.1621551242921,131.82999999999998,144.36,114.81,29.55000000000001,12.41024576710711,,29.55000000000001,0.094138252045112,0.0975,0.39,0.0,0.39,0.195,7160.193125,7602.65,6724.635,878.0149999999994,375.0714754737586,12.41024576710711,3,0,4
2024-11-28 20:00:00+00:00,32441.875,37560.0,27171.5,10388.5,4495.9702952570005,95.645,105.41,86.81,18.599999999999994,8.376190462654648,,18.599999999999994,0.08757583211516172,0.0,0.0,0.0,0.0,0.0,8776.8125,9709.365,7979.76,1729.6049999999996,755.7266735897314,8.376190462654648,3,0,5
2024-11-29 00:00:00+00:00,25264.25,26231.5,23976.0,2255.5,1029.51594612873,77.4725,84.02,71.12,12.899999999999991,5.743955518629989,,12.899999999999991,0.07414186348226785,0.0,0.0,0.0,0.0,0.0,10948.07125,11567.175,10270.75,1296.4249999999993,556.5202045055662,5.743955518629989,4,0,0
2024-11-29 04:00:00+00:00,27316.0,33783.5,23143.5,10640.0,4838.731428105235,83.03,98.75,70.37,28.379999999999995,12.96513272846317,,28.379999999999995,0.15614997866389455,0.473125,1.8925,0.0,1.8925,0.94625,12386.07625,12913.77,11899.505,1014.2650000000012,435.5536138329205,12.96513272846317,4,0,1
2024-11-29 08:00:00+00:00,35550.375,36069.5,34975.5,1094.0,552.6744634049968,93.89750000000001,100.26,86.67,13.590000000000003,5.886427184634162,,13.590000000000003,0.06268992448823618,2072.53375,3465.96,455.305,3010.655,1329.4336294476118,13565.794375,13808.9025,13268.0,540.9025000000001,233.04480671084656,5.886427184634162,4,0,2
2024-11-29 12:00:00+00:00,35343.25,35796.0,34893.0,903.0,384.5442107222518,90.025,94.34,86.27,8.070000000000007,3.477647672397736,,8.070000000000007,0.038629799193532134,1844.316875,3323.0975,268.19,3054.9075,1348.3557780101025,13794.64125,13981.27,13681.92,299.35000000000036,130.08582784550347,3.477647672397736,4,0,3
2024-11-29 16:00:00+00:00,37989.875,39131.0,36323.5,2807.5,1185.6166029398662,104.9625,112.09,94.97,17.120000000000005,7.229003504402713,,17.120000000000005,0.06887224965490257,0.288125,1.1525,0.0,1.1525,0.57625,14566.79375,14720.765,14332.27,388.494999999999,169.93921243467085,7.229003504402713,4,0,4
2024-11-29 20:00:00+00:00,29500.25,33761.0,24965.5,8795.5,3802.9344919417163,81.64,88.88,76.35,12.530000000000001,5.291949861188531,,12.530000000000001,0.06482055194988405,0.0,0.0,0.0,0.0,0.0,14469.69375,14699.275,14219.045,480.22999999999956,205.37504494318725,5.291949861188531,4,0,5
2024-11-30 00:00:00+00:00,23118.5,24575.0,21592.5,2982.5,1327.7869432505609,70.64,77.8,62.57,15.229999999999997,6.735146620527278,,15.229999999999997,0.09534465770848354,0.0,0.0,0.0,0.0,0.0,13225.09375,13906.39,12439.385,1467.0049999999992,636.0462821783617,6.735146620527278,5,1,0
2024-11-30 04:00:00+00:00,22902.875,25861.0,21288.0,4573.0,2145.4141160080653,76.4175,97.31,57.33,39.980000000000004,18.040412735485482,,39.980000000000004,0.236076981522367,0.1925,0.77,0.0,0.77,0.385,11553.83125,11953.79,11179.41,774.380000000001,329.66272012404403,18.040412735485482,5,1,1
2024-11-30 08:00:00+00:00,30160.125,30990.0,28666.0,2324.0,1080.646594636748,100.2125,101.7,97.54,4.159999999999997,1.937203740790662,,4.159999999999997,0.01933095911977706,823.8787500000001,1387.6875,164.36,1223.3274999999999,544.6595384905603,10711.995625,10956.78,10406.24,550.5400000000009,239.27972666573598,1.937203740790662,5,1,2
2024-11-30 12:00:00+00:00,30652.875,30982.0,30406.5,575.5,275.81738372819547,99.605,102.39,97.27,5.1200000000000045,2.2028693409581313,,5.1200000000000045,0.022116051814247653,773.5293750000001,1372.1375,99.8275,1272.31,569.4145684362105,10074.810625,10212.575,9950.7475,261.82750000000124,107.74364664902173,2.2028693409581313,5,1,3
2024-11-30 16:00:00+00:00,32813.0,34135.0,30962.5,3172.5,1331.504349723776,112.135,118.75,103.65,15.099999999999994,6.414013304216532,,15.099999999999994,0.05719903067032176,0.055,0.22,0.0,0.22,0.11,11296.67375,12103.5725,10484.4375,1619.1350000000002,703.2653852372648,6.414013304216532,5,1,4
2024-11-30 20:00:00+00:00,25629.25,28884.5,22224.5,6660.0,2898.0742025236923,85.44,97.89,66.64,31.25,13.812011680659216,,31.25,0.16165744008262195,0.0,0.0,0.0,0.0,0.0,12871.795624999999,13475.515,12429.3725,1046.1425,478.9356680632901,13.812011680659216,5,1,5
2024-12-01 00:00:00+00:00,20594.375,21850.0,19264.0,2586.0,1123.6550015462926,36.4125,58.38,17.28,41.1,18.069538593998463,,41.1,0.4962454814692334,0.0,0.0,0.0,0.0,0.0,13525.216875,13621.19,13461.8675,159.32250000000022,72.44477363179969,18.069538593998463,6,1,0
2024-12-01 04:00:00+00:00,20003.0,22692.5,18529.0,4163.5,1953.8815641350084,27.34,53.58,14.08,39.5,18.395571930947582,,39.5,0.672844620736927,0.105625,0.4225,0.0,0.4225,0.21125,13717.850625,13757.355,13687.0325,70.32250000000022,31.592909303025007,18.395571930947582,6,1,1
2024-12-01 08:00:00+00:00,28530.0,30414.0,25675.5,4738.5,2095.375662421101,94.2775,97.97,86.55,11.420000000000002,5.340120941202241,,11.420000000000002,0.05664258111640888,611.66,1212.2275,71.025,1141.2024999999999,501.63048616901926,13491.52375,13637.32,13396.44,240.8799999999992,107.91974945725502,5.340120941202241,6,1,2
2024-12-01 12:00:00+00:00,30507.5,31746.5,29746.5,2000.0,862.1361068106744,98.00750000000001,102.68,95.4,7.280000000000001,3.2901203118832414,,7.280000000000001,0.03357008710438733,868.8512499999999,1368.27,176.9025,1191.3675,540.6373385123801,12536.750625,13240.0,11680.55,1559.4500000000007,681.4372005498593,3.2901203118832414,6,1,3
2024-12-01 16:00:00+00:00,34952.75,35950.5,33721.0,2229.5,932.444144886617,115.9825,121.15,109.11,12.040000000000006,5.331950081036642,,12.040000000000006,0.04597202233989305,0.038125,0.1525,0.0,0.1525,0.07625,11103.09125,11275.65,10946.605,329.0450000000001,142.23189326032622,5.331950081036642,6,1,4
2024-12-01 20:00:00+00:00,27956.5,31853.5,23652.5,8201.0,3567.8874234855944,96.89750000000001,103.1,93.17,9.929999999999993,4.643026132455713,,9.929999999999993,0.047916882607453345,0.0,0.0,0.0,0.0,0.0,11193.824999999999,11497.21,10958.4275,538.7824999999993,253.00563446459762,4.643026132455713,6,1,5
2024-12-02 00:00:00+00:00,21895.875,23050.0,20765.0,2285.0,1017.7850440212474,89.5125,93.35,83.84,9.509999999999991,4.1558422732341525,,9.509999999999991,0.04642750759094147,0.0,0.0,0.0,0.0,0.0,11884.068125,12417.85,11455.995,961.8549999999996,424.9031708782557,4.1558422732341525,0,0,0
2024-12-02 04:00:00+00:00,24971.5,31491.0,20532.0,10959.0,4988.48068052789,95.1075,108.82,80.25,28.569999999999993,12.991236469251112,,28.569999999999993,0.13659528921747607,0.0,0.0,0.0,0.0,0.0,12153.245625,12540.7575,11728.08,812.6774999999998,353.69422382649833,12.991236469251112,0,0,1
2024-12-02 08:00:00+00:00,34751.375,35121.5,34029.0,1092.5,490.4896150786477,107.34,112.21,102.75,9.459999999999994,4.121051645716985,,9.459999999999994,0.03839250648143266,1507.2312499999998,2455.515,306.0425,2149.4725,957.0045967289899,11003.088125,11465.1775,10572.145,893.0324999999993,394.23013091644236,4.121051645716985,0,0,2
2024-12-02 12:00:00+00:00,35281.0,36421.0,34507.0,1914.0,814.422904065613,107.86500000000001,113.27,103.37,9.899999999999991,4.251035168050247,,9.899999999999991,0.0394107001163514,1200.861875,2250.89,192.805,2058.085,899.8829461550704,10943.503125,11178.49,10593.935,584.5550000000003,268.8713063544153,4.251035168050247,0,0,3
2024-12-02 16:00:00+00:00,38944.25,39805.0,37691.5,2113.5,918.4198840036807,125.66749999999999,133.95,116.46,17.489999999999995,7.27261702094461,,17.489999999999995,0.057871900220380086,0.34,1.36,0.0,1.36,0.6799999999999999,10413.305624999999,11021.84,9620.1075,1401.7325,611.4250952637041,7.27261702094461,0,0,4
2024-12-02 20:00:00+00:00,31024.625,35466.0,26719.5,8746.5,3767.5004838530995,102.04,110.7,88.39,22.310000000000002,9.659679083696314,,22.310000000000002,0.09466561234512264,0.0,0.0,0.0,0.0,0.0,8215.173125,8930.6325,7739.9125,1190.7199999999993,517.6164511826267,9.659679083696314,0,0,5
2024-12-03 00:00:00+00:00,25443.75,26400.0,24506.5,1893.5,839.6497781813563,87.2775,88.47,86.05,2.4200000000000017,1.0022433170975356,,2.4200000000000017,0.01148341000942435,0.0,0.0,0.0,0.0,0.0,6176.436250000001,7094.9400000000005,5322.235000000001,1772.705,763.8759784303451,1.0022433170975356,1,0,0
2024-12-03 04:00:00+00:00,28806.75,35761.0,24115.5,11645.5,5302.722390433049,103.57249999999999,121.5,88.91,32.59,14.508552362888134,,32.59,0.14008112542313966,0.0,0.0,0.0,0.0,0.0,4480.469375000001,4919.06,4115.115,803.9450000000006,352.1925506048688,14.508552362888134,1,0,1
2024-12-03 08:00:00+00:00,38043.375,38695.5,37388.0,1307.5,655.2783600628576,118.9425,125.58,111.43,14.149999999999991,6.343549873690599,,14.149999999999991,0.05333291190020887,1806.145,3039.8275,335.23,2704.5975,1201.687118285857,4036.199375,4125.275,3977.5025,147.77249999999958,62.86733208295992,6.343549873690599,1,0,2
2024-12-03 12:00:00+00:00,38098.25,38822.5,37825.5,997.0,484.25931414205417,118.88,126.83,111.9,14.929999999999993,6.62508867865178,,14.929999999999993,0.055729211630650886,1521.755625,2890.5525,155.44,2735.1124999999997,1212.3893871527948,4567.374375,4928.405000000001,4242.6425,685.7625000000007,297.61960201163276,6.62508867865178,1,0,3
2024-12-03 16:00:00+00:00,41279.75,42211.0,39980.0,2231.0,948.2325224683377,136.04,147.03,119.1,27.930000000000007,11.988758623532854,,27.930000000000007,0.08812671731500189,0.041875,0.1675,0.0,0.1675,0.08375,5367.325,5480.275,5197.715,282.5599999999995,119.96578345511632,11.988758623532854,1,0,4
2024-12-03 20:00:00+00:00,31951.125,36868.0,27098.5,9769.5,4219.701063167863,100.005,108.47,93.51,14.959999999999994,6.761841465163164,,14.959999999999994,0.0676150338999367,0.0,0.0,0.0,0.0,0.0,5734.525625,6675.35,5165.3575,1509.9925000000003,697.581537720308,6.761841465163164,1,0,5
2024-12-04 00:00:00+00:00,25331.75,26385.0,24424.5,1960.5,908.3120333894079,89.3125,91.96,87.56,4.3999999999999915,1.955767112925251,,4.3999999999999915,0.02189802225808543,0.0,0.0,0.0,0.0,0.0,6553.66125,6734.29,6320.88,413.40999999999985,183.15174683510406,1.955767112925251,2,0,0
2024-12-04 04:00:00+00:00,28944.875,35635.0,23858.0,11777.0,5257.811527860237,105.5925,124.32,89.72,34.599999999999994,15.446763145289262,,34.599999999999994,0.14628655581873012,0.0,0.0,0.0,0.0,0.0,5592.415,6171.8125,4799.935,1371.8774999999996,611.2802256160151,15.446763145289262,2,0,1
2024-12-04 08:00:00+00:00,38210.5,38692.5,37715.5,977.0,412.49565654278916,121.7825,129.39,112.75,16.639999999999986,7.41722039131461,,16.639999999999986,0.060905469926423025,1557.874375,2581.2275,297.06,2284.1675,1019.7608814618727,4024.731875,4303.3375,3859.3525,443.9849999999997,198.93595854335237,7.41722039131461,2,0,2
2024-12-04 12:00:00+00:00,38045.875,38400.0,37639.5,760.5,320.4737053696191,117.65,122.91,112.77,10.14,4.501821853427793,,10.14,0.03826452914090767,1267.6425,2427.1325,123.355,2303.7775,1021.6435649257359,5824.070625,7390.67,4315.5125,3075.1575000000003,1331.564695086785,4.501821853427793,2,0,3
2024-12-04 16:00:00+00:00,38876.0,40106.5,36624.0,3482.5,1628.4571941974189,126.25999999999999,135.9,109.37,26.53,12.063208528413979,,26.53,0.09554259883109446,0.04,0.16,0.0,0.16,0.08,10157.871875,12124.76,8351.295,3773.465,1629.369730321839,12.063208528413979,2,0,4
2024-12-04 20:00:00+00:00,29102.0,34003.0,24437.0,9566.0,4190.054971795318,83.17,99.05,69.23,29.819999999999993,13.36368212731806,,29.819999999999993,0.16067911659634543,0.0,0.0,0.0,0.0,0.0,14697.418125,15511.22,13454.99,2056.2299999999996,938.9532413219852,13.36368212731806,2,0,5
2024-12-05 00:00:00+00:00,22618.875,23700.0,21519.5,2180.5,972.3691321543819,65.41,67.02,63.72,3.299999999999997,1.7056963387426274,,3.299999999999997,0.026076996464495125,0.0,0.0,0.0,0.0,0.0,14935.738125,15224.73,14682.0375,542.6924999999992,234.97030068868085,1.7056963387426274,3,0,0
2024-12-05 04:00:00+00:00,26082.0,32897.5,21255.5,11642.0,5297.616476617888,84.5325,106.55,64.63,41.92,19.490405118074552,,41.92,0.23056700225445304,0.0,0.0,0.0,0.0,0.0,14350.028125,14560.89,14112.125,448.7649999999994,190.53708680305726,19.490405118074552,3,0,1
2024-12-05 08:00:00+00:00,35407.75,36043.5,35032.0,1011.5,444.42181539613915,109.4425,110.4,107.91,2.490000000000009,1.115777008785059,,2.490000000000009,0.010195097962720725,690.811875,1103.81,115.1625,988.6474999999999,451.2975204404841,12568.77,13618.59,11517.28,2101.3099999999995,908.3596900273957,1.115777008785059,3,0,2
2024-12-05 12:00:00+00:00,36033.375,36356.0,35731.5,624.5,265.37563785446974,114.7725,119.74,110.24,9.5,4.081073184020762,,9.5,0.03555793577747944,460.620625,981.03,36.4725,944.5575,421.0541631447937,11014.975625,11202.6575,10778.3025,424.35499999999956,188.6071385333258,4.081073184020762,3,0,3
2024-12-05 16:00:00+00:00,37179.625,38373.5,35309.0,3064.5,1318.2163691266055,125.965,135.06,110.77,24.290000000000006,10.681636890789107,,24.290000000000006,0.08479845108394476,0.10625,0.425,0.0,0.425,0.2125,12670.92875,13639.0075,11772.4475,1866.5599999999995,800.9056937526509,10.681636890789107,3,0,4
2024-12-05 20:00:00+00:00,27824.375,32551.0,23270.0,9281.0,4023.457124062175,89.345,101.66,75.08,26.58,11.880037878727496,,26.58,0.1329681334011695,0.0,0.0,0.0,0.0,0.0,14895.04125,15619.93,14213.645,1406.2849999999999,629.0865782939446,11.880037878727496,3,0,5
2024-12-06 00:00:00+00:00,22428.375,23100.0,21454.5,1645.5,767.59248899834,69.22999999999999,70.85,68.02,2.8299999999999983,1.3017680284904911,,2.8299999999999983,0.01880352489513916,0.0,0.0,0.0,0.0,0.0,15346.115624999999,15462.5,15151.9525,310.5475000000006,136.23802899054698,1.3017680284904911,4,0,0
2024-12-06 04:00:00+00:00,25232.875,31902.5,20813.5,11089.0,5010.182654271864,88.41749999999999,108.55,69.86,38.69,17.72225977878292,,38.69,0.20043837225416822,0.0,0.0,0.0,0.0,0.0,14244.17375,14915.01,13300.95,1614.0599999999995,707.9106639891669,17.72225977878292,4,0,1
2024-12-06 08:00:00+00:00,35565.0,35858.0,35045.5,812.5,366.28563535397706,112.685,114.04,111.15,2.8900000000000006,1.271075659956292,,2.8900000000000006,0.011279901139959154,1981.935625,2926.885,492.85,2434.0350000000003,1119.6618940450562,10318.39375,12054.095,8669.945,3384.1499999999996,1445.9616086715728,1.271075659956292,4,0,2
2024-12-06 12:00:00+00:00,36713.75,36899.0,36474.0,425.0,176.40365642468979,121.4575,127.6,115.1,12.5,5.360698803949599,,12.5,0.04413641647448365,1098.6031249999999,2324.075,96.465,2227.6099999999997,979.8833115805485,6802.808125,7554.73,6420.0075,1134.7224999999999,520.1596214039129,5.360698803949599,4,0,3
2024-12-06 16:00:00+00:00,37204.25,38572.0,34631.5,3940.5,1851.3351263345066,126.35249999999999,138.67,105.44,33.22999999999999,15.457961001805288,,33.22999999999999,0.12233996954397651,0.165625,0.6625,0.0,0.6625,0.33125,9599.679375,12530.325,7131.345,5398.9800000000005,2355.9744531442248,15.457961001805288,4,0,4
2024-12-06 20:00:00+00:00,27365.375,31653.0,23018.0,8635.0,3736.857533967099,78.835,97.61,44.14,53.47,24.09884437063321,,53.47,0.3056871233669463,0.0,0.0,0.0,0.0,0.0,14541.971875,14926.135,13958.6675,967.4675000000007,443.38917624820635,24.09884437063321,4,0,5
2024-12-07 00:00:00+00:00,22032.5,23410.0,20615.5,2794.5,1257.344622607501,39.9575,45.7,32.56,13.14,5.901131953560546,,13.14,0.14768521437929172,0.0,0.0,0.0,0.0,0.0,13986.563125,14457.815,13564.83,892.9850000000006,390.601900700354,5.901131953560546,5,1,0
2024-12-07 04:00:00+00:00,21790.375,25021.0,20031.0,4990.0,2330.366400912097,43.0075,70.27,26.79,43.48,19.35595063539892,,43.48,0.450059888052059,0.0,0.0,0.0,0.0,0.0,14198.954375000001,14445.7625,13886.4725,559.2900000000009,252.68243727202247,19.35595063539892,5,1,1
2024-12-07 08:00:00+00:00,31024.375,32480.5,28116.5,4364.0,2019.6102914093765,90.57249999999999,91.61,88.53,3.0799999999999983,1.4449077248507318,,3.0799999999999983,0.015953051145223284,418.33625,704.3425,87.8075,616.535,270.4947694619066,12216.91875,13272.7175,11529.46,1743.2575000000015,744.775698953776,1.4449077248507318,5,1,2
2024-12-07 12:00:00+00:00,32971.5,33531.5,32691.5,840.0,385.2756588902717,88.67750000000001,90.03,87.25,2.780000000000001,1.1384016572955864,,2.780000000000001,0.012837547938266016,414.224375,716.8,72.2425,644.5574999999999,285.5021634796529,13954.154999999999,14902.745,12786.505,2116.2400000000016,924.0665499933789,1.1384016572955864,5,1,3
2024-12-07 16:00:00+00:00,34556.375,35680.5,32825.0,2855.5,1236.5549842876646,96.5325,103.21,87.89,15.319999999999993,6.441109505874484,,15.319999999999993,0.0667247766904875,0.015625,0.0625,0.0,0.0625,0.03125,15333.799374999999,15377.48,15230.5225,146.95750000000044,69.6941736677413,6.441109505874484,5,1,4
2024-12-07 20:00:00+00:00,26619.25,30270.5,23106.0,7164.5,3095.728253039447,64.95,82.95,40.2,42.75,18.812511794016235,,42.75,0.28964606303335233,0.0,0.0,0.0,0.0,0.0,15328.093125,15377.0025,15247.225,129.77750000000015,56.18364076012292,18.812511794016235,5,1,5
2024-12-08 00:00:00+00:00,21257.25,22700.0,19679.5,3020.5,1350.8501335578771,26.64,37.07,16.32,20.75,8.80382114008836,,20.75,0.33047376651983323,0.0,0.0,0.0,0.0,0.0,14883.79125,15022.91,14752.165,270.744999999999,115.0427359270603,8.80382114008836,6,1,0
2024-12-08 04:00:00+00:00,20585.75,23198.5,19131.5,4067.0,1900.88674482902,22.88,34.25,15.61,18.64,7.9904734945225036,,18.64,0.34923398140395556,0.0,0.0,0.0,0.0,0.0,14723.600625,14956.1675,14576.415,379.7524999999987,163.04476203350572,7.9904734945225036,6,1,1
2024-12-08 08:00:00+00:00,28804.875,31075.0,25753.0,5322.0,2297.260338424881,75.6375,83.19,57.08,26.11,12.483152312884219,,26.11,0.1650391976583602,910.6743749999999,1498.34,145.34,1353.0,612.656818966836,15163.476875,15251.9625,15065.63,186.33250000000044,79.13453374304525,12.483152312884219,6,1,2
2024-12-08 12:00:00+00:00,32852.125,34086.0,31887.0,2199.0,963.6894706456713,82.87,84.97,79.97,5.0,2.4934046335616427,,5.0,0.030088145692791654,759.6975,1372.8475,123.8875,1248.96,546.775046648528,15225.535,15260.58,15174.46,86.1200000000008,36.3921628467816,2.4934046335616427,6,1,3
2024-12-08 16:00:00+00:00,36168.875,37331.5,34398.5,2933.0,1247.929309896999,93.76,99.76,85.36,14.400000000000006,6.076863225930521,,14.400000000000006,0.06481296102741596,0.14375,0.575,0.0,0.575,0.2875,14647.80625,15029.2175,14237.13,792.0875000000015,342.9970572426004,6.076863225930521,6,1,4
2024-12-08 20:00:00+00:00,27986.75,32097.0,23726.0,8371.0,3589.740717192074,65.5425,77.06,56.06,21.0,9.65869685827234,,21.0,0.14736540196471512,0.0,0.0,0.0,0.0,0.0,13558.165,13955.6075,13175.9475,779.6599999999999,329.66839335788103,9.65869685827234,6,1,5
2024-12-09 00:00:00+00:00,22752.375,23705.0,21699.0,2006.0,914.1095279924975,57.3875,59.88,54.87,5.010000000000005,2.855280196408052,,5.010000000000005,0.04975439244448797,0.0,0.0,0.0,0.0,0.0,12330.814375,12781.075,11948.78,832.2950000000001,361.5926635293215,2.855280196408052,0,0,0
2024-12-09 04:00:00+00:00,26616.375,33683.0,21543.0,12140.0,5473.330999415865,82.065,107.91,55.28,52.629999999999995,23.64297288131648,,52.629999999999995,0.28810056517780397,0.0,0.0,0.0,0.0,0.0,11493.39125,11765.205,11163.83,601.375,259.0212309066905,23.64297288131648,0,0,1
2024-12-09 08:00:00+00:00,37549.25,37999.0,36789.0,1210.0,536.6060783604048,111.1525,112.51,108.93,3.5799999999999983,1.598590525014669,,3.5799999999999983,0.01438195744598336,1085.910625,1854.47,172.7525,1681.7175,750.3321102917666,10720.2175,10963.915,10464.93,498.9850000000006,216.36936091246068,1.598590525014669,0,0,2
2024-12-09 12:00:00+00:00,38016.125,38688.0,37614.0,1074.0,506.87973179049186,110.6525,113.11,109.55,3.5600000000000023,1.6680202836496516,,3.5600000000000023,0.015074402147711543,976.395,1752.3575,172.3,1580.0575000000001,691.940902892605,10421.454375000001,10447.285,10397.52,49.76499999999942,23.498378523403364,1.6680202836496516,0,0,3
2024-12-09 16:00:00+00:00,40580.75,41489.5,39631.5,1858.0,759.5706572356071,127.3075,137.59,112.34,25.25,10.657292886407246,,25.25,0.08371300109111604,0.0325,0.13,0.0,0.13,0.065,10201.7125,10336.6625,10051.6375,285.02499999999964,121.57409434853507,10.657292886407246,0,0,4
2024-12-09 20:00:00+00:00,31894.25,36888.0,26933.0,9955.0,4325.91103121643,96.305,104.52,87.95,16.569999999999993,7.417396218799875,,16.569999999999993,0.07701984547842657,0.0,0.0,0.0,0.0,0.0,9536.91375,9913.145,9057.465,855.6800000000003,379.35934077786675,7.417396218799875,0,0,5
2024-12-10 00:00:00+00:00,25317.25,26300.0,24158.0,2142.0,940.7277767771083,83.91,86.94,81.23,5.709999999999994,2.602345096254524,,5.709999999999994,0.03101352754444675,0.0,0.0,0.0,0.0,0.0,8592.7075,8839.515,8344.45,495.0649999999987,212.8192836070071,2.602345096254524,1,0,0
2024-12-10 04:00:00+00:00,27829.375,34845.5,23264.5,11581.0,5324.667851534653,96.235,112.46,81.44,31.019999999999996,14.123046177554375,,31.019999999999996,0.14675581833589002,0.0,0.0,0.0,0.0,0.0,8150.16625,8243.17,8058.25,184.92000000000007,78.84729525322935,14.123046177554375,1,0,1
2024-12-10 08:00:00+00:00,38257.875,38718.5,37235.0,1483.5,692.4741120311534,115.5975,118.6,112.87,5.72999999999999,2.362997742981003,,5.72999999999999,0.02044159902230587,845.595,1580.7775,76.66,1504.1174999999998,670.3181617243412,7745.193125,7970.01,7497.175,472.83500000000004,206.59368727624712,2.362997742981003,1,0,2
2024-12-10 12:00:00+00:00,39661.75,40119.5,39166.5,953.0,389.7568686587412,119.055,126.57,114.15,12.419999999999987,5.494394112790476,,12.419999999999987,0.046150049244386815,819.626875,1534.395,103.635,1430.76,631.057142755231,7362.601874999999,7417.809999999999,7321.285,96.52499999999873,45.296041372977186,5.494394112790476,1,0,3
2024-12-10 16:00:00+00:00,42080.75,43071.0,40737.5,2333.5,979.599620593366,138.16250000000002,147.93,122.93,25.0,10.689538109759471,,25.0,0.07736931591249048,0.035625,0.1425,0.0,0.1425,0.07125,6964.72375,7411.65,6416.21,995.4399999999996,433.70508672608764,10.689538109759471,1,0,4
2024-12-10 20:00:00+00:00,33683.625,38514.5,28804.0,9710.5,4191.408919345219,103.075,112.6,97.28,15.319999999999993,6.79796293017253,,15.319999999999993,0.0659516170766193,0.0,0.0,0.0,0.0,0.0,5394.115000000001,5966.360000000001,4883.685,1082.6750000000002,468.5869494732721,6.79796293017253,1,0,5
2024-12-11 00:00:00+00:00,26694.0,27950.0,25544.5,2405.5,1100.1776371719861,91.7225,94.35,89.64,4.709999999999994,2.0423903479338446,,4.709999999999994,0.022267059314059718,0.0,0.0,0.0,0.0,0.0,4386.51,4645.845,4145.655,500.1900000000005,215.40691884779397,2.0423903479338446,2,0,0
2024-12-11 04:00:00+00:00,30002.625,36546.5,25104.5,11442.0,5145.178039922429,118.7075,160.4,94.11,66.29,29.9168028316307,,66.29,0.2520211682634265,0.0,0.0,0.0,0.0,0.0,3785.46375,4001.175,3528.225,472.9500000000003,202.9393797982951,29.9168028316307,2,0,1
2024-12-11 08:00:00+00:00,39798.0,40343.5,38583.0,1760.5,818.0547047722428,201.2225,207.36,189.29,18.07000000000002,8.196061554185663,,18.07000000000002,0.04073133747063899,716.58875,1311.0,93.62,1217.38,539.2858978991725,2851.0950000000003,3294.715,2425.1800000000003,869.5349999999999,377.678307624359,8.196061554185663,2,0,2
2024-12-11 12:00:00+00:00,40324.625,40748.0,40167.0,581.0,282.99863810037436,207.7125,211.16,204.13,7.030000000000001,3.036273757969353,,7.030000000000001,0.014617674708885382,691.84875,1291.155,80.81,1210.345,535.5939644509168,2322.661875,2525.2725,2204.785,320.4875000000002,143.85069043651663,3.036273757969353,2,0,3
2024-12-11 16:00:00+00:00,42165.5,43020.5,40559.5,2461.0,1111.8911817259825,210.33,217.5,193.52,23.97999999999999,11.265339172287119,,23.97999999999999,0.05356030605375895,0.00125,0.005,0.0,0.005,0.0025,2827.331875,2928.96,2715.875,213.08500000000004,88.82648083424138,11.265339172287119,2,0,4
2024-12-11 20:00:00+00:00,33965.625,38767.0,29081.0,9686.0,4196.069378497772,129.2925,173.67,103.14,70.52999999999999,32.53085138244411,,70.52999999999999,0.2516066390737601,0.0,0.0,0.0,0.0,0.0,2514.029375,2956.12,1920.4975,1035.6225,475.79356710821787,32.53085138244411,2,0,5
2024-12-12 00:00:00+00:00,27231.25,28350.0,26008.0,2342.0,1033.6993034727266,99.6575,101.81,97.95,3.8599999999999994,1.6037741944134984,,3.8599999999999994,0.016092859989599365,0.0,0.0,0.0,0.0,0.0,1929.7125,1939.1625,1912.955,26.207499999999982,11.59827160255647,1.6037741944134984,3,0,0
2024-12-12 04:00:00+00:00,29556.875,35743.0,25450.0,10293.0,4763.655850552179,129.4375,179.76,102.01,77.74999999999999,35.201645203029926,,77.74999999999999,0.27195863025035194,0.0,0.0,0.0,0.0,0.0,1982.6225,1996.5,1957.5725,38.92750000000001,17.17275106576306,35.201645203029926,3,0,1
2024-12-12 08:00:00+00:00,39641.875,40174.5,38585.5,1589.0,718.4960420906988,210.3525,210.85,209.84,1.009999999999991,0.5260782578032827,,1.009999999999991,0.0025009365603131492,547.454375,956.81,78.1275,878.6824999999999,393.2788817661446,1941.3287500000001,1980.71,1904.39,76.31999999999994,34.24653276245648,0.5260782578032827,3,0,2
2024-12-12 12:00:00+00:00,40138.125,40477.0,40001.0,476.0,226.9744387223671,210.945,211.88,209.92,1.960000000000008,0.8137772012862913,,1.960000000000008,0.0038577695668837154,461.339375,880.725,48.4575,832.2675,366.95503069390196,1987.791875,2110.7875,1912.6075,198.17999999999984,90.46924634866718,0.8137772012862913,3,0,3
2024-12-12 16:00:00+00:00,41674.875,42891.5,40300.5,2591.0,1062.6604486695958,210.15,217.5,192.8,24.69999999999999,11.623522128282227,,24.69999999999999,0.055310597802913294,0.073125,0.2925,0.0,0.2925,0.14625,2312.415625,2352.91,2233.8975,119.01249999999982,54.2722462979851,11.623522128282227,3,0,4
2024-12-12 20:00:00+00:00,33224.625,37759.0,28532.0,9227.0,4070.922609904706,123.9325,164.73,96.38,68.35,30.756831625943963,,68.35,0.2481740594754722,0.0,0.0,0.0,0.0,0.0,2232.7037499999997,2345.7,2064.955,280.7449999999999,134.65316751906227,30.756831625943963,3,0,5
2024-12-13 00:00:00+00:00,26815.25,28080.0,25538.0,2542.0,1126.7727883946554,89.64,94.55,85.47,9.079999999999998,4.013435768349438,,9.079999999999998,0.04477282204762875,0.0,0.0,0.0,0.0,0.0,2193.398125,2243.1000000000004,2146.9700000000003,96.13000000000011,49.00821875695098,4.013435768349438,4,0,0
2024-12-13 04:00:00+00:00,29510.5,35891.5,25079.0,10812.5,4930.209579723767,131.8025,199.02,93.97,105.05000000000001,47.84462935725737,,105.05000000000001,0.3630024419662553,0.0,0.0,0.0,0.0,0.0,2019.595625,2090.725,1974.605,116.11999999999989,51.89710662997006,47.84462935725737,4,0,1
2024-12-13 08:00:00+00:00,39776.375,40202.5,38679.0,1523.5,733.939867541385,246.8,257.81,236.13,21.680000000000007,8.894413977323063,,21.680000000000007,0.03603895452724098,518.573125,983.575,72.22500000000001,911.35,399.6038351781205,1974.8787499999999,2002.265,1952.385,49.88000000000011,21.11062138869137,8.894413977323063,4,0,2
2024-12-13 12:00:00+00:00,39694.75,39949.0,39450.5,498.5,232.99087964982564,246.4625,268.14,231.43,36.70999999999998,16.331404052724118,,36.70999999999998,0.06626324107206613,553.743125,1035.955,60.85,975.1049999999999,433.67098818965957,2135.995625,2256.8075,2018.015,238.7924999999998,102.77002694882647,16.331404052724118,4,0,3
2024-12-13 16:00:00+00:00,40347.125,41249.5,38808.0,2441.5,1078.6312603634904,265.53000000000003,283.6,230.1,53.50000000000003,24.230659641591846,,53.50000000000003,0.09125394359052398,0.0,0.0,0.0,0.0,0.0,2605.9775,2925.495,2338.3100000000004,587.1849999999995,256.59350902741073,24.230659641591846,4,0,4
2024-12-13 20:00:00+00:00,32205.125,36268.5,27935.5,8333.0,3630.3158121344404,114.565,154.4,87.15,67.25,29.949725096122886,,67.25,0.2614212464201361,0.0,0.0,0.0,0.0,0.0,4110.114375,5100.2675,3271.82,1828.4474999999998,808.946596152405,29.949725096122886,4,0,5
2024-12-14 00:00:00+00:00,25563.75,27175.0,23966.0,3209.0,1413.8157293886163,80.6175,85.72,76.01,9.709999999999994,4.388768809890384,,9.709999999999994,0.05443940595888464,0.0,0.0,0.0,0.0,0.0,6528.338125,7547.6525,5536.57,2011.0825000000004,868.587931569527,4.388768809890384,5,1,0
2024-12-14 04:00:00+00:00,25002.875,28299.5,23184.0,5115.5,2365.5119028447098,89.34,101.31,76.77,24.540000000000006,10.9121125360766,,24.540000000000006,0.12214139843381014,0.0,0.0,0.0,0.0,0.0,8014.09,8118.532499999999,7906.44,212.09249999999975,89.47339555700316,10.9121125360766,5,1,1
2024-12-14 08:00:00+00:00,32587.25,33497.5,31353.0,2144.5,909.3333180596287,101.7025,106.18,95.01,11.170000000000002,5.2343886940119395,,11.170000000000002,0.051467650195540324,1666.4524999999999,3190.53,162.95749999999998,3027.5725,1340.467423778922,8632.939375,8937.855,8292.130000000001,645.7249999999985,279.9597962087218,5.2343886940119395,5,1,2
2024-12-14 12:00:00+00:00,32220.375,33285.0,31762.5,1522.5,713.4865538326563,104.0325,116.81,95.05,21.760000000000005,9.735879946534533,,21.760000000000005,0.09358498494734376,1828.6468750000001,3236.695,241.155,2995.54,1326.9385796501897,9083.855,9241.46,8955.535,285.9249999999993,135.91078587318455,9.735879946534533,5,1,3
2024-12-14 16:00:00+00:00,36359.625,38034.5,34789.0,3245.5,1411.949147750489,129.55,146.64,102.62,44.01999999999998,19.272740680384114,,44.01999999999998,0.14876681343407278,0.021875,0.0875,0.0,0.0875,0.04375,10282.68,11005.8975,9453.985,1551.9124999999985,681.0450996110068,19.272740680384114,5,1,4
2024-12-14 20:00:00+00:00,29187.5,32779.5,25511.5,7268.0,3133.6637769018334,78.84,88.04,70.63,17.41000000000001,7.794361209660915,,17.41000000000001,0.09886302904186853,0.0,0.0,0.0,0.0,0.0,11764.2075,12458.2825,11284.77,1173.512499999999,534.0425477314515,7.794361209660915,5,1,5
2024-12-15 00:00:00+00:00,22870.0,24615.0,21003.5,3611.5,1615.0380284480411,50.760000000000005,65.98,35.53,30.450000000000003,13.390287524918946,,30.450000000000003,0.2637960505303181,0.0,0.0,0.0,0.0,0.0,13173.936875,13414.435,12791.14,623.2950000000001,276.50006015200546,13.390287524918946,6,1,0
2024-12-15 04:00:00+00:00,21090.125,22957.5,20088.5,2869.0,1290.9330846975245,37.2625,53.38,29.32,24.060000000000002,11.309678377389872,,24.060000000000002,0.3035136766827205,0.0,0.0,0.0,0.0,0.0,13711.94125,13800.8575,13569.9575,230.89999999999964,101.85768667811247,11.309678377389872,6,1,1
2024-12-15 08:00:00+00:00,27396.375,28237.5,25472.0,2765.5,1311.9819850770305,80.675,84.5,71.29,13.209999999999994,6.329447053258276,,13.209999999999994,0.07845611469796446,628.0074999999999,1188.685,66.8175,1121.8674999999998,501.80337519208325,14193.709375,14486.8625,13884.7575,602.1049999999996,261.00005622105874,6.329447053258276,6,1,2
2024-12-15 12:00:00+00:00,30076.875,31337.5,29442.5,1895.0,859.6244698510309,83.215,86.26,81.48,4.780000000000001,2.1081192249649154,,4.780000000000001,0.02533340413344847,629.455,1170.845,80.485,1090.3600000000001,484.89551166978225,14683.915625,14715.58,14633.1675,82.41250000000036,35.410928655276734,2.1081192249649154,6,1,3
2024-12-15 16:00:00+00:00,34078.75,35542.0,32058.0,3484.0,1465.4455807023344,94.69,102.25,82.81,19.439999999999998,8.319523223518681,,19.439999999999998,0.08786063178285647,0.00875,0.035,0.0,0.035,0.0175,14970.2925,15084.925,14837.9675,246.95749999999862,104.99231553229649,8.319523223518681,6,1,4
2024-12-15 20:00:00+00:00,26005.0,29792.5,22114.0,7678.5,3301.755770293537,50.765,76.85,14.52,62.33,27.390821455370777,,62.33,0.5395611436101797,0.0,0.0,0.0,0.0,0.0,15331.07,15667.285,15109.2425,558.0424999999996,271.38475989665676,27.390821455370777,6,1,5
2024-12-16 00:00:00+00:00,20627.625,21700.0,19640.0,2060.0,892.9646666208761,14.91,15.75,14.04,1.7100000000000009,0.9154598116065322,,1.7100000000000009,0.06139904839748708,0.0,0.0,0.0,0.0,0.0,15406.0975,15526.3775,15252.5825,273.7950000000001,119.2941947281314,0.9154598116065322,0,0,0
2024-12-16 04:00:00+00:00,23739.875,30854.0,18931.0,11923.0,5400.669192717387,41.9275,77.06,16.11,60.95,29.342200979703847,,60.95,0.6998318759693243,0.0,0.0,0.0,0.0,0.0,15143.481875000001,15170.0375,15109.645,60.39249999999993,25.10846299681664,29.342200979703847,0,0,1
2024-12-16 08:00:00+00:00,33726.875,34215.0,33340.5,874.5,361.8223263334277,76.4875,82.71,69.58,13.129999999999995,5.803231140206868,,13.129999999999995,0.07587162791576223,948.8187499999999,1611.4925,106.06,1505.4325000000001,687.8121373919988,15158.626875,15294.91,15085.005,209.90500000000065,95.05095307638493,5.803231140206868,0,0,2
2024-12-16 12:00:00+00:00,34680.0,35358.0,34223.5,1134.5,494.32698355103645,72.3275,76.91,69.53,7.3799999999999955,3.381837518273164,,7.3799999999999955,0.04675728482628547,708.708125,1416.8925,79.8175,1337.0749999999998,589.4100946793292,15544.47625,15616.605,15435.765,180.84000000000015,81.03352211430767,3.381837518273164,0,0,3
2024-12-16 16:00:00+00:00,37485.375,38462.0,36259.0,2203.0,924.1451342547152,93.015,100.62,84.66,15.960000000000008,7.161082320431742,,15.960000000000008,0.07698846767114699,0.2275,0.91,0.0,0.91,0.455,15154.72875,15456.4325,14821.9275,634.505000000001,274.7282701939323,7.161082320431742,0,0,4
2024-12-16 20:00:00+00:00,29853.75,34191.5,25483.0,8708.5,3758.398606232891,68.735,77.97,62.23,15.740000000000002,7.287018137299599,,15.740000000000002,0.10601612187822215,0.0,0.0,0.0,0.0,0.0,13734.0175,14594.8975,12606.8825,1988.0149999999994,871.5007124088694,7.287018137299599,0,0,5
2024-12-17 00:00:00+00:00,23967.875,25085.0,22996.0,2089.0,903.2733413350943,66.535,68.11,65.63,2.480000000000004,1.0841125402835254,,2.480000000000004,0.01629386849452959,0.0,0.0,0.0,0.0,0.0,10635.189375,11783.005,9345.62,2437.3849999999984,1065.8877005622553,1.0841125402835254,1,0,0
2024-12-17 04:00:00+00:00,26456.875,32722.5,22470.0,10252.5,4762.09660365054,89.62,111.23,70.81,40.42,17.905725341353808,,40.42,0.19979608727241477,0.0,0.0,0.0,0.0,0.0,8462.390625,8840.2075,8231.807499999999,608.4000000000015,263.2543382150867,17.905725341353808,1,0,1
2024-12-17 08:00:00+00:00,35960.25,36385.5,35096.0,1289.5,588.7498761500224,105.225,115.97,93.26,22.709999999999994,9.920196570633058,,22.709999999999994,0.0942760424864154,343.321875,684.925,36.37,648.555,288.35078505019277,10239.601875,11976.0725,8756.295,3219.7775,1401.3691366977735,9.920196570633058,1,0,2
2024-12-17 12:00:00+00:00,36196.875,36536.0,35940.0,596.0,296.2972536153506,89.8175,92.28,88.2,4.079999999999998,1.7839352566727333,,4.079999999999998,0.01986177812422668,390.109375,702.76,63.945,638.8149999999999,283.1524331402242,13590.935000000001,14402.0275,12864.4925,1537.5349999999999,663.8263564774809,1.7839352566727333,1,0,3
2024-12-17 16:00:00+00:00,37497.25,38503.0,35617.0,2886.0,1323.2864076482713,98.30250000000001,106.23,87.89,18.340000000000003,7.678634318679336,,18.340000000000003,0.0781122994703017,0.210625,0.8425,0.0,0.8425,0.42125000000000007,15715.836875,16173.21,15072.8125,1100.3974999999991,481.7233295652134,7.678634318679336,1,0,4
2024-12-17 20:00:00+00:00,27822.0,32882.0,22802.0,10080.0,4355.678592366521,53.6175,78.8,19.32,59.48,26.290490517802564,,59.48,0.4903341356423288,0.0,0.0,0.0,0.0,0.0,16219.239375000001,16270.9925,16111.31,159.6825000000008,72.90187487229623,26.290490517802564,1,0,5
2024-12-18 00:00:00+00:00,20928.625,22100.0,19764.0,2336.0,1036.822017432757,10.34,19.06,4.49,14.569999999999999,6.964323369861567,,14.569999999999999,0.6735322407989911,0.0,0.0,0.0,0.0,0.0,15923.04375,15999.4625,15847.16,152.30249999999978,67.75005844093401,6.964323369861567,2,0,0
2024-12-18 04:00:00+00:00,23381.5,29350.0,19306.5,10043.5,4605.2304140690585,38.5775,80.52,8.99,71.53,33.71595307368111,,71.53,0.8739797310266634,0.0,0.0,0.0,0.0,0.0,15865.645,15901.485,15838.1025,63.38249999999971,27.86687886183149,33.71595307368111,2,0,1
2024-12-18 08:00:00+00:00,32210.875,32492.0,31577.5,914.5,425.14828295548807,75.92750000000001,83.03,66.28,16.75,7.472060737618946,,16.75,0.0984104670589569,1001.19,2083.43,66.0025,2017.4274999999998,894.5362951715075,16018.334375,16089.2,15946.665,142.53499999999985,58.40471357886466,7.472060737618946,2,0,2
2024-12-18 12:00:00+00:00,33704.75,35211.5,32845.5,2366.0,1060.753623609177,76.09,88.17,66.4,21.769999999999996,9.598274150422391,,21.769999999999996,0.1261437002289708,1183.913125,2249.3775,105.9675,2143.41,959.427713588451,15545.568125,16152.32,14523.12,1629.199999999999,738.8239389771617,9.598274150422391,2,0,3
2024-12-18 16:00:00+00:00,37881.75,38847.0,36886.5,1960.5,848.0635294599102,111.8125,119.89,102.75,17.14,8.34488416136897,,17.14,0.07463283766456315,0.20125,0.805,0.0,0.805,0.4025,11271.9975,13328.62,9481.65,3846.970000000001,1684.1444308696243,8.34488416136897,2,0,4
2024-12-18 20:00:00+00:00,29640.875,34635.5,24996.5,9639.0,4181.512552793148,82.405,94.08,67.66,26.42,11.41276916440528,,26.42,0.1384960762624268,0.0,0.0,0.0,0.0,0.0,9341.37625,10893.895,8492.0625,2401.8325000000004,1066.3432260817424,11.41276916440528,2,0,5
2024-12-19 00:00:00+00:00,23087.75,24595.0,21472.5,3122.5,1397.1632271618569,39.9725,57.08,24.64,32.44,14.55748919514168,,32.44,0.36418760885963297,0.0,0.0,0.0,0.0,0.0,13701.0075,14444.975,12562.2875,1882.6875,839.9135285824572,14.55748919514168,3,0,0
2024-12-19 04:00:00+00:00,25048.5,30528.0,20926.0,9602.0,4324.717062036159,51.3575,84.52,21.5,63.019999999999996,29.477311472837318,,63.019999999999996,0.5739631304646315,0.0,0.0,0.0,0.0,0.0,14760.74375,15002.615,14546.975,455.6399999999994,198.22048382104632,29.477311472837318,3,0,1
2024-12-19 08:00:00+00:00,33780.125,34459.5,33229.5,1230.0,578.6670566914968,78.66,87.78,68.75,19.03,8.447796556893797,,19.03,0.10739634575252728,1902.2475,3517.385,206.8175,3310.5675,1464.670563296573,15276.5525,15418.81,15127.045,291.7649999999994,126.16174965099331,8.447796556893797,3,0,2
2024-12-19 12:00:00+00:00,34488.75,36004.5,33777.5,2227.0,1047.1285737673288,75.57,84.77,68.49,16.28,7.213639857935798,,16.28,0.09545639616164876,2141.938125,3641.3025,336.3575,3304.9449999999997,1471.917637489123,15445.110625,15483.0325,15365.12,117.91249999999854,54.09139966971718,7.213639857935798,3,0,3
2024-12-19 16:00:00+00:00,38934.625,39764.5,37941.5,1823.0,760.8153931802373,98.69,104.51,92.42,12.090000000000003,5.201506192120381,,12.090000000000003,0.05270550402391714,0.136875,0.5475,0.0,0.5475,0.27375,14572.151875,15169.92,13876.86,1293.0599999999995,559.9863068317492,5.201506192120381,3,0,4
2024-12-19 20:00:00+00:00,31275.875,35852.0,26560.0,9292.0,4065.9796764330576,75.58,86.16,58.55,27.61,12.175617711913702,,27.61,0.16109576226400774,0.0,0.0,0.0,0.0,0.0,12604.39625,13262.25,12212.78,1049.4699999999993,480.2175498211716,12.175617711913702,3,0,5
2024-12-20 00:00:00+00:00,25281.75,26400.0,23829.5,2570.5,1182.112833023988,45.894999999999996,55.12,35.98,19.14,8.37530297959423,,19.14,0.1824883534065635,0.0,0.0,0.0,0.0,0.0,12592.868125,12730.6,12375.24,355.3600000000006,155.69882903882856,8.37530297959423,4,0,0
2024-12-20 04:00:00+00:00,26636.25,32285.0,23018.0,9267.0,4295.114462968362,55.6125,86.61,29.85,56.76,26.37394721437553,,56.76,0.4742449487862535,0.0,0.0,0.0,0.0,0.0,13434.32625,13984.9275,12929.94,1054.9874999999993,456.20337119945725,26.37394721437553,4,0,1
2024-12-20 08:00:00+00:00,35208.5,35713.5,34635.0,1078.5,541.8491487489853,84.97,89.53,80.01,9.519999999999996,4.2981003555834585,,9.519999999999996,0.050583739620848056,909.923125,1454.3275,150.0625,1304.265,596.8760014594566,14774.2,15326.655,14291.825,1034.83,445.41536992639425,4.2981003555834585,4,0,2
2024-12-20 12:00:00+00:00,35431.25,35757.5,35235.5,522.0,228.4981765062178,82.12,83.63,80.29,3.339999999999989,1.4161450019919002,,3.339999999999989,0.017244824671114285,610.183125,1248.0675,66.3475,1181.72,521.4856637785573,15844.912499999999,15952.765,15679.5775,273.1875,116.40959781091999,1.4161450019919002,4,0,3
2024-12-20 16:00:00+00:00,37395.0,38318.0,35955.5,2362.5,1020.802053942553,92.1325,97.89,85.57,12.320000000000007,5.266259741663592,,12.320000000000007,0.05715963141848528,0.02625,0.105,0.0,0.105,0.0525,15428.785,15724.6425,15124.4925,600.1499999999996,260.2848725195147,5.266259741663592,4,0,4
2024-12-20 20:00:00+00:00,29602.125,33636.5,25544.5,8092.0,3510.0682655992136,59.08,77.82,39.98,37.839999999999996,17.132738640781664,,37.839999999999996,0.28999219094078654,0.0,0.0,0.0,0.0,0.0,14637.656875,14925.58,14391.395,534.1849999999995,240.5035794031546,17.132738640781664,4,0,5
2024-12-21 00:00:00+00:00,22800.625,24900.0,20667.0,4233.0,1875.661899836961,21.900000000000002,36.52,6.76,29.760000000000005,13.09124898548645,,29.760000000000005,0.5977739262779201,0.0,0.0,0.0,0.0,0.0,14511.673125000001,14611.225,14442.565,168.65999999999985,72.40901283032764,13.09124898548645,5,1,0
2024-12-21 04:00:00+00:00,21360.625,24039.0,19668.0,4371.0,1972.5528034757401,7.7125,19.28,2.15,17.130000000000003,7.926551898524353,,17.130000000000003,1.027753892839462,0.0,0.0,0.0,0.0,0.0,15392.69625,15946.35,14836.8675,1109.4825,483.5783921045447,7.926551898524353,5,1,1
2024-12-21 08:00:00+00:00,28631.0,29661.0,26849.5,2811.5,1293.512208420675,56.4125,62.33,41.85,20.479999999999997,9.737427363871152,,20.479999999999997,0.17261116532454948,443.218125,937.0225,59.105,877.9175,387.35697039022784,16306.09875,16444.475,16174.72,269.7549999999992,112.95382104906086,9.737427363871152,5,1,2
2024-12-21 12:00:00+00:00,29565.875,30136.5,29346.0,790.5,381.70459236605086,59.5875,63.57,57.6,5.969999999999999,2.7125802599493114,,5.969999999999999,0.04552263914326512,729.775625,1157.7375,117.065,1040.6725,481.4180604404338,16516.73125,16524.79,16509.55,15.2400000000016,7.378243213440553,2.7125802599493114,5,1,3
2024-12-21 16:00:00+00:00,32383.375,33587.5,30853.5,2734.0,1148.2729332204378,80.0675,88.49,70.18,18.309999999999988,7.666517571014011,,18.309999999999988,0.09575068000142396,0.10625,0.425,0.0,0.425,0.2125,16513.800625,16534.645,16477.3775,57.267500000001746,26.73467118236733,7.666517571014011,5,1,4
2024-12-21 20:00:00+00:00,25627.25,28994.0,22058.5,6935.5,3022.0131397243567,28.1925,53.69,3.15,50.54,21.872656255394922,,50.54,0.7758324467640303,0.0,0.0,0.0,0.0,0.0,16335.256875,16462.035,16131.4175,330.6175000000003,149.53848213440884,21.872656255394922,5,1,5
2024-12-22 00:00:00+00:00,21469.0,22800.0,20167.0,2633.0,1135.970363463179,-1.1925000000000001,-0.24,-2.72,2.4800000000000004,1.1643417310509259,,2.4800000000000004,-0.9763871958498331,0.0,0.0,0.0,0.0,0.0,15898.055625,15999.7275,15793.6875,206.04000000000087,89.61142708417627,1.1643417310509259,6,1,0
2024-12-22 04:00:00+00:00,19793.375,21466.5,18819.0,2647.5,1171.7339981838877,5.6875,8.1,3.39,4.709999999999999,1.9309129964863767,,4.709999999999999,0.3395011861954069,0.0,0.0,0.0,0.0,0.0,15761.345625,15831.345,15720.3475,110.99749999999949,48.810275744244834,1.9309129964863767,6,1,1
2024-12-22 08:00:00+00:00,26139.5,27762.0,23671.0,4091.0,1826.283886292964,26.810000000000002,29.73,20.14,9.59,4.506698717834746,,9.59,0.1680976769054362,1384.171875,2628.7725,140.9325,2487.84,1103.6256971651346,16015.817500000001,16121.1,15921.68,199.42000000000007,83.32124513991967,4.506698717834746,6,1,2
2024-12-22 12:00:00+00:00,29679.625,30661.5,28850.5,1811.0,763.2953092785697,33.79,43.07,28.55,14.52,6.793158322901064,,14.52,0.20104049490680864,1599.77375,2746.17,266.6225,2479.5475,1105.2435692124234,16255.630625,16284.6325,16207.07,77.5625,36.67877612774412,6.793158322901064,6,1,3
2024-12-22 16:00:00+00:00,33218.25,34408.0,31614.5,2793.5,1171.3233612741906,57.2175,65.38,46.68,18.699999999999996,7.767360662842086,,18.699999999999996,0.13575148622086047,0.14875,0.595,0.0,0.595,0.2975,16232.14875,16278.435,16182.98,95.45499999999993,41.843810250143974,7.767360662842086,6,1,4
2024-12-22 20:00:00+00:00,25794.625,29549.0,22206.0,7343.0,3169.310318639267,18.7675,38.51,-0.25,38.76,16.214812929335118,,38.76,0.8639836381689153,0.0,0.0,0.0,0.0,0.0,16029.086874999999,16147.6225,15868.24,279.3824999999997,121.0725269445102,16.214812929335118,6,1,5
2024-12-23 00:00:00+00:00,21640.5,22159.5,20914.0,1245.5,605.2045108886753,0.45499999999999996,1.8,-1.34,3.14,1.3277926544959244,,3.14,2.918225614276757,0.0,0.0,0.0,0.0,0.0,15390.313750000001,15708.52,14990.03,718.4899999999998,313.4508095745116,1.3277926544959244,0,0,0
2024-12-23 04:00:00+00:00,24796.5,31526.5,20311.5,11215.0,5089.953356040373,28.2875,64.41,3.98,60.43,27.451361077367363,,60.43,0.9704413991115286,0.0,0.0,0.0,0.0,0.0,13368.461875,14528.465,11986.2625,2542.2024999999994,1104.1918140778625,27.451361077367363,0,0,1
2024-12-23 08:00:00+00:00,35520.125,36110.5,34791.5,1319.0,558.1955115966687,75.4,76.43,74.2,2.230000000000004,0.9255268769733307,,2.230000000000004,0.012274892267550783,1611.4775,2525.55,294.42999999999995,2231.1200000000003,1021.1887616298795,9822.20125,10943.0975,8974.1375,1968.9599999999991,859.7930224514802,0.9255268769733307,0,0,2
2024-12-23 12:00:00+00:00,36205.875,36742.0,35758.0,984.0,408.80687677679873,85.1725,93.17,78.48,14.689999999999998,6.170409899944513,,14.689999999999998,0.07244603481105424,1113.645,2215.06,100.2475,2114.8125,935.6165286701777,8346.08375,8699.7575,7919.67,780.0874999999996,335.26141861302284,6.170409899944513,0,0,3
2024-12-23 16:00:00+00:00,38481.375,39611.0,36868.0,2743.0,1154.1651654623201,112.8275,125.57,97.46,28.11,11.821786032575615,,28.11,0.10477752349893085,0.2225,0.89,0.0,0.89,0.445,7009.524375,7509.395,6618.9175,890.4775000000009,391.6607775942465,11.821786032575615,0,0,4
2024-12-23 20:00:00+00:00,29860.125,34438.5,25289.0,9149.5,3947.131455774771,69.78,80.72,63.44,17.28,8.176551840476519,,17.28,0.11717615133958902,0.0,0.0,0.0,0.0,0.0,7360.636874999999,8340.91,6647.6775,1693.2325,769.6418925420636,8.176551840476519,0,0,5
2024-12-24 00:00:00+00:00,22783.25,24255.0,21022.5,3232.5,1448.165765143388,49.8575,57.94,41.4,16.54,6.943795191872138,,16.54,0.13927283140695262,0.0,0.0,0.0,0.0,0.0,9129.425000000001,9508.565,8691.04,817.5249999999996,352.2812221081341,6.943795191872138,1,0,0
2024-12-24 04:00:00+00:00,23080.375,27121.0,20253.0,6868.0,3115.823362959888,51.0125,72.01,37.52,34.49,16.3059526451743,,34.49,0.3196462170090526,0.0,0.0,0.0,0.0,0.0,10439.636875,11042.21,9830.62,1211.5899999999983,522.3295187960647,16.3059526451743,1,0,1
2024-12-24 08:00:00+00:00,31370.25,31949.0,30104.0,1845.0,856.5218911388082,75.8575,79.23,70.98,8.25,3.6931050621394443,,8.25,0.0486847716064917,735.4468750000001,1360.6175,83.9675,1276.65,569.3147828324525,11639.61125,11852.5,11318.5925,533.9074999999993,243.32608082656625,3.6931050621394443,1,0,2
2024-12-24 12:00:00+00:00,31689.125,32069.5,31546.5,523.0,253.84883132814858,72.6175,76.64,70.76,5.8799999999999955,2.7603668234493735,,5.8799999999999955,0.03801241881708093,715.188125,1314.22,101.2175,1213.0025,535.5196363866867,11252.545624999999,11719.925,10730.23,989.6949999999997,427.58813280799643,2.7603668234493735,1,0,3
2024-12-24 16:00:00+00:00,32913.125,34313.0,30840.5,3472.5,1521.135670861303,86.3025,91.66,80.6,11.060000000000002,4.73157038765496,,11.060000000000002,0.05482541511143898,0.059375,0.2375,0.0,0.2375,0.11875,10043.195625,10307.3,9842.195,465.10499999999956,196.7421347895832,4.73157038765496,1,0,4
2024-12-24 20:00:00+00:00,25505.875,28768.5,22277.5,6491.0,2798.667759696865,68.5425,76.38,61.2,15.179999999999993,6.529708390630223,,15.179999999999993,0.09526510399577219,0.0,0.0,0.0,0.0,0.0,9470.192500000001,9674.78,9235.725,439.0550000000003,181.669820851823,6.529708390630223,1,0,5
2024-12-25 00:00:00+00:00,20223.625,21600.0,18572.0,3028.0,1329.4818147809824,50.725,57.84,42.36,15.480000000000004,6.770251103171878,,15.480000000000004,0.1334697112503081,0.0,0.0,0.0,0.0,0.0,8811.89375,8895.105,8741.9875,153.1175000000003,71.25982828412768,6.770251103171878,2,0,0
2024-12-25 04:00:00+00:00,19130.375,21601.5,17856.0,3745.5,1759.3941843240623,51.89,71.58,39.47,32.11,14.816223090473049,,32.11,0.2855313758040672,0.0,0.0,0.0,0.0,0.0,8708.12875,8828.725,8604.905,223.8199999999997,97.06710783224526,14.816223090473049,2,0,1
2024-12-25 08:00:00+00:00,27018.0,28422.5,24652.5,3770.0,1669.2145358421333,89.36500000000001,91.68,83.7,7.980000000000004,3.7890148235832113,,7.980000000000004,0.042399315432028344,820.96625,1525.8575,86.6025,1439.255,639.3027343862609,8617.21625,8776.2025,8526.5675,249.63500000000022,112.33390721601674,3.7890148235832113,2,0,2
2024-12-25 12:00:00+00:00,28895.375,29702.0,27380.5,2321.5,1082.5124614371264,91.7575,93.62,88.23,5.390000000000001,2.5041349138308475,,5.390000000000001,0.02729079272899604,880.709375,1555.865,113.0975,1442.7675,643.2177048000382,8655.705625,8806.235,8450.195,356.0400000000009,157.03027550941476,2.5041349138308475,2,0,3
2024-12-25 16:00:00+00:00,25811.375,27000.0,24738.0,2262.0,1055.8962524004594,86.155,90.61,80.74,9.870000000000005,4.095302186652411,,9.870000000000005,0.04753412090595334,0.016875,0.0675,0.0,0.0675,0.03375,8025.8675,8308.825,7744.43,564.3950000000004,244.82360992150996,4.095302186652411,2,0,4
2024-12-25 20:00:00+00:00,22749.75,24313.0,20806.0,3507.0,1490.9076933197446,76.50999999999999,83.96,70.19,13.769999999999996,5.6613249332642965,,13.769999999999996,0.07399457500018684,0.0,0.0,0.0,0.0,0.0,7046.13,7602.265,6328.36,1273.9050000000007,570.768045487832,5.6613249332642965,2,0,5
2024-12-26 00:00:00+00:00,20023.875,20750.0,19049.0,1701.0,785.1331495357964,84.395,86.95,83.02,3.930000000000007,1.8461581730718577,,3.930000000000007,0.0218752079278613,0.0,0.0,0.0,0.0,0.0,5048.4475,5868.45,4302.13,1566.3199999999997,674.5456462130641,1.8461581730718577,3,0,0
2024-12-26 04:00:00+00:00,19936.25,21892.5,18528.0,3364.5,1542.4633166896813,93.9075,105.55,83.86,21.689999999999998,9.800899193441388,,21.689999999999998,0.10436758718357302,0.0,0.0,0.0,0.0,0.0,3435.45,3856.9225,3059.29,797.6325000000002,340.03868411672414,9.800899193441388,3,0,1
2024-12-26 08:00:00+00:00,26851.125,28951.0,23862.5,5088.5,2265.1337478906917,110.03,110.69,109.42,1.269999999999996,0.7000476174280301,,1.269999999999996,0.006362334067327365,648.591875,1214.865,70.45,1144.415,509.58701042844075,2838.623125,2892.0,2791.9725,100.02750000000015,50.5192348424093,0.7000476174280301,3,0,2
2024-12-26 12:00:00+00:00,29349.375,29548.5,29106.0,442.5,183.67833069435997,111.495,113.22,110.13,3.0900000000000034,1.392228429533035,,3.0900000000000034,0.01248691357938049,665.555625,1230.3075,81.61749999999999,1148.6899999999998,511.8864122674702,2729.50875,2929.3075,2532.455,396.85249999999996,178.24016018306128,1.392228429533035,3,0,3
2024-12-26 16:00:00+00:00,30707.625,31611.0,29718.0,1893.0,774.4535035537425,118.435,124.69,111.62,13.069999999999993,5.345630614498782,,13.069999999999993,0.04513556477813807,0.000625,0.0025,0.0,0.0025,0.00125,2627.025,2683.56,2560.415,123.14499999999998,54.571363522150016,5.345630614498782,3,0,4
2024-12-26 20:00:00+00:00,25720.5,28380.5,22949.5,5431.0,2339.1296102040465,103.5625,107.12,100.41,6.710000000000008,2.8611113807982615,,6.710000000000008,0.027626905306440692,0.0,0.0,0.0,0.0,0.0,2470.44375,2836.07,1910.935,925.1350000000002,418.5553978144152,2.8611113807982615,3,0,5
2024-12-27 00:00:00+00:00,22108.125,23000.0,20969.0,2031.0,909.4042349252609,99.19,102.67,96.04,6.6299999999999955,2.846834499346009,,6.6299999999999955,0.028700821648815524,0.0,0.0,0.0,0.0,0.0,1901.646875,1938.6,1882.7425,55.857499999999845,25.740672936602987,2.846834499346009,4,0,0
2024-12-27 04:00:00+00:00,22925.5,25995.0,20559.0,5436.0,2464.036086045279,102.64,110.4,95.3,15.100000000000009,6.965261421272483,,15.100000000000009,0.06786108165698053,0.0,0.0,0.0,0.0,0.0,2117.248125,2211.2175,2027.2825,183.93500000000017,76.97298390709882,6.965261421272483,4,0,1
2024-12-27 08:00:00+00:00,31223.875,32727.5,28471.0,4256.5,1958.5680302625858,110.72,112.07,108.71,3.3599999999999994,1.485619960375692,,3.3599999999999994,0.013417810335763091,601.855625,1135.365,70.92500000000001,1064.44,474.3194085141669,2544.993125,2741.795,2340.7775,401.0174999999999,170.4495993856518,1.485619960375692,4,0,2
2024-12-27 12:00:00+00:00,33355.75,33523.0,33127.5,395.5,167.0940354012275,111.9375,116.12,108.91,7.210000000000008,3.1286991439467853,,7.210000000000008,0.02795041111286912,642.1075,1135.37,99.405,1035.965,460.6121618789861,2890.4750000000004,2906.8625,2863.88,42.98250000000007,18.90744044461512,3.1286991439467853,4,0,3
2024-12-27 16:00:00+00:00,35003.25,35919.0,33634.5,2284.5,976.4616821292409,128.95749999999998,140.9,114.94,25.960000000000008,10.669559113040549,,25.960000000000008,0.0827370188863816,0.149375,0.5975,0.0,0.5975,0.29875,3281.47125,3597.445,2995.0725,602.3725,260.01400127765567,10.669559113040549,4,0,4
2024-12-27 20:00:00+00:00,28681.75,31988.0,25303.0,6685.0,2877.1565390155606,103.805,107.9,100.74,7.160000000000011,3.2697043699188932,,7.160000000000011,0.03149852482942912,0.0,0.0,0.0,0.0,0.0,3575.4025,3979.31,2996.85,982.46,427.3492827253056,3.2697043699188932,4,0,5
2024-12-28 00:00:00+00:00,23542.125,24800.0,22170.0,2630.0,1183.972013675436,97.8075,100.64,94.95,5.689999999999998,2.524339847696163,,5.689999999999998,0.02580926664822389,0.0,0.0,0.0,0.0,0.0,3246.379375,3384.4275,3083.635,300.79249999999956,129.18603974138372,2.524339847696163,5,1,0
2024-12-28 04:00:00+00:00,22487.375,25018.5,21152.0,3866.5,1813.2697618299007,100.445,106.38,94.3,12.079999999999998,5.341894170922271,,12.079999999999998,0.053182280560727456,0.0,0.0,0.0,0.0,0.0,3710.425,3929.9425,3512.145,417.7975000000001,176.5874119357511,5.341894170922271,5,1,1
2024-12-28 08:00:00+00:00,29953.625,31498.5,27326.5,4172.0,1860.974403146552,105.6675,107.88,103.6,4.280000000000001,1.839046401444694,,4.280000000000001,0.017404087363140898,644.43875,1275.9775,59.19,1216.7875,538.6065745533407,4625.006875,5209.72,4122.2725,1087.4475000000002,474.53017999989123,1.839046401444694,5,1,2
2024-12-28 12:00:00+00:00,31978.375,32191.0,31876.5,314.5,143.92264994317839,106.52000000000001,110.23,103.89,6.340000000000003,2.89415502925004,,6.340000000000003,0.027170062234792024,764.5362500000001,1336.9525,121.385,1215.5675,540.2165352603992,5709.970625,5946.74,5531.657499999999,415.08250000000044,175.07756793269996,2.89415502925004,5,1,3
2024-12-28 16:00:00+00:00,34095.875,35434.5,32661.0,2773.5,1136.5467709249797,115.4875,121.49,108.24,13.25,5.459043719675942,,13.25,0.047269563543032286,0.570625,2.2825,0.0,2.2825,1.14125,6641.6025,7114.09,6245.2,868.8900000000003,374.0234645379886,5.459043719675942,5,1,4
2024-12-28 20:00:00+00:00,27784.125,30792.0,24753.0,6039.0,2611.397275246849,96.72749999999999,102.74,91.68,11.059999999999988,5.2321912235697114,,11.059999999999988,0.05409207540326914,0.0,0.0,0.0,0.0,0.0,7697.276875,7799.74,7481.610000000001,318.1299999999992,145.95260003072576,5.2321912235697114,5,1,5
2024-12-29 00:00:00+00:00,22289.625,23700.0,20503.5,3196.5,1491.0406530898701,80.4125,89.68,71.15,18.53,7.979654858868685,,18.53,0.09923401036988887,0.0,0.0,0.0,0.0,0.0,8342.288125,8809.0875,7960.635,848.4524999999994,367.7445937591231,7.979654858868685,6,1,0
2024-12-29 04:00:00+00:00,20233.375,21845.0,19372.0,2473.0,1107.9813006093555,64.1325,66.82,61.38,5.439999999999991,2.225778889887012,,5.439999999999991,0.03470594300685316,0.0,0.0,0.0,0.0,0.0,10006.123125,10854.5125,9235.86,1618.6525000000001,699.2377301073851,2.225778889887012,6,1,1
2024-12-29 08:00:00+00:00,26438.625,27552.0,24011.0,3541.0,1663.3704425553155,73.4525,76.32,70.56,5.759999999999991,2.4012132350126656,,5.759999999999991,0.03269069446258008,1275.7325,2310.4425,137.985,2172.4575,967.1551623123872,12086.575625,12626.555,11426.1425,1200.4125000000004,522.532887188193,2.4012132350126656,6,1,2
2024-12-29 12:00:00+00:00,29128.125,30217.0,28284.5,1932.5,801.5913729367765,77.9725,87.64,70.4,17.239999999999995,7.733569141519762,,17.239999999999995,0.0991832907950849,1407.1599999999999,2330.99,291.1675,2039.8224999999998,902.9049571037365,13193.746875,13326.0925,12957.2,368.8924999999999,164.22749190496722,7.733569141519762,6,1,3
2024-12-29 16:00:00+00:00,32403.75,33199.0,31225.0,1974.0,836.6636620131965,99.825,106.6,90.67,15.929999999999993,6.667165814647179,,15.929999999999993,0.066788538088126,0.574375,2.2975,0.0,2.2975,1.14875,13355.930624999999,13469.6475,13179.955,289.6924999999992,133.13536938293024,6.667165814647179,6,1,4
2024-12-29 20:00:00+00:00,25830.875,29385.5,22213.0,7172.5,3087.565555984196,66.22,82.62,50.55,32.07000000000001,13.905607981434445,,32.07000000000001,0.2099910598223263,0.0,0.0,0.0,0.0,0.0,13189.594375,13509.295,12920.525,588.7700000000004,260.0900750571407,13.905607981434445,6,1,5
2024-12-30 00:00:00+00:00,20553.25,21900.0,19189.0,2711.0,1185.741504994519,40.192499999999995,47.37,30.83,16.54,7.401379938903286,,16.54,0.18414828485173318,0.0,0.0,0.0,0.0,0.0,13036.823125,13252.2175,12873.965,378.2525000000005,173.7843544498832,7.401379938903286,0,0,0
2024-12-30 04:00:00+00:00,21312.5,24693.0,18725.0,5968.0,2686.2575577681796,44.730000000000004,67.17,29.54,37.63,16.82144464664079,,37.63,0.37606627870871423,0.0,0.0,0.0,0.0,0.0,13260.563125,13706.735,12952.63,754.1050000000014,335.4844095568816,16.82144464664079,0,0,1
2024-12-30 08:00:00+00:00,28972.75,29577.5,27318.0,2259.5,1103.8452865626894,84.935,89.28,82.55,6.730000000000004,3.0504699091560736,,6.730000000000004,0.03591534596051187,1151.77875,2092.135,141.605,1950.5300000000002,866.4274718552136,14313.685625,14478.175,14112.2425,365.932499999999,151.2397114183156,3.0504699091560736,0,0,2
2024-12-30 12:00:00+00:00,30251.875,31403.0,29645.5,1757.5,795.390928516705,90.44,98.48,83.16,15.320000000000007,6.749222177406818,,15.320000000000007,0.07462651677804975,1237.9950000000001,2116.23,210.5275,1905.7025,847.7810736146251,14399.496875,14625.48,14078.18,547.2999999999993,248.9472846924212,6.749222177406818,0,0,3
2024-12-30 16:00:00+00:00,34225.25,35437.5,32843.5,2594.0,1072.4751356869156,110.7675,116.09,104.88,11.210000000000008,4.817719896382523,,11.210000000000008,0.043493984213623334,0.510625,2.0425,0.0,2.0425,1.02125,13518.281875,13774.4925,13348.2375,426.255000000001,181.13870413276095,4.817719896382523,0,0,4
2024-12-30 20:00:00+00:00,26846.0,31022.5,22563.5,8459.0,3665.9981132928406,83.43,99.57,69.13,30.439999999999998,14.406250958062147,,30.439999999999998,0.17267470883449781,0.0,0.0,0.0,0.0,0.0,14108.731875000001,14261.6625,13834.225,427.4375,198.00582922158975,14.406250958062147,0,0,5
