,demand_National Demand Forecast (NDF) - GB (MW)_mean,demand_National Demand Forecast (NDF) - GB (MW)_max,demand_National Demand Forecast (NDF) - GB (MW)_min,demand_National Demand Forecast (NDF) - GB (MW)_spread,demand_National Demand Forecast (NDF) - GB (MW)_std,price_Price average forecast ECMWF ENS United Kingdom day-ahead (£/MWh)_mean,price_Price average forecast ECMWF ENS United Kingdom day-ahead (£/MWh)_max,price_Price average forecast ECMWF ENS United Kingdom day-ahead (£/MWh)_min,price_Price average forecast ECMWF ENS United Kingdom day-ahead (£/MWh)_spread,price_Price average forecast ECMWF ENS United Kingdom day-ahead (£/MWh)_std,price_Price average forecast ECMWF ENS United Kingdom day-ahead (£/MWh)_rolling_std_7d,price_Price average forecast ECMWF ENS United Kingdom day-ahead (£/MWh)_price_range,price_Price average forecast ECMWF ENS United Kingdom day-ahead (£/MWh)_cv,solar_solar_fc_meteo_mw_mean,solar_solar_fc_meteo_mw_max,solar_solar_fc_meteo_mw_min,solar_solar_fc_meteo_mw_spread,solar_solar_fc_meteo_mw_std,wind_wind_fc_meteo_mw_mean,wind_wind_fc_meteo_mw_max,wind_wind_fc_meteo_mw_min,wind_wind_fc_meteo_mw_spread,wind_wind_fc_meteo_mw_std,price_intraday_volatility,day_of_week,is_weekend,month
2023-12-31,23600.0,23600.0,23600.0,0.0,,45.38,45.38,45.38,0.0,,,0.0,,0.0,0.0,0.0,0.0,,10954.3675,10954.3675,10954.3675,0.0,,,6,1,12
2024-01-01,23600.0,23600.0,23600.0,0.0,0.0,53.36000000000001,97.65,14.09,83.56,27.126803686775737,28.99174586966829,83.56,0.5083733824358272,424.535625,2314.4700000000003,0.0,2314.4700000000003,775.7072708531767,10820.544375,14492.3425,7071.72,7420.6225,2161.5756170395775,,0,0,1
2024-01-02,23600.0,23600.0,23600.0,0.0,0.0,57.961666666666666,96.5,1.3,95.2,33.18064255827048,20.43645330798676,95.2,0.5724583930460445,77.7228125,392.485,0.0,392.485,132.22796609683076,11031.825104166666,14432.6225,7944.905,6487.7175,2121.354304290617,,1,0,1
2024-01-03,23600.0,23600.0,23600.0,0.0,0.0,73.785,105.11,38.74,66.37,20.469069985882516,17.042843491791942,66.37,0.2774150570696282,336.74354166666666,1833.65,0.0,1833.65,605.4358774891373,8389.120416666667,11471.035,7042.4,4428.635,1310.2725264254202,,2,0,1
2024-01-04,23600.0,23600.0,23600.0,0.0,0.0,86.49874999999999,123.19,56.33,66.86,19.46213610701112,18.30585334439962,66.86,0.22499904457591732,345.8905208333333,1869.9075,0.0,1869.9075,625.2177917386152,5309.7003125,7344.4675,2913.9825,4430.485,1779.536350731456,,3,0,1
2024-01-05,23600.0,23600.0,23600.0,0.0,0.0,86.54,110.67,62.73,47.940000000000005,15.4114071247637,15.334123633877738,47.940000000000005,0.17808420527806448,395.66687500000006,2047.8175,0.0,2047.8175,702.1146020556054,6001.0955208333335,6919.505,5057.1375,1862.3675000000003,527.9105186544087,,4,0,1
2024-01-06,23600.0,23600.0,23600.0,0.0,0.0,79.10041666666667,98.01,60.42,37.59,10.805790508541838,10.323677362534834,37.59,0.1366085156552083,421.61177083333337,2155.48,0.0,2155.48,749.0436221346433,5445.787604166667,5741.605,4977.594999999999,764.0100000000002,212.07011251214212,,5,1,1
2024-01-07,23600.0,23600.0,23600.0,0.0,0.0,80.33291666666666,113.25,61.71,51.54,13.88491188591811,14.419576309738806,51.54,0.1728421232797031,473.43885416666666,2447.1825,0.0,2447.1825,837.2005256105596,4746.988541666667,5727.6875,3832.6925,1894.995,717.0081046320936,,6,1,1
2024-01-08,23600.0,23600.0,23600.0,0.0,0.0,87.54458333333334,105.94,65.94,40.0,13.88867821023787,15.248354790256025,40.0,0.1586469165928355,416.0352083333334,2196.0875,0.0,2196.0875,742.4322374462273,7701.508333333334,10956.84,3907.52,7049.32,2079.596060216835,,0,0,1
2024-01-09,23600.0,23600.0,23600.0,0.0,0.0,82.80624999999999,108.23,59.66,48.57000000000001,14.866870028910652,14.658184776853535,48.57000000000001,0.17953801831275598,662.9236458333334,3470.0075,0.0,3470.0075,1173.5203360316686,9789.139375,10816.1775,8533.4975,2282.6800000000003,590.3124206388198,,1,0,1
2024-01-10,23600.0,23600.0,23600.0,0.0,0.0,89.95583333333333,112.71,64.33,48.379999999999995,16.211860906693317,14.606229264712145,48.379999999999995,0.18022022926095194,608.2204166666667,3096.7625,0.0,3096.7625,1068.5216424383073,6694.182916666668,8827.397500000001,5141.355,3686.0425000000014,890.5026924768474,,2,0,1
2024-01-11,23600.0,23600.0,23600.0,0.0,0.0,91.67166666666667,113.06,71.82,41.24000000000001,14.41350081684188,15.018452935353535,41.24000000000001,0.15722961456838952,536.1117708333333,2847.0125,0.0,2847.0125,953.5086658980356,5792.885416666667,7223.94,4456.860000000001,2767.079999999999,1164.4275020338337,,3,0,1
2024-01-12,23600.0,23600.0,23600.0,0.0,0.0,96.73458333333333,125.58,66.63,58.95,20.888497766696272,19.54421885049876,58.95,0.21593619413976847,256.25072916666664,1412.4075,0.0,1412.4075,464.5484121718074,4862.809583333334,7055.4125,3450.2625,3605.1500000000005,1208.8476063315488,,4,0,1
2024-01-13,23600.0,23600.0,23600.0,0.0,0.0,78.78666666666668,102.56,58.46,44.1,12.254052272674924,12.504864006038753,44.1,0.1555345947623318,514.9502083333333,2692.3975,0.0,2692.3975,919.1431835363079,6874.022708333334,7564.6325,6094.195,1470.4375,417.1299466025807,,5,1,1
2024-01-14,23600.0,23600.0,23600.0,0.0,0.0,73.4275,93.93,54.24,39.690000000000005,9.48748752648547,15.70406953626989,39.690000000000005,0.12920891391488845,521.7435416666666,2695.1775,0.0,2695.1775,926.893544142944,9324.647291666666,13425.69,6007.1,7418.59,2741.920796797632,,6,1,1
2024-01-15,23600.0,23600.0,23600.0,0.0,0.0,72.77583333333332,103.35,36.47,66.88,20.367926174912032,12.63381271863427,66.88,0.2798721119636148,1021.5505208333334,5060.215,0.0,5060.215,1771.3361683696423,12429.491145833332,14161.995,7548.87,6613.125000000001,2040.980362538401,,0,0,1
2024-01-16,23600.0,23600.0,23600.0,0.0,0.0,88.71208333333334,111.61,68.21,43.400000000000006,14.413331081409284,16.389399012776526,43.400000000000006,0.16247314390365028,847.8044791666666,4274.91,0.0,4274.91,1480.764745593248,8193.145416666666,11187.935,5917.7775,5270.157499999999,2078.8144880389864,,1,0,1
2024-01-17,23600.0,23600.0,23600.0,0.0,0.0,96.49624999999999,126.56,66.34,60.22,20.4527741952677,18.620094368335334,60.22,0.2119540831407201,800.8015624999999,3884.25,0.0,3884.25,1367.7473276482863,6252.213958333334,10197.36,4287.19,5910.170000000001,1571.244385714939,,2,0,1
2024-01-18,23600.0,23600.0,23600.0,0.0,0.0,85.015,107.11,66.05,41.06,13.414370619989402,16.42129482743441,41.06,0.15778827995047226,1162.8878124999999,5581.595,0.0,5581.595,1973.4064704357738,9594.273333333333,12209.305,7274.905,4934.400000000001,1644.4411740803282,,3,0,1
2024-01-19,23600.0,23600.0,23600.0,0.0,0.0,73.62833333333333,97.54,56.85,40.690000000000005,12.447386897646838,15.61974361109012,40.690000000000005,0.1690570237587003,1089.8480208333333,5351.5775,0.0,5351.5775,1865.3732668194489,12287.51,14256.175,10538.1525,3718.022499999999,1246.2481815572605,,4,0,1
2024-01-20,23600.0,23600.0,23600.0,0.0,0.0,58.27291666666667,83.53,30.09,53.44,14.712583930288964,17.17184600554334,53.44,0.25247721878154883,397.5836458333333,1958.64,0.0,1958.64,678.660500606261,15098.860729166665,15654.955,14092.0175,1562.9375,544.0510047912694,,5,1,1
2024-01-21,23600.0,23600.0,23600.0,0.0,0.0,51.48791666666667,81.96,24.27,57.69,18.744045542440976,21.85135802688354,57.69,0.3640474650351485,349.1958333333334,1772.46,0.0,1772.46,606.357999555842,15012.300520833334,15775.22,13940.685,1834.5349999999999,574.086661790397,,6,1,1
2024-01-22,23600.0,23600.0,23600.0,0.0,0.0,52.83541666666667,87.18,4.37,82.81,26.598474290858285,19.837748888227722,82.81,0.503421302772445,835.3255208333334,4157.355,0.0,4157.355,1438.3809650714513,15399.857916666668,15848.02,14685.485,1162.5349999999999,403.0058012958129,,0,0,1
2024-01-23,23600.0,23600.0,23600.0,0.0,0.0,62.17875,85.64,26.61,59.03,20.802809449164812,22.00283596439765,59.03,0.3345646132989939,77.78854166666667,347.61,0.0,347.61,124.40625885738021,14824.803437499999,15735.895,12868.605,2867.290000000001,976.381417953783,,1,0,1
2024-01-24,23600.0,23600.0,23600.0,0.0,0.0,56.94916666666666,89.44,8.98,80.46,25.577639167099036,8.564099207628095,80.46,0.4491310525544542,740.4032291666667,3699.965,0.0,3699.965,1279.020679336487,13695.8803125,15433.37,7289.875,8143.495000000001,2474.6199280332303,,2,0,1
2024-01-25,23600.0,23600.0,23600.0,0.0,0.0,71.94166666666666,91.91,27.58,64.33,14.532420028476254,22.815134909800147,64.33,0.20200282675977657,241.17989583333335,1310.155,0.0,1310.155,429.3923456925971,10951.375104166667,15247.985,4953.5975,10294.3875,4062.4288269043977,,3,0,1
2024-01-26,23600.0,23600.0,23600.0,0.0,0.0,52.442499999999995,87.21,5.86,81.35,25.27419929493316,12.564662085919112,81.35,0.4819411602218271,1210.7461458333335,5707.1,0.0,5707.1,2033.7426479361218,14294.861666666666,15263.755,12782.9675,2480.7874999999985,1020.6572958722284,,4,0,1
2024-01-27,23600.0,23600.0,23600.0,0.0,0.0,63.52333333333333,86.88,43.9,42.98,11.749020927448516,13.078514186761941,42.98,0.18495598878283856,677.0278125,3345.585,0.0,3345.585,1158.6479700008654,11809.498749999999,12995.055,10394.025,2601.0300000000007,688.9179995021492,,5,1,1
2024-01-28,23600.0,23600.0,23600.0,0.0,0.0,54.21875,81.86,29.08,52.78,14.342588848994607,11.25989638791882,52.78,0.2645318980794394,735.6531249999999,3717.3525,0.0,3717.3525,1267.35921027254,13738.990208333335,14551.605,11748.645,2802.959999999999,688.6891893303524,,6,1,1
2024-01-29,23600.0,23600.0,23600.0,0.0,0.0,83.74875,104.38,57.09,47.28999999999999,17.607728617434372,16.65797292304081,47.28999999999999,0.2102446737107643,255.42135416666667,1300.685,0.0,1300.685,437.716353154034,6083.424895833334,10801.4975,3772.92,7028.577499999999,2326.644957371381,,0,0,1
2024-01-30,23600.0,23600.0,23600.0,0.0,0.0,76.29875,106.78,54.55,52.230000000000004,14.185374682795807,15.873631024588033,52.230000000000004,0.18591883461781236,639.8421875,2950.0725,0.0,2950.0725,1054.640920599465,8093.979479166667,9690.8725,6455.1425,3235.7299999999996,1062.329582120265,,1,0,1
2024-01-31,23600.0,23600.0,23600.0,0.0,0.0,66.53166666666667,82.12,47.81,34.31,9.275884894699272,13.810618930304871,34.31,0.13942060013576402,587.9459375,2966.045,0.0,2966.045,1015.3676657649071,13168.337291666665,15460.27,7914.99,7545.280000000001,2542.4275107683825,,2,0,1
2024-02-01,23600.0,23600.0,23600.0,0.0,0.0,65.75291666666666,92.99,41.16,51.83,15.132952377012478,16.73838943723026,51.83,0.2301487621260777,935.9585416666667,4318.265,0.0,4318.265,1560.3516573631164,11135.4759375,13721.5075,8756.2675,4965.24,1661.437115999935,,3,0,2
2024-02-02,23600.0,23600.0,23600.0,0.0,0.0,56.94166666666666,78.61,29.94,48.67,15.091408055627191,15.902787865803976,48.67,0.26503277720990237,451.56541666666664,2245.8625,0.0,2245.8625,763.2426621265588,14687.996249999998,15106.5575,13906.845,1199.7125000000015,384.9240645208894,,4,0,2
2024-02-03,23600.0,23600.0,23600.0,0.0,0.0,48.92124999999999,75.33,15.46,59.87,17.984613305847574,14.599494283478904,59.87,0.36762374849063684,471.1795833333333,2351.7475,0.0,2351.7475,801.388907435515,13823.97625,14329.0675,13311.7425,1017.3249999999989,331.3516354645018,,5,1,2
2024-02-04,23600.0,23600.0,23600.0,0.0,0.0,44.498333333333335,74.46,9.4,65.05999999999999,20.023704141247986,17.98502512012226,65.05999999999999,0.4499877330517545,327.165625,1569.32,0.0,1569.32,540.7246535926148,14495.194479166666,15361.3575,13494.865,1866.4925000000003,621.4654504860384,,6,1,2
2024-02-05,23600.0,23600.0,23600.0,0.0,0.0,48.084583333333335,79.04,8.71,70.33000000000001,22.256533379655288,21.02841546914217,70.33000000000001,0.4628621449284047,449.21458333333334,1991.8775,0.0,1991.8775,729.5863508853414,14173.430208333333,14876.11,13491.2075,1384.9025000000001,473.0439063653729,,0,0,2
2024-02-06,23600.0,23600.0,23600.0,0.0,0.0,56.107499999999995,87.0,7.83,79.17,25.9498481607353,9.599985863084788,79.17,0.46250230647837287,305.60041666666666,1415.5775,0.0,1415.5775,505.3564296008801,12039.5765625,14408.7775,5735.8075,8672.970000000001,2830.2364657905637,,1,0,2
2024-02-07,23600.0,23600.0,23600.0,0.0,0.0,82.10791666666667,115.1,59.99,55.10999999999999,15.16708019224435,16.8648465044615,55.10999999999999,0.18472128885961286,859.815,4036.225,0.0,4036.225,1414.2822828562503,2635.7665625,5159.2225,1324.255,3834.9674999999997,886.3083516654702,,2,0,2
2024-02-08,23600.0,23600.0,23600.0,0.0,0.0,73.12333333333333,85.54,48.13,37.410000000000004,8.990358926271428,13.809352938187523,37.410000000000004,0.12294788156454527,261.2285416666667,1195.8925,0.0,1195.8925,422.1538669900213,9327.193125,14078.3025,1239.905,12838.3975,4909.035790911006,,3,0,2
2024-02-09,31030.145833333332,38779.0,21662.5,17116.5,5902.583585911982,60.75666666666667,81.75,30.13,51.620000000000005,15.737310600211721,9.424868573038431,51.620000000000005,0.25902195534446243,467.64354166666664,2152.455,0.0,2152.455,755.5507223675081,12631.587395833334,14108.765,9778.0025,4330.762499999999,1227.1819393512221,,4,0,2
2024-02-10,28702.625,36080.5,21621.5,14459.0,4389.245362617687,71.1825,91.5,56.63,34.87,9.82032685633311,9.85991355124855,34.87,0.13795984766386557,1031.4051041666667,4652.9075,0.0,4652.9075,1658.0551787326017,4273.71125,8940.035,2519.61,6420.424999999999,1925.326155676786,,5,1,2
2024-02-11,28092.8125,36211.0,21601.0,14610.0,4464.491613329467,70.29208333333334,86.42,57.0,29.42,6.403192803571524,11.400596475623537,29.42,0.09109408200645909,824.7507291666667,3524.05,0.0,3524.05,1297.1230377346628,5270.6959375,9467.535,2496.3925,6971.1425,2709.7797028375244,,6,1,2
2024-02-12,29591.291666666668,38134.5,21628.0,16506.5,5079.4868191594405,65.54833333333333,84.14,44.8,39.34,10.746204857556911,14.803125635197079,39.34,0.16394322038531733,1548.2067708333334,6741.7875,0.0,6741.7875,2445.0244250611013,10591.391145833333,13785.3,8206.3,5579.0,2009.7262315529044,,0,0,2
2024-02-13,31412.875,39784.0,21819.5,17964.5,6029.976173884,66.09875,89.85,35.97,53.879999999999995,15.98913063207519,11.65400993731544,53.879999999999995,0.2418976248730149,475.0136458333334,2216.8050000000003,0.0,2216.8050000000003,762.6126821293715,10339.167291666667,13649.74,7438.245,6211.495,1778.4306815685902,,1,0,2
2024-02-14,30920.1875,38070.5,21849.5,16221.0,5525.556454001597,69.03583333333333,84.39,55.53,28.86,8.73952785346264,10.3032660101635,28.86,0.12659408066046818,358.84291666666667,1526.575,0.0,1526.575,563.2263630278695,8273.7125,9003.35,7466.94,1536.4100000000008,552.2925210582225,,2,0,2
2024-02-15,29624.083333333332,37568.5,21279.0,16289.5,5216.873842485152,67.31458333333333,89.7,47.54,42.160000000000004,11.876944775915437,11.667055367674427,42.160000000000004,0.17643940120823895,571.8005208333333,2731.6525,0.0,2731.6525,947.9371833039392,8682.661041666666,10422.0675,6865.8775000000005,3556.1899999999987,1454.8913768005298,,3,0,2
2024-02-16,28838.229166666668,36043.0,21545.5,14497.5,4426.227039352469,68.95875,88.83,56.41,32.42,8.94078700577352,9.689852817202528,32.42,0.12965413389560465,1063.6835416666665,4434.9875,0.0,4434.9875,1640.5140012431946,4927.929375000001,6429.24,2151.0950000000003,4278.1449999999995,1279.346975249706,,4,0,2
2024-02-17,26281.041666666668,32201.5,20936.0,11265.5,3298.1230034694718,63.44875,73.84,42.92,30.92,8.023701472891855,12.562608161107457,30.92,0.1264595673341375,499.4298958333334,2250.4425,0.0,2250.4425,793.6317086979349,7131.55375,12771.81,1999.7775,10772.0325,4147.533365618537,,5,1,2
2024-02-18,25684.5,34180.0,19246.0,14934.0,4616.213574009501,55.92625,79.7,35.4,44.300000000000004,12.796643857736262,9.510395815707648,44.300000000000004,0.22881283579242767,810.9814583333333,3635.0575,0.0,3635.0575,1283.9910574772225,8514.021458333333,12424.4225,7042.64,5381.7825,1651.80889626259,,6,1,2
2024-02-19,28047.166666666668,37512.0,19135.5,18376.5,5539.951031149665,58.291666666666664,85.54,39.13,46.410000000000004,13.141028570247384,11.155369409690875,46.410000000000004,0.2254358010621424,1244.4776041666667,5613.5575,0.0,5613.5575,1984.6142579723141,11006.692291666666,13077.9425,9529.15,3548.7924999999996,1255.8732028985448,,0,0,2
2024-02-20,28658.291666666668,37089.0,19994.5,17094.5,5150.71318176397,58.74041666666667,75.76,43.49,32.27,8.800041738619727,8.032178735442503,32.27,0.1498123819678908,556.2531250000001,2532.9025,0.0,2532.9025,875.414741252263,11927.596875000001,14554.415,8780.79,5773.625,2115.3810460203367,,1,0,2
2024-02-21,29163.0,37415.0,19538.5,17876.5,5782.162379474369,57.30041666666667,77.12,33.99,43.13,11.131463234089404,11.301098766639171,43.13,0.19426496143726818,301.69322916666664,1399.395,0.0,1399.395,478.8949331667233,12608.338958333334,15129.895,7911.8675,7218.0275,2455.835102596368,,2,0,2
2024-02-22,30325.1875,38222.0,20013.0,18209.0,6147.957164804561,57.83541666666667,79.22,30.14,49.08,14.780316222764911,11.655531897323447,49.08,0.2555582214951607,552.37,2123.97,0.0,2123.97,805.952033190103,11491.906979166668,12712.175,9114.9675,3597.2074999999986,1196.4387242687687,,3,0,2
2024-02-23,30897.416666666668,39220.5,22202.0,17018.5,5265.684733265459,62.35333333333333,87.5,41.22,46.28,13.429314679224069,8.73639868050685,46.28,0.21537444690298418,1234.6759375,4851.6025,0.0,4851.6025,1826.513855495867,8388.938645833334,12438.215,2430.37,10007.845000000001,3392.9672906714395,,4,0,2
2024-02-24,29156.895833333332,36915.0,23507.5,13407.5,3691.854512122267,70.53333333333333,87.91,61.69,26.22,7.203736148190994,8.754750819113104,26.22,0.10213236504996684,1620.4317708333335,6353.975,0.0,6353.975,2375.811496153847,1242.513125,2095.0125,745.65,1349.3624999999997,322.02681462432975,,5,1,2
2024-02-25,28356.3125,36603.0,22423.0,14180.0,4291.861904187921,66.53125,84.22,52.98,31.240000000000002,6.987263762826214,12.010027358122759,31.240000000000002,0.10502228295464483,851.8829166666666,3689.23,0.0,3689.23,1307.8101096596858,3786.7258333333334,10337.6775,740.525,9597.1525,3331.5289558586787,,6,1,2
2024-02-26,30647.104166666668,40456.0,21390.5,19065.5,5879.3373628015315,61.895833333333336,84.23,41.66,42.57000000000001,12.110720337843222,10.349224493605687,42.57000000000001,0.19566293376522192,1165.4647916666668,4694.0650000000005,0.0,4694.0650000000005,1723.6118632062382,9182.81,11252.305,6283.7825,4968.5225,1781.2033703234529,,0,0,2
2024-02-27,32268.8125,40476.5,23252.5,17224.0,5489.621448524281,65.15666666666667,80.6,55.96,24.639999999999993,7.034577745534627,9.064209576024542,24.639999999999993,0.10796405195991135,732.4032291666667,3058.655,0.0,3058.655,1080.8522708353003,8375.898229166667,10281.79,6231.965,4049.8250000000007,1542.2995983798864,,1,0,2
2024-02-28,31318.416666666668,38063.0,23220.0,14843.0,5235.0807428403605,61.09791666666666,80.02,27.35,52.669999999999995,11.250551669243551,16.590696187924117,52.669999999999995,0.18413969383970077,425.7838541666667,1745.78,0.0,1745.78,641.7721161502137,9701.33625,15161.62,4526.1875,10635.4325,4107.772349307044,,2,0,2
2024-02-29,30640.729166666668,39039.5,20728.0,18311.5,6139.682106519226,54.00541666666666,82.44,16.42,66.02,20.285064323325404,9.790328074662463,66.02,0.375611662225093,531.7134374999999,2026.975,0.0,2026.975,754.6056116078165,9429.186666666666,14943.87,4071.0575,10872.8125,3609.3965410205074,,3,0,2
2024-03-01,31056.625,38659.5,22716.0,15943.5,4895.88396390718,60.59791666666666,80.17,50.74,29.43,8.232596388570341,9.241581497310332,29.43,0.13585609607432061,1199.1121875000001,4881.795,0.0,4881.795,1765.7547344731374,7725.077708333333,10308.235,4205.85,6102.385,1812.2766856547846,,4,0,3
2024-03-02,28981.145833333332,36148.0,22862.5,13285.5,3770.8120636160465,61.87166666666667,80.1,53.26,26.839999999999996,7.2737997167120705,7.181955231855831,26.839999999999996,0.11756269240167123,913.4871875,3562.73,0.0,3562.73,1307.6555690371474,6227.39,7185.985,4317.455,2868.5299999999997,787.7100985682569,,5,1,3
2024-03-03,28554.770833333332,38126.0,22884.0,15242.0,4491.574377749013,65.31833333333334,87.87,58.05,29.820000000000007,8.233792335970351,9.530480425605907,29.820000000000007,0.12605637522855273,1453.2429166666668,5700.4675,0.0,5700.4675,2106.3274478949843,2176.388645833333,3977.8775,1287.59,2690.2875000000004,780.0374743164795,,6,1,3
2024-03-04,30823.270833333332,38336.5,23801.5,14535.0,4600.585021823353,67.55833333333334,89.04,47.55,41.49000000000001,9.645659833478915,13.10493890903441,41.49000000000001,0.14277527815683597,1220.5333333333333,5043.99,0.0,5043.99,1813.7087876424807,5615.6571875,12878.345,1001.275,11877.07,4288.49180270907,,0,0,3
2024-03-05,31278.625,39974.0,22582.0,17392.0,5478.2926970909475,64.33541666666666,89.64,45.86,43.78,12.092680495157847,10.973358430220674,43.78,0.1879630399817288,1623.9990625,6257.235000000001,0.0,6257.235000000001,2329.9250193736193,5985.980625,12071.9375,2911.3275000000003,9160.61,2681.126305180246,,1,0,3
2024-03-06,31193.645833333332,38709.0,23775.0,14934.0,4603.156356805541,67.47541666666667,85.68,58.9,26.78000000000001,8.506412915465942,11.073686528583586,26.78000000000001,0.1260668453147644,1331.6245833333332,5188.5675,0.0,5188.5675,1903.23156502712,4892.318958333333,6684.795,3043.345,3641.4500000000003,1199.694318837755,,2,0,3
2024-03-07,30297.395833333332,38345.0,23086.5,15258.5,4776.511112997705,61.83791666666667,75.41,51.89,23.519999999999996,7.52537503278461,9.870738622432512,23.519999999999996,0.12169515789721154,1287.3310416666666,4779.0125,0.0,4779.0125,1796.3654527278968,8667.472395833332,12869.285,5472.005,7397.28,2691.569924942836,,3,0,3
2024-03-08,28334.5,35705.0,21952.5,13752.5,4037.1446808249325,48.67166666666666,71.37,27.49,43.88000000000001,12.75492084636755,11.598005370382813,43.88000000000001,0.2620604906283783,1598.1479166666668,5982.27,0.0,5982.27,2257.9981491583503,13660.228229166665,14977.2,11076.0825,3901.1175000000003,1362.77030562099,,4,0,3
2024-03-09,25878.9375,33454.5,20060.0,13394.5,3683.248003409432,45.138749999999995,72.31,22.61,49.7,13.320134583632663,11.028012815855188,49.7,0.2950931202931554,1145.7154166666667,4500.3225,0.0,4500.3225,1670.2638005634453,13587.239270833334,14043.74,12746.99,1296.75,387.1697741073364,,5,1,3
2024-03-10,26965.625,35101.0,19616.0,15485.0,4907.038600981425,52.61000000000001,79.0,22.97,56.03,16.48829360749488,7.461665842347632,56.03,0.3134060750331663,638.9851041666667,2369.87,0.0,2369.87,900.2061783662332,11214.782083333334,12701.23,7938.5225,4762.7074999999995,1462.1753404774556,,6,1,3
2024-03-11,31744.3125,39909.0,21695.5,18213.5,6281.890052074986,71.77166666666666,94.3,54.28,40.019999999999996,11.090413669576032,11.698791553383819,40.019999999999996,0.15452356319219787,704.6389583333333,2690.695,0.0,2690.695,999.5460835192938,4692.960520833333,7594.695,2503.2,5091.495,1592.4485243468791,,0,0,3
2024-03-12,31372.1875,38499.0,22709.5,15789.5,5551.22934839956,69.03458333333333,81.55,47.27,34.279999999999994,8.724866501615624,12.926392897221286,34.279999999999994,0.12638399596746497,417.70812500000005,1432.5675,0.0,1432.5675,562.8663919111451,6891.584791666667,12547.38,2249.85,10297.529999999999,3513.8904340906006,,1,0,3
2024-03-13,28206.375,35720.0,19479.5,16240.5,5321.079151029583,54.30041666666667,76.68,25.7,50.980000000000004,14.820640858984966,9.504617674733518,50.980000000000004,0.2729378846200068,810.7272916666667,3132.2925,0.0,3132.2925,1144.4210196398146,12831.808854166666,13906.755,10287.635,3619.119999999999,996.4059967949332,,2,0,3
2024-03-14,28539.25,35475.0,21019.0,14456.0,4726.3409139399355,59.27916666666667,76.11,43.61,32.5,9.443284670193885,10.979766022314044,32.5,0.15930191332301485,896.6090625,3598.6425,0.0,3598.6425,1293.9153970324396,10334.951145833333,11834.605,9562.495,2272.1099999999988,737.3618346492245,,3,0,3
2024-03-15,27611.666666666668,34914.5,20332.0,14582.5,4453.80857700235,56.638749999999995,76.64,35.62,41.02,11.865124016831116,6.7330676515240775,41.02,0.20948774499492165,1202.8426041666667,4677.255,0.0,4677.255,1701.7183346052843,9962.123333333333,11806.79,6371.5275,5435.262500000001,1887.7366718967282,,4,0,3
2024-03-16,26175.770833333332,32637.0,21601.5,11035.5,3114.994615736734,63.50625,75.29,53.12,22.17000000000001,5.9979400902382265,8.844176722836439,22.17000000000001,0.09444645354178885,1421.9801041666667,5622.4675,0.0,5622.4675,2050.274846430786,5217.0775,10521.825,1372.1425,9149.6825,2966.168543010788,,5,1,3
2024-03-17,25462.083333333332,33556.5,19563.5,13993.0,4080.6331581035915,59.89791666666667,78.36,46.67,31.689999999999998,8.64792308776414,7.567828524182421,31.689999999999998,0.14437769406722503,1070.5887500000001,4222.530000000001,0.0,4222.530000000001,1544.953177382697,6807.365104166667,10254.29,4840.85,5413.4400000000005,1496.7830249483834,,6,1,3
2024-03-18,27699.4375,35067.0,21106.0,13961.0,4416.49638414222,63.830000000000005,77.5,46.07,31.43,8.330297244031156,12.094075290937164,31.43,0.1305075551313043,1650.6327083333333,6252.9575,0.0,6252.9575,2296.02638376123,6877.962395833333,12468.6,3913.705,8554.895,2526.8370645613504,,0,0,3
2024-03-19,27682.958333333332,36673.5,18762.5,17911.0,5540.526405136475,61.225,88.19,36.21,51.98,15.106884983776224,9.10036027544276,51.98,0.24674373187057935,1418.7119791666667,5325.33,0.0,5325.33,1972.646424259693,7691.458854166667,12616.125,1128.4375,11487.6875,4635.328506693069,,1,0,3
2024-03-20,29530.9375,36102.5,21660.5,14442.0,4677.252080926642,76.87125,95.21,67.35,27.86,8.361664756494369,11.510386406984567,27.86,0.10877492894280198,938.2826041666667,3394.3075,0.0,3394.3075,1285.2808598443867,2506.6223958333335,3719.33,1021.2425,2698.0875,918.0625588716116,,2,0,3
2024-03-21,27373.104166666668,33668.0,20920.0,12748.0,3972.915127238782,65.20375,78.47,46.85,31.619999999999997,8.873524280249299,11.68524812785437,31.619999999999997,0.13608917094874606,1264.6278125000001,4416.165,0.0,4416.165,1694.4881779749626,9281.598333333333,13958.51,3928.485,10030.025,3778.4036295916344,,3,0,3
2024-03-22,26204.625,32915.0,19409.5,13505.5,4211.327628757841,58.069583333333334,78.06,41.36,36.7,11.606462772081345,12.954176197365113,36.7,0.19987163857294213,1501.9319791666667,5335.825,0.0,5335.825,2019.884293294902,11635.225833333332,13762.9575,9564.1225,4198.835000000001,1344.7434256262559,,4,0,3
2024-03-23,23066.166666666668,30677.5,18331.0,12346.5,3586.7297860266845,32.48,67.36,13.32,54.04,16.34929356272007,18.916329806104915,54.04,0.5033649495911352,1879.8764583333334,6417.2675,0.0,6417.2675,2443.4270921774837,15086.215833333334,15526.485,14041.18,1485.3050000000003,398.6986457824158,,5,1,3
2024-03-24,24176.083333333332,34260.5,18161.0,16099.5,5168.959382839963,28.905,77.26,-4.97,82.23,30.747532103158825,6.298134266439167,82.23,1.0637444076512308,1946.6486458333336,6222.7875,0.0,6222.7875,2475.188929017424,9339.013125,14791.6175,1491.4675,13300.15,4823.490309183834,,6,1,3
2024-03-25,29746.75,36970.5,21319.5,15651.0,5290.803471077453,69.6275,86.07,55.98,30.089999999999996,8.419658285950442,11.63896248035225,30.089999999999996,0.12092432280277822,817.2348958333333,2870.1325,0.0,2870.1325,1078.5509439237662,6431.148125,8429.76,1875.22,6554.54,1979.9435225694717,,0,0,3
2024-03-26,29065.125,36576.5,21726.5,14850.0,4589.102015621639,72.21708333333333,91.78,57.61,34.17,10.212751824011034,13.57005877798971,34.17,0.14141739533943645,1073.9910416666667,4048.42,0.0,4048.42,1469.0268732819054,5791.462812500001,9374.1575,4137.105,5237.0525,1417.147720886484,,1,0,3
2024-03-27,27993.1875,36097.0,20896.0,15201.0,4549.667961636467,60.293749999999996,81.99,48.53,33.459999999999994,9.652365248544232,9.452665786760393,33.459999999999994,0.16008898515259423,1622.7532291666666,4855.985000000001,0.0,4855.985000000001,2015.3424703454195,10478.551458333333,12302.5775,7908.63,4393.947499999999,1205.5320939055778,,2,0,3
2024-03-28,27293.666666666668,33795.0,21033.5,12761.5,3869.89761595459,58.693333333333335,78.09,47.32,30.770000000000003,9.12726287208996,9.851673292728846,30.770000000000003,0.1555076591110284,1353.7301041666667,4286.715,0.0,4286.715,1695.7784408938157,11392.9509375,12912.5,8162.785,4749.715,1445.4544703343934,,3,0,3
2024-03-29,24359.416666666668,31579.0,20504.0,11075.0,3100.1284463805646,54.83583333333333,78.17,31.06,47.11,12.90722309294352,8.533388764700899,47.11,0.2353793552198566,1950.7906249999999,6461.82,0.0,6461.82,2498.149383346345,8241.086458333333,10234.6325,7399.105,2835.5275,672.1017420432439,,4,0,3
2024-03-30,23047.833333333332,29816.5,20152.0,9664.5,3053.0699363479825,63.826249999999995,86.14,51.67,34.47,9.621881680067437,7.613597172477796,34.47,0.15075116711490083,2211.8234375,6980.995,0.0,6980.995,2769.0098956326087,2710.953020833333,7063.15,1237.4625,5825.6875,1761.7888222934496,,5,1,3
2024-03-31,23271.791666666668,29798.0,19317.0,10481.0,3460.0217953468677,58.959583333333335,74.35,43.96,30.389999999999993,8.216613858342223,9.790437268312477,30.389999999999993,0.13936010727702824,1884.4202083333332,5958.365,0.0,5958.365,2383.365134470076,5762.9646875,8843.7525,1878.46,6965.2925000000005,2285.973171161406,,6,1,3
2024-04-01,23554.854166666668,30740.0,19014.0,11726.0,3520.7701988379417,63.19375,81.7,48.25,33.45,9.27195060032044,8.450542107152758,33.45,0.14672258886868467,1666.1525000000001,5165.495,0.0,5165.495,2063.5743567321483,6317.689062500001,7496.47,5320.935,2175.535,696.5130858881876,,0,0,4
2024-04-02,27834.25,33919.0,21072.5,12846.5,4385.579940332121,71.03500000000001,89.87,54.37,35.50000000000001,10.598286982174134,13.727120011478123,35.50000000000001,0.14919809927745667,1725.5291666666665,5847.14,0.0,5847.14,2246.523476811457,4583.310937499999,7482.467500000001,3626.55,3855.9175000000005,1029.6206821799585,,1,0,4
2024-04-03,26985.166666666668,32672.5,20589.0,12083.5,3845.8938257368163,61.93125,76.58,47.65,28.93,9.658385098834655,9.407326931705953,28.93,0.15595333694757743,1420.5914583333333,4737.795,0.0,4737.795,1826.1463617951822,9674.090416666668,11474.48,7865.0875,3609.3925,1069.4592098187393,,2,0,4
2024-04-04,27770.9375,34065.5,20400.0,13665.5,4320.681758081653,67.31958333333334,86.84,35.85,50.99,12.773438636539863,18.477650335060495,50.99,0.18974328128699344,1601.631875,5628.46,0.0,5628.46,2130.1855990579393,5612.389270833333,10585.185,3479.425,7105.759999999999,1974.6733530405509,,3,0,4
2024-04-05,24604.9375,29963.0,19356.0,10607.0,3430.1975235067353,41.71333333333333,67.89,14.43,53.46,16.852878393465243,15.474863181178398,53.46,0.40401658287035097,1997.876875,6931.39,0.0,6931.39,2659.467755931897,12557.124583333332,13204.1,11708.6675,1495.4325000000008,479.03884300428473,,4,0,4
2024-04-06,20482.520833333332,25469.5,17525.5,7944.0,2468.239054904487,10.284166666666666,39.85,-16.23,56.08,14.673100178237034,24.10081306670359,56.08,1.4267660816695928,1811.4878124999998,5517.4775,0.0,5517.4775,2243.990855159706,14527.118645833332,15400.275,11987.1275,3413.147499999999,1078.6012704880143,,5,1,4
2024-04-07,19937.875,26759.0,15610.0,11149.0,3409.8018980133825,0.7429166666666669,40.9,-16.79,57.69,19.179708588974208,15.940907992302305,57.69,25.816769833728596,1999.1576041666667,6471.5725,0.0,6471.5725,2486.8539400038676,14846.806145833332,15447.61,12588.435,2859.175000000001,668.9931357600093,,6,1,4
2024-04-08,26424.895833333332,31869.0,18921.5,12947.5,4307.241127448275,57.92791666666667,80.64,8.76,71.88,20.000359774843762,10.573030830957634,71.88,0.3452628874939762,1403.0348958333334,4799.99,0.0,4799.99,1796.2135771314768,6614.857395833334,11671.0125,4629.075,7041.937500000001,1908.5869524354355,,0,0,4
2024-04-09,25686.229166666668,30575.0,19811.5,10763.5,3404.07266622474,49.380833333333335,68.14,28.01,40.129999999999995,11.690336372096128,10.81144763664885,40.129999999999995,0.23673833718405174,1466.477708333333,4409.5525,0.0,4409.5525,1759.9547507637305,12193.288645833332,14915.555,7105.24,7810.3150000000005,2504.837665786532,,1,0,4
2024-04-10,26922.791666666668,31886.5,19675.0,12211.5,4021.72506496757,50.39458333333334,73.35,-6.03,79.38,19.668647525211657,27.48400019405229,79.38,0.39029288912092036,1048.6688541666667,3709.935,0.0,3709.935,1354.9535686780407,11179.878333333334,14903.1325,5855.485000000001,9047.6475,3588.3851818439907,,2,0,4
2024-04-11,25804.270833333332,31836.5,19210.5,12626.0,4146.319428589038,39.31875,74.38,-8.01,82.39,26.34392518251103,22.965867945196198,82.39,0.6700092241617812,1745.4266666666665,5834.905,0.0,5834.905,2213.0835082299254,10683.255416666667,14475.7775,7424.9,7050.8775000000005,2480.193156837205,,3,0,4
2024-04-12,23606.395833333332,28650.0,18830.0,9820.0,3176.7298573381445,25.657083333333333,60.91,-2.42,63.33,22.470276885189943,24.22915766080985,63.33,0.8757923335735074,2268.6264583333336,7348.39,0.0,7348.39,2817.8020200081323,12244.131979166666,13529.585,11444.565,2085.0199999999986,611.9137466490129,,4,0,4
2024-04-13,21321.0,25936.5,18359.0,7577.5,2336.630740487531,13.802916666666667,42.82,-15.27,58.09,18.61113375963003,12.536943882173269,58.09,1.348347904220487,1990.4221875,6301.172500000001,0.0,6301.172500000001,2428.4332142090175,11791.142395833333,14462.44,8450.4525,6011.987500000001,2259.552719682291,,5,1,4
2024-04-14,20965.104166666668,27645.0,17666.0,9979.0,3118.3636211096573,27.697916666666668,68.29,-8.38,76.67,21.252382368585877,31.431657835464467,76.67,0.7672917289899375,2067.9711458333336,6610.095,0.0,6610.095,2550.453905613088,9418.911041666666,13049.95,7246.325,5803.625000000001,1704.7223060586334,,6,1,4
2024-04-15,24154.8125,30829.0,17203.5,13625.5,4196.879816193942,13.121249999999998,57.81,-15.53,73.34,25.6048229683224,23.79010778814229,73.34,1.9514011979287345,2343.6614583333335,7725.72,0.0,7725.72,2947.596594838909,14369.794270833334,14952.19,13306.8525,1645.3374999999996,497.1523709164723,,0,0,4
2024-04-16,25873.333333333332,32250.0,18852.0,13398.0,4071.6825324339243,35.5425,78.03,-0.59,78.62,27.539249816122133,10.385627431352258,78.62,0.7748259074663326,2512.3334375,7460.44,0.0,7460.44,2962.1885122202784,12249.40625,14354.685,8012.4775,6342.2074999999995,1900.8767893796205,,1,0,4
2024-04-17,26893.895833333332,33200.0,20402.5,12797.5,3737.6320013891113,67.99541666666667,99.7,38.47,61.230000000000004,18.960528331284685,10.872356383660952,61.230000000000004,0.2788500940325834,2369.6823958333334,6766.1825,0.0,6766.1825,2753.9156306637005,6668.131979166667,9437.8025,4145.3,5292.5025,2015.1021275161456,,2,0,4
2024-04-18,26307.25,31050.0,20450.0,10600.0,3311.0050982850457,71.75791666666667,91.84,18.62,73.22,18.26826732679343,29.08294288181072,73.22,0.2545819078284291,2453.8915625,7985.575,0.0,7985.575,3056.4451849158045,7564.300729166666,14192.43,3213.92,10978.51,4138.368119631168,,3,0,4
2024-04-19,25474.25,30208.0,19378.0,10830.0,3486.666041787845,48.83208333333334,84.51,15.63,68.88000000000001,23.926134879115416,7.780391714952185,68.88000000000001,0.4899675222904767,2161.5915625000002,6492.4425,0.0,6492.4425,2531.4473141762,11926.5771875,13798.03,7386.4025,6411.6275000000005,2067.7560795043855,,4,0,4
2024-04-20,23591.416666666668,29300.0,20526.0,8774.0,2732.681191202811,67.38875,90.45,46.09,44.36,13.148770917102283,7.9044896826333355,44.36,0.19511818986258508,2447.4431250000002,7166.79,0.0,7166.79,2846.691252277375,6133.73,7092.52,5251.43,1841.0900000000001,497.6511229101122,,5,1,4
2024-04-21,23722.3125,30066.0,20283.0,9783.0,3071.520933308122,72.08083333333333,95.53,61.05,34.480000000000004,11.701231416678617,7.951019701001565,34.480000000000004,0.16233485207596032,2380.4873958333333,6960.755,0.0,6960.755,2773.5392010549094,4381.438125,5983.9775,2476.35,3507.6275,1308.9455141382866,,6,1,4
2024-04-22,28914.416666666668,33762.0,21344.5,12417.5,4538.156177651186,85.87875000000001,100.68,72.86,27.820000000000007,8.559221476431645,11.02790464922423,27.820000000000007,0.09966634908439682,1178.319375,3464.9675,0.0,3464.9675,1361.7948957807826,2740.680729166667,3350.635,1959.68,1390.9550000000002,422.8224276536082,,0,0,4
2024-04-23,27970.208333333332,32441.5,21718.0,10723.5,3842.6178828814845,77.20791666666666,90.34,60.47,29.870000000000005,7.973693693840289,11.519616189042805,29.870000000000005,0.10327559709019851,1700.6097916666668,4900.53,0.0,4900.53,1953.4806101825516,5248.581770833333,8297.1775,2446.08,5851.0975,2221.552868288731,,1,0,4
2024-04-24,27331.4375,32736.0,21537.0,11199.0,3572.5797837335012,71.97541666666667,88.0,57.29,30.71,9.395925101579556,6.914317788197973,30.71,0.13054353189914916,2175.984375,6212.1075,0.0,6212.1075,2477.2092236004,6650.387604166666,8001.4825,3398.865,4602.6175,1244.1054397143719,,2,0,4
2024-04-25,28314.6875,33100.0,21509.5,11590.5,3955.4843346941575,77.54958333333333,96.01,66.85,29.16000000000001,8.640312232264213,8.773205148144532,29.16000000000001,0.11141661709677195,1977.8222916666666,5485.41,0.0,5485.41,2247.5078135500294,3412.70375,5655.075,1817.77,3837.305,1276.6339481497728,,3,0,4
2024-04-26,27796.083333333332,31625.0,22082.5,9542.5,3425.4769920681724,79.67,96.35,70.79,25.559999999999988,8.236998714707127,9.437357882878223,25.559999999999988,0.1033889634078967,2214.5221875,6288.23,0.0,6288.23,2512.218618944924,1234.2615625,1862.91,791.7425,1071.1675,308.9408466119896,,4,0,4
2024-04-27,25335.979166666668,29777.5,21057.5,8720.0,2845.455849012165,74.50916666666667,89.79,63.09,26.700000000000003,6.711049886546082,10.354285747135508,26.700000000000003,0.09007012407707436,1428.6356250000001,4174.592500000001,0.0,4174.592500000001,1635.5459164897609,3223.3067708333333,5591.415,1379.7125,4211.702499999999,1230.3639606668708,,5,1,4
2024-04-28,24360.583333333332,29514.0,19291.0,10223.0,3443.2467131380854,64.93666666666667,83.12,52.03,31.090000000000003,8.964430031915105,12.336753837136218,31.090000000000003,0.13804881728733287,1491.4120833333334,4241.0025000000005,0.0,4241.0025000000005,1671.7125160521357,7314.826458333333,9446.905,5562.8675,3884.0375000000004,1289.3142547736197,,6,1,4
2024-04-29,24917.604166666668,29810.0,19243.0,10567.0,3486.663694269696,62.942499999999995,79.56,47.79,31.770000000000003,10.969902401373137,10.756872886007077,31.770000000000003,0.17428450413271063,2242.206875,6287.155,0.0,6287.155,2527.8372249491704,9604.378125000001,11096.08,8156.57,2939.51,970.3557256923015,,0,0,4
2024-04-30,24445.916666666668,30068.0,19049.5,11018.5,3396.6202052688463,64.09708333333333,85.17,39.53,45.64,13.925294307768542,7.494883651690696,45.64,0.21725316634691197,2457.5613541666667,7232.3775,0.0,7232.3775,2831.0145675039457,7668.942291666666,9006.1675,5083.424999999999,3922.7425000000003,978.0582669595353,,1,0,4
2024-05-01,26405.333333333332,31073.5,20821.0,10252.5,3560.420507244304,75.69,92.77,59.07,33.699999999999996,9.04105370927045,12.93349380116454,33.699999999999996,0.11944845698600151,1854.3315624999998,5823.38,0.0,5823.38,2184.5284558737567,3609.406354166667,6565.975,1707.25,4858.725,1453.7747234753226,,2,0,5
2024-05-02,25042.916666666668,29500.0,18786.5,10713.5,3584.860647545291,63.19208333333333,80.56,46.23,34.330000000000005,10.320196315611131,8.292991877827573,34.330000000000005,0.1633147029062628,1900.3869791666666,5704.0125,0.0,5704.0125,2213.879695433127,7587.969791666666,9030.0925,5394.9,3635.192500000001,1013.7212139206088,,3,0,5
2024-05-03,26228.541666666668,30474.0,19116.0,11358.0,3928.321560259177,70.62375,83.99,56.29,27.699999999999996,8.598232787335863,8.543273878989746,27.699999999999996,0.12174704383915977,1290.9558333333332,3662.145,0.0,3662.145,1442.8191594168181,5006.636458333333,5647.555,4630.032499999999,1017.522500000001,267.0447546678398,,4,0,5
2024-05-04,22438.708333333332,27633.0,19233.5,8399.5,2624.1231037064194,67.48083333333334,82.74,53.47,29.269999999999996,8.648917457601602,4.869496893930614,29.269999999999996,0.12816850400881635,2483.8945833333332,7197.295,0.0,7197.295,2816.964907457414,3050.9950000000003,5325.965,1180.975,4144.99,1241.7542879787397,,5,1,5
2024-05-05,22033.208333333332,26966.0,18271.5,8694.5,2774.6995877997724,73.15666666666667,90.48,65.74,24.74000000000001,7.532898666439137,7.573228537168954,24.74000000000001,0.10296940811645067,2365.6625,7025.8175,0.0,7025.8175,2693.7929660217105,896.3527083333333,1464.13,559.59,904.5400000000001,319.07538183629345,,6,1,5
2024-05-06,22767.104166666668,28147.0,18735.5,9411.5,2868.185204813719,75.47041666666667,89.82,65.61,24.209999999999994,7.1043963603481135,7.873048662246069,24.209999999999994,0.0941348501059216,2112.670104166667,5863.77,0.0,5863.77,2369.348654244646,1281.665,2426.065,664.3425,1761.7225,603.7283936533555,,0,0,5
2024-05-07,25118.645833333332,30440.0,19178.0,11262.0,3512.451604120152,76.93124999999999,91.63,67.37,24.25999999999999,7.713410294387634,7.567654225464473,24.25999999999999,0.10026368081095315,2726.3180208333333,8004.7325,0.0,8004.7325,3090.516253547063,1466.1133333333335,1755.695,1154.24,601.4549999999999,207.10277278032055,,1,0,5
2024-05-08,24667.1875,29275.0,19864.0,9411.0,3080.734140387645,74.95375,89.64,62.36,27.28,8.760310105936542,9.245346062183089,27.28,0.11687620840767196,2960.1919791666664,8771.282500000001,0.0,8771.282500000001,3405.071369972357,2247.6558333333332,4986.875,1035.6375,3951.2375,1214.1133178865077,,2,0,5
2024-05-09,23857.9375,29013.0,19321.5,9691.5,3159.6411956192655,73.99083333333333,92.41,59.99,32.419999999999995,10.210552476925914,7.620806419020885,32.419999999999995,0.1379975331663956,3205.3136458333333,9583.5525,0.0,9583.5525,3690.0766906649214,1895.5123958333334,4928.3925,624.345,4304.0475,1386.4461303395144,,3,0,5
2024-05-10,23311.833333333332,27387.0,19462.5,7924.5,2627.2585383886812,74.12,87.95,60.31,27.64,8.38026252572078,7.415773086886515,27.64,0.11306344476147842,3049.3014583333334,8980.21,0.0,8980.21,3458.367363998126,1255.1589583333332,1920.375,672.395,1247.98,502.78199626143015,,4,0,5
2024-05-11,19730.083333333332,24304.5,16465.5,7839.0,2430.4783420171625,57.55125,77.3,22.32,54.98,18.08001714901553,7.856825967635652,54.98,0.31415507306992513,3293.605104166667,10028.615,0.0,10028.615,3799.8254839869664,3493.980729166667,7341.67,1323.61,6018.06,2027.705344858481,,5,1,5
2024-05-12,19781.270833333332,25604.5,16428.0,9176.5,3038.2095520480116,55.77458333333333,87.36,33.65,53.71,16.702853434737396,9.45156021385838,53.71,0.2994706985960581,2940.768125,8745.38,0.0,8745.38,3362.7535677523433,6403.2108333333335,7347.2075,5081.59,2265.6175000000003,614.2009566624241,,6,1,5
2024-05-13,23151.041666666668,28697.0,17546.0,11151.0,3364.2000693900577,69.60583333333334,85.66,51.85,33.809999999999995,10.26298749482043,13.685246835639498,33.809999999999995,0.1474443592345531,2245.3264583333334,6884.8025,0.0,6884.8025,2631.857008367971,5424.490520833333,7866.9675,3456.1075,4410.86,1769.9624135395995,,0,0,5
2024-05-14,25044.895833333332,29392.0,18311.5,11080.5,3838.581573908141,67.21458333333334,84.83,43.32,41.51,12.6639574071514,8.919697304281097,41.51,0.1884108593569313,1611.3709375,4639.639999999999,0.0,4639.639999999999,1811.2497505631618,6161.727083333334,7685.175,3137.455,4547.72,1556.8516444778568,,1,0,5
2024-05-15,24495.708333333332,28666.5,19041.0,9625.5,3178.1251580023622,73.57166666666667,89.32,59.19,30.129999999999995,9.539103807448335,8.664628698114562,30.129999999999995,0.1296573020517183,2280.6675,6399.37,0.0,6399.37,2506.4210847302643,2071.4105208333335,2886.3925,1492.295,1394.0974999999999,400.46367568405003,,2,0,5
2024-05-16,25259.4375,29746.5,19118.0,10628.5,3609.1416067021078,74.4075,89.47,62.77,26.699999999999996,8.186416240917952,9.441092299597724,26.699999999999996,0.11002138549095121,1999.69625,5633.8525,0.0,5633.8525,2193.099352854857,2460.2144791666665,4022.2325,1083.7225,2938.51,1087.3992413042777,,3,0,5
2024-05-17,23585.916666666668,27691.0,19029.0,8662.0,2740.6166898309048,72.60000000000001,90.27,58.39,31.879999999999995,10.080905325114056,7.612340232118089,31.879999999999995,0.13885544524950497,2827.99875,8107.66,0.0,8107.66,3143.05160392082,1303.7547916666665,2817.165,905.35,1911.815,576.9381005575507,,4,0,5
2024-05-18,21256.083333333332,25375.5,17909.5,7466.0,2254.3540608972803,70.87833333333333,87.32,54.44,32.879999999999995,8.557190552098714,6.8691504985280725,32.879999999999995,0.12073069652830506,2374.0386458333332,6738.955,0.0,6738.955,2631.707317820421,1940.3379166666666,2654.945,1291.82,1363.1250000000002,394.20257866953403,,5,1,5
2024-05-19,19542.166666666668,25572.5,16723.0,8849.5,2974.4592627563607,59.154583333333335,83.54,30.65,52.89000000000001,14.901308369508646,5.419237338715918,52.89000000000001,0.25190454449726174,3580.176145833333,10374.5175,0.0,10374.5175,4032.7567866716417,2231.641666666667,3301.35,1535.3,1766.05,623.9227990011311,,6,1,5
2024-05-20,22809.041666666668,28084.0,17827.5,10256.5,3233.6027925407802,75.34458333333333,93.33,59.69,33.64,10.655361573105967,8.729915998068577,33.64,0.1414217333443253,3137.004270833333,9080.46,0.0,9080.46,3507.005431121546,2830.980208333333,3122.3725,2482.815,639.5574999999999,196.28823596906165,,0,0,5
2024-05-21,25007.916666666668,29506.0,18881.5,10624.5,3525.4626821437787,79.40666666666667,95.74,66.36,29.379999999999995,9.047737005878103,8.221706751323623,29.379999999999995,0.113941780780935,2182.6761458333335,5920.1375,0.0,5920.1375,2367.2879439355715,1538.1460416666666,2476.31,955.4125,1520.8975,419.5536938365711,,1,0,5
2024-05-22,25227.291666666668,29297.0,18500.0,10797.0,4111.024065577045,76.75708333333334,93.76,35.43,58.330000000000005,13.896885318587435,22.118638768070266,58.330000000000005,0.18105020038655414,1486.015,4243.907499999999,0.0,4243.907499999999,1654.739718104909,5763.500416666667,11696.735,1646.215,10050.52,3280.3332923283,,2,0,5
2024-05-23,23709.604166666668,28887.0,17320.5,11566.5,3540.1064095379184,61.17083333333333,84.78,30.27,54.510000000000005,16.627960453422414,5.957856757497449,54.510000000000005,0.2718282479954621,2112.7615625000003,5847.47,0.0,5847.47,2311.8956808770695,8973.391666666666,11365.6925,4684.485000000001,6681.207499999999,1867.839723507868,,3,0,5
2024-05-24,24773.520833333332,28485.0,19301.0,9184.0,3188.6294946097028,83.33999999999999,99.4,68.8,30.60000000000001,9.152164866255989,6.648082072153999,30.60000000000001,0.10981719301963025,2457.450208333333,6537.81,0.0,6537.81,2613.2574797943353,1594.3897916666667,3909.59,1038.745,2870.8450000000003,785.0759451766838,,4,0,5
2024-05-25,20755.125,24611.5,18317.0,6294.5,2053.268366214132,75.95541666666666,95.03,49.75,45.28,12.16075762055132,7.654505986983239,45.28,0.16010388928441124,2633.06125,7242.94,0.0,7242.94,2880.3858744137533,2643.6063541666667,3766.925,1123.4425,2643.4825,966.7561029228498,,5,1,5
2024-05-26,19700.166666666668,23897.0,16321.0,7576.0,2344.2051525200272,73.74125,95.05,57.59,37.459999999999994,9.747300323010286,9.42978210120412,37.459999999999994,0.13218246670635894,2357.2053124999998,6753.2,0.0,6753.2,2609.377270905996,4400.8393750000005,5622.922500000001,3005.26,2617.6625000000004,894.5236935339472,,6,1,5
2024-05-27,20178.020833333332,25443.0,16901.0,8542.0,2647.956162118932,74.605,98.15,58.23,39.92000000000001,11.631665550481614,7.685711541865418,39.92000000000001,0.1559100000064556,2553.53125,6788.7,0.0,6788.7,2718.7792249466725,3880.855,5276.865,2658.26,2618.6049999999996,878.9192839365534,,0,0,5
2024-05-28,24118.979166666668,28236.5,17254.5,10982.0,3966.909394081424,84.22416666666668,99.06,64.9,34.16,9.983942288654731,13.690498443046094,34.16,0.11854011364894955,1301.8438541666667,3272.9700000000003,0.0,3272.9700000000003,1332.2786490861656,5062.979479166667,7386.514999999999,2558.865,4827.65,1672.0378058424078,,1,0,5
2024-05-29,23078.479166666668,27897.0,17569.0,10328.0,3295.5728257083165,77.61625,97.75,57.52,40.23,11.402716996019167,10.923615091473453,40.23,0.14691146500918514,2617.8727083333333,7055.7775,0.0,7055.7775,2800.5979385470487,5407.790104166666,7379.6175,3799.1325,3580.485,1271.8360488720964,,2,0,5
2024-05-30,22770.270833333332,26798.5,17530.5,9268.0,3015.5906155207244,70.05666666666666,84.67,47.63,37.04,10.350948566768365,13.51323108237679,37.04,0.14775108578914734,2265.5327083333336,6133.1925,0.0,6133.1925,2416.94073166795,8645.193958333333,10674.795,6231.7025,4443.0925,1549.7094926655002,,3,0,5
2024-05-31,22498.9375,26033.5,17208.0,8825.5,2801.8875676186735,66.45333333333333,84.47,44.09,40.379999999999995,13.461676898794453,6.979440556104076,40.379999999999995,0.20257338832455538,2226.8101041666664,5741.0075,0.0,5741.0075,2328.690327440381,8205.070729166668,9576.5375,7272.4925,2304.045,644.4597593972226,,4,0,5
2024-06-01,20013.333333333332,24200.0,17441.0,6759.0,2029.5134492236593,64.6575,83.92,45.97,37.95,10.15969755198579,5.655435228083475,37.95,0.15713099875475842,2651.8669791666666,7147.370000000001,0.0,7147.370000000001,2813.981006833285,6865.345312500001,7609.63,5774.165,1835.4650000000001,438.5236630001162,,5,1,6
2024-06-02,18956.5,24718.5,16060.0,8658.5,2987.569795437206,59.624583333333334,91.6,32.43,59.169999999999995,19.00248541619632,5.421978201638865,59.169999999999995,0.3187021921807362,3461.7261458333337,10050.7,0.0,10050.7,3859.8003029449046,4634.050104166667,5685.4875,3983.46,1702.0275000000001,561.9024624470554,,6,1,6
2024-06-03,23517.583333333332,27674.5,16896.0,10778.5,3549.271657270185,84.42541666666666,104.37,67.21,37.16000000000001,10.528248947749908,11.649649289632213,37.16000000000001,0.12470473186194812,2005.1217708333334,5263.32,0.0,5263.32,2101.019450760811,4504.54125,4835.475,4015.99,819.4850000000006,196.99283021327156,,0,0,6
2024-06-04,23226.458333333332,26778.0,18132.0,8646.0,2906.5838715812474,69.42375,84.59,43.89,40.7,11.40662157524609,15.751427448541486,40.7,0.16430431336892762,1813.6847916666666,4733.835,0.0,4733.835,1867.413373868139,9189.498854166666,12114.31,4901.717500000001,7212.592499999999,2793.762696553192,,1,0,6
2024-06-05,22150.770833333332,26774.5,17547.0,9227.5,2864.4426538051703,63.80291666666667,94.26,39.15,55.11000000000001,19.01633176329977,7.494121823453419,55.11000000000001,0.29804800088762573,2869.4966666666664,7715.799999999999,0.0,7715.799999999999,3040.1844034405526,8043.118229166666,10500.545,6777.7775,3722.7675,1062.899861783605,,2,0,6
2024-06-06,23109.395833333332,27128.0,18540.5,8587.5,2743.842160893175,82.06833333333334,106.66,58.26,48.4,14.699285598336042,11.266227872548626,48.4,0.17911032186595768,2738.5627083333334,7557.1725,0.0,7557.1725,2939.8426345613702,4927.443333333334,6561.8525,4199.845,2362.0074999999997,592.9420459274437,,3,0,6
2024-06-07,22163.5625,25195.5,18190.0,7005.5,2335.213207436267,69.85666666666667,91.08,44.52,46.559999999999995,13.877758140798276,11.617975194458236,46.559999999999995,0.1986604686853787,2515.554166666667,6438.56,0.0,6438.56,2596.506144981872,6974.882395833333,8756.2675,4527.7925000000005,4228.474999999999,1314.6032234582767,,4,0,6
2024-06-08,19069.416666666668,23355.0,15494.0,7861.0,2413.7821245770183,45.24791666666667,84.43,22.45,61.980000000000004,19.356263333960484,14.523548038239406,61.980000000000004,0.427782420935634,2736.634375,7584.735000000001,0.0,7584.735000000001,2946.7564604495606,7742.498854166667,9110.645,6594.8525,2515.7925000000005,703.9021571718501,,5,1,6
2024-06-09,19308.229166666668,25058.0,15333.0,9725.0,3246.965359073819,32.66791666666666,93.91,-9.29,103.19999999999999,38.27038530147284,10.851954838162774,103.19999999999999,1.171497579474444,2409.8639583333334,6377.405,0.0,6377.405,2534.020225643983,7434.452395833334,10184.9675,4238.030000000001,5946.9375,2236.850174273898,,6,1,6
2024-06-10,22414.645833333332,27253.0,16765.0,10488.0,3092.2548178057327,51.970416666666665,90.52,1.63,88.89,27.703194993760537,9.658772967520052,88.89,0.5330570114810933,2567.5095833333335,6916.5475,0.0,6916.5475,2749.3053469776555,7690.0415625,10385.175,4607.82,5777.355,1824.583365891049,,0,0,6
2024-06-11,24195.291666666668,28628.5,18409.0,10219.5,3257.82911820215,80.87875,106.94,56.63,50.309999999999995,15.165477188983052,12.637725835201318,50.309999999999995,0.1875087979102428,2491.1707291666667,6393.8775000000005,0.0,6393.8775000000005,2580.7279047077427,5983.675104166668,7371.455,3793.775,3577.68,1173.0872430488982,,1,0,6
2024-06-12,24945.875,29345.5,19362.5,9983.0,3148.4099791385383,87.41791666666667,104.89,70.35,34.540000000000006,9.983039085571987,8.806507874996809,34.540000000000006,0.11419900480628387,2562.3394791666665,6694.4975,0.0,6694.4975,2673.782182881194,1991.9291666666668,3616.135,930.09,2686.045,985.7268599500536,,2,0,6
2024-06-13,24205.541666666668,28918.0,18384.5,10533.5,3369.7089214915454,78.92333333333333,95.12,30.27,64.85000000000001,15.281347728711534,25.39378392254216,64.85000000000001,0.1936226852478549,1568.6217708333334,4663.49,0.0,4663.49,1783.2526614246165,6217.405208333334,11035.0125,1579.16,9455.8525,3608.066446604243,,3,0,6
2024-06-14,23222.208333333332,27191.0,17729.0,9462.0,2994.8202164108593,63.362500000000004,98.35,27.56,70.78999999999999,22.41462241096394,7.779347505996015,70.78999999999999,0.35375217851195806,2376.522395833333,6545.7625,0.0,6545.7625,2558.5717838723967,7204.528125,10328.21,3813.63,6514.579999999999,1975.7295788271006,,4,0,6
2024-06-15,20919.625,25017.0,17513.0,7504.0,2182.2686154052185,72.34583333333333,93.06,45.17,47.89,12.884748286474101,7.11444941483105,47.89,0.17809938309933665,2412.3163541666668,6629.8925,0.0,6629.8925,2559.0069670402063,4622.002291666667,5637.9475,3480.4,2157.5475,682.0372529251407,,5,1,6
2024-06-16,20051.25,25099.0,16759.5,8339.5,2725.1759057703603,69.54625,97.56,53.24,44.32,13.762371450254589,14.715445076840984,44.32,0.19788804500968188,2822.1110416666666,7688.467500000001,0.0,7688.467500000001,3017.7614759764324,5109.554270833333,5656.635,4643.3325,1013.3024999999998,318.4485784948156,,6,1,6
2024-06-17,23320.416666666668,27956.5,17832.5,10124.0,3117.4719505263934,78.2175,107.52,48.18,59.339999999999996,16.73733739408626,10.232366946769126,59.339999999999996,0.21398456092416995,2973.4126041666664,7985.17,0.0,7985.17,3122.6870595993755,3005.1281249999997,4404.2925,2343.405,2060.8874999999994,602.3550420876348,,0,0,6
2024-06-18,23691.0,27847.5,18827.0,9020.5,2772.9599551820934,86.75291666666668,104.6,72.83,31.769999999999996,9.447008948853076,9.838958036199527,31.769999999999996,0.10889557736890396,2650.0437500000003,7092.31,0.0,7092.31,2771.393189087709,2589.515625,3671.295,1692.83,1978.4650000000001,700.5630412235554,,1,0,6
2024-06-19,23056.479166666668,27682.0,18661.0,9021.0,2699.646291159861,83.54541666666667,102.19,70.36,31.83,9.873171368021467,9.449387987236706,31.83,0.11817729519997365,2997.6688541666667,8359.7875,0.0,8359.7875,3235.1936003944406,3279.5891666666666,3704.635,2540.36,1164.275,386.61958029324273,,2,0,6
2024-06-20,22913.375,27613.0,18529.0,9084.0,2787.285867189583,84.03791666666667,103.62,68.78,34.84,11.37873989323822,9.327298389035063,34.84,0.1354000711175597,3071.35125,8490.7925,0.0,8490.7925,3297.872150559242,1945.5858333333333,3526.495,1094.9475,2431.5474999999997,690.7194448562572,,3,0,6
2024-06-21,21798.375,25671.5,18337.0,7334.5,2292.340707329139,76.70583333333333,96.07,54.16,41.91,11.978636024794005,8.007765873557673,41.91,0.1561632995073474,2831.8591666666666,8177.497499999999,0.0,8177.497499999999,3116.6010492485225,4735.721354166667,6412.3425,3020.245,3392.0975,1142.4815581046496,,4,0,6
2024-06-22,20081.416666666668,23490.5,17545.5,5945.0,1956.0618358827758,75.27583333333332,96.62,52.59,44.03,12.086136116720022,9.716343374512276,44.03,0.16055798496711013,2775.1922916666667,7803.519999999999,0.0,7803.519999999999,2981.678062093114,3255.938020833333,4771.530000000001,1794.0,2977.5300000000007,1014.8343513628058,,5,1,6
2024-06-23,20483.125,25206.5,16338.5,8868.0,2786.2853495134045,79.18708333333333,103.68,62.47,41.21000000000001,12.399807670025503,9.012495030049477,41.21000000000001,0.15658876609748643,2845.474166666667,7566.4825,0.0,7566.4825,2965.1905973044554,1887.8801041666666,4759.66,782.645,3977.015,1186.3475851961787,,6,1,6
2024-06-24,23906.854166666668,28498.0,18069.5,10428.5,3226.301929586171,84.46083333333333,103.45,71.16,32.290000000000006,9.534015494495245,9.925648113659403,32.290000000000006,0.11288090725873227,2922.7057291666665,7835.155,0.0,7835.155,3107.2782002415643,2304.5891666666666,3266.885,1583.045,1683.8400000000001,607.211370803422,,0,0,6
2024-06-25,24203.083333333332,28775.5,19098.0,9677.5,2920.5228524844774,85.26916666666666,104.32,72.84,31.47999999999999,9.583556078066705,8.841824310788889,31.47999999999999,0.11239181116347297,3251.8903124999997,9133.86,0.0,9133.86,3515.3347986138992,1415.7117708333333,2422.92,926.63,1496.29,459.0772523364237,,1,0,6
2024-06-26,23661.625,28727.5,19193.0,9534.5,2882.6017808871743,82.70875,103.36,66.72,36.64,10.44672876300644,14.009785695652011,36.64,0.12630741926345687,3269.5315625000003,9418.5275,0.0,9418.5275,3589.8756072365463,2336.2563541666664,6284.6575,1117.195,5167.462500000001,1488.9379681130358,,2,0,6
2024-06-27,21575.8125,25472.0,17437.5,8034.5,2547.832095572285,58.45666666666667,82.05,28.56,53.489999999999995,16.929462783707212,18.542104082587937,53.489999999999995,0.28960704995792685,3115.948229166667,8772.2725,0.0,8772.2725,3360.8737247066615,8876.144791666668,11675.0,6667.0675,5007.9325,1688.8382812719606,,3,0,6
2024-06-28,21104.8125,25083.0,15627.0,9456.0,2865.7231154081846,45.58625,86.61,15.34,71.27,25.28575072395346,4.980582295274344,71.27,0.554679332560881,2893.219791666667,7726.115,0.0,7726.115,2996.6534207037885,9498.676875,12095.055,4465.705,7629.35,2521.966045155442,,4,0,6
2024-06-29,19776.5,24209.0,16306.0,7903.0,2369.709237346476,71.13083333333334,96.75,39.03,57.72,16.100081532784817,6.357462057261812,57.72,0.226344621288726,2613.6234375,7238.434999999999,0.0,7238.434999999999,2818.605081553487,3495.7157291666667,4073.845,2956.605,1117.2399999999998,284.36894610610983,,5,1,6
2024-06-30,20665.833333333332,25658.5,16152.0,9506.5,2956.5799192378636,79.05291666666666,101.96,67.03,34.92999999999999,11.074285718124967,9.6321401469001,34.92999999999999,0.1400869972302304,2274.719791666667,6307.400000000001,0.0,6307.400000000001,2437.8283426608177,2974.4480208333334,3977.69,1815.355,2162.335,664.2901144532526,,6,1,6
2024-07-01,23451.125,27500.0,17719.0,9781.0,3353.063619418749,80.45291666666667,94.51,60.12,34.39000000000001,8.824997834297882,13.025959794634268,34.39000000000001,0.10969145930236068,1847.0009375,4492.77,0.0,4492.77,1846.6017368255616,5168.791875,7766.4025,1765.025,6001.3775000000005,2176.6899566713787,,0,0,7
2024-07-02,24029.833333333332,28201.0,18118.5,10082.5,3316.540810735692,77.43041666666666,101.64,51.42,50.22,14.87075433868267,10.015865509518493,50.22,0.19205313594915002,2253.0960416666667,6280.3675,0.0,6280.3675,2462.0235882359834,5210.1471875,7308.932500000001,4004.085,3304.8475000000008,1040.462240446397,,1,0,7
2024-07-03,23854.75,27756.0,18019.5,9736.5,3539.760453083992,75.05375,95.67,25.35,70.32,16.287925058686614,24.633895251017343,70.32,0.21701680540528104,1376.014375,3648.22,0.0,3648.22,1455.9206288026014,8069.7234375,12314.06,4862.6075,7451.452499999999,2621.723345218256,,2,0,7
2024-07-04,20478.75,25749.0,16605.0,9144.0,2701.7172638736715,31.1375,72.22,6.53,65.69,21.916313409838363,27.037449249231358,65.69,0.7038559103922396,3079.9714583333334,8186.942499999999,0.0,8186.942499999999,3236.997790728712,11903.794895833335,12444.615,11436.13,1008.4850000000006,332.5305891915605,,3,0,7
2024-07-05,23098.4375,27688.0,17129.0,10559.0,3301.9460148606836,52.78958333333333,87.25,-2.49,89.74,27.28873831728531,7.734675170942885,89.74,0.5169341486363689,1951.846875,6106.7575,0.0,6106.7575,2285.526836215569,6494.821145833333,11893.7375,2547.13,9346.607499999998,3314.80203672547,,4,0,7
2024-07-06,20338.895833333332,23684.5,17509.0,6175.5,2003.1201095940671,43.685,73.82,-1.57,75.38999999999999,22.055844734594086,10.043950797323097,75.38999999999999,0.5048837068694995,2591.1560416666666,6937.315,0.0,6937.315,2742.4984612044273,6095.048229166667,8082.795,3854.48,4228.3150000000005,1473.1735850089747,,5,1,7
2024-07-07,20871.083333333332,25292.0,16260.5,9031.5,2794.409541997342,60.98041666666666,94.84,40.25,54.59,18.23007679135885,10.202063516759763,54.59,0.29894969217755185,2555.3085416666668,6629.155,0.0,6629.155,2640.5731426386224,3850.696875,6306.115,2050.79,4255.325,1196.435048062905,,6,1,7
2024-07-08,24195.604166666668,28618.5,18561.5,10057.0,3496.218596971301,81.68833333333333,99.5,61.06,38.44,12.051415816758038,12.995941674230457,38.44,0.14752921653550738,2389.5925,6597.0175,0.0,6597.0175,2612.079375267911,1281.3167708333333,3615.56,555.555,3060.005,836.4721321969479,,0,0,7
2024-07-09,24426.604166666668,28834.5,17627.0,11207.5,3943.809370060017,68.82083333333334,90.51,37.56,52.95,14.894059194033112,11.395497439987485,52.95,0.21641788500138928,1221.4121874999998,3353.235,0.0,3353.235,1312.8385204512415,6736.243125,8768.6725,4029.965,4738.7075,1277.4783222840106,,1,0,7
2024-07-10,23531.375,27871.5,18202.0,9669.5,3064.2729269195615,64.06291666666667,86.7,43.46,43.24,13.91368968636306,9.374092718002842,43.24,0.21718788981711565,2481.0584375000003,6980.345,0.0,6980.345,2711.3759635080173,7337.799375,8704.3325,5344.4325,3359.9000000000005,1003.9662431579458,,2,0,7
2024-07-11,23844.833333333332,28137.0,18537.0,9600.0,3079.1158339433387,75.35708333333334,95.4,54.11,41.290000000000006,11.913107315297596,9.226286463402383,41.290000000000006,0.1580887527533589,2304.8158333333336,6224.685,0.0,6224.685,2452.463635764363,4014.248020833333,4902.34,3289.885,1612.455,390.7635714359792,,3,0,7
2024-07-12,24069.354166666668,27795.0,18332.5,9462.5,3223.1975161022897,74.835,93.69,60.78,32.91,9.610446309140364,9.89988792625355,32.91,0.1284218121085102,1941.1223958333333,5373.5425,0.0,5373.5425,2091.31550126655,4718.8415625,5668.19,3254.1725,2414.0174999999995,725.5829741680927,,4,0,7
2024-07-13,21366.5625,24733.5,17600.0,7133.5,2231.9224814753798,65.8,88.63,48.12,40.51,11.977199716272509,9.314643361523878,40.51,0.18202431179745454,2155.9595833333333,5837.225,0.0,5837.225,2306.158769181128,4681.344166666667,5381.675,4127.4025,1254.2725,470.9965289973338,,5,1,7
2024-07-14,20942.270833333332,25599.5,16496.5,9103.0,2957.3238231886726,64.78458333333333,96.3,37.95,58.349999999999994,18.55325143874451,10.377460924431155,58.349999999999994,0.2863837426148636,2306.8683333333333,6075.5425,0.0,6075.5425,2413.3416514638034,4108.545625,5695.7975,1512.065,4183.7325,1325.256449877731,,6,1,7
2024-07-15,24950.354166666668,30249.0,18032.5,12216.5,3980.1814151333833,79.43625,97.14,64.37,32.769999999999996,9.286678075281445,11.464098203480647,32.769999999999996,0.11690730712088548,1717.4902083333334,4990.795,0.0,4990.795,1892.8969845509916,1591.913125,3651.3575,656.365,2994.9925000000003,870.0907830202977,,0,0,7
2024-07-16,24452.625,27865.0,18921.0,8944.0,3116.913862649066,71.63,91.88,54.91,36.97,10.813966412247506,9.096687780254353,36.97,0.15096979494970708,1891.5695833333332,5421.9575,0.0,5421.9575,2100.8196859284712,4640.064062500001,6267.405,2357.4725,3909.9325,1139.3490781348082,,1,0,7
2024-07-17,23518.520833333332,27450.0,18968.5,8481.5,2717.7300249799523,73.17458333333333,94.09,60.62,33.470000000000006,9.699307451371562,9.221689753226382,33.470000000000006,0.13255022453886964,3195.404375,8746.355,0.0,8746.355,3482.6312577661306,2011.5022916666667,3674.14,1201.2975,2472.8424999999997,728.3918835120687,,2,0,7
2024-07-18,23051.020833333332,27723.0,18889.5,8833.5,2773.157106350742,73.64583333333333,94.89,58.81,36.08,10.551334107556036,9.743813421859034,36.08,0.14327129764149643,2873.0625,8577.3475,0.0,8577.3475,3278.877642011788,3295.353854166667,3740.29,2511.325,1228.9650000000001,350.1215166071531,,3,0,7
2024-07-19,22791.270833333332,26700.0,19184.5,7515.5,2442.9439206717584,67.98583333333333,88.14,34.33,53.81,14.49041659816604,6.209910665717258,53.81,0.21313876564724568,3350.8111458333333,9934.3775,0.0,9934.3775,3811.536083571048,4697.712500000001,6258.8150000000005,3049.465,3209.3500000000004,1186.8053622446762,,4,0,7
2024-07-20,22368.4375,26159.0,18375.0,7784.0,2561.5110745523543,77.705,98.14,64.5,33.64,9.72940098249943,12.1847930204982,33.64,0.12520945862556374,1821.02375,5169.7475,0.0,5169.7475,2034.395590506097,2658.5820833333332,4978.4025,1955.315,3023.0875,835.4216422609428,,5,1,7
2024-07-21,20399.708333333332,25374.0,16981.5,8392.5,2808.908607165033,64.34041666666667,92.98,40.48,52.50000000000001,15.881848397289682,7.89699882716148,52.50000000000001,0.24684093172056978,2464.1625,6725.825,0.0,6725.825,2690.44736247888,3064.901354166667,4492.725,1476.19,3016.5350000000003,923.6639934336241,,6,1,7
2024-07-22,23922.3125,28150.0,17726.0,10424.0,3399.383958936051,73.38708333333334,91.02,57.5,33.519999999999996,10.195218606167119,6.9833192408086004,33.519999999999996,0.138923883374124,2315.4161458333333,6719.7825,0.0,6719.7825,2592.6252828969123,4271.281458333334,6308.555,1744.15,4564.405000000001,1426.0755770538672,,0,0,7
2024-07-23,24135.229166666668,28287.0,19095.0,9192.0,2887.6740375903214,77.58083333333333,96.73,62.34,34.39,9.927216395461459,8.45594014935795,34.39,0.12795965148773594,2648.048645833333,7540.139999999999,0.0,7540.139999999999,2960.349776156378,2687.2122916666667,4250.2175,688.915,3561.3025,960.3871383446267,,1,0,7
2024-07-24,23618.625,28042.0,19097.5,8944.5,2848.214903385903,73.75125,90.44,48.98,41.46,9.958664268953898,15.711024488434553,41.46,0.13503044719857493,2672.9152083333333,7820.2125,0.0,7820.2125,3037.5181018006792,3282.798854166667,7710.9775,647.26,7063.7175,2790.138564920674,,2,0,7
2024-07-25,24497.5,28573.5,18318.5,10255.0,3573.5523824948723,68.38250000000001,87.56,38.56,49.0,14.649294166109755,9.424302677247844,49.0,0.2142257765672468,1427.6951041666669,4121.335,0.0,4121.335,1609.028057344557,6057.254583333332,7090.9400000000005,5244.215,1846.7250000000004,447.18613200359954,,3,0,7
2024-07-26,22249.145833333332,25829.0,18201.5,7627.5,2337.861120578449,72.6125,93.98,55.43,38.550000000000004,11.659253182884774,7.151801304899455,38.550000000000004,0.1605681278414154,3007.4878125,8504.932499999999,0.0,8504.932499999999,3327.739209377996,3382.3579166666664,4993.3425,1714.605,3278.7374999999997,905.8678745805605,,4,0,7
2024-07-27,20482.979166666668,24775.5,17672.0,7103.5,2332.116031489365,74.81833333333334,93.66,61.47,32.19,8.846463143252654,7.6389437689226645,32.19,0.11823924363350315,2712.0035416666665,7445.2575,0.0,7445.2575,2945.9314673249783,978.7321874999999,1484.765,779.79,704.9750000000001,168.19801990884667,,5,1,7
2024-07-28,19363.25,25000.0,16913.5,8086.5,2918.9196370962477,66.41958333333334,91.9,45.03,46.870000000000005,12.854407966400732,8.985258032174846,46.870000000000005,0.19353340266965546,3589.364791666667,10488.12,0.0,10488.12,4067.276614703047,1712.4919791666669,4318.1925,723.735,3594.4575,1137.2431964984685,,6,1,7
2024-07-29,22381.291666666668,27877.0,17920.0,9957.0,3108.7846007468215,70.17625,92.86,44.8,48.06,13.247780720624085,9.42880995369287,48.06,0.18877869251526097,3575.6060416666664,10555.6125,0.0,10555.6125,4091.940655507556,3773.897916666667,5052.4625,3019.445,2033.0174999999995,605.0925320576952,,0,0,7
2024-07-30,23130.791666666668,28100.0,19182.5,8917.5,2766.5487325353142,76.43583333333333,97.47,63.12,34.35,10.223035334443258,8.71356741770315,34.35,0.13374663281109328,3259.145520833333,9567.96,0.0,9567.96,3730.863981717309,2485.2227083333332,3606.96,2021.82,1585.14,382.87092817102433,,1,0,7
2024-07-31,23932.9375,28441.5,19031.5,9410.0,2886.823085769652,77.74791666666667,97.32,64.7,32.61999999999999,9.263295957312039,8.683907393509411,32.61999999999999,0.11914526272166404,2816.386354166667,8085.03,0.0,8085.03,3189.570940051783,2485.4113541666666,3221.7075,1886.7775,1334.93,492.2999102239514,,2,0,7
2024-08-01,24168.979166666668,28310.0,19338.0,8972.0,2771.541434555894,79.85291666666667,100.09,67.67,32.42,9.446571717302785,9.083264307295616,32.42,0.11829964529330848,2861.999895833333,8604.95,0.0,8604.95,3324.870304806728,1644.4270833333333,2610.7200000000003,985.025,1625.6950000000002,450.10209053822905,,3,0,8
2024-08-02,22991.458333333332,26440.5,19421.0,7019.5,2272.0314933741693,68.43375,86.71,27.18,59.529999999999994,15.842357864831587,5.877334591867458,59.529999999999994,0.2314991925012379,2982.577604166667,9140.545,0.0,9140.545,3502.538662754789,4949.352604166666,7521.83,1577.005,5944.825,2015.9513651516452,,4,0,8
2024-08-03,20783.729166666668,24717.0,18078.5,6638.5,2156.9159745540005,71.90208333333334,89.27,51.49,37.779999999999994,10.417226109614816,5.500571831745446,37.779999999999994,0.1448807270482169,2452.3011458333335,7344.9775,0.0,7344.9775,2834.2918922649237,3260.786145833333,4143.805,2484.32,1659.4850000000001,442.07986868090194,,5,1,8
2024-08-04,20124.729166666668,24207.5,17148.5,7059.0,2193.7443570058313,68.18541666666667,85.85,40.66,45.19,12.377274048122178,12.744398582832183,45.19,0.18152377228447703,1895.5655208333335,5495.3475,0.0,5495.3475,2163.3530504619266,4817.420729166667,7782.49,1822.56,5959.93,2381.831745306937,,6,1,8
2024-08-05,22393.75,27699.5,16250.0,11449.5,3475.8763267887457,64.94916666666667,91.45,40.76,50.690000000000005,15.169467307911544,9.82819728662192,50.690000000000005,0.23355907529598596,2356.7966666666666,6688.745,0.0,6688.745,2671.901102257007,7714.6184375,8658.465,6156.825000000001,2501.6399999999994,710.272108667888,,0,0,8
2024-08-06,23186.0,27147.0,18544.0,8603.0,2851.1185791148555,73.26666666666667,91.72,54.63,37.089999999999996,12.146966938174376,10.4095000108646,37.089999999999996,0.16579117750010525,2427.4484374999997,7179.1075,0.0,7179.1075,2807.9268260926347,5742.546249999999,6878.58,4340.465,2538.115,800.3779610022702,,1,0,8
2024-08-07,22487.145833333332,27650.0,17435.5,10214.5,3125.496480488675,59.01541666666666,86.79,34.31,52.480000000000004,14.69811019475298,13.811376608054845,52.480000000000004,0.24905543373134947,2272.89125,6368.725,0.0,6368.725,2530.4723219176503,8276.8084375,10029.94,6085.485,3944.455000000001,1308.66476266963,,2,0,8
2024-08-08,23636.020833333332,28198.5,17415.0,10783.5,3914.355962016382,60.60125,81.23,5.56,75.67,20.10732968509786,29.230354574849535,75.67,0.33179727621291405,1440.9772916666668,4519.26,0.0,4519.26,1704.9342389222556,8560.336458333333,12755.26,4964.2725,7790.9875,2846.6070838064616,,3,0,8
2024-08-09,20310.416666666668,24640.0,16288.0,8352.0,2673.7356242541623,20.434583333333332,72.74,-15.03,87.77,29.447412077799132,13.951628339851007,87.77,1.4410576226315257,3048.1278125000003,9376.9475,0.0,9376.9475,3607.7011811637444,11266.301458333333,13382.9,8879.7025,4503.1975,1658.4926164818942,,4,0,8
2024-08-10,20271.895833333332,24401.0,16300.5,8100.5,2522.4564501741893,45.39833333333333,86.95,18.3,68.65,23.134600036321775,9.029156212224997,68.65,0.5095913954915036,1950.0220833333333,5202.445,0.0,5202.445,2148.961237855835,6978.9271875,8919.127499999999,3605.295,5313.832499999999,1626.8495738030986,,5,1,8
2024-08-11,19587.166666666668,24685.0,16945.5,7739.5,2512.0769584006653,53.0875,86.9,22.08,64.82000000000001,16.617363954087566,15.514894379886938,64.82000000000001,0.3130183932957394,3096.1023958333335,9116.28,0.0,9116.28,3594.3772373043826,3551.9413541666668,10726.805,1103.655,9623.15,3070.1223717612816,,6,1,8
2024-08-12,22913.020833333332,28380.5,16375.5,12005.0,3663.4508959365626,63.97708333333333,101.92,28.5,73.42,22.449222602821116,11.481884904160145,73.42,0.3508947490753244,2895.7236458333336,8455.645,0.0,8455.645,3351.697629560765,8102.486979166667,11533.34,4445.6375,7087.7025,2675.6855026186026,,0,0,8
2024-08-13,22972.083333333332,27879.0,18101.5,9777.5,2962.6376272073717,66.59,98.24,28.43,69.81,20.97410328704548,11.727204026779605,69.81,0.31497376914019354,2544.9711458333336,7781.385,0.0,7781.385,3005.0272280694185,5377.8393750000005,6966.585,4041.405,2925.18,928.1727225977896,,1,0,8
2024-08-14,23931.458333333332,27831.0,18602.5,9228.5,3267.4018395044545,79.50375,102.36,56.26,46.1,13.42976862518811,16.821195388132022,46.1,0.16891993931340482,2237.79,6626.587500000001,0.0,6626.587500000001,2624.71658971839,3254.6234375,6661.2125,1438.4625,5222.75,1649.606486369291,,2,0,8
2024-08-15,22772.75,27560.5,17039.5,10521.0,3178.438846352089,62.04541666666666,95.1,28.02,67.08,19.931164581076818,12.737920328127146,67.08,0.32123508313523264,1772.9721874999998,5147.15,0.0,5147.15,2054.0814641180427,8801.749062500001,11357.0275,6913.07,4443.9575,1580.1844863599015,,3,0,8
2024-08-16,21811.958333333332,25986.0,18552.0,7434.0,2569.901528804873,61.89208333333334,95.91,17.89,78.02,23.68366855748027,12.428833221107105,78.02,0.38266071009319086,3169.858125,9494.5525,0.0,9494.5525,3729.0299805014897,5273.229166666667,6607.12,4080.2725,2526.8475,754.0355827269009,,4,0,8
2024-08-17,19669.458333333332,25156.0,16961.0,8195.0,2749.5372453207083,50.35166666666667,93.25,-0.39,93.64,31.015153192209638,8.662930330134298,93.64,0.6159707363319911,2885.98375,8878.797499999999,0.0,8878.797499999999,3440.0138654904936,4852.956458333333,5565.1275,4382.415,1182.7124999999996,344.7808980919401,,5,1,8
2024-08-18,19198.895833333332,24829.0,16005.0,8824.0,3019.663499749768,58.08958333333334,99.39,29.89,69.5,23.19890898468525,8.983946529120379,69.5,0.3993643550783245,2916.538541666667,8928.8175,0.0,8928.8175,3442.2896781797244,5772.087916666666,7149.64,3428.815,3720.8250000000003,1123.705493017813,,6,1,8
2024-08-19,22675.791666666668,27259.5,17385.0,9874.5,3369.3818066609733,72.06125,92.85,16.77,76.08,19.11744032177221,30.9393163343681,76.08,0.26529432006483655,1851.81375,5739.9625,0.0,5739.9625,2239.655166400695,6878.663125,12137.0,2372.7,9764.3,3666.3052990015094,,0,0,8
2024-08-20,21513.520833333332,25997.0,17084.5,8912.5,2960.3495110895205,42.187916666666666,80.68,8.07,72.61000000000001,25.64782539797336,21.06053180715056,72.61000000000001,0.6079424495080153,2707.0653125,8486.630000000001,0.0,8486.630000000001,3240.2618648056455,10578.583020833334,12873.97,8625.57,4248.4,1308.487722470888,,1,0,8
2024-08-21,21746.625,26493.5,16728.0,9765.5,3206.448164483832,51.181666666666665,95.0,12.79,82.21000000000001,25.021223281301687,33.6297313187517,82.21000000000001,0.48887081861281745,2176.1927083333335,6871.82,0.0,6871.82,2639.7728707289134,11931.346770833334,13335.8725,10763.3225,2572.5499999999993,962.3530005890001,,2,0,8
2024-08-22,22149.604166666668,28081.5,14978.5,13103.0,3917.2671845559976,44.28375,94.56,1.87,92.69,30.20266167546511,12.524868595451707,92.69,0.682025837366192,1356.0761458333334,4401.0525,0.0,4401.0525,1655.1723615180206,11566.210729166667,13690.03,6686.975,7003.055,2690.1286545182265,,3,0,8
2024-08-23,20432.416666666668,25907.5,16247.5,9660.0,2992.6785866825735,35.721250000000005,96.92,-14.33,111.25,36.99281390997799,20.34626618372636,111.25,1.0355968480940052,2878.2257291666665,9606.795,0.0,9606.795,3642.3145301267627,9533.792395833334,12420.985,6687.035,5733.950000000001,1945.6712176481667,,4,0,8
2024-08-24,20717.25,24184.5,16826.0,7358.5,2563.3687074696813,49.57375,78.21,27.45,50.75999999999999,16.194812592040215,20.42227775179421,50.75999999999999,0.32668120914879784,1454.33875,4770.1075,0.0,4770.1075,1813.1416842956414,6875.8047916666665,11752.23,4777.985000000001,6974.244999999999,2162.2522297358787,,5,1,8
2024-08-25,18140.0625,22864.0,15310.0,7554.0,2579.7792006652003,22.45958333333333,73.2,3.85,69.35000000000001,22.937705711275953,26.519154622739418,69.35000000000001,1.0212881232410496,1934.7984374999999,5983.47,0.0,5983.47,2305.1513964089654,11337.082604166666,12174.29,9817.9725,2356.317500000001,786.6827295957888,,6,1,8
2024-08-26,19611.145833333332,26433.0,15424.5,11008.5,3360.115472521374,43.26166666666666,108.97,1.65,107.32,37.71351939195726,17.911623254720546,107.32,0.8717537325258835,2387.095729166667,7238.41,0.0,7238.41,2873.5345773427716,7146.425,11470.04,4223.8625,7246.177500000001,2358.4947844196686,,0,0,8
2024-08-27,22281.229166666668,28086.0,15768.0,12318.0,3725.7801546007354,62.844166666666666,103.52,26.18,77.34,23.81011420396377,13.476577034671207,77.34,0.3788754862524567,1876.0223958333333,5902.4275,0.0,5902.4275,2297.4512376639764,8875.780520833332,10446.6725,6510.76,3935.9125000000004,1179.2306537045258,,1,0,8
2024-08-28,24135.541666666668,29027.0,18442.5,10584.5,3356.2793482375387,84.65625,110.17,63.1,47.07,13.978450437385215,11.15171543498382,47.07,0.16512012329137202,1874.7749999999999,5728.9375,0.0,5728.9375,2265.2044877327444,4515.026666666667,6057.845,3661.785,2396.0600000000004,576.1595764581067,,2,0,8
2024-08-29,23077.708333333332,28267.0,18305.5,9961.5,3106.4828669310623,80.6425,111.0,47.2,63.8,18.293009177896582,9.81774219995432,63.8,0.22684079955230285,2760.0094791666666,8561.5525,0.0,8561.5525,3353.3057945503065,4372.625208333334,5333.195,3777.42,1555.7749999999996,485.3114505357875,,3,0,8
2024-08-30,22907.854166666668,27981.5,18483.5,9498.0,2867.6673389600824,89.13208333333334,114.12,71.05,43.07000000000001,12.622266722350032,10.871182745484273,43.07000000000001,0.14161305615561207,2983.6854166666667,9466.375,0.0,9466.375,3682.6447435190976,2595.2544791666664,3705.5,1681.9625,2023.5375,592.1528512513453,,4,0,8
2024-08-31,20396.520833333332,25630.5,17752.0,7878.5,2597.4988868021505,70.31208333333333,99.7,29.72,69.98,21.344198474397974,18.45726312064609,69.98,0.30356373275429865,2521.0559375,8010.615,0.0,8010.615,3121.894147914714,5732.353125000001,9522.455,2979.9675,6542.487499999999,2190.753676677679,,5,1,8
2024-09-01,21246.8125,27283.5,16140.5,11143.0,3569.6576617388528,63.382083333333334,106.16,38.46,67.69999999999999,24.499161295168175,8.16318098595907,67.69999999999999,0.386531335145997,1640.3423958333333,5323.285,0.0,5323.285,2047.5835763058185,7214.980833333334,8744.41,4850.3525,3894.0575,1160.1989177862683,,6,1,9
2024-09-02,25946.020833333332,31162.5,18225.0,12937.5,4527.9921778411435,90.46749999999999,117.35,76.69,40.66,11.831327703068297,14.457432591676064,40.66,0.1307798679422809,1201.9185416666667,4015.28,0.0,4015.28,1521.6237473148037,4256.461354166667,5614.56,3052.45,2562.1100000000006,940.6362205212544,,0,0,9
2024-09-03,24990.166666666668,29993.0,18781.0,11212.0,3719.119720142606,90.16083333333334,117.66,70.8,46.86,13.899837320495225,10.803193090581184,46.86,0.15416713451511901,1852.2236458333334,6151.3625,0.0,6151.3625,2346.299968585365,2436.2261458333332,3838.185,1686.44,2151.745,595.0271669661025,,1,0,9
2024-09-04,24981.208333333332,30344.5,19064.0,11280.5,3731.168979651034,93.92708333333333,120.33,77.11,43.22,12.96489188377485,14.535043204352032,43.22,0.1380314540137946,1955.5822916666666,6201.4925,0.0,6201.4925,2426.7106311053076,1897.2180208333332,3819.155,1110.93,2708.2250000000004,964.3896231481642,,2,0,9
2024-09-05,25194.541666666668,29703.0,17984.0,11719.0,4368.01007055264,82.70791666666666,107.37,48.86,58.510000000000005,14.003380330777485,23.416540755465586,58.510000000000005,0.16931124486201932,828.7908333333334,2612.615,0.0,2612.615,1017.5342958363025,7574.141145833334,9265.1425,4135.1525,5129.99,1677.3285915117244,,3,0,9
2024-09-06,24563.520833333332,28995.0,18051.5,10943.5,3675.6094332870643,75.31750000000001,111.75,42.01,69.74000000000001,20.755234908016735,11.273934117076879,69.74000000000001,0.2755698862550767,1861.0722916666666,5947.1825,0.0,5947.1825,2351.535548221042,6540.871354166667,8366.195,3108.4575,5257.737499999999,1468.1537537349307,,4,0,9
2024-09-07,23271.25,28464.5,18169.5,10295.0,3183.933150106616,87.89083333333333,111.48,76.14,35.34,10.504445401276826,12.208242336732216,35.34,0.11951696215506159,1452.7701041666667,4769.305,0.0,4769.305,1860.3083999659723,2241.1915625,2879.505,1649.16,1230.345,350.22112448067264,,5,1,9
2024-09-08,22558.270833333332,27786.5,17895.0,9891.5,3391.8426343314986,79.32041666666667,101.15,66.33,34.82000000000001,9.755771303791624,13.21859638827781,34.82000000000001,0.12299193213758486,1391.5547916666667,4741.0225,0.0,4741.0225,1802.4869889954216,4854.186041666667,6486.2675,2569.07,3917.1974999999998,1164.6853653774526,,6,1,9
2024-09-09,23906.833333333332,30006.0,17032.0,12974.0,4173.837832693454,70.74374999999999,104.8,38.88,65.91999999999999,18.957410117670747,19.55485337393741,65.91999999999999,0.2679729321342274,1663.72875,5720.3375,0.0,5720.3375,2168.382870941725,7778.029062500001,9909.65,5326.7075,4582.942499999999,1618.203654124759,,0,0,9
2024-09-10,23088.375,29565.0,16232.0,13333.0,4113.906651859932,56.525416666666665,97.02,10.37,86.64999999999999,24.56105842839816,35.1787835816663,86.64999999999999,0.43451353173097335,1343.875,4406.3625,0.0,4406.3625,1732.7892267129607,12389.1575,13173.7825,10293.2575,2880.5249999999996,760.6514856504801,,1,0,9
2024-09-11,23452.395833333332,30147.0,17286.0,12861.0,3850.131581543581,34.793749999999996,93.87,-4.36,98.23,35.65061714356978,15.070321828016809,98.23,1.0246270420282315,2096.3859374999997,6601.65,0.0,6601.65,2636.3854044814734,11328.510625,12610.355,9537.6525,3072.7024999999994,1130.4886603418665,,2,0,9
2024-09-12,25111.895833333332,31768.5,18701.0,13067.5,3880.8972236348454,77.43458333333334,110.44,46.24,64.19999999999999,21.478061603730044,11.586859963317266,64.19999999999999,0.27737040323795964,2360.7265625,7905.34,0.0,7905.34,3026.999189763739,8259.5215625,9445.91,5733.9425,3711.9674999999997,1028.4857863847951,,3,0,9
2024-09-13,24877.104166666668,30815.5,19445.0,11370.5,3505.927480645756,96.09541666666667,122.53,77.86,44.67,14.029877429557459,18.225993734747274,44.67,0.14599944426302808,2546.27,8806.055,0.0,8806.055,3327.000196531257,3508.5402083333333,5500.0175,1764.7225,3735.295,1267.624925972035,,4,0,9
2024-09-14,20797.895833333332,26274.5,17739.5,8535.0,2592.6581163436795,69.61458333333333,97.73,38.2,59.53,18.470710534381926,17.69870132443136,59.53,0.2653281776598332,2293.937604166667,7824.83,0.0,7824.83,3004.924785847436,6600.409895833333,7860.1025,4834.8725,3025.2299999999996,896.0876013496957,,5,1,9
2024-09-15,21706.875,28985.0,16504.0,12481.0,3882.2812356128056,73.63375,103.26,51.67,51.59,15.961027484769426,10.19852276884576,51.59,0.21676238796434286,1528.4022916666665,5430.58,0.0,5430.58,2031.34813082319,5031.9734375,7086.625,2981.545,4105.08,1068.8878713402396,,6,1,9
2024-09-16,24854.9375,31432.5,18439.5,12993.0,4064.3866142717948,87.99208333333333,110.43,74.14,36.290000000000006,12.412732586083665,13.74527243403032,36.290000000000006,0.1410664700261898,2671.1025,9185.375,0.0,9185.375,3504.5032033500497,2546.7821875,3482.1725,1890.5275,1591.6450000000002,550.0153231676292,,0,0,9
2024-09-17,24625.604166666668,31549.5,19004.0,12545.5,3879.9803394256655,84.18083333333333,110.52,68.04,42.47999999999999,12.921024968317491,14.82443028697336,42.47999999999999,0.1534912931682884,2621.6080208333333,8683.4575,0.0,8683.4575,3405.3670508705636,3484.3053125,4343.345,2894.6725,1448.6725000000001,482.1460108222408,,1,0,9
2024-09-18,24053.104166666668,30869.5,18821.5,12048.0,3644.311350164583,81.9675,106.02,66.14,39.879999999999995,12.250605752547417,14.269388814621934,39.879999999999995,0.1494568670820437,2544.5645833333333,8961.9,0.0,8961.9,3359.4063169906635,4140.474583333334,5419.2375,3533.3875,1885.8500000000004,618.6772685552564,,2,0,9
2024-09-19,24506.916666666668,31018.5,18720.0,12298.5,3806.6900881916076,82.10458333333334,105.5,68.09,37.41,12.360751341722077,14.378472831020048,37.41,0.15054885902701826,2293.8157291666666,8383.76,0.0,8383.76,3103.0757064783525,3651.9996874999997,5096.1825,2823.51,2272.6724999999997,714.2616513314077,,3,0,9
2024-09-20,24682.229166666668,30051.0,18198.5,11852.5,3842.1539418131824,77.84666666666666,97.45,61.76,35.690000000000005,11.639551263824067,14.149679282921015,35.690000000000005,0.1495189423288182,1952.1784375,6960.955,0.0,6960.955,2616.4837621485167,5502.355104166666,7336.1625,3414.005,3922.1575000000003,1177.0810671697134,,4,0,9
2024-09-21,22033.458333333332,27468.0,17548.5,9919.5,2940.7178985849655,72.78166666666667,97.48,48.64,48.84,13.604999613846138,11.22022047996598,48.84,0.18692893742260372,1852.1946875,6698.1475,0.0,6698.1475,2506.6620338595917,4599.2821875,5379.635,4130.9875,1248.6475,377.354515697853,,5,1,9
2024-09-22,23169.375,29092.5,16952.5,12140.0,4049.6335294475825,82.39916666666666,105.79,66.32,39.47000000000001,10.819199486848921,12.821460803779601,39.47000000000001,0.13130229254157813,922.6563541666668,3264.135,0.0,3264.135,1249.616541926349,3231.4311458333336,3750.58,2317.9425,1432.6374999999998,377.360500456632,,6,1,9
2024-09-23,27056.5,32936.5,18148.5,14788.0,5331.413861338244,88.93083333333334,108.59,71.71,36.88000000000001,11.614566535049914,14.453844273608105,36.88000000000001,0.13060224558467634,940.7347916666666,3392.8025,0.0,3392.8025,1297.1346855751863,3060.7620833333335,4868.325,1999.875,2868.45,790.1171667535972,,0,0,9
2024-09-24,26559.0,32330.5,19069.0,13261.5,4476.7235058495735,83.92458333333333,110.22,68.36,41.86,12.65945804842017,16.797918238366858,41.86,0.15084326362561826,1401.4658333333334,5272.575,0.0,5272.575,1956.414465647951,5507.054375,6328.110000000001,4177.922500000001,2150.1875,782.2370213258536,,1,0,9
2024-09-25,27233.083333333332,33050.0,19400.0,13650.0,5065.014218759104,89.02791666666667,116.33,60.94,55.39,15.56104220807364,21.292507289341643,55.39,0.1747883449450628,1031.3452083333334,3940.4825,0.0,3940.4825,1454.47533500746,3031.5838541666667,8020.37,662.02,7358.35,2333.182432049972,,2,0,9
2024-09-26,25209.0625,31472.5,17943.0,13529.5,4604.883991156657,72.61166666666666,100.28,38.85,61.43,15.624648772864058,22.950175639954516,61.43,0.2151809687083902,1293.9335416666665,4957.9025,0.0,4957.9025,1843.1403475472175,8369.3209375,10631.925,7071.81,3560.114999999999,1291.2078015643147,,3,0,9
2024-09-27,24549.1875,30933.0,17081.0,13852.0,4295.848829956305,58.4175,93.31,18.09,75.22,23.113727005547087,21.25292114375945,75.22,0.3956644328419923,1304.0678125,4839.4,0.0,4839.4,1829.503352776452,12288.530729166667,13111.915,10035.805,3076.1100000000006,922.3529580223312,,4,0,9
2024-09-28,23600.0625,30198.0,19023.0,11175.0,3375.0447575534654,71.71458333333334,108.44,39.68,68.75999999999999,21.229102866454163,12.281133808368326,68.75999999999999,0.296022118231938,2048.2042708333333,7555.327499999999,0.0,7555.327499999999,2831.8865365472248,5125.903541666667,9531.815,2374.8900000000003,7156.925,2262.362868502477,,5,1,9
2024-09-29,22919.6875,28736.0,18190.0,10546.0,3414.6978025705926,75.17375,96.38,9.43,86.94999999999999,20.410542632264296,34.5014231590524,86.94999999999999,0.27151156663415477,996.1495833333333,3791.2775,0.0,3791.2775,1410.7461762712487,7701.143645833334,12994.975,2564.41,10430.565,4092.705302339627,,6,1,9
2024-09-30,27188.4375,33877.5,17812.0,16065.5,5713.935229869281,75.03125,112.93,10.59,102.34,32.860597035050965,22.009892797385003,102.34,0.4379588109627783,618.828125,2355.6175,0.0,2355.6175,878.5378877418788,8776.4440625,12400.91,6680.2125,5720.6975,1957.232583624385,,0,0,9
2024-10-01,27300.770833333332,33750.0,18779.0,14971.0,5084.918991657684,75.39083333333333,106.72,41.01,65.71000000000001,20.557465568004975,23.69754447797735,65.71000000000001,0.2726785825156238,1090.8626041666666,3887.835,0.0,3887.835,1503.533911455427,9693.985208333334,10472.6575,8647.5475,1825.1099999999988,522.0344529078327,,1,0,10
2024-10-02,27398.625,34688.0,19618.0,15070.0,4678.794438393199,75.10458333333334,107.26,38.52,68.74000000000001,19.992772167692888,14.257393069662369,68.74000000000001,0.26619909571909683,1328.9339583333333,4754.755,0.0,4754.755,1829.70298731134,8044.844583333333,8657.8325,6550.9825,2106.8500000000004,421.9246237659481,,2,0,10
2024-10-03,26951.0,34280.5,20511.0,13769.5,4335.92074620735,91.4175,121.54,72.08,49.46000000000001,14.204800551069074,17.14662982296271,49.46000000000001,0.15538382203701775,2029.8430208333332,7435.1975,0.0,7435.1975,2833.5388291520703,3578.3729166666667,5804.860000000001,2653.155,3151.7050000000004,878.3164100374784,,3,0,10
2024-10-04,25821.270833333332,32936.5,20126.5,12810.0,3985.0462710181655,85.30333333333333,112.49,67.81,44.67999999999999,13.045191240175576,17.347836011610053,44.67999999999999,0.1529270982787962,1929.8496875,7415.875,0.0,7415.875,2749.333876307321,5953.2811458333335,7442.9875,4864.1275000000005,2578.8599999999997,840.0377080394958,,4,0,10
2024-10-05,22261.333333333332,29170.0,18503.0,10667.0,3321.0238457526875,60.6975,94.68,20.06,74.62,23.83919758096627,24.839980350425478,74.62,0.39275419219846386,2081.628125,8050.82,0.0,8050.82,2990.80989490053,8654.3828125,12239.555,6539.077499999999,5700.477500000001,2023.869266649323,,5,1,10
2024-10-06,24571.395833333332,32230.5,17484.0,14746.5,4755.954009767691,70.1725,110.53,24.4,86.13,26.99266313359018,16.16616160232175,86.13,0.3846615573563743,551.0401041666667,2232.4,0.0,2232.4,815.573138654545,10372.734791666668,12154.87,7825.7775,4329.092500000001,1487.7424504411097,,6,1,10
2024-10-07,27264.854166666668,34902.0,19447.5,15454.5,4802.8342684728,93.27375,126.92,66.23,60.69,16.605531507013993,16.8101477288769,60.69,0.17803006212373795,1522.9948958333334,5888.9825,0.0,5888.9825,2203.568906167319,5465.591354166667,7765.475,3043.15,4722.325000000001,1797.875927146389,,0,0,10
2024-10-08,27127.770833333332,33799.5,20067.5,13732.0,4682.885528081198,92.2625,120.96,68.54,52.41999999999999,13.865348190174762,19.999252247926425,52.41999999999999,0.15028151405148096,1116.9793750000001,4383.2475,0.0,4383.2475,1648.3992769027823,6311.030104166667,8923.705,3623.31,5300.395,1535.3387538446768,,1,0,10
2024-10-09,26796.916666666668,32902.5,19165.5,13737.0,4787.508039876702,82.03125,110.93,36.62,74.31,17.98921520208584,27.98465523409979,74.31,0.21929709960637986,1005.0341666666667,3923.3125,0.0,3923.3125,1467.1373642806245,9641.773854166668,12751.0275,7858.5375,4892.49,1768.561518260764,,2,0,10
2024-10-10,27861.104166666668,35895.5,19364.0,16531.5,5113.345475915826,79.8225,119.75,34.88,84.87,23.589871675195138,17.03836637038388,84.87,0.2955291011330783,1508.3101041666666,5807.8425,0.0,5807.8425,2174.8874978217236,8897.541458333333,12276.0,6376.6975,5899.3025,1841.5410627194879,,3,0,10
2024-10-11,27635.4375,34411.5,21397.5,13014.0,4212.801459507468,88.91000000000001,126.13,71.6,54.53,15.545660655546014,19.31790509198286,54.53,0.17484715617530103,2083.984479166667,8150.995,0.0,8150.995,3029.6735821578186,5809.6925,7105.605,4621.555,2484.0499999999993,872.229233900188,,4,0,10
2024-10-12,24435.916666666668,29950.0,19454.0,10496.0,3315.94354617947,73.10958333333333,99.16,29.29,69.87,16.614825092739277,27.138589902660062,69.87,0.2272591955145773,1250.3207291666665,4858.725,0.0,4858.725,1832.4373757727885,10971.132395833332,14087.2925,7225.2325,6862.0599999999995,2456.116424745277,,5,1,10
2024-10-13,26333.6875,34650.0,18569.0,16081.0,5244.358417701369,83.18083333333333,131.06,26.67,104.39,29.754581366889372,20.408779740008736,104.39,0.3577095849431184,959.4939583333334,3917.42,0.0,3917.42,1436.5083579229756,5791.289375,13493.8375,1852.245,11641.592499999999,4152.17131488161,,6,1,10
2024-10-14,29453.3125,37000.5,20472.0,16528.5,5579.740999935276,96.22791666666666,132.82,75.17,57.64999999999999,17.054234200534086,22.36946835053784,57.64999999999999,0.17722751142591944,1279.835,5141.4175000000005,0.0,5141.4175000000005,1903.74773289368,3541.986041666667,5777.045,2810.9975,2966.0475,843.2831536084053,,0,0,10
2024-10-15,28415.395833333332,35371.0,20345.0,15026.0,5258.539309871148,80.78916666666667,113.84,18.77,95.07000000000001,21.78309773887657,35.752910371045324,95.07000000000001,0.2696289445434297,616.5629166666666,2494.6400000000003,0.0,2494.6400000000003,924.786345173513,10296.8646875,13396.695,6245.525,7151.17,2074.712856282678,,1,0,10
2024-10-16,28662.270833333332,36209.5,19020.5,17189.0,5712.053319952632,78.46291666666666,127.14,15.12,112.02,33.310068915017105,19.328605251087836,112.02,0.424532636946546,485.5742708333333,1926.3575,0.0,1926.3575,734.3775308106176,9886.570520833333,13178.565,6687.13,6491.435,2429.420111360558,,2,0,10
2024-10-17,27117.583333333332,34619.0,20282.0,14337.0,4372.291013890193,92.11541666666666,148.63,66.58,82.05,20.407181595908973,25.977964288439324,82.05,0.22153926383197492,1607.9801041666667,6382.6425,0.0,6382.6425,2394.5812848441383,4891.408229166666,6829.8225,3153.6075,3676.215,1105.905434128052,,3,0,10
2024-10-18,25988.25,32089.5,20009.5,12080.0,4112.791319138694,84.01958333333333,112.59,49.38,63.21,15.59540386004707,23.59548594843634,63.21,0.18561629612200017,1461.279375,6191.39,0.0,6191.39,2242.6536987972395,6961.500520833334,9956.27,3390.04,6566.2300000000005,2153.3222993906998,,4,0,10
2024-10-19,24521.229166666668,31661.5,18882.0,12779.5,3920.9569344938973,78.88041666666666,123.03,41.45,81.58,21.528610787218394,16.080663780424224,81.58,0.27292719406128546,1337.9338541666668,5589.74,0.0,5589.74,2039.0054136558647,6401.603333333333,8717.545,3713.6375,5003.9075,1986.1442241989478,,5,1,10
2024-10-20,22472.770833333332,29536.0,16579.0,12957.0,4232.937688864315,57.814166666666665,103.08,-5.46,108.53999999999999,27.991926773495848,43.673237691705296,108.53999999999999,0.48417072125048677,500.9817708333333,2508.04,0.0,2508.04,815.5249552190559,12811.605416666665,14508.7625,5947.389999999999,8561.372500000001,2601.9879840623234,,6,1,10
2024-10-21,26923.145833333332,34991.5,16201.5,18790.0,6208.039446659969,55.507083333333334,104.14,-5.16,109.3,34.6793826081104,20.6106159654725,109.3,0.6247740022629616,936.6121875,3855.2675,0.0,3855.2675,1410.886951205408,11594.836458333333,13789.955,10191.6175,3598.3374999999996,1335.8065511377229,,0,0,10
2024-10-22,27751.9375,35792.5,19509.0,16283.5,5044.410034260695,80.92833333333333,131.87,35.96,95.91,25.24216721672491,17.458153641534622,95.91,0.31190766171787676,1476.3179166666666,5882.41,0.0,5882.41,2199.2131133148296,7008.970729166667,10236.1875,4152.7425,6083.445,2167.191892724551,,1,0,10
2024-10-23,27763.6875,35832.5,20198.5,15634.0,5078.7715966271335,92.42750000000001,124.5,63.47,61.03,14.578242647714855,17.707414508375503,61.03,0.15772624649281708,1131.7398958333333,4696.015,0.0,4696.015,1731.7737517040214,7270.8240625,10138.83,5104.9175,5033.9125,1510.3589030560445,,2,0,10
2024-10-24,26918.875,35236.5,18786.0,16450.5,4766.936636534949,77.52291666666666,115.23,48.29,66.94,19.542668474985415,12.923591384971704,66.94,0.252088921770256,1407.5632291666668,5758.38,0.0,5758.38,2136.511148638415,9892.186354166666,11069.1125,5693.282499999999,5375.83,1356.9103577198791,,3,0,10
2024-10-25,28545.375,34860.5,20628.5,14232.0,4861.923859351402,103.47208333333333,157.91,83.27,74.64,20.15152189293526,26.290830739107136,74.64,0.1947532246743068,734.8644791666667,2998.51,0.0,2998.51,1120.388848821747,2722.373541666667,4798.200000000001,1925.67,2872.5300000000007,696.5316129666415,,4,0,10
2024-10-26,24873.083333333332,31322.5,19698.5,11624.0,3421.6497249981194,90.49458333333332,117.89,74.82,43.07000000000001,11.60050297978747,15.05563618557453,43.07000000000001,0.12819002588317868,1047.5455208333333,4366.295,0.0,4366.295,1613.1656360877316,5275.127604166667,7694.87,2771.625,4923.245,1760.2646952322934,,5,1,10
2024-10-27,24099.645833333332,33238.0,17913.0,15325.0,4584.543587067421,83.78010416666667,123.08,62.64,60.44,16.44895289516549,20.793514556684446,60.44,0.19633483460993337,1670.7434375,7021.405,0.0,7021.405,2573.702020405437,7051.657552083333,10153.2375,4959.1225,5194.114999999999,1582.0732371502686,,6,1,10
2024-10-28,28262.729166666668,36963.0,17940.5,19022.5,6380.8561882555605,99.40416666666665,166.7,47.87,118.82999999999998,30.804181663712708,30.282747956708363,118.82999999999998,0.30988823403156524,413.6933333333333,1739.13,0.0,1739.13,653.2679035486774,6796.042916666666,10426.73,3077.215,7349.514999999999,2672.94597914919,,0,0,10
2024-10-29,28793.0625,37058.5,20078.5,16980.0,5394.849567376234,109.71625,165.28,90.52,74.76,22.189525302542506,31.5298825001964,74.76,0.2022446565804291,750.9844791666666,3268.495,0.0,3268.495,1190.2897245763545,2691.3065625,3225.2,1482.765,1742.4349999999997,555.0083488883461,,1,0,10
2024-10-30,29171.479166666668,37013.5,20947.0,16066.5,5201.396136739272,110.33625,173.51,86.36,87.14999999999999,25.52624034588039,37.63879501891882,87.14999999999999,0.23134953694620214,945.3552083333334,4253.7975,0.0,4253.7975,1510.6479046033737,1644.5759375,4114.62,799.0475,3315.5724999999998,1032.4664353818557,,2,0,10
2024-10-31,28524.4375,36755.5,19944.5,16811.0,5291.114188393552,91.89791666666667,134.21,78.25,55.96000000000001,15.473481376399977,21.983689191675502,55.96000000000001,0.1683768461533856,864.8673958333334,3850.65,0.0,3850.65,1378.2990819739991,5654.1940625,6437.965,4256.094999999999,2181.870000000001,690.7948865067048,,3,0,10
2024-11-01,28576.625,35898.0,19704.0,16194.0,5151.5938611057645,99.08999999999999,168.15,76.99,91.16000000000001,24.064499561188363,33.30753261007832,91.16000000000001,0.24285497589250543,834.3554166666667,3697.8975,0.0,3697.8975,1329.6516535292133,4145.353854166667,6441.094999999999,1450.775,4990.32,1981.9019960938138,,4,0,11
2024-11-02,26627.895833333332,33763.0,20065.0,13698.0,4286.054841954632,90.50166666666667,116.47,80.6,35.870000000000005,9.328199260804597,12.924691393570999,35.870000000000005,0.10307212678371956,457.47718749999996,2063.71,0.0,2063.71,740.4955331318436,3280.80125,3891.8725,2010.5325,1881.34,455.0009473807625,,5,1,11
2024-11-03,26816.979166666668,35498.5,19247.5,16251.0,5213.224683185368,95.18833333333333,139.91,78.83,61.08,15.04663263402109,20.624564410984693,61.08,0.15807223540021806,641.2923958333333,2924.19,0.0,2924.19,1032.6136136489752,1619.0284375,2611.445,1158.375,1453.0700000000002,359.5432470304848,,6,1,11
2024-11-04,30547.729166666668,39048.5,20517.5,18531.0,6339.454223146753,99.585,138.82,80.59,58.22999999999999,16.410124923351443,21.361888515587307,58.22999999999999,0.16478510742934618,615.0084375,2875.2275,0.0,2875.2275,1005.778894445962,1625.7464583333333,2019.5775,1142.555,877.0225,233.6227422820128,,0,0,11
2024-11-05,30615.166666666668,38707.5,21460.0,17247.5,5742.417220668651,107.96333333333332,179.72,81.95,97.77,28.03181758469203,39.130119686331994,97.77,0.2596420165922878,637.9936458333333,2969.5675,0.0,2969.5675,1053.142204427907,1308.9682291666666,2314.765,931.47,1383.2949999999998,465.5715701644261,,1,0,11
2024-11-06,30467.604166666668,38414.0,21109.0,17305.0,5748.928582559815,100.01375,161.97,78.5,83.47,21.722387532421383,31.106426682478038,83.47,0.21719401114768092,513.5420833333334,2393.2375,0.0,2393.2375,850.6392526511493,2258.655,3294.2325,1805.9675,1488.265,507.1971844094032,,2,0,11
2024-11-07,30244.833333333332,37717.0,20795.5,16921.5,5708.9178554004575,103.37583333333333,156.21,80.02,76.19000000000001,20.834264819755703,28.820795650098926,76.19000000000001,0.2015390265592929,431.15083333333337,1997.6,0.0,1997.6,712.3104544637862,4792.2326041666665,6350.56,3203.2925,3147.2675000000004,1126.2673836619804,,3,0,11
2024-11-08,30511.0,38223.5,21229.5,16994.0,5738.62890759896,101.55916666666667,158.29,76.78,81.50999999999999,21.730687961391425,28.593310906074315,81.50999999999999,0.21397071947936513,408.929375,1933.0675,0.0,1933.0675,686.8733812242073,3953.9827083333334,5407.2475,2186.2075,3221.0400000000004,694.0903539231724,,4,0,11
2024-11-09,28996.9375,36248.0,21937.0,14311.0,4634.06951710936,100.39625,148.52,83.62,64.9,15.5876968799672,22.703638789535777,64.9,0.1552617441385231,343.6175,1691.56,0.0,1691.56,593.5941550818056,1573.0286458333333,2071.335,1206.89,864.4449999999999,269.44860792658704,,5,1,11
2024-11-10,27975.8125,36941.5,20430.5,16511.0,5193.853072147339,93.53875,123.02,79.25,43.769999999999996,10.937464260811176,16.863417859519522,43.769999999999996,0.11692976719072228,434.316875,2138.705,0.0,2138.705,739.6670425093931,4049.2881250000005,8789.43,1948.1225,6841.307500000001,2241.633593665718,,6,1,11
2024-11-11,29907.458333333332,39392.0,20092.0,19300.0,6203.668003192999,91.41708333333332,130.78,64.55,66.23,16.76070079451299,16.456782651481255,66.23,0.18334320220432532,984.9915625,4624.21,0.0,4624.21,1644.6692297096406,8332.939375,9880.265,7275.495,2604.7699999999995,865.4415469835288,,0,0,11
2024-11-12,31075.104166666668,39793.5,22197.5,17596.0,5604.537222448253,105.46749999999999,177.97,82.03,95.94,23.596918415243387,32.420389381052324,95.94,0.2237363966647866,766.6485416666666,3781.62,0.0,3781.62,1293.4923880004753,5590.21625,7200.1900000000005,3828.675,3371.5150000000003,1175.2312033757628,,1,0,11
2024-11-13,31283.541666666668,39295.0,22617.0,16678.0,5420.47448572192,108.01833333333333,170.9,87.09,83.81,21.635081146875415,30.918841304600164,83.81,0.20029082544823018,809.0143750000001,4028.0775,0.0,4028.0775,1385.2021948738343,3768.0789583333335,5125.75,2994.185,2131.565,670.1030321147722,,2,0,11
2024-11-14,31397.4375,39364.5,22032.0,17332.5,5685.908036755927,112.04458333333334,166.33,83.87,82.46000000000001,23.24010813025183,28.387033928152796,82.46000000000001,0.20741839934477124,509.69593750000007,2552.1725,0.0,2552.1725,883.8285304678277,4193.466354166667,5919.8025,2402.2,3517.6025,1255.338096112172,,3,0,11
2024-11-15,30056.916666666668,37392.5,22260.0,15132.5,4801.910187547802,98.60416666666667,121.27,83.08,38.19,10.467241203191845,14.874590190433244,38.19,0.10615414700046664,634.7403125,3150.6025,0.0,3150.6025,1086.2221458502381,6536.5165625,10704.0,2412.925,8291.075,2916.7705405707184,,4,0,11
2024-11-16,27518.520833333332,34666.0,20200.0,14466.0,4553.76717072791,87.25583333333333,104.97,74.04,30.929999999999993,7.819779779322528,10.032010195939215,30.929999999999993,0.08961899142547328,429.3519791666667,2173.21,0.0,2173.21,743.8491415727163,11170.606458333334,12891.7775,10176.2025,2715.5750000000007,962.7939572252834,,5,1,11
2024-11-17,27780.395833333332,37402.5,19437.0,17965.5,5773.7913378118,85.44833333333334,118.56,47.05,71.51,20.176036726052374,12.042605911631247,71.51,0.2361197221641036,757.3352083333334,3855.07,0.0,3855.07,1308.1055600740692,10187.750729166666,12772.085,7758.754999999999,5013.33,1628.0794332679702,,6,1,11
2024-11-18,32708.5,41836.5,22085.0,19751.5,6884.325856610798,112.17125,153.54,84.59,68.94999999999999,20.44258222277172,22.476557946955673,68.94999999999999,0.18224440061755326,374.0275,1949.505,0.0,1949.505,661.5047995972647,5100.717291666667,7638.9375,2998.7925,4640.145,1653.3058099845775,,0,0,11
2024-11-19,33322.25,41646.0,22568.0,19078.0,6663.867381503091,103.60708333333334,125.99,85.97,40.019999999999996,12.800618014688625,15.182938733045958,40.019999999999996,0.12354964161577076,553.6658333333334,2827.2975,0.0,2827.2975,965.4340453908898,9944.1925,13098.0175,6174.7825,6923.235,2392.215144867555,,1,0,11
2024-11-20,34233.645833333336,42678.5,24200.0,18478.5,6224.0190190540925,96.35291666666666,125.46,76.21,49.25,13.20633888613201,14.426078073108714,49.25,0.13706216005706803,1130.3117708333332,5479.675,0.0,5479.675,1924.0149192392328,12628.353020833332,13223.22,10631.7525,2591.467499999999,550.2240703157947,,2,0,11
2024-11-21,35685.875,43907.0,25566.0,18341.0,6467.91271897027,103.8075,131.2,84.26,46.93999999999998,14.296285090585746,16.801827990118348,46.93999999999998,0.1377191926458661,702.8333333333334,3483.615,0.0,3483.615,1211.1560425625132,10503.468645833333,13637.37,8188.99,5448.380000000001,1985.206900471144,,3,0,11
2024-11-22,34783.354166666664,43029.0,24850.5,18178.5,6109.409477403737,104.94833333333332,146.76,77.71,69.05,18.700611398204778,18.116377226408282,69.05,0.17818874110948038,1070.945625,5363.5025000000005,0.0,5363.5025000000005,1849.7801253654109,8780.823333333334,13412.165,3753.885,9658.28,3325.773875757738,,4,0,11
2024-11-23,29978.854166666668,36960.5,22265.0,14695.5,4690.274091553172,91.92666666666668,112.93,42.1,70.83000000000001,13.660773950532096,24.11440055829118,70.83000000000001,0.14860512673724086,55.675000000000004,288.47,0.0,288.47,97.09708195644463,12537.810416666667,15271.795,4281.685,10990.11,3551.9682457687136,,5,1,11
2024-11-24,25364.875,34432.0,17633.0,16799.0,5492.225119776534,63.338750000000005,111.29,-4.55,115.84,35.82976153162401,39.640641482484305,115.84,0.5656846958871782,202.28854166666667,1100.2825,0.0,1100.2825,363.40087654526616,14589.616979166667,14825.31,14390.005,435.3050000000003,125.84015291358624,,6,1,11
2024-11-25,28839.333333333332,38259.5,18621.5,19638.0,6430.025634992961,43.54541666666666,106.92,-5.93,112.85,34.14079097669667,28.147772389235183,112.85,0.7840271971224682,825.8803125,4288.6875,0.0,4288.6875,1462.7832123055307,14596.441354166667,15073.865,13728.775,1345.0900000000001,429.7531065762586,,0,0,11
2024-11-26,32284.979166666668,41777.0,21911.5,19865.5,6580.347591386044,99.83999999999999,155.02,42.13,112.89000000000001,34.87911708595348,19.602568466305357,112.89000000000001,0.3493501310692457,980.1563541666668,5069.2475,0.0,5069.2475,1732.9019129897304,6500.134166666667,13366.28,1366.15,12000.130000000001,3992.6478621463707,,1,0,11
2024-11-27,33990.833333333336,42157.0,23409.5,18747.5,6233.944946937635,113.42833333333334,148.63,96.96,51.67,13.801195180338443,19.673534555457017,51.67,0.12167326076969401,366.3847916666667,1961.665,0.0,1961.665,659.4462060270215,5692.764270833333,7531.165,1494.6725,6036.4925,1947.2669580899121,,2,0,11
2024-11-28,34859.208333333336,42348.0,25827.5,16520.5,5802.504781326667,111.04,144.36,86.81,57.55000000000001,16.01879412494559,21.369659176817322,57.55000000000001,0.14426147446816992,758.8704166666666,3988.115,0.0,3988.115,1351.565558645077,5846.184166666667,9709.365,3653.05,6056.315,1780.9386871365034,,3,0,11
2024-11-29,31827.333333333332,39131.0,23143.5,15987.5,5334.661823898711,88.50458333333334,112.09,70.37,41.72,11.398931292075115,13.914338955603643,41.72,0.12879481336173876,652.9353125,3465.96,0.0,3465.96,1166.7903044189388,13288.511770833333,14720.765,10270.75,4450.014999999999,1327.671003172039,,4,0,11
2024-11-30,27546.104166666668,34135.0,21288.0,12847.0,4220.014009298729,90.74166666666667,118.75,57.33,61.42,17.304425085400318,17.984336438769592,61.42,0.19069988155459994,266.2759375,1387.6875,0.0,1387.6875,478.6524603559345,11622.366770833332,13906.39,9950.7475,3955.6425,1211.8134466820793,,5,1,11
2024-12-01,27090.6875,35950.5,18529.0,17421.5,5696.762308563676,78.15291666666667,121.15,14.08,107.07000000000001,35.69565598697662,11.56252670524583,107.07000000000001,0.45674118778219985,246.77583333333334,1368.27,0.0,1368.27,451.39051568679724,12594.709687499999,13757.355,10946.605,2810.75,1145.668285369397,,6,1,12
2024-12-02,31144.770833333332,39805.0,20532.0,19273.0,6540.978875651642,104.58875,133.95,80.25,53.69999999999999,13.58883119154013,15.40495127579196,53.69999999999999,0.12992631799825627,451.40552083333336,2455.515,0.0,2455.515,811.380939534361,10768.730625,12540.7575,7739.9125,4800.844999999999,1368.8872292254575,,0,0,12
2024-12-03,33937.166666666664,42211.0,24115.5,18095.5,6278.151918717223,110.78625,147.03,86.05,60.980000000000004,17.959063791929935,20.724970790949584,60.980000000000004,0.16210553017120746,554.6570833333334,3039.8275,0.0,3039.8275,1014.4596365817731,5060.388333333333,7094.9400000000005,3977.5025,3117.4375000000005,874.6061631586788,,1,0,12
2024-12-04,33085.166666666664,40106.5,23858.0,16248.5,6104.1354222873515,107.29458333333334,135.9,69.23,66.67,18.957310848362678,24.876512827890316,66.67,0.17668469609008852,470.92614583333335,2581.2275,0.0,2581.2275,861.3449892436232,7808.361458333333,15511.22,3859.3525,11651.8675,3777.150996425667,,2,0,12
2024-12-05,30857.666666666668,38373.5,21255.5,17118.0,6224.034338696676,98.24458333333332,135.06,63.72,71.34,22.857817990724776,21.64467348971081,71.34,0.2326623739974616,191.923125,1103.81,0.0,1103.81,362.1439977129038,13405.913645833332,15619.93,10778.3025,4841.6275000000005,1554.732855605743,,3,0,12
2024-12-06,30751.604166666668,38572.0,20813.5,17758.5,6514.033444567074,99.49624999999999,138.67,44.14,94.52999999999999,25.426932454028723,30.526455037276392,94.52999999999999,0.2555566913730791,513.4507291666666,2926.885,0.0,2926.885,952.2119234258679,11808.857083333334,15462.5,6420.0075,9042.4925,3350.4461523798736,,4,0,12
2024-12-07,28165.729166666668,35680.5,20031.0,15649.5,5429.7797676916925,70.61625,103.21,26.79,76.41999999999999,25.492078533042037,22.00975898269199,76.41999999999999,0.36099450952212897,138.76270833333334,716.8,0.0,716.8,245.68119879371227,14169.747291666667,15377.48,11529.46,3848.0200000000004,1165.8904147884598,,5,1,12
2024-12-08,27942.604166666668,37331.5,19131.5,18200.0,6056.308622418603,61.221666666666664,99.76,15.61,84.15,28.726806851511675,17.045027064192286,84.15,0.46922614844709126,278.4192708333333,1498.34,0.0,1498.34,501.66643106212337,14700.395833333334,15260.58,13175.9475,2084.6324999999997,595.2192826267377,,6,1,12
2024-12-09,32901.520833333336,41489.5,21543.0,19946.5,7079.979650976601,97.47833333333334,137.59,54.87,82.72,25.2030030416782,18.540849880351093,82.72,0.25854979439887354,343.7230208333333,1854.47,0.0,1854.47,619.2578113187888,10784.083958333335,12781.075,9057.465,3723.6100000000006,953.5825512128849,,0,0,12
2024-12-10,34471.770833333336,43071.0,23264.5,19806.5,6776.069002746495,109.33916666666666,147.93,81.23,66.7,19.218707579192017,20.392588055934592,66.7,0.1757714839530698,277.54291666666666,1580.7775,0.0,1580.7775,520.920317079837,7368.25125,8839.515,4883.685,3955.829999999999,1078.7098766340398,,1,0,12
2024-12-11,35491.729166666664,43020.5,25104.5,17916.0,6348.656168963712,159.83124999999998,217.5,89.64,127.86,51.81759322792582,48.82261341788649,127.86,0.3242018893547151,234.73979166666666,1311.0,0.0,1311.0,436.3495092102181,3114.5153125,4645.845,1920.4975,2725.3475000000003,788.1197432967167,,2,0,12
2024-12-12,35244.604166666664,42891.5,25450.0,17441.5,6140.359943739252,164.07916666666668,217.5,96.38,121.12,51.35539825286282,50.702154739597525,121.12,0.3129915838565498,168.14447916666666,956.81,0.0,956.81,312.0474163584229,2064.429166666667,2352.91,1904.39,448.51999999999975,166.20020967827173,,3,0,12
2024-12-13,34724.854166666664,41249.5,25079.0,16170.5,6018.986622924031,182.46666666666667,283.6,85.47,198.13000000000002,76.92956726019314,82.8557488306376,198.13000000000002,0.4216088815867362,178.719375,1035.955,0.0,1035.955,334.8513382719668,2506.6600000000003,5100.2675,1952.385,3147.8824999999997,822.3752386069958,,4,0,12
2024-12-14,30153.5625,38034.5,23184.0,14850.5,4429.092326073191,97.34708333333333,146.64,70.63,76.00999999999999,20.02924372428142,28.93421265396317,76.00999999999999,0.20575083544822612,582.5202083333334,3236.695,0.0,3236.695,1083.7333823167858,9051.018333333333,12458.2825,5536.57,6921.7125,1754.4791208506601,,5,1,12
2024-12-15,26919.520833333332,35542.0,20088.5,15453.5,4709.026158160812,66.22791666666667,102.25,14.52,87.73,24.682726573925912,30.70899526972821,87.73,0.3726936889492861,209.57854166666667,1188.685,0.0,1188.685,393.9246761078745,14344.144270833334,15667.285,12791.14,2876.1450000000004,775.032310279664,,6,1,12
2024-12-16,30018.916666666668,38462.0,18931.0,19531.0,6631.44388118269,61.23374999999999,100.62,14.04,86.58000000000001,28.587501192943076,15.282620225353398,86.58000000000001,0.4668585737921175,276.29239583333333,1611.4925,0.0,1611.4925,520.8466106314205,15023.571458333334,15616.605,12606.8825,3009.7225,695.2668454590092,,0,0,12
2024-12-17,31316.854166666668,38503.0,22470.0,16033.0,5998.580990677797,83.85291666666667,115.97,19.32,96.65,22.179635485138682,30.403239958925422,96.65,0.26450642824157794,122.27364583333333,702.76,0.0,702.76,229.49526913753672,12477.198854166667,16270.9925,8231.807499999999,8039.185000000001,3039.909759902599,,1,0,12
2024-12-18,29624.729166666668,38847.0,19306.5,19540.5,6426.284728565221,65.85875,119.89,4.49,115.4,36.27915347180023,19.54864591583921,115.4,0.5508630739544895,364.21739583333334,2249.3775,0.0,2249.3775,710.0065569597255,13994.3275,16152.32,8492.0625,7660.2575,2834.011276149573,,2,0,12
2024-12-19,31102.604166666668,39764.5,20926.0,18838.5,6047.549911685699,69.97166666666666,104.51,21.5,83.01,23.752760693858512,15.728955101068452,83.01,0.3394625542794729,674.05375,3641.3025,0.0,3641.3025,1231.0620973348846,14393.327083333332,15483.0325,12212.78,3270.2524999999987,1080.5574842251738,,3,0,12
2024-12-20,31592.479166666668,38318.0,23018.0,15300.0,5191.923599456233,69.96833333333333,97.89,29.85,68.03999999999999,21.25922831162498,21.939370568737406,68.03999999999999,0.3038407133459181,253.35541666666666,1454.3275,0.0,1454.3275,472.9750307332316,14452.124791666667,15952.765,12375.24,3577.5249999999996,1175.9955254499125,,4,0,12
2024-12-21,26728.125,33587.5,19668.0,13919.5,4250.056327631844,42.312083333333334,88.49,2.15,86.33999999999999,27.634451085110456,32.37099752791658,86.33999999999999,0.6531101498219095,195.51666666666665,1157.7375,0.0,1157.7375,369.7262891790965,15929.376145833334,16534.645,14442.565,2092.08,779.8929375889213,,5,1,12
2024-12-22,26015.729166666668,34408.0,18819.0,15589.0,4903.4764752189185,23.513333333333332,65.38,-2.72,68.1,20.84812715322653,24.06116194795493,68.1,0.8866512823884264,497.3490625,2746.17,0.0,2746.17,915.6357876137964,16032.014166666666,16284.6325,15720.3475,564.2849999999999,190.1339707252022,,6,1,12
2024-12-23,31084.083333333332,39611.0,20311.5,19299.5,6770.6861007849375,61.98708333333334,125.57,-1.34,126.91,39.640707390604625,25.408640543832973,126.91,0.6394994772933279,454.2241666666667,2525.55,0.0,2525.55,837.9894299688349,10216.203645833333,15708.52,6618.9175,9089.6025,3256.670710878854,,0,0,12
2024-12-24,27890.333333333332,34313.0,20253.0,14060.0,4638.87575554275,67.365,91.66,37.52,54.13999999999999,15.231154856440453,11.287010022060553,54.13999999999999,0.2260989364869064,241.78239583333334,1360.6175,0.0,1360.6175,449.11492956526456,10329.101145833332,11852.5,8691.04,3161.459999999999,966.7609792053668,,1,0,12
2024-12-25,23971.416666666668,29702.0,17856.0,11846.0,3844.9446359633325,74.40041666666666,93.62,39.47,54.150000000000006,18.585532119545746,6.986938835120386,54.150000000000006,0.24980414024848538,283.6154166666667,1555.865,0.0,1555.865,524.8330769063971,8310.823645833332,8895.105,6328.36,2566.745,676.3729029613149,,2,0,12
2024-12-26,25431.458333333332,31611.0,18528.0,13083.0,4479.904936192155,103.6375,124.69,83.02,41.67,12.444762911082051,8.983129956174716,41.67,0.12007972896955303,219.0246875,1230.3075,0.0,1230.3075,410.108107290489,3191.583020833333,5868.45,1910.935,3957.515,957.4987912561845,,3,0,12
2024-12-27,28883.041666666668,35919.0,20559.0,15360.0,5264.637022288362,109.54166666666667,140.9,95.3,45.60000000000001,11.16408553340136,15.36167727077447,45.60000000000001,0.10191633807593478,207.35208333333333,1135.37,0.0,1135.37,383.21746672068434,2718.5394791666668,3979.31,1882.7425,2096.5675,639.8812250272546,,4,0,12
2024-12-28,28306.916666666668,35434.5,21152.0,14282.5,4544.667533797566,103.77583333333332,121.49,91.68,29.809999999999988,7.489690837449813,11.23000508840998,29.809999999999988,0.07217182071082523,234.92427083333334,1336.9525,0.0,1336.9525,438.4022402946512,5271.7768750000005,7799.74,3083.635,4716.105,1629.0048484786603,,5,1,12
2024-12-29,26054.0625,33199.0,19372.0,13827.0,4390.452421256289,77.0025,106.6,50.55,56.05,13.874920524645084,20.927334369420393,56.05,0.1801879227901053,447.2444791666667,2330.99,0.0,2330.99,804.3791128755292,11695.709791666668,13509.295,7960.635,5548.66,1966.7771047184078,,6,1,12
2024-12-30,27026.9375,35437.5,18725.0,16712.5,5265.067765186967,75.74916666666667,116.09,29.54,86.55000000000001,27.281005323288134,18.34022511156443,86.55000000000001,0.3601492468338019,398.3807291666667,2116.23,0.0,2116.23,723.4044757435524,13772.930416666668,14625.48,12873.965,1751.5149999999994,573.5771515353499,,0,0,12
