dtcet,demand_National Demand Outturn (INDO) - GB (MW),demand_National Demand Forecast (NDF) - GB (MW),price_Price average forecast ECMWF ENS United Kingdom day-ahead (£/MWh),wind_wind_fc_p10_meteo_mw,wind_wind_fc_meteo_mw,wind_wind_fc_p90_meteo_mw,wind_wind_installed_capacity_mw,solar_solar_fc_p10_meteo_mw,solar_solar_fc_meteo_mw,solar_solar_fc_p90_meteo_mw,solar_solar_installed_capacity_mw
2024-03-01 00:00:00+01:00,26186.5,25562.5,60.03,2414.365,4071.0575,5727.745,25583.0,0.0,0.0,0.0,15905.0
2024-03-01 01:00:00+01:00,25558.0,25850.0,57.46,2119.045,4205.85,6292.65,25583.0,0.0,0.0,0.0,15905.0
2024-03-01 02:00:00+01:00,25092.0,25105.5,54.89,2089.9275,4629.255,7168.58,25583.0,0.0,0.0,0.0,15905.0
2024-03-01 03:00:00+01:00,24154.5,24051.0,51.38,2569.1575000000003,5108.91,7648.66,25583.0,0.0,0.0,0.0,15905.0
2024-03-01 04:00:00+01:00,23527.5,23176.5,51.32,3274.0525,5581.7225,7889.395,25583.0,0.0,0.0,0.0,15905.0
2024-03-01 05:00:00+01:00,22990.5,22716.0,50.74,3661.9725,6001.195,8340.41,25583.0,0.0,0.0,0.0,15905.0
2024-03-01 06:00:00+01:00,23814.0,23924.5,54.78,4118.9825,6575.6225,9032.2625,25583.0,0.0,0.0,0.0,15905.0
2024-03-01 07:00:00+01:00,28044.5,28035.5,64.36,4975.925,7431.84,9887.75,25583.0,14.9,19.0775,23.25,15905.0
2024-03-01 08:00:00+01:00,32431.5,32539.0,68.3,6254.66,8484.395,10714.135,25583.0,213.015,273.64,334.265,15905.0
2024-03-01 09:00:00+01:00,34791.0,34355.0,67.82,7522.21,9520.39,11518.57,25583.0,832.1575,1219.8125,1607.47,15905.0
2024-03-01 10:00:00+01:00,35476.5,35014.0,63.51,8262.3225,10176.5075,12090.6925,25583.0,1877.0025,2540.5775,3204.1575000000003,15905.0
2024-03-01 11:00:00+01:00,34978.5,34198.0,59.15,8351.135,10308.235,12265.33,25583.0,2939.0075,3701.895,4464.78,15905.0
2024-03-01 12:00:00+01:00,33931.0,33725.0,55.52,8163.672500000001,10233.4575,12303.244999999999,25583.0,3754.8925,4608.0475,5461.2025,15905.0
2024-03-01 13:00:00+01:00,33413.5,33214.0,54.32,7852.25,9958.41,12064.57,25583.0,4082.44,4881.795,5682.42,15905.0
2024-03-01 14:00:00+01:00,32245.5,32585.5,53.14,7327.025,9540.355,11753.685000000001,25583.0,3830.115,4459.3775,5088.6475,15905.0
2024-03-01 15:00:00+01:00,31834.5,32164.5,53.46,6836.1375,9157.99,11479.84,25583.0,3215.3975,3642.905,4070.4125,15905.0
2024-03-01 16:00:00+01:00,32598.0,32550.5,55.64,6388.0875,8576.045,10764.0025,25583.0,2087.245,2326.55,2566.07,15905.0
2024-03-01 17:00:00+01:00,34946.0,34722.5,64.7,5852.235000000001,7939.255,10026.275,25583.0,797.52,908.5175,1016.91,15905.0
2024-03-01 18:00:00+01:00,37615.5,37118.0,76.37,5327.96,7554.24,9780.515,25583.0,158.185,193.7125,223.935,15905.0
2024-03-01 19:00:00+01:00,38612.0,38659.5,80.17,5383.125,7618.655,9854.19,25583.0,1.435,2.785,3.3975,15905.0
2024-03-01 20:00:00+01:00,37551.0,37569.0,74.06,5734.525,7956.115,10177.705,25583.0,0.0,0.0,0.0,15905.0
2024-03-01 21:00:00+01:00,35312.5,35212.0,65.67,5807.59,8082.05,10356.51,25583.0,0.0,0.0,0.0,15905.0
2024-03-01 22:00:00+01:00,32711.0,32786.0,62.63,5486.2925,7852.5275,10218.76,25583.0,0.0,0.0,0.0,15905.0
2024-03-01 23:00:00+01:00,29470.0,29280.5,56.34,4453.895,6905.385,9356.869999999999,25583.0,0.0,0.0,0.0,15905.0
2024-03-02 00:00:00+01:00,26906.5,26807.0,58.62,3699.13,6003.4574999999995,8307.785,25583.0,0.0,0.0,0.0,15905.0
2024-03-02 01:00:00+01:00,26455.5,25950.0,57.62,3712.5825,5808.2525000000005,7903.92,25583.0,0.0,0.0,0.0,15905.0
2024-03-02 02:00:00+01:00,25858.0,25420.5,55.43,3500.7,5612.535,7724.365,25583.0,0.0,0.0,0.0,15905.0
2024-03-02 03:00:00+01:00,24915.5,24767.0,53.48,3371.46,5441.48,7511.5025,25583.0,0.0,0.0,0.0,15905.0
2024-03-02 04:00:00+01:00,23931.0,23679.5,53.28,3584.525,5465.8475,7347.17,25583.0,0.0,0.0,0.0,15905.0
2024-03-02 05:00:00+01:00,23249.0,22862.5,53.26,3725.025,5566.5375,7408.05,25583.0,0.0,0.0,0.0,15905.0
2024-03-02 06:00:00+01:00,23474.0,23183.5,57.27,3782.275,5688.0,7593.719999999999,25583.0,0.0,0.0,0.0,15905.0
2024-03-02 07:00:00+01:00,25165.5,25269.5,63.0,4057.485,6001.52,7945.555,25583.0,8.8125,18.572499999999998,19.68,15905.0
2024-03-02 08:00:00+01:00,27219.5,27618.5,64.64,4556.85,6477.8724999999995,8398.895,25583.0,233.5175,292.1325,341.715,15905.0
2024-03-02 09:00:00+01:00,29556.0,29777.0,65.09,4847.860000000001,6810.645,8773.43,25583.0,850.7925,1039.4375,1228.78,15905.0
2024-03-02 10:00:00+01:00,31194.5,31023.0,63.72,4954.79,6897.375,8839.96,25583.0,1562.0525,1944.8874999999998,2327.7225,15905.0
2024-03-02 11:00:00+01:00,31649.0,30850.0,60.97,5151.995,6985.18,8818.36,25583.0,2216.8725,2737.7625,3258.66,15905.0
2024-03-02 12:00:00+01:00,31577.0,30570.5,58.64,5415.87,7119.42,8822.975,25583.0,2805.3900000000003,3329.3625,3853.33,15905.0
2024-03-02 13:00:00+01:00,31748.5,30405.5,57.74,5522.535,7168.53,8814.5275,25583.0,3033.35,3562.73,4085.015,15905.0
2024-03-02 14:00:00+01:00,31229.0,29764.5,55.95,5487.375,7185.985,8884.595,25583.0,2780.1499999999996,3359.59,3939.0325000000003,15905.0
2024-03-02 15:00:00+01:00,30483.0,29500.0,55.16,5226.1175,7143.73,9061.34,25583.0,2179.5125,2756.69,3333.8675,15905.0
2024-03-02 16:00:00+01:00,30334.0,29979.5,56.54,4767.389999999999,6997.13,9226.86,25583.0,1490.79,1877.225,2263.66,15905.0
2024-03-02 17:00:00+01:00,32469.0,32214.0,64.38,4268.0325,6773.375,9278.7225,25583.0,678.2925,834.4625,990.6375,15905.0
2024-03-02 18:00:00+01:00,35702.0,34947.0,75.73,3759.935,6588.715,9417.494999999999,25583.0,127.855,167.07999999999998,206.31,15905.0
2024-03-02 19:00:00+01:00,37434.5,36148.0,80.1,3518.1425,6493.3375,9468.535,25583.0,1.885,3.76,5.9174999999999995,15905.0
2024-03-02 20:00:00+01:00,35632.5,34687.5,75.0,3427.2825000000003,6358.975,9290.665,25583.0,0.0,0.0,0.0,15905.0
2024-03-02 21:00:00+01:00,33333.0,32737.0,68.08,3139.61,6039.14,8938.67,25583.0,0.0,0.0,0.0,15905.0
2024-03-02 22:00:00+01:00,30883.5,30466.0,64.82,2683.8050000000003,5577.38,8470.955,25583.0,0.0,0.0,0.0,15905.0
2024-03-02 23:00:00+01:00,28492.0,28013.0,60.62,2849.0175,4938.9425,7028.8675,25583.0,0.0,0.0,0.0,15905.0
2024-03-03 00:00:00+01:00,26118.0,25714.0,64.4,3060.4525,4317.455,5574.4575,25583.0,0.0,0.0,0.0,15905.0
2024-03-03 01:00:00+01:00,25892.0,25370.0,62.75,2726.775,3977.8775,5228.98,25583.0,0.0,0.0,0.0,15905.0
2024-03-03 02:00:00+01:00,25359.0,25006.0,61.34,2526.8900000000003,3686.1625,4845.4325,25583.0,0.0,0.0,0.0,15905.0
2024-03-03 03:00:00+01:00,24567.5,24423.0,59.41,2254.245,3357.0575,4459.87,25583.0,0.0,0.0,0.0,15905.0
2024-03-03 04:00:00+01:00,23495.0,23544.0,58.52,1979.2075,3101.795,4224.3825,25583.0,0.0,0.0,0.0,15905.0
2024-03-03 05:00:00+01:00,22968.0,22928.0,58.64,1682.25,2859.4449999999997,4036.6324999999997,25583.0,0.0,0.0,0.0,15905.0
2024-03-03 06:00:00+01:00,23047.5,22884.0,58.05,1391.5175,2642.5725,3893.63,25583.0,0.0,0.0,0.0,15905.0
2024-03-03 07:00:00+01:00,24283.5,23926.0,61.65,1295.1675,2534.13,3773.0950000000003,25583.0,6.2525,7.2175,8.19,15905.0
2024-03-03 08:00:00+01:00,25837.0,25307.0,62.45,1222.005,2422.965,3623.92,25583.0,359.3325,441.38750000000005,523.445,15905.0
2024-03-03 09:00:00+01:00,27300.5,26758.5,61.88,1091.4850000000001,2293.0475,3494.605,25583.0,1694.8825,2014.5625,2334.24,15905.0
2024-03-03 10:00:00+01:00,27844.0,27927.5,62.04,994.2049999999999,2240.23,3486.25,25583.0,3394.5175,3916.5175,4438.5125,15905.0
2024-03-03 11:00:00+01:00,27726.0,27357.0,61.74,957.2750000000001,2250.775,3544.275,25583.0,4439.715,5121.205,5802.6975,15905.0
2024-03-03 12:00:00+01:00,27778.0,27818.5,60.67,933.2175,2189.23,3445.245,25583.0,4799.05,5700.4675,6594.74,15905.0
2024-03-03 13:00:00+01:00,28165.5,28606.0,60.73,907.8924999999999,2073.46,3239.0225,25583.0,4663.115,5566.8099999999995,6470.5075,15905.0
2024-03-03 14:00:00+01:00,28303.5,28537.5,59.97,753.53,1935.76,3117.995,25583.0,4023.025,4753.9975,5484.9675,15905.0
2024-03-03 15:00:00+01:00,28935.5,28897.0,61.03,505.5625,1780.0275,3054.4925000000003,25583.0,3166.865,3734.0675,4301.2675,15905.0
2024-03-03 16:00:00+01:00,30562.0,30403.0,61.86,366.2525,1659.295,2952.34,25583.0,2070.715,2417.7525,2764.79,15905.0
2024-03-03 17:00:00+01:00,33084.0,33555.0,74.06,321.21,1540.5,2759.79,25583.0,872.7725,996.5899999999999,1120.4025000000001,15905.0
2024-03-03 18:00:00+01:00,36225.5,36926.5,84.02,291.7425,1469.405,2647.06,25583.0,179.2425,204.3075,229.37,15905.0
2024-03-03 19:00:00+01:00,37749.0,38126.0,87.87,271.21500000000003,1464.64,2658.065,25583.0,1.415,2.9475,4.914999999999999,15905.0
2024-03-03 20:00:00+01:00,36755.5,36381.5,79.56,192.29500000000002,1433.3,2674.3050000000003,25583.0,0.0,0.0,0.0,15905.0
2024-03-03 21:00:00+01:00,34307.0,33983.5,70.02,100.96000000000001,1383.655,2666.35,25583.0,0.0,0.0,0.0,15905.0
2024-03-03 22:00:00+01:00,31427.0,31807.0,70.97,37.1225,1324.3374999999999,2611.5550000000003,25583.0,0.0,0.0,0.0,15905.0
2024-03-03 23:00:00+01:00,28210.5,28761.5,62.54,356.555,1326.0700000000002,2295.59,25583.0,0.0,0.0,0.0,15905.0
2024-03-04 00:00:00+01:00,25653.5,26080.5,65.87,689.0699999999999,1287.5900000000001,1886.1175,25583.0,0.0,0.0,0.0,15905.0
2024-03-04 01:00:00+01:00,25469.0,25720.0,64.93,664.745,1191.495,1718.245,25583.0,0.0,0.0,0.0,15905.0
2024-03-04 02:00:00+01:00,25262.5,25477.0,63.28,612.52,1108.6174999999998,1604.7150000000001,25583.0,0.0,0.0,0.0,15905.0
2024-03-04 03:00:00+01:00,24614.5,24911.0,60.4,510.785,1010.5699999999999,1510.36,25583.0,0.0,0.0,0.0,15905.0
2024-03-04 04:00:00+01:00,24113.0,24252.0,60.66,419.745,1001.2750000000001,1582.8,25583.0,0.0,0.0,0.0,15905.0
2024-03-04 05:00:00+01:00,23623.0,23801.5,60.97,406.3425,1117.455,1828.57,25583.0,0.0,0.0,0.0,15905.0
2024-03-04 06:00:00+01:00,24873.5,24892.5,68.37,459.5425,1324.72,2189.8999999999996,25583.0,0.0,0.0,0.0,15905.0
2024-03-04 07:00:00+01:00,29627.5,29358.0,78.21,593.195,1612.5974999999999,2632.0,25583.0,10.6575,11.81,14.885,15905.0
2024-03-04 08:00:00+01:00,33607.5,33362.0,89.04,932.71,2079.05,3225.395,25583.0,451.975,514.835,609.7125,15905.0
2024-03-04 09:00:00+01:00,34641.0,34566.5,82.31,1331.7224999999999,2628.64,3925.565,25583.0,1823.7,2094.7675,2431.1475,15905.0
2024-03-04 10:00:00+01:00,34113.5,34583.0,72.11,1685.405,3101.025,4516.637500000001,25583.0,3411.7575,3843.6025,4437.0650000000005,15905.0
2024-03-04 11:00:00+01:00,32577.5,32802.5,67.1,2103.9900000000002,3569.555,5035.1175,25583.0,4332.5275,4830.985,5603.24,15905.0
2024-03-04 12:00:00+01:00,31488.0,32422.0,63.54,2665.7775,4301.9275,5938.077499999999,25583.0,4497.165,5043.99,5856.674999999999,15905.0
2024-03-04 13:00:00+01:00,31353.5,32305.0,62.81,3201.35,5089.2375,6977.1224999999995,25583.0,3999.64,4554.6275,5233.4225,15905.0
2024-03-04 14:00:00+01:00,31565.0,32026.0,61.6,3647.125,5640.13,7633.135,25583.0,3115.1575000000003,3650.84,4195.9325,15905.0
2024-03-04 15:00:00+01:00,32206.0,31922.0,62.27,4157.7675,6146.23,8134.695,25583.0,2123.315,2576.1925,3027.6475,15905.0
2024-03-04 16:00:00+01:00,33550.0,32971.5,63.7,4793.5325,6824.975,8856.415,25583.0,1173.6599999999999,1464.6975,1755.7350000000001,15905.0
2024-03-04 17:00:00+01:00,35561.0,35054.5,70.59,5487.985000000001,7565.7275,9643.470000000001,25583.0,468.6125,578.3275,688.0425,15905.0
2024-03-04 18:00:00+01:00,37495.0,37095.0,81.75,6313.425,8504.935,10696.445,25583.0,107.30250000000001,125.015,142.72,15905.0
2024-03-04 19:00:00+01:00,38670.0,38336.5,81.53,7503.49,9869.505000000001,12235.51,25583.0,2.285,3.11,3.9650000000000003,15905.0
2024-03-04 20:00:00+01:00,37089.0,37052.5,74.56,8798.4775,11146.27,13494.06,25583.0,0.0,0.0,0.0,15905.0
2024-03-04 21:00:00+01:00,34426.5,34131.0,67.06,9725.3575,11922.98,14120.6,25583.0,0.0,0.0,0.0,15905.0
2024-03-04 22:00:00+01:00,31281.5,30965.5,61.91,10218.4775,12289.58,14360.6825,25583.0,0.0,0.0,0.0,15905.0
2024-03-04 23:00:00+01:00,27765.0,27371.0,55.15,11043.86,12850.93,14658.0,25583.0,0.0,0.0,0.0,15905.0
2024-03-05 00:00:00+01:00,24674.0,24380.0,47.55,11278.08,12878.345,14478.61,25583.0,0.0,0.0,0.0,15905.0
2024-03-05 01:00:00+01:00,24534.0,24250.0,46.72,10368.3,12071.9375,13775.57,25583.0,0.0,0.0,0.0,15905.0
2024-03-05 02:00:00+01:00,24379.5,23960.0,46.73,9417.61,11232.630000000001,13047.650000000001,25583.0,0.0,0.0,0.0,15905.0
2024-03-05 03:00:00+01:00,23554.0,23174.5,45.86,8246.145,10225.5075,12204.8675,25583.0,0.0,0.0,0.0,15905.0
2024-03-05 04:00:00+01:00,22974.5,22732.5,48.04,6922.475,9037.2975,11152.1175,25583.0,0.0,0.0,0.0,15905.0
2024-03-05 05:00:00+01:00,22609.0,22582.0,50.07,5994.610000000001,8057.785,10120.955,25583.0,0.0,0.0,0.0,15905.0
2024-03-05 06:00:00+01:00,23935.0,23967.5,56.76,5476.8025,7452.975,9429.145,25583.0,0.0,0.0,0.0,15905.0
2024-03-05 07:00:00+01:00,28984.5,28519.5,67.29,5302.6875,7094.9875,8887.29,25583.0,9.735,12.7475,15.7625,15905.0
2024-03-05 08:00:00+01:00,33880.0,32388.5,73.81,5259.535,6883.8075,8508.085,25583.0,352.66999999999996,476.26,599.8475,15905.0
2024-03-05 09:00:00+01:00,35509.5,33756.5,72.17,4999.25,6603.985000000001,8208.715,25583.0,1630.7275,2082.9674999999997,2535.2125,15905.0
2024-03-05 10:00:00+01:00,35369.5,34164.0,67.7,4662.015,6342.5275,8023.04,25583.0,3186.9125000000004,3955.0225,4723.1375,15905.0
2024-03-05 11:00:00+01:00,34390.0,34308.5,63.58,4342.715,6138.955,7935.195,25583.0,4301.77,5326.555,6351.335,15905.0
2024-03-05 12:00:00+01:00,33676.5,33516.5,60.95,3937.06,5891.5825,7846.105,25583.0,5020.32,6216.745,7413.165,15905.0
2024-03-05 13:00:00+01:00,32845.0,33215.5,60.57,3540.005,5685.9175,7831.8324999999995,25583.0,5109.405000000001,6257.235000000001,7404.16,15905.0
2024-03-05 14:00:00+01:00,31949.0,32744.5,59.94,3086.6175000000003,5446.8075,7806.9975,25583.0,4607.735,5589.9875,6572.24,15905.0
2024-03-05 15:00:00+01:00,31637.0,32532.0,60.4,2559.9674999999997,5020.3975,7480.83,25583.0,3640.4125,4455.9375,5271.467500000001,15905.0
2024-03-05 16:00:00+01:00,32629.5,33495.0,63.04,2100.235,4478.45,6856.6575,25583.0,2351.3025,2961.8875,3572.4725,15905.0
2024-03-05 17:00:00+01:00,35104.0,35838.5,74.75,1643.1799999999998,3974.635,6306.095,25583.0,1038.525,1346.59,1654.655,15905.0
2024-03-05 18:00:00+01:00,37823.5,38858.0,86.92,1323.5,3596.9125,5870.3225,25583.0,215.365,288.3075,361.2575,15905.0
2024-03-05 19:00:00+01:00,39521.0,39974.0,89.64,1129.93,3351.365,5572.795,25583.0,3.5675,5.735,7.987500000000001,15905.0
2024-03-05 20:00:00+01:00,38827.5,39070.5,81.56,998.665,3185.3775,5372.09,25583.0,0.0,0.0,0.0,15905.0
2024-03-05 21:00:00+01:00,36438.0,36679.0,72.12,981.3575,3061.38,5141.41,25583.0,0.0,0.0,0.0,15905.0
2024-03-05 22:00:00+01:00,33417.5,33832.0,68.89,974.085,2971.5299999999997,4968.98,25583.0,0.0,0.0,0.0,15905.0
2024-03-05 23:00:00+01:00,29743.5,30087.5,62.2,1532.205,2911.3275000000003,4290.455,25583.0,0.0,0.0,0.0,15905.0
2024-03-06 00:00:00+01:00,26737.0,27040.5,64.34,2131.52,2945.4575,3759.39,25583.0,0.0,0.0,0.0,15905.0
2024-03-06 01:00:00+01:00,26474.5,26445.0,63.35,2217.0675,3043.345,3869.6175,25583.0,0.0,0.0,0.0,15905.0
2024-03-06 02:00:00+01:00,25944.0,25861.5,61.36,2321.475,3123.6099999999997,3925.74,25583.0,0.0,0.0,0.0,15905.0
2024-03-06 03:00:00+01:00,25149.5,24794.0,58.9,2358.3425,3161.7825000000003,3965.2225,25583.0,0.0,0.0,0.0,15905.0
2024-03-06 04:00:00+01:00,24334.5,24105.5,59.44,2384.995,3245.4925,4105.9925,25583.0,0.0,0.0,0.0,15905.0
2024-03-06 05:00:00+01:00,23901.5,23775.0,60.1,2432.8050000000003,3406.8725,4380.9425,25583.0,0.0,0.0,0.0,15905.0
2024-03-06 06:00:00+01:00,25199.5,25126.0,64.8,2592.9875,3672.795,4752.605,25583.0,0.0,0.0,0.0,15905.0
2024-03-06 07:00:00+01:00,29227.0,29785.0,74.3,2866.8725,4026.17,5185.469999999999,25583.0,17.6175,19.317500000000003,21.0225,15905.0
2024-03-06 08:00:00+01:00,33548.0,33697.5,81.38,3122.5425,4349.5525,5576.56,25583.0,368.49,414.7275,460.96000000000004,15905.0
2024-03-06 09:00:00+01:00,35198.0,34988.0,77.46,3244.2325,4559.73,5875.2275,25583.0,1351.5375,1577.8975,1804.255,15905.0
2024-03-06 10:00:00+01:00,35039.0,34834.5,71.97,3330.3875,4639.9025,5949.415,25583.0,2581.125,2948.3375,3315.5425,15905.0
2024-03-06 11:00:00+01:00,33600.0,33757.0,67.28,3581.7425,4791.9475,6002.1575,25583.0,3678.585,4137.1125,4595.6425,15905.0
2024-03-06 12:00:00+01:00,31817.5,32917.0,63.21,3775.8500000000004,4967.68,6159.51,25583.0,4448.98,5032.3825,5615.7825,15905.0
2024-03-06 13:00:00+01:00,30963.5,32489.5,61.43,3862.0425,5020.67,6188.92,25583.0,4614.3525,5188.5675,5758.795,15905.0
2024-03-06 14:00:00+01:00,30377.0,31755.5,60.0,3924.0425,5063.1925,6211.965,25583.0,4197.8825,4694.0875,5190.2875,15905.0
2024-03-06 15:00:00+01:00,31176.5,31506.0,60.73,4064.5299999999997,5157.5675,6250.6025,25583.0,3403.6925,3806.665,4209.639999999999,15905.0
2024-03-06 16:00:00+01:00,32143.5,32304.5,62.07,4265.0,5316.235000000001,6395.52,25583.0,2382.6974999999998,2647.8325,2912.965,15905.0
2024-03-06 17:00:00+01:00,34599.5,34594.0,69.94,4437.5425,5528.365,6705.2,25583.0,1123.6475,1248.55,1373.45,15905.0
2024-03-06 18:00:00+01:00,36628.0,37144.0,83.3,4719.2525000000005,5861.08,7244.49,25583.0,213.6575,241.5975,269.535,15905.0
2024-03-06 19:00:00+01:00,38737.5,38709.0,85.68,5115.32,6290.165,7918.424999999999,25583.0,1.15,1.915,2.8,15905.0
2024-03-06 20:00:00+01:00,38111.5,37942.5,79.7,5411.91,6573.952499999999,8324.105,25583.0,0.0,0.0,0.0,15905.0
2024-03-06 21:00:00+01:00,35571.0,35377.0,68.43,5493.8825,6646.0325,8474.89,25583.0,0.0,0.0,0.0,15905.0
2024-03-06 22:00:00+01:00,32551.0,32365.5,65.18,5518.115,6684.795,8504.21,25583.0,0.0,0.0,0.0,15905.0
2024-03-06 23:00:00+01:00,28565.0,28698.0,59.17,5349.025,6350.0599999999995,7645.42,25583.0,0.0,0.0,0.0,15905.0
2024-03-07 00:00:00+01:00,25712.5,25676.0,60.23,5122.925,5934.66,6746.395,25583.0,0.0,0.0,0.0,15905.0
2024-03-07 01:00:00+01:00,25661.0,25400.0,59.18,4980.6775,5805.515,6630.360000000001,25583.0,0.0,0.0,0.0,15905.0
2024-03-07 02:00:00+01:00,25296.5,25021.0,56.95,4772.91,5664.8825,6556.855,25583.0,0.0,0.0,0.0,15905.0
2024-03-07 03:00:00+01:00,24302.0,24258.5,55.42,4591.110000000001,5543.53,6495.95,25583.0,0.0,0.0,0.0,15905.0
2024-03-07 04:00:00+01:00,23406.0,23504.5,55.85,4483.99,5472.005,6460.0225,25583.0,0.0,0.0,0.0,15905.0
2024-03-07 05:00:00+01:00,23086.0,23086.5,56.57,4571.83,5568.43,6565.0225,25583.0,0.0,0.0,0.0,15905.0
2024-03-07 06:00:00+01:00,24008.0,24245.5,61.78,4783.6525,5784.0975,6784.5425,25583.0,0.0,0.0,0.0,15905.0
2024-03-07 07:00:00+01:00,28772.5,25204.5,70.36,4944.42,6014.0675,7083.715,25583.0,25.5325,32.72,39.705,15905.0
2024-03-07 08:00:00+01:00,33129.5,32283.5,74.95,5232.825,6322.68,7412.5325,25583.0,455.0875,534.8050000000001,617.21,15905.0
2024-03-07 09:00:00+01:00,34772.0,33976.5,71.82,5572.5625,6666.325,7760.092500000001,25583.0,1613.4325,1912.9900000000002,2215.235,15905.0
2024-03-07 10:00:00+01:00,34841.0,33771.5,66.78,5810.9725,7027.07,8243.17,25583.0,2807.5975,3375.1125,3942.4225,15905.0
2024-03-07 11:00:00+01:00,33473.5,32183.0,61.62,6180.05,7569.715,8959.3825,25583.0,3573.3225,4336.0,5098.67,15905.0
2024-03-07 12:00:00+01:00,32567.5,31484.5,57.26,6679.264999999999,8234.375,9789.485,25583.0,3976.8175,4779.0125,5571.5,15905.0
2024-03-07 13:00:00+01:00,32956.0,30735.5,56.41,7086.43,8752.775,10419.1175,25583.0,3886.8125,4610.2725,5333.724999999999,15905.0
2024-03-07 14:00:00+01:00,32431.5,30219.0,55.06,7370.68,9081.975,10793.2725,25583.0,3442.395,4110.0325,4777.6675,15905.0
2024-03-07 15:00:00+01:00,32284.5,31982.0,55.41,7626.175,9396.34,11166.5025,25583.0,2793.755,3427.1375,4060.5200000000004,15905.0
2024-03-07 16:00:00+01:00,32582.0,32643.0,55.92,7972.34,9826.567500000001,11680.7925,25583.0,1976.5325,2405.2725,2834.0175,15905.0
2024-03-07 17:00:00+01:00,34610.5,34818.0,64.01,8644.720000000001,10416.875,12189.025000000001,25583.0,955.9649999999999,1131.7575,1307.5549999999998,15905.0
2024-03-07 18:00:00+01:00,37063.0,36545.0,73.45,9517.48,11125.7,12733.91,25583.0,192.9625,237.36,281.755,15905.0
2024-03-07 19:00:00+01:00,38389.5,38345.0,75.41,10113.735,11698.3025,13282.869999999999,25583.0,2.54,3.4725,4.4275,15905.0
2024-03-07 20:00:00+01:00,37654.5,37522.0,71.45,10456.235,12058.86,13661.48,25583.0,0.0,0.0,0.0,15905.0
2024-03-07 21:00:00+01:00,34826.0,34849.5,64.87,10924.945,12514.9625,14104.98,25583.0,0.0,0.0,0.0,15905.0
2024-03-07 22:00:00+01:00,31587.5,32000.5,59.67,11306.775,12869.285,14431.79,25583.0,0.0,0.0,0.0,15905.0
2024-03-07 23:00:00+01:00,27624.5,27987.0,52.02,11057.83,12597.217499999999,14136.605,25583.0,0.0,0.0,0.0,15905.0
2024-03-08 00:00:00+01:00,24730.0,25071.5,51.89,10501.575,12007.785,13513.994999999999,25583.0,0.0,0.0,0.0,15905.0
2024-03-08 01:00:00+01:00,24521.0,24680.0,50.42,9956.630000000001,11519.1425,13081.65,25583.0,0.0,0.0,0.0,15905.0
2024-03-08 02:00:00+01:00,23932.5,23932.0,48.49,9440.075,11137.835,12835.595000000001,25583.0,0.0,0.0,0.0,15905.0
2024-03-08 03:00:00+01:00,22905.0,22942.5,45.21,9405.41,11076.0825,12746.7575,25583.0,0.0,0.0,0.0,15905.0
2024-03-08 04:00:00+01:00,22235.5,22228.5,43.58,9800.24,11384.515,12968.7875,25583.0,0.0,0.0,0.0,15905.0
2024-03-08 05:00:00+01:00,21860.0,21952.5,42.41,10208.665,11853.7475,13498.8275,25583.0,0.0,0.0,0.0,15905.0
2024-03-08 06:00:00+01:00,22839.0,23393.5,47.38,10716.3925,12366.6175,14016.845,25583.0,0.0,0.0,0.0,15905.0
2024-03-08 07:00:00+01:00,27127.5,27335.0,60.17,11253.625,12832.205,14410.779999999999,25583.0,32.91,42.6675,51.317499999999995,15905.0
2024-03-08 08:00:00+01:00,31160.5,31149.5,65.25,11698.655,13236.5,14774.342499999999,25583.0,467.4675,566.0375,678.93,15905.0
2024-03-08 09:00:00+01:00,32267.0,31803.0,62.29,12105.567500000001,13642.575,15179.585,25583.0,1662.2725,2067.7799999999997,2487.6025,15905.0
2024-03-08 10:00:00+01:00,31789.0,31175.0,54.14,12506.795,13997.5275,15488.26,25583.0,3092.0725,3856.4175,4619.665,15905.0
2024-03-08 11:00:00+01:00,30156.0,29487.0,41.48,12826.619999999999,14206.96,15587.3,25583.0,3988.9725,5143.3075,6297.645,15905.0
2024-03-08 12:00:00+01:00,29176.5,28287.5,32.02,13008.82,14341.145,15673.4725,25583.0,4462.8525,5845.3825,7227.9175000000005,15905.0
2024-03-08 13:00:00+01:00,28662.0,28114.0,29.32,13152.5075,14458.14,15763.775,25583.0,4694.0575,5982.27,7315.0650000000005,15905.0
2024-03-08 14:00:00+01:00,28024.0,27674.5,27.49,13213.185000000001,14529.99,15846.7975,25583.0,4465.85,5558.8125,6651.775,15905.0
2024-03-08 15:00:00+01:00,27914.0,27502.0,29.05,13322.14,14660.8925,15999.64,25583.0,3637.865,4460.0425,5282.22,15905.0
2024-03-08 16:00:00+01:00,29052.5,28086.0,36.18,13415.8125,14754.21,16092.605,25583.0,2405.24,3113.1825,3821.12,15905.0
2024-03-08 17:00:00+01:00,31399.5,30864.0,51.76,13410.5525,14742.765,16074.975,25583.0,1070.8975,1461.1,1851.3025,15905.0
2024-03-08 18:00:00+01:00,34263.5,33770.0,65.95,13426.0175,14737.035,16048.0525,25583.0,207.5275,256.8525,306.1775,15905.0
2024-03-08 19:00:00+01:00,35776.0,35705.0,71.37,13557.89,14810.88,16063.869999999999,25583.0,1.0225,1.6975,2.4175,15905.0
2024-03-08 20:00:00+01:00,34938.5,35352.0,67.38,13724.6725,14931.7525,16138.83,25583.0,0.0,0.0,0.0,15905.0
2024-03-08 21:00:00+01:00,32555.0,32792.5,58.5,13779.035,14977.2,16175.3625,25583.0,0.0,0.0,0.0,15905.0
2024-03-08 22:00:00+01:00,29737.5,30169.0,52.12,13706.5525,14887.44,16068.335,25583.0,0.0,0.0,0.0,15905.0
2024-03-08 23:00:00+01:00,27027.5,27159.0,43.18,13324.4625,14594.36,15864.2625,25583.0,0.0,0.0,0.0,15905.0
2024-03-09 00:00:00+01:00,24085.5,24474.0,42.98,12783.375,14165.96,15548.5475,25583.0,0.0,0.0,0.0,15905.0
2024-03-09 01:00:00+01:00,23695.5,23945.0,43.01,12404.26,13858.0775,15311.8925,25583.0,0.0,0.0,0.0,15905.0
2024-03-09 02:00:00+01:00,23097.5,22930.5,38.07,12264.66,13740.415,15216.165,25583.0,0.0,0.0,0.0,15905.0
2024-03-09 03:00:00+01:00,21919.5,21759.0,30.55,12215.325,13650.5575,15085.7875,25583.0,0.0,0.0,0.0,15905.0
2024-03-09 04:00:00+01:00,20815.0,20881.0,25.36,12227.465,13616.1625,15004.86,25583.0,0.0,0.0,0.0,15905.0
2024-03-09 05:00:00+01:00,20004.5,20060.0,22.61,12375.855,13699.17,15022.49,25583.0,0.0,0.0,0.0,15905.0
2024-03-09 06:00:00+01:00,20222.0,20293.0,28.28,12509.467499999999,13840.605,15171.7375,25583.0,0.0,0.0,0.0,15905.0
2024-03-09 07:00:00+01:00,21928.0,22224.0,42.11,12570.2675,13936.0175,15301.7675,25583.0,35.845,42.2625,46.19,15905.0
2024-03-09 08:00:00+01:00,24254.5,24600.0,51.82,12545.4925,13910.0,15274.51,25583.0,311.095,402.14750000000004,490.7025,15905.0
2024-03-09 09:00:00+01:00,26659.0,26601.5,52.68,12359.869999999999,13754.68,15149.49,25583.0,1037.6125,1358.55,1679.6775,15905.0
2024-03-09 10:00:00+01:00,27496.0,27434.0,48.82,12115.175,13585.2025,15055.235,25583.0,2202.7425000000003,2726.17,3249.5975,15905.0
2024-03-09 11:00:00+01:00,27285.0,26801.5,40.36,11819.425,13333.455,14847.49,25583.0,3223.3575,3915.6625,4607.9675,15905.0
2024-03-09 12:00:00+01:00,26600.5,25869.5,36.83,11484.54,12994.17,14503.795,25583.0,3688.73,4500.3225,5311.9125,15905.0
2024-03-09 13:00:00+01:00,26185.5,25897.0,38.04,11190.26,12755.755,14321.252499999999,25583.0,3672.6375,4482.0875,5291.5425,15905.0
2024-03-09 14:00:00+01:00,26293.0,25508.0,34.9,11186.5225,12746.99,14307.455,25583.0,3328.3925,4032.995,4737.6,15905.0
2024-03-09 15:00:00+01:00,26706.0,25352.0,37.7,11444.3275,12999.6775,14555.0275,25583.0,2541.9674999999997,3144.1525,3746.34,15905.0
2024-03-09 16:00:00+01:00,27689.5,26224.0,43.06,11664.815,13250.03,14835.244999999999,25583.0,1476.7875,1931.69,2386.595,15905.0
2024-03-09 17:00:00+01:00,30276.0,28924.0,55.5,11870.785,13452.295,15033.7975,25583.0,608.6525,804.32,999.9925,15905.0
2024-03-09 18:00:00+01:00,32561.5,32242.0,67.92,12093.21,13722.5975,15351.98,25583.0,111.275,155.5725,199.8725,15905.0
2024-03-09 19:00:00+01:00,33358.5,33454.5,72.31,12348.74,13959.439999999999,15570.14,25583.0,0.3875,1.2375,2.305,15905.0
2024-03-09 20:00:00+01:00,32553.0,32062.5,67.03,12481.635,14043.74,15605.8475,25583.0,0.0,0.0,0.0,15905.0
2024-03-09 21:00:00+01:00,30583.0,30231.0,60.66,12476.5675,14018.665,15560.7625,25583.0,0.0,0.0,0.0,15905.0
2024-03-09 22:00:00+01:00,28194.0,28094.0,55.76,12365.05,13905.7075,15446.3625,25583.0,0.0,0.0,0.0,15905.0
2024-03-09 23:00:00+01:00,25890.5,25832.5,45.95,12377.615,13835.32,15293.02,25583.0,0.0,0.0,0.0,15905.0
2024-03-10 00:00:00+01:00,23218.5,23874.0,44.0,12015.307499999999,13485.0125,14954.72,25583.0,0.0,0.0,0.0,15905.0
2024-03-10 01:00:00+01:00,22879.5,23150.0,43.68,11083.925,12701.23,14318.529999999999,25583.0,0.0,0.0,0.0,15905.0
2024-03-10 02:00:00+01:00,22548.0,22471.0,40.0,10337.91,12154.185,13970.465,25583.0,0.0,0.0,0.0,15905.0
2024-03-10 03:00:00+01:00,21461.0,21372.5,33.36,9912.535,11957.8475,14003.165,25583.0,0.0,0.0,0.0,15905.0
2024-03-10 04:00:00+01:00,20319.0,20360.5,27.79,9985.8775,12108.279999999999,14230.682499999999,25583.0,0.0,0.0,0.0,15905.0
2024-03-10 05:00:00+01:00,19548.5,19616.0,24.6,10338.6775,12465.9375,14593.2,25583.0,0.0,0.0,0.0,15905.0
2024-03-10 06:00:00+01:00,19454.0,19887.0,22.97,10513.695,12635.1,14756.51,25583.0,0.0,0.0,0.0,15905.0
2024-03-10 07:00:00+01:00,20502.0,21271.0,30.56,10512.945,12656.8575,14800.77,25583.0,26.2675,28.7825,31.21,15905.0
2024-03-10 08:00:00+01:00,22565.5,22643.0,40.33,10422.66,12634.1125,14845.567500000001,25583.0,136.60500000000002,245.5575,354.33500000000004,15905.0
2024-03-10 09:00:00+01:00,25341.0,24683.5,47.82,10387.69,12565.195,14742.7,25583.0,508.86750000000006,864.0475,1219.245,15905.0
2024-03-10 10:00:00+01:00,27606.5,26661.0,52.34,10402.705,12408.2,14413.6925,25583.0,933.6825,1556.0025,2178.32,15905.0
2024-03-10 11:00:00+01:00,28732.5,27214.0,55.7,10123.105,12124.105,14125.105,25583.0,1285.2350000000001,2070.5775,2855.9224999999997,15905.0
2024-03-10 12:00:00+01:00,29946.0,28174.5,58.11,9756.425,11879.99,14003.560000000001,25583.0,1555.82,2369.87,3183.21,15905.0
2024-03-10 13:00:00+01:00,30682.0,29841.5,58.9,9538.4825,11658.6775,13778.880000000001,25583.0,1564.9299999999998,2368.55,3172.1725,15905.0
2024-03-10 14:00:00+01:00,30852.5,30303.0,57.3,9305.005000000001,11425.1225,13545.244999999999,25583.0,1386.495,2181.9675,2977.44,15905.0
2024-03-10 15:00:00+01:00,31061.5,30107.5,57.27,9090.7375,11218.9175,13347.0975,25583.0,1016.8199999999999,1787.9524999999999,2559.0875,15905.0
2024-03-10 16:00:00+01:00,31823.5,30482.0,58.14,8751.975,10926.09,13100.205,25583.0,588.5375,1193.175,1797.8125,15905.0
2024-03-10 17:00:00+01:00,33104.0,32556.5,66.38,8439.5725,10678.435,12917.3025,25583.0,263.21,547.0024999999999,830.7925,15905.0
2024-03-10 18:00:00+01:00,34503.5,34631.5,76.58,8249.779999999999,10478.5,12707.22,25583.0,64.295,121.225,178.1525,15905.0
2024-03-10 19:00:00+01:00,34515.5,35101.0,79.0,7858.5725,10180.4275,12502.285,25583.0,0.1625,0.9325,1.845,15905.0
2024-03-10 20:00:00+01:00,33721.0,33847.0,74.64,7344.04,9869.31,12394.585,25583.0,0.0,0.0,0.0,15905.0
2024-03-10 21:00:00+01:00,31978.5,31791.5,69.65,6777.455,9449.2675,12121.0775,25583.0,0.0,0.0,0.0,15905.0
2024-03-10 22:00:00+01:00,29589.0,29609.0,66.21,6108.6900000000005,8774.945,11441.2,25583.0,0.0,0.0,0.0,15905.0
2024-03-10 23:00:00+01:00,26881.0,27004.0,60.83,6285.405,8265.515,10245.630000000001,25583.0,0.0,0.0,0.0,15905.0
2024-03-11 00:00:00+01:00,24213.5,24396.5,60.48,6517.09,7938.5225,9359.955,25583.0,0.0,0.0,0.0,15905.0
2024-03-11 01:00:00+01:00,24036.5,23500.0,58.72,6084.03,7594.695,9105.36,25583.0,0.0,0.0,0.0,15905.0
2024-03-11 02:00:00+01:00,23719.0,23149.5,56.71,5715.95,7308.79,8901.630000000001,25583.0,0.0,0.0,0.0,15905.0
2024-03-11 03:00:00+01:00,22967.0,22380.0,54.28,5455.46,7048.6849999999995,8641.9125,25583.0,0.0,0.0,0.0,15905.0
2024-03-11 04:00:00+01:00,22309.5,21959.5,54.94,5231.2125,6804.78,8378.345000000001,25583.0,0.0,0.0,0.0,15905.0
2024-03-11 05:00:00+01:00,21880.5,21695.5,56.63,4953.6825,6542.62,8131.549999999999,25583.0,0.0,0.0,0.0,15905.0
2024-03-11 06:00:00+01:00,23059.0,23144.5,62.31,4805.935,6321.4825,7837.035,25583.0,0.0,0.0,0.0,15905.0
2024-03-11 07:00:00+01:00,27863.5,27761.0,73.19,4642.0525,6035.95,7429.8475,25583.0,9.695,17.035,24.37,15905.0
2024-03-11 08:00:00+01:00,32647.0,32453.5,77.69,4336.7825,5682.075,7027.365,25583.0,179.755,245.5475,311.34,15905.0
2024-03-11 09:00:00+01:00,35709.5,34452.5,77.48,3972.0775,5327.87,6683.66,25583.0,699.7249999999999,876.335,1052.9450000000002,15905.0
2024-03-11 10:00:00+01:00,36806.5,35985.0,76.41,3585.8225,4920.0825,6254.3425,25583.0,1293.3525,1578.525,1863.6975,15905.0
2024-03-11 11:00:00+01:00,36655.5,36025.5,74.43,3335.0,4571.71,5808.415,25583.0,1839.485,2201.1225,2562.7599999999998,15905.0
2024-03-11 12:00:00+01:00,36742.0,35344.0,71.64,3182.3575,4293.925,5405.5,25583.0,2282.395,2642.6275,3002.8675,15905.0
2024-03-11 13:00:00+01:00,37231.0,35413.0,71.18,3013.26,4037.765,5062.27,25583.0,2372.3575,2690.6949999999997,3005.9025,15905.0
2024-03-11 14:00:00+01:00,37036.0,35819.0,70.51,2825.1,3785.9,4746.705,25583.0,2184.6625,2475.165,2765.6675,15905.0
2024-03-11 15:00:00+01:00,36398.0,35612.5,71.43,2584.59,3552.4575,4520.32,25583.0,1780.3775,2008.3825000000002,2236.39,15905.0
2024-03-11 16:00:00+01:00,36297.5,35990.0,75.27,2448.9775,3447.3475,4445.7175,25583.0,1235.885,1374.7525,1513.62,15905.0
2024-03-11 17:00:00+01:00,37944.0,37837.5,86.79,2448.4700000000003,3451.1025,4453.73,25583.0,576.675,661.65,746.625,15905.0
2024-03-11 18:00:00+01:00,39884.5,39200.0,91.52,2458.4,3466.29,4474.18,25583.0,103.4175,138.54250000000002,173.665,15905.0
2024-03-11 19:00:00+01:00,40509.5,39909.0,94.3,2442.6375,3475.415,4508.1900000000005,25583.0,0.2975,0.955,1.8225,15905.0
2024-03-11 20:00:00+01:00,38607.5,39117.5,85.47,2329.21,3383.375,4437.54,25583.0,0.0,0.0,0.0,15905.0
2024-03-11 21:00:00+01:00,36596.0,36560.0,76.15,2104.815,3190.39,4275.97,25583.0,0.0,0.0,0.0,15905.0
2024-03-11 22:00:00+01:00,33189.5,32705.0,74.2,1993.4225,3085.0,4176.58,25583.0,0.0,0.0,0.0,15905.0
2024-03-11 23:00:00+01:00,28964.5,29402.0,65.46,1777.13,2800.145,3823.16,25583.0,0.0,0.0,0.0,15905.0
2024-03-12 00:00:00+01:00,26014.0,26447.5,65.81,1540.4425,2503.2,3465.9625,25583.0,0.0,0.0,0.0,15905.0
2024-03-12 01:00:00+01:00,25679.0,25775.0,65.64,1402.5949999999998,2435.7425,3468.8900000000003,25583.0,0.0,0.0,0.0,15905.0
2024-03-12 02:00:00+01:00,25160.0,25358.5,63.97,1227.53,2309.1825,3390.8325,25583.0,0.0,0.0,0.0,15905.0
2024-03-12 03:00:00+01:00,24283.0,24025.5,61.94,1132.895,2249.85,3366.805,25583.0,0.0,0.0,0.0,15905.0
2024-03-12 04:00:00+01:00,23302.0,23206.5,62.07,1139.795,2393.6125,3647.4300000000003,25583.0,0.0,0.0,0.0,15905.0
2024-03-12 05:00:00+01:00,22951.5,22709.5,62.96,1480.1025,2779.4775,4078.8525,25583.0,0.0,0.0,0.0,15905.0
2024-03-12 06:00:00+01:00,23634.0,23759.0,67.25,2090.5025,3295.5775,4500.65,25583.0,0.0,0.0,0.0,15905.0
2024-03-12 07:00:00+01:00,27582.5,28168.5,75.08,2689.4475,3794.2075,4898.967500000001,25583.0,22.93,29.267500000000002,35.2125,15905.0
2024-03-12 08:00:00+01:00,32247.0,32580.0,80.03,3111.23,4270.05,5428.8775,25583.0,161.6575,228.77249999999998,295.5,15905.0
2024-03-12 09:00:00+01:00,34957.0,34872.5,81.55,3440.395,4795.7375,6151.08,25583.0,498.2975,640.9375,783.6075000000001,15905.0
2024-03-12 10:00:00+01:00,35862.5,35977.5,79.58,3761.1475,5314.815,6868.485000000001,25583.0,820.155,1011.8025,1203.45,15905.0
2024-03-12 11:00:00+01:00,35503.0,35749.0,76.43,4009.415,5754.37,7499.33,25583.0,1006.8125,1235.095,1463.3825,15905.0
2024-03-12 12:00:00+01:00,35271.0,35628.0,72.68,4319.9425,6362.7225,8405.5,25583.0,1137.95,1391.025,1644.095,15905.0
2024-03-12 13:00:00+01:00,35375.5,35975.5,70.6,4641.47,7127.9349999999995,9614.3975,25583.0,1168.76,1432.5675,1695.9225,15905.0
2024-03-12 14:00:00+01:00,34876.0,35674.5,67.04,4922.445,7829.0,10735.55,25583.0,1106.4299999999998,1371.3275,1636.2275,15905.0
2024-03-12 15:00:00+01:00,34106.5,34958.0,65.05,5412.68,8479.135,11545.595,25583.0,951.595,1238.96,1526.3274999999999,15905.0
2024-03-12 16:00:00+01:00,33611.5,34700.5,65.14,6058.165,8925.009999999998,11791.86,25583.0,682.4025,929.9325,1177.4575,15905.0
2024-03-12 17:00:00+01:00,35323.5,36179.5,71.87,6656.34,9267.6775,11879.0125,25583.0,307.645,432.315,556.985,15905.0
2024-03-12 18:00:00+01:00,37164.5,37954.5,80.26,7226.18,9665.415,12104.6475,25583.0,51.927499999999995,81.9625,111.9975,15905.0
2024-03-12 19:00:00+01:00,37917.5,38499.0,81.05,7709.0725,10121.6475,12534.217499999999,25583.0,0.4075,1.03,1.72,15905.0
2024-03-12 20:00:00+01:00,36533.0,36453.0,74.63,8139.4125,10658.1075,13176.805,25583.0,0.0,0.0,0.0,15905.0
2024-03-12 21:00:00+01:00,33767.5,34282.0,67.93,8603.404999999999,11186.8175,13770.2275,25583.0,0.0,0.0,0.0,15905.0
2024-03-12 22:00:00+01:00,30129.0,30722.0,62.49,9072.470000000001,11693.93,14315.3925,25583.0,0.0,0.0,0.0,15905.0
2024-03-12 23:00:00+01:00,26483.0,26418.5,54.32,9960.3825,12140.635,14320.8825,25583.0,0.0,0.0,0.0,15905.0
2024-03-13 00:00:00+01:00,23142.0,23306.0,47.27,10917.3,12547.380000000001,14177.45,25583.0,0.0,0.0,0.0,15905.0
2024-03-13 01:00:00+01:00,22417.0,21950.0,41.68,11399.42,12849.15,14298.880000000001,25583.0,0.0,0.0,0.0,15905.0
2024-03-13 02:00:00+01:00,21802.5,21806.5,34.75,11628.655,12996.385,14364.1125,25583.0,0.0,0.0,0.0,15905.0
2024-03-13 03:00:00+01:00,20708.5,20976.0,28.42,11692.785,13093.252499999999,14493.720000000001,25583.0,0.0,0.0,0.0,15905.0
2024-03-13 04:00:00+01:00,19744.0,20135.0,26.27,11601.15,13125.6825,14650.215,25583.0,0.0,0.0,0.0,15905.0
2024-03-13 05:00:00+01:00,19311.5,19479.5,25.7,11545.585,13136.0325,14726.485,25583.0,0.0,0.0,0.0,15905.0
2024-03-13 06:00:00+01:00,20441.0,20080.0,33.78,11675.7475,13165.785,14655.82,25583.0,0.0,0.0,0.0,15905.0
2024-03-13 07:00:00+01:00,24444.0,23924.0,56.55,11889.307499999999,13291.93,14694.5525,25583.0,23.802500000000002,30.2125,34.295,15905.0
2024-03-13 08:00:00+01:00,28785.0,28531.5,64.49,12144.4725,13542.225,14939.975,25583.0,260.7925,322.52750000000003,381.93,15905.0
2024-03-13 09:00:00+01:00,30835.0,30855.0,65.63,12346.975,13763.744999999999,15180.5175,25583.0,871.29,1010.1475,1149.185,15905.0
2024-03-13 10:00:00+01:00,31075.5,31467.5,63.48,12472.8775,13906.755000000001,15340.6325,25583.0,1532.3725,1758.56,1984.74,15905.0
2024-03-13 11:00:00+01:00,30772.5,31002.5,60.34,12435.115,13883.355,15331.585,25583.0,2127.4125,2452.3,2777.1875,15905.0
2024-03-13 12:00:00+01:00,30606.0,30560.0,58.13,12477.8575,13883.605,15289.35,25583.0,2641.51,3002.35,3363.19,15905.0
2024-03-13 13:00:00+01:00,31119.0,31172.5,57.78,12465.47,13883.9025,15302.335,25583.0,2747.115,3132.2925,3504.9,15905.0
2024-03-13 14:00:00+01:00,30925.0,30905.5,56.0,12217.865,13715.47,15213.075,25583.0,2498.9375,2891.335,3283.7375,15905.0
2024-03-13 15:00:00+01:00,30691.5,30478.5,55.71,11897.615,13462.955,15028.295,25583.0,1983.49,2298.2275,2612.9625,15905.0
2024-03-13 16:00:00+01:00,30893.0,31483.0,56.31,11415.69,13093.075,14770.4575,25583.0,1392.0875,1594.3225,1796.5525,15905.0
2024-03-13 17:00:00+01:00,32328.0,33432.5,63.24,10943.8,12648.585,14353.375,25583.0,702.59,793.1775,883.7625,15905.0
2024-03-13 18:00:00+01:00,34477.5,35162.0,74.16,10640.075,12218.904999999999,13797.735,25583.0,139.02249999999998,167.6025,196.18,15905.0
2024-03-13 19:00:00+01:00,35177.0,35720.0,76.68,10537.155,12004.69,13472.215,25583.0,3.57,4.4,5.2325,15905.0
2024-03-13 20:00:00+01:00,35012.0,35211.0,71.74,10477.3375,11905.57,13333.8,25583.0,0.0,0.0,0.0,15905.0
2024-03-13 21:00:00+01:00,32714.0,32810.5,64.45,10303.035,11676.4075,13049.7775,25583.0,0.0,0.0,0.0,15905.0
2024-03-13 22:00:00+01:00,29558.5,29757.0,60.54,10172.09,11487.42,12802.75,25583.0,0.0,0.0,0.0,15905.0
2024-03-13 23:00:00+01:00,26197.5,26611.5,53.34,9614.985,10940.895,12266.8025,25583.0,0.0,0.0,0.0,15905.0
2024-03-14 00:00:00+01:00,23761.5,23441.5,54.04,8894.01,10287.635,11681.26,25583.0,0.0,0.0,0.0,15905.0
2024-03-14 01:00:00+01:00,23464.5,23000.0,51.06,8726.7475,10141.96,11557.1675,25583.0,0.0,0.0,0.0,15905.0
2024-03-14 02:00:00+01:00,23059.5,22676.0,47.33,8922.637499999999,10224.53,11526.425,25583.0,0.0,0.0,0.0,15905.0
2024-03-14 03:00:00+01:00,22488.0,21908.0,43.61,9010.895,10194.475,11378.06,25583.0,0.0,0.0,0.0,15905.0
2024-03-14 04:00:00+01:00,21802.0,21251.5,44.31,8828.2475,9978.785,11129.317500000001,25583.0,0.0,0.0,0.0,15905.0
2024-03-14 05:00:00+01:00,21568.5,21019.0,46.81,8707.47,9843.48,10979.485,25583.0,0.0,0.0,0.0,15905.0
2024-03-14 06:00:00+01:00,22480.5,21774.0,55.87,8546.945,9784.7475,11022.55,25583.0,0.0,0.0,0.0,15905.0
2024-03-14 07:00:00+01:00,26287.0,26034.5,66.2,8331.442500000001,9725.275,11119.115,25583.0,38.7525,52.265,55.0975,15905.0
2024-03-14 08:00:00+01:00,30062.5,30433.0,69.51,8178.4175000000005,9657.89,11137.365,25583.0,367.96000000000004,435.0875,491.53,15905.0
2024-03-14 09:00:00+01:00,31976.5,31790.0,69.69,8078.51,9622.525,11166.545,25583.0,1014.5174999999999,1224.9975,1436.3,15905.0
2024-03-14 10:00:00+01:00,32106.5,32255.0,66.5,7862.505,9562.495,11262.4825,25583.0,1791.9575,2192.8225,2593.6875,15905.0
2024-03-14 11:00:00+01:00,31443.0,31070.5,62.73,7664.545,9609.380000000001,11554.21,25583.0,2523.49,3101.1324999999997,3678.7775,15905.0
2024-03-14 12:00:00+01:00,30799.5,30292.0,60.4,7804.155,9769.939999999999,11735.724999999999,25583.0,2869.3225,3598.6425,4323.95,15905.0
2024-03-14 13:00:00+01:00,30694.5,30701.0,59.2,8159.1225,10015.380000000001,11871.64,25583.0,2788.4325,3507.67,4226.91,15905.0
2024-03-14 14:00:00+01:00,30798.0,30424.0,57.31,8289.630000000001,10103.1,11916.564999999999,25583.0,2407.0425,2997.9575,3588.8725,15905.0
2024-03-14 15:00:00+01:00,31094.5,30320.0,56.95,8140.085,9986.009999999998,11831.94,25583.0,1789.38,2255.7125,2722.0474999999997,15905.0
2024-03-14 16:00:00+01:00,32315.5,31205.5,57.41,8084.1975,9985.075,11885.9525,25583.0,1099.09,1401.1175,1703.15,15905.0
2024-03-14 17:00:00+01:00,33225.5,32683.0,64.25,8411.48,10206.7375,12001.9925,25583.0,466.505,608.8775,751.2524999999999,15905.0
2024-03-14 18:00:00+01:00,34871.0,34547.5,73.63,9063.275,10663.345,12263.4125,25583.0,89.08749999999999,137.04,184.9925,15905.0
2024-03-14 19:00:00+01:00,35667.5,35475.0,76.11,9554.6625,11054.779999999999,12554.900000000001,25583.0,3.3775,5.295,7.2299999999999995,15905.0
2024-03-14 20:00:00+01:00,35093.5,34551.0,70.95,9802.855,11327.35,12851.845,25583.0,0.0,0.0,0.0,15905.0
2024-03-14 21:00:00+01:00,32053.0,32466.5,63.92,9958.855,11478.369999999999,12997.885,25583.0,0.0,0.0,0.0,15905.0
2024-03-14 22:00:00+01:00,29166.0,29641.0,59.47,10017.805,11523.6,13029.395,25583.0,0.0,0.0,0.0,15905.0
2024-03-14 23:00:00+01:00,26009.5,26062.0,52.11,10266.154999999999,11744.9925,13223.835,25583.0,0.0,0.0,0.0,15905.0
2024-03-15 00:00:00+01:00,22861.5,23362.0,47.37,10366.727499999999,11834.605,13302.485,25583.0,0.0,0.0,0.0,15905.0
2024-03-15 01:00:00+01:00,22386.0,22900.0,44.64,10257.6975,11751.842499999999,13245.9875,25583.0,0.0,0.0,0.0,15905.0
2024-03-15 02:00:00+01:00,21897.5,22022.0,41.05,10277.490000000002,11806.79,13336.09,25583.0,0.0,0.0,0.0,15905.0
2024-03-15 03:00:00+01:00,20668.0,21153.5,36.92,10170.065,11787.27,13404.48,25583.0,0.0,0.0,0.0,15905.0
2024-03-15 04:00:00+01:00,20080.5,20587.0,35.62,10085.0775,11751.465,13417.855,25583.0,0.0,0.0,0.0,15905.0
2024-03-15 05:00:00+01:00,19712.0,20332.0,36.06,10089.57,11700.165,13310.755,25583.0,0.0,0.0,0.0,15905.0
2024-03-15 06:00:00+01:00,20683.0,21438.0,43.98,10011.635,11667.635,13323.6325,25583.0,0.0,0.0,0.0,15905.0
2024-03-15 07:00:00+01:00,24458.5,24722.0,60.36,9925.185,11754.835,13584.4875,25583.0,28.195,38.457499999999996,48.0,15905.0
2024-03-15 08:00:00+01:00,28610.5,28816.5,66.44,9809.89,11752.345000000001,13694.8,25583.0,390.7575,454.395,517.305,15905.0
2024-03-15 09:00:00+01:00,29769.0,31036.0,66.19,9608.135,11632.380000000001,13656.625,25583.0,1180.7225,1361.2475,1541.8325,15905.0
2024-03-15 10:00:00+01:00,29499.5,31296.5,63.02,9304.6875,11457.305,13609.92,25583.0,2263.5425,2599.1525,2934.755,15905.0
2024-03-15 11:00:00+01:00,28694.5,30396.0,58.76,8608.4075,10996.599999999999,13384.795,25583.0,3261.565,3760.885,4260.2075,15905.0
2024-03-15 12:00:00+01:00,28280.0,29993.5,55.05,7803.95,10472.555,13141.16,25583.0,4020.8824999999997,4502.0975,4983.3099999999995,15905.0
2024-03-15 13:00:00+01:00,28107.0,27929.0,54.29,7250.5375,10177.5425,13104.5475,25583.0,4218.7675,4677.255,5118.4475,15905.0
2024-03-15 14:00:00+01:00,27852.5,27470.5,53.65,6719.3075,9960.17,13201.035,25583.0,3746.61,4211.8225,4677.035,15905.0
2024-03-15 15:00:00+01:00,27397.0,27436.0,52.91,6308.58,9676.744999999999,13044.9075,25583.0,2966.6625,3365.4075,3764.15,15905.0
2024-03-15 16:00:00+01:00,27837.5,28481.0,54.16,6057.26,9432.84,12808.42,25583.0,2030.9075,2362.635,2694.3625,15905.0
2024-03-15 17:00:00+01:00,29855.0,30736.5,63.1,5707.2925,9146.5025,12585.7125,25583.0,1038.1175,1215.82,1393.52,15905.0
2024-03-15 18:00:00+01:00,32990.5,33524.5,73.39,5313.2425,8687.865000000002,12062.4875,25583.0,255.2675,310.19,365.1125,15905.0
2024-03-15 19:00:00+01:00,34631.0,34914.5,76.64,5068.6075,8337.36,11606.105,25583.0,6.6000000000000005,8.8575,11.17,15905.0
2024-03-15 20:00:00+01:00,34113.0,34161.5,72.9,4932.855,7983.9349999999995,11035.01,25583.0,0.0,0.0,0.0,15905.0
2024-03-15 21:00:00+01:00,32278.5,31869.5,65.81,4570.96,7404.9175,10238.875,25583.0,0.0,0.0,0.0,15905.0
2024-03-15 22:00:00+01:00,30096.5,29484.5,63.61,4174.5599999999995,6803.475,9432.3875,25583.0,0.0,0.0,0.0,15905.0
2024-03-15 23:00:00+01:00,27751.0,27281.5,58.72,4593.577499999999,6576.8925,8560.205,25583.0,0.0,0.0,0.0,15905.0
2024-03-16 00:00:00+01:00,25509.5,24698.0,62.06,4884.515,6371.5275,7858.54,25583.0,0.0,0.0,0.0,15905.0
2024-03-16 01:00:00+01:00,24935.5,24600.0,61.17,4407.6925,5910.8475,7414.0,25583.0,0.0,0.0,0.0,15905.0
2024-03-16 02:00:00+01:00,24308.5,24095.0,59.36,3856.29,5466.405,7076.514999999999,25583.0,0.0,0.0,0.0,15905.0
2024-03-16 03:00:00+01:00,23229.0,22921.5,57.72,3262.645,4971.0625,6679.475,25583.0,0.0,0.0,0.0,15905.0
2024-03-16 04:00:00+01:00,22464.0,22050.5,57.94,2798.26,4393.545,5988.83,25583.0,0.0,0.0,0.0,15905.0
2024-03-16 05:00:00+01:00,22119.5,21601.5,59.45,2246.5075,3738.5299999999997,5230.555,25583.0,0.0,0.0,0.0,15905.0
2024-03-16 06:00:00+01:00,22420.0,22074.0,63.35,1579.5925,2997.035,4414.475,25583.0,0.0,0.0,0.0,15905.0
2024-03-16 07:00:00+01:00,23878.5,23875.5,71.09,1132.165,2266.375,3400.58,25583.0,132.2375,146.425,159.92,15905.0
2024-03-16 08:00:00+01:00,25020.5,25584.0,71.91,827.945,1708.03,2588.1175,25583.0,963.97,1148.3725,1332.0774999999999,15905.0
2024-03-16 09:00:00+01:00,25511.5,26339.5,69.85,548.095,1388.915,2229.74,25583.0,2538.495,2970.755,3403.06,15905.0
2024-03-16 10:00:00+01:00,25721.0,27277.5,66.81,420.495,1372.1425,2323.7875,25583.0,3983.29,4657.2275,5331.165,15905.0
2024-03-16 11:00:00+01:00,25889.5,26668.0,64.49,581.575,1763.2,2944.825,25583.0,4724.95,5597.6075,6469.8099999999995,15905.0
2024-03-16 12:00:00+01:00,26026.0,25818.0,62.09,1031.215,2415.57,3799.9275,25583.0,4589.0650000000005,5622.4675,6651.4775,15905.0
2024-03-16 13:00:00+01:00,26657.5,26262.0,61.66,1754.6200000000001,3079.61,4404.605,25583.0,3792.355,4946.83,6101.3099999999995,15905.0
2024-03-16 14:00:00+01:00,26944.5,26476.5,60.3,2483.6000000000004,3792.46,5118.139999999999,25583.0,2932.49,3926.0924999999997,4919.6925,15905.0
2024-03-16 15:00:00+01:00,27864.0,26547.5,58.71,3323.165,4656.325,6040.5,25583.0,2096.125,2752.6324999999997,3409.1375,15905.0
2024-03-16 16:00:00+01:00,28654.5,26979.0,59.05,4370.21,5536.175,6867.035,25583.0,1228.1275,1588.9875,1951.2224999999999,15905.0
2024-03-16 17:00:00+01:00,30429.0,29162.0,64.52,5161.1900000000005,6260.1825,7755.44,25583.0,485.2,638.3525,773.6275,15905.0
2024-03-16 18:00:00+01:00,32550.5,31835.0,74.27,5810.41,6944.4325,8709.35,25583.0,90.9875,129.14000000000001,149.415,15905.0
2024-03-16 19:00:00+01:00,32981.0,32637.0,75.29,6386.9825,7678.5075,9604.4875,25583.0,2.355,2.6325,3.285,15905.0
2024-03-16 20:00:00+01:00,32001.0,31707.0,70.82,7025.7375,8542.0725,10479.7,25583.0,0.0,0.0,0.0,15905.0
2024-03-16 21:00:00+01:00,29504.0,29603.5,64.56,7885.545,9369.5075,11222.61,25583.0,0.0,0.0,0.0,15905.0
2024-03-16 22:00:00+01:00,26954.5,27135.0,60.84,8571.900000000001,9982.535,11656.4,25583.0,0.0,0.0,0.0,15905.0
2024-03-16 23:00:00+01:00,24404.5,24586.5,53.12,9069.4625,10454.57,11885.9375,25583.0,0.0,0.0,0.0,15905.0
2024-03-17 00:00:00+01:00,22646.5,22382.5,55.78,9157.045,10521.825,11886.605,25583.0,0.0,0.0,0.0,15905.0
2024-03-17 01:00:00+01:00,22730.5,22150.0,53.06,8889.805,10254.29,11618.7775,25583.0,0.0,0.0,0.0,15905.0
2024-03-17 02:00:00+01:00,22078.0,21687.0,51.14,8234.785,9731.4775,11228.17,25583.0,0.0,0.0,0.0,15905.0
2024-03-17 03:00:00+01:00,21036.5,20856.5,47.94,7533.965,9141.6575,10749.35,25583.0,0.0,0.0,0.0,15905.0
2024-03-17 04:00:00+01:00,20152.0,20087.0,46.67,6933.1900000000005,8547.4825,10161.7775,25583.0,0.0,0.0,0.0,15905.0
2024-03-17 05:00:00+01:00,19794.5,19563.5,48.2,6273.105,7934.34,9595.57,25583.0,0.0,0.0,0.0,15905.0
2024-03-17 06:00:00+01:00,19801.5,19872.5,49.61,5814.855,7522.02,9229.185,25583.0,0.0,0.0,0.0,15905.0
2024-03-17 07:00:00+01:00,21041.0,21276.5,52.53,5523.035,7255.389999999999,8987.7425,25583.0,12.2325,25.119999999999997,28.235,15905.0
2024-03-17 08:00:00+01:00,22536.5,22704.0,55.66,5422.155,7156.549999999999,8890.939999999999,25583.0,181.775,250.72750000000002,305.4,15905.0
2024-03-17 09:00:00+01:00,24489.0,24775.0,59.66,5371.6849999999995,7077.855,8784.029999999999,25583.0,651.4425,819.8625,969.2075,15905.0
2024-03-17 10:00:00+01:00,25553.5,26316.5,63.41,5241.327499999999,6970.8375,8700.349999999999,25583.0,1330.6,1618.1925,1891.5675,15905.0
2024-03-17 11:00:00+01:00,26261.5,26281.5,64.28,5134.0650000000005,6892.92,8651.775,25583.0,2138.6475,2555.62,2976.8525,15905.0
2024-03-17 12:00:00+01:00,26790.0,26111.5,62.85,5093.62,6847.3025,8600.9875,25583.0,2960.285,3549.44,4097.9025,15905.0
2024-03-17 13:00:00+01:00,27226.0,26674.0,61.47,4870.9525,6676.025,8481.099999999999,25583.0,3529.4025,4188.7074999999995,4807.7775,15905.0
2024-03-17 14:00:00+01:00,26385.0,25620.5,57.88,4277.22,6348.5425,8419.865,25583.0,3657.2875,4222.530000000001,4779.635,15905.0
2024-03-17 15:00:00+01:00,25906.0,25368.0,57.66,3319.585,5822.799999999999,8326.015,25583.0,3332.055,3745.4375,4152.860000000001,15905.0
2024-03-17 16:00:00+01:00,26985.5,26403.5,58.98,2681.9375,5216.505,7751.07,25583.0,2572.27,2853.53,3135.2475,15905.0
2024-03-17 17:00:00+01:00,29123.0,29103.0,68.0,2581.8925,4866.175,7150.46,25583.0,1336.5025,1499.9775,1663.4524999999999,15905.0
2024-03-17 18:00:00+01:00,31736.5,31963.0,77.24,2739.9875,4840.85,6941.7125,25583.0,299.3625,355.1975,411.03000000000003,15905.0
2024-03-17 19:00:00+01:00,33078.5,33556.5,78.36,3081.0125,5037.18,6993.35,25583.0,5.865,9.7875,14.370000000000001,15905.0
2024-03-17 20:00:00+01:00,32457.5,32580.5,72.39,3532.305,5224.325,7040.445,25583.0,0.0,0.0,0.0,15905.0
2024-03-17 21:00:00+01:00,30536.5,30615.5,65.55,3945.37,5473.45,7125.6275000000005,25583.0,0.0,0.0,0.0,15905.0
2024-03-17 22:00:00+01:00,27991.5,28357.5,63.73,4245.47,5686.4775,7127.485000000001,25583.0,0.0,0.0,0.0,15905.0
2024-03-17 23:00:00+01:00,25303.0,25928.5,60.58,4957.3475,6228.615,7499.88,25583.0,0.0,0.0,0.0,15905.0
2024-03-18 00:00:00+01:00,22779.5,23238.0,60.7,5415.41,6623.695,7831.9825,25583.0,0.0,0.0,0.0,15905.0
2024-03-18 01:00:00+01:00,22348.0,22850.0,60.07,5158.4475,6460.325,7762.2,25583.0,0.0,0.0,0.0,15905.0
2024-03-18 02:00:00+01:00,21827.5,22475.5,57.98,4924.1849999999995,6471.025,8017.86,25583.0,0.0,0.0,0.0,15905.0
2024-03-18 03:00:00+01:00,21144.5,21751.5,55.45,4752.945,6506.075,8259.1975,25583.0,0.0,0.0,0.0,15905.0
2024-03-18 04:00:00+01:00,20456.0,21106.0,55.96,4521.77,6273.3075,8024.85,25583.0,0.0,0.0,0.0,15905.0
2024-03-18 05:00:00+01:00,20274.0,21118.0,57.95,4191.2725,5828.97,7466.665,25583.0,0.0,0.0,0.0,15905.0
2024-03-18 06:00:00+01:00,21805.5,22651.0,65.23,4026.455,5454.525,6882.5975,25583.0,0.0,0.0,0.0,15905.0
2024-03-18 07:00:00+01:00,25996.0,26793.0,71.88,3805.0724999999998,5051.967500000001,6298.865,25583.0,96.6175,117.06,143.345,15905.0
2024-03-18 08:00:00+01:00,28851.5,30545.0,76.53,3455.865,4524.075,5592.29,25583.0,708.465,909.845,1029.28,15905.0
2024-03-18 09:00:00+01:00,29978.0,31289.5,75.43,3214.8975,4106.915,4998.9400000000005,25583.0,1837.29,2428.04,2750.5275,15905.0
2024-03-18 10:00:00+01:00,29905.0,30981.0,71.26,3031.375,3913.705,4796.0375,25583.0,3275.2275,3974.635,4506.8825,15905.0
2024-03-18 11:00:00+01:00,29137.0,29424.0,65.69,3018.605,3980.18,4941.755,25583.0,4553.71,5240.615,5940.932500000001,15905.0
2024-03-18 12:00:00+01:00,28134.5,28626.5,62.75,3093.91,4348.674999999999,5603.4349999999995,25583.0,5248.97,6126.165,7003.3575,15905.0
2024-03-18 13:00:00+01:00,28046.0,28537.5,60.97,3474.1549999999997,5004.3375,6534.52,25583.0,5340.7375,6252.9574999999995,7165.175,15905.0
2024-03-18 14:00:00+01:00,27688.5,27803.0,59.11,4131.055,5656.495,7181.9349999999995,25583.0,4715.55,5515.5375,6315.5175,15905.0
2024-03-18 15:00:00+01:00,27611.5,27893.0,59.12,4537.03,6097.9,7658.775,25583.0,3725.3475,4330.105,4934.865,15905.0
2024-03-18 16:00:00+01:00,28764.0,28997.5,60.56,4787.4925,6502.8875,8220.745,25583.0,2514.56,2947.3275000000003,3380.0975,15905.0
2024-03-18 17:00:00+01:00,31145.0,31235.0,68.0,5222.8425,7135.985000000001,9051.595000000001,25583.0,1194.6325,1427.8675,1661.1575,15905.0
2024-03-18 18:00:00+01:00,33522.0,33921.5,76.99,5923.467500000001,7839.125,9773.65,25583.0,298.52,339.8475,380.545,15905.0
2024-03-18 19:00:00+01:00,34419.0,35067.0,77.5,6849.385,8626.605,10422.692500000001,25583.0,4.29,5.1825,5.83,15905.0
2024-03-18 20:00:00+01:00,34068.0,34490.5,71.13,7662.945,9539.43,11415.9225,25583.0,0.0,0.0,0.0,15905.0
2024-03-18 21:00:00+01:00,31355.0,31857.5,63.45,8291.970000000001,10335.385,12378.805,25583.0,0.0,0.0,0.0,15905.0
2024-03-18 22:00:00+01:00,28261.5,28494.0,60.84,8976.869999999999,11003.6675,13030.467499999999,25583.0,0.0,0.0,0.0,15905.0
2024-03-18 23:00:00+01:00,24837.5,25096.5,52.0,10351.41,11940.935,13530.47,25583.0,0.0,0.0,0.0,15905.0
2024-03-19 00:00:00+01:00,21598.0,21782.5,46.07,11242.89,12468.6,13694.310000000001,25583.0,0.0,0.0,0.0,15905.0
2024-03-19 01:00:00+01:00,21042.0,20900.0,41.6,11238.385,12479.2225,13720.055,25583.0,0.0,0.0,0.0,15905.0
2024-03-19 02:00:00+01:00,20634.5,20341.0,39.8,11345.59,12616.125,13886.654999999999,25583.0,0.0,0.0,0.0,15905.0
2024-03-19 03:00:00+01:00,19960.0,19682.0,36.21,11295.1,12603.835,13912.575,25583.0,0.0,0.0,0.0,15905.0
2024-03-19 04:00:00+01:00,19339.5,18955.5,36.8,11191.695,12532.99,13874.279999999999,25583.0,0.0,0.0,0.0,15905.0
2024-03-19 05:00:00+01:00,18669.5,18762.5,38.43,10979.9925,12378.17,13776.345000000001,25583.0,0.0,0.0,0.0,15905.0
2024-03-19 06:00:00+01:00,20146.0,20499.0,49.49,10666.565,12213.735,13760.9025,25583.0,0.0,0.0,0.0,15905.0
2024-03-19 07:00:00+01:00,24279.5,24877.5,64.62,10208.715,11972.2,13735.685,25583.0,65.7925,88.935,98.14,15905.0
2024-03-19 08:00:00+01:00,28307.5,28274.0,70.0,9798.365,11704.0825,13609.8,25583.0,564.76,696.875,815.0525,15905.0
2024-03-19 09:00:00+01:00,29626.5,29971.0,68.04,9351.725,11382.5525,13413.375,25583.0,1395.48,1828.195,2261.9875,15905.0
2024-03-19 10:00:00+01:00,29772.5,29526.5,63.7,8813.9875,11035.805,13257.625,25583.0,2265.0299999999997,3116.585,3968.1400000000003,15905.0
2024-03-19 11:00:00+01:00,28779.0,28677.5,58.43,8275.0975,10620.47,12965.8425,25583.0,3141.5525,4308.24,5474.9325,15905.0
2024-03-19 12:00:00+01:00,28363.5,27957.0,55.49,7657.735,9863.52,12069.305,25583.0,3877.27,5112.8150000000005,6348.3575,15905.0
2024-03-19 13:00:00+01:00,28230.5,28275.0,56.28,6792.4375,8831.1975,10869.96,25583.0,4211.155,5325.33,6468.75,15905.0
2024-03-19 14:00:00+01:00,28288.0,28277.5,57.32,5749.845,7641.925,9534.005,25583.0,4004.125,4941.7325,5879.335,15905.0
2024-03-19 15:00:00+01:00,28831.0,28463.5,59.9,4530.1125,6379.38,8228.655,25583.0,3329.045,4068.6075,4808.1675,15905.0
2024-03-19 16:00:00+01:00,30351.0,29817.0,63.55,3128.795,5104.055,7079.3150000000005,25583.0,2219.775,2867.645,3515.5175,15905.0
2024-03-19 17:00:00+01:00,32771.0,32532.0,75.1,2014.07,3886.6875,5759.305,25583.0,973.0775,1380.08,1787.2225,15905.0
2024-03-19 18:00:00+01:00,34712.0,35310.5,86.76,1185.835,2809.69,4433.55,25583.0,219.15,307.07,393.23249999999996,15905.0
2024-03-19 19:00:00+01:00,35910.0,36599.5,88.19,534.36,2081.415,3628.4725,25583.0,5.8025,6.9775,7.375,15905.0
2024-03-19 20:00:00+01:00,35719.5,36673.5,81.66,152.49,1654.445,3156.4049999999997,25583.0,0.0,0.0,0.0,15905.0
2024-03-19 21:00:00+01:00,33750.5,34464.5,73.31,34.19,1361.12,2701.17,25583.0,0.0,0.0,0.0,15905.0
2024-03-19 22:00:00+01:00,30405.5,31752.5,69.52,0.0,1169.4099999999999,2394.2525,25583.0,0.0,0.0,0.0,15905.0
2024-03-19 23:00:00+01:00,27122.5,28509.5,65.24,120.2675,1128.4375,2178.9225,25583.0,0.0,0.0,0.0,15905.0
2024-03-20 00:00:00+01:00,24329.5,25292.5,69.96,213.2,1144.5425,2075.885,25583.0,0.0,0.0,0.0,15905.0
2024-03-20 01:00:00+01:00,23700.5,24400.0,70.38,145.715,1115.2725,2084.83,25583.0,0.0,0.0,0.0,15905.0
2024-03-20 02:00:00+01:00,23356.5,23861.5,69.18,79.02,1064.8725,2050.725,25583.0,0.0,0.0,0.0,15905.0
2024-03-20 03:00:00+01:00,22709.5,22737.5,67.35,49.375,1021.2425,1993.1075,25583.0,0.0,0.0,0.0,15905.0
2024-03-20 04:00:00+01:00,22053.5,21660.5,68.03,47.095,1073.5525,2100.01,25583.0,0.0,0.0,0.0,15905.0
2024-03-20 05:00:00+01:00,21479.5,21696.0,68.62,37.9875,1222.085,2406.1800000000003,25583.0,0.0,0.0,0.0,15905.0
2024-03-20 06:00:00+01:00,22555.0,22972.5,74.64,106.75500000000001,1455.5125,2804.2725,25583.0,0.0,0.0,0.0,15905.0
2024-03-20 07:00:00+01:00,26108.0,27654.5,82.0,289.6025,1744.035,3198.465,25583.0,53.195,61.650000000000006,70.10249999999999,15905.0
2024-03-20 08:00:00+01:00,30563.0,31949.5,86.26,546.905,2070.67,3594.4375,25583.0,350.38750000000005,419.4075,488.42500000000007,15905.0
2024-03-20 09:00:00+01:00,31910.5,32981.0,85.52,840.4225,2406.745,3973.0725,25583.0,833.7025,1059.0275,1284.355,15905.0
2024-03-20 10:00:00+01:00,32054.5,33000.0,81.41,1182.31,2693.8125,4205.3175,25583.0,1509.3525,1879.9,2250.4425,15905.0
2024-03-20 11:00:00+01:00,31520.5,32164.0,76.67,1511.76,2958.18,4404.6,25583.0,2170.8475,2688.5025,3206.1575000000003,15905.0
2024-03-20 12:00:00+01:00,31076.5,31475.5,73.52,1741.395,3149.225,4557.0525,25583.0,2505.82,3187.6725,3869.52,15905.0
2024-03-20 13:00:00+01:00,31173.0,31544.5,72.57,1862.275,3276.95,4691.63,25583.0,2745.8675000000003,3394.3075,4034.2200000000003,15905.0
2024-03-20 14:00:00+01:00,31057.5,31302.5,71.49,1857.4225000000001,3305.215,4753.0025000000005,25583.0,2741.125,3350.9025,3960.6725,15905.0
2024-03-20 15:00:00+01:00,30703.0,30510.5,71.61,1721.28,3133.45,4545.625,25583.0,2327.44,2903.1525,3478.8675,15905.0
2024-03-20 16:00:00+01:00,30516.5,31255.0,74.45,1474.8899999999999,2865.1,4255.3099999999995,25583.0,1632.8275,2079.69,2526.5550000000003,15905.0
2024-03-20 17:00:00+01:00,32106.5,33165.0,83.2,1343.97,2700.4375,4056.8999999999996,25583.0,865.4449999999999,1129.0925,1392.7424999999998,15905.0
2024-03-20 18:00:00+01:00,34090.0,35472.0,94.18,1287.65,2737.315,4186.98,25583.0,282.865,347.48,412.0975,15905.0
2024-03-20 19:00:00+01:00,35148.5,36102.5,95.21,1226.1675,2818.5725,4410.98,25583.0,16.4625,17.9975,19.5325,15905.0
2024-03-20 20:00:00+01:00,34827.0,35828.0,88.85,1356.5,3012.94,4669.3775000000005,25583.0,0.0,0.0,0.0,15905.0
2024-03-20 21:00:00+01:00,33283.0,33662.5,78.03,1655.615,3338.105,5020.595,25583.0,0.0,0.0,0.0,15905.0
2024-03-20 22:00:00+01:00,30399.0,30850.5,74.39,1943.9175,3601.87,5259.82,25583.0,0.0,0.0,0.0,15905.0
2024-03-20 23:00:00+01:00,26978.5,27884.5,69.54,2247.855,3674.4475,5101.0375,25583.0,0.0,0.0,0.0,15905.0
2024-03-21 00:00:00+01:00,24084.5,24612.5,67.81,2508.705,3719.33,4929.945,25583.0,0.0,0.0,0.0,15905.0
2024-03-21 01:00:00+01:00,23495.5,24100.0,67.41,2686.3975,3928.485,5170.575000000001,25583.0,0.0,0.0,0.0,15905.0
2024-03-21 02:00:00+01:00,22844.0,23464.0,66.01,2948.9300000000003,4103.115,5257.3,25583.0,0.0,0.0,0.0,15905.0
2024-03-21 03:00:00+01:00,21843.0,22227.0,64.31,3243.5775,4282.9,5322.22,25583.0,0.0,0.0,0.0,15905.0
2024-03-21 04:00:00+01:00,21134.0,21050.5,64.73,3607.625,4644.6224999999995,5681.6175,25583.0,0.0,0.0,0.0,15905.0
2024-03-21 05:00:00+01:00,20653.5,20920.0,65.09,4097.82,5032.555,5967.29,25583.0,0.0,0.0,0.0,15905.0
2024-03-21 06:00:00+01:00,21398.5,21840.5,70.59,4523.735,5370.95,6218.165,25583.0,0.0,0.0,0.0,15905.0
2024-03-21 07:00:00+01:00,25001.5,25916.5,76.1,4847.83,5767.7725,6687.7125,25583.0,79.7875,92.4975,105.21000000000001,15905.0
2024-03-21 08:00:00+01:00,28841.0,29505.5,78.47,5185.5650000000005,6154.3575,7123.1525,25583.0,599.9300000000001,707.485,815.0425,15905.0
2024-03-21 09:00:00+01:00,29504.0,30034.0,75.97,5661.11,6619.215,7577.3150000000005,25583.0,1398.675,1763.635,2128.59,15905.0
2024-03-21 10:00:00+01:00,29764.0,30138.5,71.96,6165.1575,7237.295,8309.4375,25583.0,2264.0575,2861.7475,3459.4325,15905.0
2024-03-21 11:00:00+01:00,28482.5,29398.0,67.88,6670.8475,8003.639999999999,9336.435,25583.0,3049.52,3815.455,4581.3925,15905.0
2024-03-21 12:00:00+01:00,27626.5,28656.5,64.0,7429.0525,9045.4175,10661.779999999999,25583.0,3459.38,4397.4775,5335.58,15905.0
2024-03-21 13:00:00+01:00,27297.5,28002.0,58.93,8385.68,10114.5825,11843.487500000001,25583.0,3405.4375,4416.165,5426.305,15905.0
2024-03-21 14:00:00+01:00,27077.0,27592.0,53.48,9350.689999999999,11037.6475,12724.6075,25583.0,3126.455,4070.1949999999997,5013.9325,15905.0
2024-03-21 15:00:00+01:00,27666.0,27894.0,51.71,10110.9375,11751.975,13393.0125,25583.0,2781.965,3545.4125,4308.8625,15905.0
2024-03-21 16:00:00+01:00,29035.5,29067.5,54.08,10514.307499999999,12169.805,13825.3075,25583.0,2162.5875,2761.375,3360.1625,15905.0
2024-03-21 17:00:00+01:00,30566.0,31163.0,65.49,10825.4175,12546.4,14267.3775,25583.0,1200.8425,1518.3825,1836.2024999999999,15905.0
2024-03-21 18:00:00+01:00,32174.5,32766.0,75.0,11227.775,12997.025000000001,14766.282500000001,25583.0,328.2475,384.6725,437.485,15905.0
2024-03-21 19:00:00+01:00,32972.0,33668.0,76.8,11558.855,13329.31,15099.7625,25583.0,11.6725,16.5675,17.9375,15905.0
2024-03-21 20:00:00+01:00,33119.0,33306.0,71.99,11923.932499999999,13623.565,15323.2,25583.0,0.0,0.0,0.0,15905.0
2024-03-21 21:00:00+01:00,31010.5,31257.5,65.56,12306.1325,13883.1525,15460.17,25583.0,0.0,0.0,0.0,15905.0
2024-03-21 22:00:00+01:00,28191.0,28010.0,61.42,12446.6175,13958.51,15470.405,25583.0,0.0,0.0,0.0,15905.0
2024-03-21 23:00:00+01:00,24791.0,24841.0,51.06,12241.56,13772.400000000001,15303.2425,25583.0,0.0,0.0,0.0,15905.0
2024-03-22 00:00:00+01:00,22169.0,22136.5,46.85,11879.885,13383.6625,14887.4425,25583.0,0.0,0.0,0.0,15905.0
2024-03-22 01:00:00+01:00,21816.5,21500.0,45.05,11711.5725,13172.815,14634.06,25583.0,0.0,0.0,0.0,15905.0
2024-03-22 02:00:00+01:00,21443.0,21167.5,43.93,11624.45,13131.24,14638.035,25583.0,0.0,0.0,0.0,15905.0
2024-03-22 03:00:00+01:00,20077.5,20114.5,41.36,11507.25,13073.56,14639.875,25583.0,0.0,0.0,0.0,15905.0
2024-03-22 04:00:00+01:00,19154.5,19661.0,41.41,11307.4725,12901.565,14495.66,25583.0,0.0,0.0,0.0,15905.0
2024-03-22 05:00:00+01:00,19255.5,19409.5,45.1,11046.49,12645.5175,14244.54,25583.0,0.0,0.0,0.0,15905.0
2024-03-22 06:00:00+01:00,20227.0,20431.5,54.85,10731.779999999999,12362.0275,13992.2775,25583.0,0.36,2.1975,2.4,15905.0
2024-03-22 07:00:00+01:00,24314.0,24230.5,66.99,10143.51,11931.1,13718.69,25583.0,113.57499999999999,133.0825,145.025,15905.0
2024-03-22 08:00:00+01:00,28660.0,28571.5,73.34,9708.4125,11538.0225,13367.635,25583.0,571.96,722.665,872.465,15905.0
2024-03-22 09:00:00+01:00,29699.5,29892.0,71.22,9682.98,11327.995,12973.0075,25583.0,1336.72,1821.4125,2306.215,15905.0
2024-03-22 10:00:00+01:00,29971.0,29331.5,66.84,9584.970000000001,11098.34,12611.71,25583.0,2162.67,3016.5675,3870.4575,15905.0
2024-03-22 11:00:00+01:00,28653.0,28205.5,61.3,9078.175,10589.0775,12099.98,25583.0,2840.9449999999997,4067.4975000000004,5294.05,15905.0
2024-03-22 12:00:00+01:00,27857.5,27500.0,57.52,8605.71,10075.974999999999,11546.2425,25583.0,3393.035,4930.585,6468.13,15905.0
2024-03-22 13:00:00+01:00,26765.5,27025.5,55.55,8276.4025,9769.675,11262.9525,25583.0,3689.87,5335.825,6981.2375,15905.0
2024-03-22 14:00:00+01:00,25372.5,25630.5,52.58,7927.075,9564.1225,11201.165,25583.0,3595.465,5186.1849999999995,6776.9075,15905.0
2024-03-22 15:00:00+01:00,24525.0,25813.0,51.05,7704.1525,9571.3675,11438.585,25583.0,3328.02,4610.8275,5893.639999999999,15905.0
2024-03-22 16:00:00+01:00,24867.5,26953.5,52.41,7788.755,9810.105,11831.445,25583.0,2686.0175,3625.4625,4564.91,15905.0
2024-03-22 17:00:00+01:00,27086.5,29049.5,63.78,8129.1025,10214.6725,12300.2425,25583.0,1551.06,2023.2575000000002,2495.4575,15905.0
2024-03-22 18:00:00+01:00,30241.0,31855.5,75.57,8704.7925,10790.43,12876.07,25583.0,489.7275,547.625,605.52,15905.0
2024-03-22 19:00:00+01:00,32126.5,32565.5,78.06,9380.815,11398.485,13416.154999999999,25583.0,21.855,23.177500000000002,24.497500000000002,15905.0
2024-03-22 20:00:00+01:00,32513.0,32915.0,73.21,9862.525,11925.07,13987.6125,25583.0,0.0,0.0,0.0,15905.0
2024-03-22 21:00:00+01:00,30765.0,30559.0,65.91,10262.655,12389.545,14516.4425,25583.0,0.0,0.0,0.0,15905.0
2024-03-22 22:00:00+01:00,28043.0,28300.0,61.72,10780.1675,12837.9575,14895.744999999999,25583.0,0.0,0.0,0.0,15905.0
2024-03-22 23:00:00+01:00,24944.0,25363.0,51.63,11606.6375,13363.7975,15120.955,25583.0,0.0,0.0,0.0,15905.0
2024-03-23 00:00:00+01:00,22074.0,22866.0,43.29,12185.885,13762.9575,15340.029999999999,25583.0,0.0,0.0,0.0,15905.0
2024-03-23 01:00:00+01:00,21783.5,22100.0,40.35,12373.467499999999,14041.18,15708.89,25583.0,0.0,0.0,0.0,15905.0
2024-03-23 02:00:00+01:00,20840.5,20961.5,36.18,12645.0975,14319.9375,15994.7775,25583.0,0.0,0.0,0.0,15905.0
2024-03-23 03:00:00+01:00,19382.5,19718.0,27.62,13000.97,14517.0875,16033.205,25583.0,0.0,0.0,0.0,15905.0
2024-03-23 04:00:00+01:00,19004.5,19017.5,24.39,13239.335,14628.195,16017.0525,25583.0,0.0,0.0,0.0,15905.0
2024-03-23 05:00:00+01:00,18300.0,18331.0,24.42,13374.505,14711.494999999999,16048.485,25583.0,0.0,0.0,0.0,15905.0
2024-03-23 06:00:00+01:00,18442.0,18374.5,28.67,13554.785,14809.1675,16063.555,25583.0,3.095,3.16,3.16,15905.0
2024-03-23 07:00:00+01:00,19514.5,19797.0,31.92,13761.1375,14928.92,16096.7025,25583.0,257.67,278.77750000000003,330.7025,15905.0
2024-03-23 08:00:00+01:00,20771.0,21366.0,27.52,13925.585,15055.46,16185.335,25583.0,1350.9724999999999,1503.6475,1776.525,15905.0
2024-03-23 09:00:00+01:00,21438.0,22712.0,22.67,14174.08,15236.54,16299.0025,25583.0,2908.7875,3169.73,3524.7200000000003,15905.0
2024-03-23 10:00:00+01:00,21773.5,23622.0,19.09,14353.35,15370.14,16386.93,25583.0,4063.335,4391.4575,4725.85,15905.0
2024-03-23 11:00:00+01:00,21644.0,22619.5,16.57,14345.255000000001,15385.49,16425.73,25583.0,4869.925,5347.72,5824.5375,15905.0
2024-03-23 12:00:00+01:00,22209.0,21545.0,17.5,14375.235,15460.72,16546.2025,25583.0,5653.4525,6164.965,6676.4725,15905.0
2024-03-23 13:00:00+01:00,21783.0,21180.0,17.18,14350.2125,15526.485,16702.760000000002,25583.0,5992.425,6417.2675,6822.7275,15905.0
2024-03-23 14:00:00+01:00,21405.5,21625.5,16.24,14202.9275,15515.9575,16828.985,25583.0,5681.865,5990.6075,6299.3475,15905.0
2024-03-23 15:00:00+01:00,21196.5,22022.5,16.52,14125.8325,15490.365,16854.8975,25583.0,4851.93,5114.8625,5377.7975,15905.0
2024-03-23 16:00:00+01:00,22041.0,23192.0,23.06,13950.9925,15384.315,16817.63,25583.0,3682.32,3930.58,4178.8475,15905.0
2024-03-23 17:00:00+01:00,25101.5,25678.5,43.4,13808.365,15309.445,16810.525,25583.0,2025.6675,2198.5425,2371.42,15905.0
2024-03-23 18:00:00+01:00,28325.0,29263.0,60.17,13966.205,15308.795,16651.385000000002,25583.0,538.08,585.2524999999999,632.425,15905.0
2024-03-23 19:00:00+01:00,30678.5,30677.5,67.36,14128.085,15280.7325,16433.3825,25583.0,18.2,20.465,22.752499999999998,15905.0
2024-03-23 20:00:00+01:00,30563.5,30105.0,63.97,14194.3,15263.28,16332.2575,25583.0,0.0,0.0,0.0,15905.0
2024-03-23 21:00:00+01:00,28941.5,28552.0,55.54,14222.1675,15246.8175,16271.4675,25583.0,0.0,0.0,0.0,15905.0
2024-03-23 22:00:00+01:00,25971.5,26091.5,48.97,14216.09,15218.535,16220.98,25583.0,0.0,0.0,0.0,15905.0
2024-03-23 23:00:00+01:00,23635.0,23674.5,36.89,14104.2425,15125.845,16147.45,25583.0,0.0,0.0,0.0,15905.0
2024-03-24 00:00:00+01:00,21282.0,21362.0,13.32,13889.3775,14934.275,15979.1775,25583.0,0.0,0.0,0.0,15905.0
2024-03-24 01:00:00+01:00,20995.5,20885.0,12.01,13719.9025,14791.6175,15863.3325,25583.0,0.0,0.0,0.0,15905.0
2024-03-24 02:00:00+01:00,20499.0,20193.5,6.51,13590.755000000001,14700.825,15810.895,25583.0,0.0,0.0,0.0,15905.0
2024-03-24 03:00:00+01:00,19378.0,19098.0,-1.3,13462.48,14606.545,15750.605,25583.0,0.0,0.0,0.0,15905.0
2024-03-24 04:00:00+01:00,18647.5,18469.5,-2.05,13342.25,14517.68,15693.115,25583.0,0.0,0.0,0.0,15905.0
2024-03-24 05:00:00+01:00,18143.0,18161.0,-1.89,13182.015,14384.8225,15587.634999999998,25583.0,0.0,0.0,0.0,15905.0
2024-03-24 06:00:00+01:00,18111.5,18464.5,-0.64,12966.3925,14223.705,15481.0225,25583.0,5.0,5.8575,6.3875,15905.0
2024-03-24 07:00:00+01:00,19126.0,19281.0,0.65,12581.744999999999,13962.3825,15343.025,25583.0,275.14750000000004,294.8175,313.7,15905.0
2024-03-24 08:00:00+01:00,19848.5,20219.5,-3.69,12096.8325,13644.425,15192.02,25583.0,1599.8025,1756.675,1913.6125,15905.0
2024-03-24 09:00:00+01:00,20793.5,20861.0,-4.97,11586.965,13294.0725,15001.18,25583.0,3437.34,3690.825,3944.3075,15905.0
2024-03-24 10:00:00+01:00,21674.0,21533.5,-1.74,10861.625,12734.154999999999,14606.682499999999,25583.0,4541.435,4844.7474999999995,5148.055,15905.0
2024-03-24 11:00:00+01:00,21913.5,22040.5,6.29,9788.95,11719.025,13649.1,25583.0,5199.91,5612.889999999999,6025.8775000000005,15905.0
2024-03-24 12:00:00+01:00,22425.0,22280.0,17.27,8549.474999999999,10543.04,12536.6,25583.0,5672.5824999999995,6123.095,6573.6075,15905.0
2024-03-24 13:00:00+01:00,22479.5,23231.5,24.24,7341.5525,9544.25,11746.95,25583.0,5766.175,6222.7875,6678.5650000000005,15905.0
2024-03-24 14:00:00+01:00,22574.5,23401.5,25.57,6177.7025,8558.755000000001,10939.8125,25583.0,5492.0599999999995,5906.2725,6320.4875,15905.0
2024-03-24 15:00:00+01:00,22910.0,23687.0,32.34,5327.66,7638.22,9948.78,25583.0,4827.344999999999,5136.345,5445.35,15905.0
2024-03-24 16:00:00+01:00,24782.5,25375.5,42.46,4732.620000000001,6862.9400000000005,8993.259999999998,25583.0,3842.565,4072.6949999999997,4302.825,15905.0
2024-03-24 17:00:00+01:00,28291.5,28721.0,59.35,4146.900000000001,6149.385,8151.87,25583.0,2224.2125,2362.375,2500.71,15905.0
2024-03-24 18:00:00+01:00,31782.0,32042.5,73.73,3443.4975,5388.6575,7333.82,25583.0,609.3774999999999,660.5275,709.4025,15905.0
2024-03-24 19:00:00+01:00,33770.5,34113.5,77.26,2625.075,4621.72,6618.36,25583.0,19.25,29.6575,38.23,15905.0
2024-03-24 20:00:00+01:00,33416.5,34260.5,73.56,1800.6675,3791.765,5782.865,25583.0,0.0,0.0,0.0,15905.0
2024-03-24 21:00:00+01:00,31282.0,32372.5,67.09,1101.5875,2963.075,4824.5599999999995,25583.0,0.0,0.0,0.0,15905.0
2024-03-24 22:00:00+01:00,29250.0,29841.5,63.4,640.105,2298.67,3957.235,25583.0,0.0,0.0,0.0,15905.0
2024-03-24 23:00:00+01:00,26296.5,27245.0,59.43,519.8475,1705.115,2890.375,25583.0,0.0,0.0,0.0,15905.0
2024-03-25 00:00:00+01:00,23475.0,24447.0,68.84,619.2149999999999,1491.4675,2363.7225,25583.0,0.0,0.0,0.0,15905.0
2024-03-25 01:00:00+01:00,23133.5,23500.0,67.05,822.5799999999999,1875.22,2927.8575,25583.0,0.0,0.0,0.0,15905.0
2024-03-25 02:00:00+01:00,22643.0,23156.0,64.98,1385.7225,2575.9875,3766.2574999999997,25583.0,0.0,0.0,0.0,15905.0
2024-03-25 03:00:00+01:00,21612.5,22126.0,59.36,2291.99,3337.4975,4383.0,25583.0,0.0,0.0,0.0,15905.0
2024-03-25 04:00:00+01:00,21008.5,21432.0,57.2,3043.28,3933.1575000000003,4823.035,25583.0,0.0,0.0,0.0,15905.0
2024-03-25 05:00:00+01:00,20425.0,21319.5,57.34,3451.83,4359.0875,5266.3425,25583.0,0.0,0.0,0.0,15905.0
2024-03-25 06:00:00+01:00,21454.5,22217.0,63.45,3769.4025,4783.355,5797.3025,25583.0,0.8625,2.0175,3.3775,15905.0
2024-03-25 07:00:00+01:00,25374.0,26009.5,74.68,4101.2725,5307.9775,6514.685,25583.0,125.48249999999999,160.02249999999998,194.56,15905.0
2024-03-25 08:00:00+01:00,29607.5,30940.5,79.15,4409.855,5784.215,7158.5725,25583.0,420.66499999999996,629.0,837.335,15905.0
2024-03-25 09:00:00+01:00,31759.5,33415.5,77.99,4621.719999999999,6281.955,7942.2,25583.0,866.85,1297.6525,1728.4575,15905.0
2024-03-25 10:00:00+01:00,32295.5,33507.5,75.06,4825.844999999999,6797.635,8769.425,25583.0,1379.63,2007.9900000000002,2636.3475,15905.0
2024-03-25 11:00:00+01:00,32131.0,33110.5,71.84,5199.225,7247.865,9296.5,25583.0,1766.4575,2538.85,3311.2375,15905.0
2024-03-25 12:00:00+01:00,32092.5,32429.5,69.35,5480.82,7629.9349999999995,9779.0575,25583.0,2016.0975,2815.265,3614.4375,15905.0
2024-03-25 13:00:00+01:00,32200.5,32234.0,68.39,5519.8575,7749.0325,9978.21,25583.0,2083.2425000000003,2870.1325,3654.6475,15905.0
2024-03-25 14:00:00+01:00,32142.5,32173.5,66.92,5529.165,7749.6,9970.035,25583.0,1845.5675,2590.3075,3335.05,15905.0
2024-03-25 15:00:00+01:00,32202.0,32140.5,66.68,5479.45,7808.65,10137.855,25583.0,1376.185,2088.005,2799.8275,15905.0
2024-03-25 16:00:00+01:00,32870.5,32433.5,69.21,5412.28,7805.6,10198.915,25583.0,908.1225000000001,1485.7925,2063.46,15905.0
2024-03-25 17:00:00+01:00,34094.0,33925.0,77.14,5516.085,7858.889999999999,10201.692500000001,25583.0,505.02000000000004,825.685,1146.855,15905.0
2024-03-25 18:00:00+01:00,35643.5,36177.5,84.55,5730.305,8100.695000000001,10471.085,25583.0,182.515,280.34000000000003,371.545,15905.0
2024-03-25 19:00:00+01:00,36794.5,36970.5,86.07,5738.385,8338.885,10939.387499999999,25583.0,18.3475,22.5775,22.96,15905.0
2024-03-25 20:00:00+01:00,36099.5,36848.5,79.98,5698.2525000000005,8429.76,11161.27,25583.0,0.0,0.0,0.0,15905.0
2024-03-25 21:00:00+01:00,33866.5,34587.5,70.84,5754.16,8372.045,10989.9375,25583.0,0.0,0.0,0.0,15905.0
2024-03-25 22:00:00+01:00,30374.5,31252.5,65.58,5728.8175,8255.7325,10782.65,25583.0,0.0,0.0,0.0,15905.0
2024-03-25 23:00:00+01:00,27375.0,27560.5,55.98,5470.610000000001,7406.577499999999,9342.545,25583.0,0.0,0.0,0.0,15905.0
2024-03-26 00:00:00+01:00,24762.5,24455.0,62.27,5164.6075,6558.200000000001,7951.785,25583.0,0.0,0.0,0.0,15905.0
2024-03-26 01:00:00+01:00,24550.5,23700.0,60.6,5000.4125,6499.215,7998.02,25583.0,0.0,0.0,0.0,15905.0
2024-03-26 02:00:00+01:00,23978.5,23476.0,59.5,4816.695,6434.68,8052.67,25583.0,0.0,0.0,0.0,15905.0
2024-03-26 03:00:00+01:00,23231.5,23309.5,57.61,4516.15,6232.2575,7948.365,25583.0,0.0,0.0,0.0,15905.0
2024-03-26 04:00:00+01:00,22576.0,22500.0,58.61,4156.7725,5920.094999999999,7683.4175,25583.0,0.0,0.0,0.0,15905.0
2024-03-26 05:00:00+01:00,22283.5,21726.5,59.98,3812.465,5602.5,7392.530000000001,25583.0,0.0,0.0,0.0,15905.0
2024-03-26 06:00:00+01:00,23246.0,22677.0,67.57,3376.5125,5278.77,7181.030000000001,25583.0,2.055,2.78,3.52,15905.0
2024-03-26 07:00:00+01:00,27166.5,26072.0,76.35,3032.4575,4933.8625,6835.27,25583.0,143.445,173.85,204.625,15905.0
2024-03-26 08:00:00+01:00,30887.5,30448.5,80.87,2863.5950000000003,4684.2725,6504.95,25583.0,715.0025,857.8675000000001,996.0,15905.0
2024-03-26 09:00:00+01:00,31189.0,31764.5,80.66,2667.7975,4545.76,6423.73,25583.0,1593.6100000000001,1981.065,2363.795,15905.0
2024-03-26 10:00:00+01:00,30358.5,32182.0,77.89,2516.0874999999996,4405.355,6294.625,25583.0,2410.3075,3103.7975,3797.6475,15905.0
2024-03-26 11:00:00+01:00,28922.5,31443.5,73.89,2480.6075,4229.9825,5979.36,25583.0,3011.385,3833.5725,4655.7625,15905.0
2024-03-26 12:00:00+01:00,28378.5,30813.5,71.88,2484.9700000000003,4137.105,5789.235,25583.0,3332.74,4048.42,4802.9425,15905.0
2024-03-26 13:00:00+01:00,28915.0,30929.0,72.21,2602.41,4233.4400000000005,5864.47,25583.0,3089.6625,3773.835,4458.0025,15905.0
2024-03-26 14:00:00+01:00,29079.5,29708.5,72.44,2881.325,4485.285,6089.2425,25583.0,2456.9825,3075.9875,3694.9975,15905.0
2024-03-26 15:00:00+01:00,29934.0,29993.0,73.15,3086.8475,4777.805,6468.764999999999,25583.0,1819.875,2283.86,2747.845,15905.0
2024-03-26 16:00:00+01:00,31151.5,31115.5,74.91,3282.4225,5061.0225,6839.6224999999995,25583.0,1195.4225,1488.025,1780.625,15905.0
2024-03-26 17:00:00+01:00,33456.5,32796.0,83.27,3685.235,5465.815,7246.395,25583.0,662.035,826.7574999999999,991.6524999999999,15905.0
2024-03-26 18:00:00+01:00,35080.0,34841.0,91.73,4052.625,5899.8525,7747.085,25583.0,226.075,299.2425,370.28249999999997,15905.0
2024-03-26 19:00:00+01:00,36180.5,36576.5,91.78,4321.34,6303.8925,8286.445,25583.0,20.9775,26.725,30.335,15905.0
2024-03-26 20:00:00+01:00,35901.5,36127.0,84.37,4740.577499999999,6800.2,8859.83,25583.0,0.0,0.0,0.0,15905.0
2024-03-26 21:00:00+01:00,33491.5,33978.0,73.77,5013.63,7267.28,9520.935,25583.0,0.0,0.0,0.0,15905.0
2024-03-26 22:00:00+01:00,29894.0,30276.0,69.18,5266.66,7798.645,10330.630000000001,25583.0,0.0,0.0,0.0,15905.0
2024-03-26 23:00:00+01:00,26753.0,26987.0,62.24,6370.41,8623.8575,10877.310000000001,25583.0,0.0,0.0,0.0,15905.0
2024-03-27 00:00:00+01:00,23373.0,24122.5,58.75,7411.145,9374.1575,11337.17,25583.0,0.0,0.0,0.0,15905.0
2024-03-27 01:00:00+01:00,23123.0,23600.0,54.87,7796.1375,9787.8625,11779.59,25583.0,0.0,0.0,0.0,15905.0
2024-03-27 02:00:00+01:00,22366.5,22787.0,52.51,8005.22,9938.3525,11871.48,25583.0,0.0,0.0,0.0,15905.0
2024-03-27 03:00:00+01:00,21776.5,21681.5,49.47,7586.215,9549.425,11512.634999999998,25583.0,0.0,0.0,0.0,15905.0
2024-03-27 04:00:00+01:00,21257.0,21054.0,48.53,6960.145,9013.54,11066.94,25583.0,0.0,0.0,0.0,15905.0
2024-03-27 05:00:00+01:00,20843.0,20896.0,49.38,6788.96,8978.805,11168.6475,25583.0,0.0,0.0,0.0,15905.0
2024-03-27 06:00:00+01:00,21720.5,22173.0,56.56,7190.805,9374.83,11558.8575,25583.0,3.26,4.035,4.63,15905.0
2024-03-27 07:00:00+01:00,25449.0,25861.0,66.54,7970.8975,9973.23,11975.565,25583.0,278.99,317.145,354.755,15905.0
2024-03-27 08:00:00+01:00,28290.0,29152.5,69.06,8689.7875,10771.2625,12852.74,25583.0,1395.305,1665.1825,1935.1,15905.0
2024-03-27 09:00:00+01:00,28955.5,29245.5,65.52,9137.3875,11387.3675,13637.35,25583.0,2687.0425,3192.505,3697.9700000000003,15905.0
2024-03-27 10:00:00+01:00,28849.5,29323.0,60.6,9494.185000000001,11874.55,14254.925,25583.0,3517.69,4020.2325,4522.7775,15905.0
2024-03-27 11:00:00+01:00,28730.0,28038.0,57.04,9952.945,12257.6925,14562.435,25583.0,4020.045,4517.205,5014.36,15905.0
2024-03-27 12:00:00+01:00,29058.5,27785.0,54.83,10114.895,12302.5775,14490.26,25583.0,4261.715,4779.797500000001,5297.8825,15905.0
2024-03-27 13:00:00+01:00,29129.0,27738.5,55.09,9913.605,12185.6475,14457.69,25583.0,4233.860000000001,4855.985000000001,5495.2925,15905.0
2024-03-27 14:00:00+01:00,29512.5,27999.5,50.54,9627.085,11876.3,14125.515,25583.0,3917.79,4798.185,5658.775000000001,15905.0
2024-03-27 15:00:00+01:00,29016.0,28659.5,49.68,9207.182499999999,11542.06,13876.935,25583.0,3568.535,4449.327499999999,5330.125,15905.0
2024-03-27 16:00:00+01:00,29044.5,29989.0,52.99,8767.005000000001,11240.475,13713.945,25583.0,2803.04,3596.3825,4389.725,15905.0
2024-03-27 17:00:00+01:00,31104.5,31869.5,65.33,8441.75,10973.205,13504.655,25583.0,1557.4524999999999,2102.1625,2647.1349999999998,15905.0
2024-03-27 18:00:00+01:00,33999.5,34125.0,78.05,7987.297500000001,10686.4025,13385.5075,25583.0,485.795,619.5625,749.9525,15905.0
2024-03-27 19:00:00+01:00,35659.5,36097.0,81.99,7630.6900000000005,10433.4175,13236.1425,25583.0,25.990000000000002,28.37,29.265,15905.0
2024-03-27 20:00:00+01:00,36163.0,36090.5,76.91,7586.6025,10334.0975,13081.5975,25583.0,0.0,0.0,0.0,15905.0
2024-03-27 21:00:00+01:00,33650.0,34410.0,69.1,7587.5125,10269.725,12951.935,25583.0,0.0,0.0,0.0,15905.0
2024-03-27 22:00:00+01:00,30984.5,30858.5,65.01,7457.84,10030.31,12602.785,25583.0,0.0,0.0,0.0,15905.0
2024-03-27 23:00:00+01:00,27464.5,27618.5,59.01,6342.025,8795.47,11248.9125,25583.0,0.0,0.0,0.0,15905.0
2024-03-28 00:00:00+01:00,24887.0,24784.5,58.44,5499.01,7908.63,10318.244999999999,25583.0,0.0,0.0,0.0,15905.0
2024-03-28 01:00:00+01:00,24041.5,23585.0,55.53,5706.3125,8162.785,10619.255000000001,25583.0,0.0,0.0,0.0,15905.0
2024-03-28 02:00:00+01:00,23355.5,22713.5,53.38,6126.7725,8466.01,10805.2475,25583.0,0.0,0.0,0.0,15905.0
2024-03-28 03:00:00+01:00,22409.0,21869.5,49.73,6634.1675,8830.5,11026.8275,25583.0,0.0,0.0,0.0,15905.0
2024-03-28 04:00:00+01:00,21704.0,21336.5,47.32,6944.325,9262.68,11581.035,25583.0,0.0,0.0,0.0,15905.0
2024-03-28 05:00:00+01:00,21171.5,21033.5,47.38,7574.43,9985.6725,12396.92,25583.0,0.0,0.0,0.0,15905.0
2024-03-28 06:00:00+01:00,21899.5,22221.5,53.9,8351.72,10781.075,13210.432499999999,25583.0,4.4725,5.2625,6.0725,15905.0
2024-03-28 07:00:00+01:00,25346.5,25983.0,65.44,8884.8925,11311.1025,13737.31,25583.0,217.345,288.4125,359.47749999999996,15905.0
2024-03-28 08:00:00+01:00,28298.0,29153.5,69.92,9008.119999999999,11475.1275,13942.135,25583.0,1052.4325,1327.1275,1601.8225,15905.0
2024-03-28 09:00:00+01:00,28657.0,29394.0,67.55,9089.9625,11625.2175,14160.475,25583.0,2227.2175,2683.2200000000003,3139.225,15905.0
2024-03-28 10:00:00+01:00,28429.0,28964.5,62.8,9173.11,11820.2675,14467.43,25583.0,2944.3500000000004,3518.3575,4092.365,15905.0
2024-03-28 11:00:00+01:00,28250.5,28909.0,57.71,8924.1825,11818.01,14711.845,25583.0,3198.1275,3880.86,4563.5925,15905.0
2024-03-28 12:00:00+01:00,29096.5,28489.5,54.45,8903.57,11898.535,14893.494999999999,25583.0,3420.2174999999997,4177.6575,4935.095,15905.0
2024-03-28 13:00:00+01:00,29779.0,28553.5,52.88,9140.73,12229.315,15317.897500000001,25583.0,3440.37,4286.715,5106.95,15905.0
2024-03-28 14:00:00+01:00,30146.0,28326.0,49.63,9180.7975,12390.0075,15599.2125,25583.0,3161.2425,3984.1675,4807.0925,15905.0
2024-03-28 15:00:00+01:00,30100.0,28050.0,48.46,9313.52,12348.69,15383.855,25583.0,2681.235,3418.6125,4155.9875,15905.0
2024-03-28 16:00:00+01:00,30442.5,28598.0,50.35,9824.4225,12620.21,15415.99,25583.0,2020.8825,2687.84,3354.7975,15905.0
2024-03-28 17:00:00+01:00,31453.5,30510.5,62.03,10211.94,12912.5,15613.06,25583.0,1223.19,1649.705,2076.2175,15905.0
2024-03-28 18:00:00+01:00,32969.0,32684.0,73.96,10250.314999999999,12861.425,15472.535,25583.0,422.355,549.5275,676.6999999999999,15905.0
2024-03-28 19:00:00+01:00,34404.0,33795.0,78.09,10301.880000000001,12732.435000000001,15162.9875,25583.0,30.35,32.0575,33.765,15905.0
2024-03-28 20:00:00+01:00,33967.0,33337.5,73.39,10251.925,12632.185,15012.4425,25583.0,0.0,0.0,0.0,15905.0
2024-03-28 21:00:00+01:00,31759.5,31192.5,65.93,10171.4525,12553.215,14934.975,25583.0,0.0,0.0,0.0,15905.0
2024-03-28 22:00:00+01:00,29034.0,28215.0,61.06,10177.7425,12445.525,14713.305,25583.0,0.0,0.0,0.0,15905.0
2024-03-28 23:00:00+01:00,26421.0,25383.5,54.21,9400.625,11587.9575,13775.29,25583.0,0.0,0.0,0.0,15905.0
2024-03-29 00:00:00+01:00,24037.0,22749.5,53.54,8476.95,10680.375,12883.8,25583.0,0.0,0.0,0.0,15905.0
2024-03-29 01:00:00+01:00,23641.5,22900.0,48.02,8008.4725,10234.6325,12460.785,25583.0,0.0,0.0,0.0,15905.0
2024-03-29 02:00:00+01:00,23200.0,22515.0,48.85,7259.2525000000005,9464.6075,11669.9625,25583.0,0.0,0.0,0.0,15905.0
2024-03-29 03:00:00+01:00,22566.0,21883.0,48.62,6628.110000000001,8632.56,10637.015,25583.0,0.0,0.0,0.0,15905.0
2024-03-29 04:00:00+01:00,21840.5,20951.0,49.14,6309.3925,7995.985,9682.58,25583.0,0.0,0.0,0.0,15905.0
2024-03-29 05:00:00+01:00,21160.0,20504.0,50.87,5905.4675,7643.865,9382.265,25583.0,0.0,0.0,0.0,15905.0
2024-03-29 06:00:00+01:00,21289.0,20989.5,56.97,5515.0650000000005,7484.47,9453.875,25583.0,4.4375,5.2525,5.8225,15905.0
2024-03-29 07:00:00+01:00,22861.5,22607.0,64.64,5372.655,7399.105,9425.555,25583.0,309.59749999999997,374.61,438.9425,15905.0
2024-03-29 08:00:00+01:00,23635.5,24001.0,65.98,5367.6175,7424.99,9482.3675,25583.0,1227.6,1536.9175,1846.295,15905.0
2024-03-29 09:00:00+01:00,24509.5,24840.5,65.09,5323.9625,7451.53,9579.1025,25583.0,2410.5225,2996.4975,3582.4700000000003,15905.0
2024-03-29 10:00:00+01:00,24778.5,24872.5,59.4,5232.8724999999995,7581.26,9929.6475,25583.0,3624.6025,4334.6225,5044.635,15905.0
2024-03-29 11:00:00+01:00,24415.5,24063.5,49.85,5194.2474999999995,7826.465,10458.68,25583.0,4736.8525,5519.3525,6301.845,15905.0
2024-03-29 12:00:00+01:00,23507.5,23721.5,39.55,5325.1425,8032.6425,10740.145,25583.0,5486.2325,6267.6175,7048.9975,15905.0
2024-03-29 13:00:00+01:00,22733.0,23008.0,34.53,5673.67,8243.8875,10814.105,25583.0,5823.7325,6461.82,7167.5375,15905.0
2024-03-29 14:00:00+01:00,21999.0,22337.5,31.06,6045.18,8464.4075,10883.6325,25583.0,5715.885,6260.895,6805.9075,15905.0
2024-03-29 15:00:00+01:00,22207.5,22020.0,34.52,6331.025,8677.442500000001,11023.86,25583.0,4976.24,5382.265,5788.29,15905.0
2024-03-29 16:00:00+01:00,22848.5,22775.0,41.7,6464.3125,8771.65,11078.98,25583.0,3880.705,4174.77,4468.83,15905.0
2024-03-29 17:00:00+01:00,25060.0,25862.0,57.94,6244.3225,8544.585,10844.845000000001,25583.0,2424.5625,2601.6175,2779.505,15905.0
2024-03-29 18:00:00+01:00,28609.0,29147.0,73.36,6094.37,8341.9275,10589.485,25583.0,791.3375,855.895,909.74,15905.0
2024-03-29 19:00:00+01:00,30357.5,31579.0,78.17,6033.545,8336.9375,10640.3275,25583.0,33.6475,46.8425,49.32,15905.0
2024-03-29 20:00:00+01:00,31129.0,30822.5,74.64,6013.8975,8362.8775,10711.86,25583.0,0.0,0.0,0.0,15905.0
2024-03-29 21:00:00+01:00,29994.0,29387.0,66.05,6206.855,8466.0875,10725.32,25583.0,0.0,0.0,0.0,15905.0
2024-03-29 22:00:00+01:00,27742.5,26703.5,62.88,6361.2775,8523.6125,10685.945,25583.0,0.0,0.0,0.0,15905.0
2024-03-29 23:00:00+01:00,24883.0,24655.0,56.98,6568.6175,8229.4925,9890.369999999999,25583.0,0.0,0.0,0.0,15905.0
2024-03-30 00:00:00+01:00,23001.5,22481.0,57.25,6410.405,7651.055,8891.71,25583.0,0.0,0.0,0.0,15905.0
2024-03-30 01:00:00+01:00,22787.0,22475.0,55.59,5680.985000000001,7063.15,8445.315,25583.0,0.0,0.0,0.0,15905.0
2024-03-30 02:00:00+01:00,22170.0,21984.5,55.47,4840.985000000001,6448.0875,8055.1900000000005,25583.0,0.0,0.0,0.0,15905.0
2024-03-30 03:00:00+01:00,21336.0,20783.0,54.78,4038.74,5788.577499999999,7538.415,25583.0,0.0,0.0,0.0,15905.0
2024-03-30 04:00:00+01:00,20535.5,20698.0,55.57,3299.0375,5037.35,6775.66,25583.0,0.0,0.0,0.0,15905.0
2024-03-30 05:00:00+01:00,20045.5,20285.0,56.01,2767.42,4339.9175,5912.42,25583.0,0.0,0.0,0.0,15905.0
2024-03-30 06:00:00+01:00,20220.5,20314.0,59.67,2510.7799999999997,3817.9700000000003,5125.165,25583.0,4.815,7.36,7.6775,15905.0
2024-03-30 07:00:00+01:00,21248.5,21224.5,64.74,2115.7825,3299.915,4484.0425,25583.0,445.26,522.2574999999999,592.85,15905.0
2024-03-30 08:00:00+01:00,21860.0,22348.0,66.2,1670.875,2828.495,3986.1150000000002,25583.0,1894.2224999999999,2240.9875,2588.2425,15905.0
2024-03-30 09:00:00+01:00,22069.0,22895.0,65.43,1363.145,2440.0950000000003,3517.05,25583.0,3726.9275000000002,4293.345,4859.7625,15905.0
2024-03-30 10:00:00+01:00,21570.0,23242.0,65.28,1048.605,2097.5225,3146.44,25583.0,5040.525,5746.0575,6451.58,15905.0
2024-03-30 11:00:00+01:00,21124.5,21535.0,62.45,817.17,1846.835,2876.5,25583.0,5748.2025,6625.405000000001,7502.605,15905.0
2024-03-30 12:00:00+01:00,20780.0,20740.5,58.87,743.0275,1726.7975000000001,2710.5699999999997,25583.0,5941.04,6980.995,7988.285,15905.0
2024-03-30 13:00:00+01:00,20419.5,20595.5,57.64,712.79,1682.52,2652.25,25583.0,5742.57,6867.2675,7991.9625,15905.0
2024-03-30 14:00:00+01:00,20197.0,20231.0,51.67,681.5375,1685.7625,2689.9849999999997,25583.0,5308.52,6383.0225,7457.52,15905.0
2024-03-30 15:00:00+01:00,19890.5,20152.0,51.81,687.2825,1713.165,2739.05,25583.0,4656.9625,5514.235000000001,6371.515,15905.0
2024-03-30 16:00:00+01:00,20931.5,21059.5,54.43,611.425,1685.5425,2759.66,25583.0,3611.885,4266.9825,4922.0775,15905.0
2024-03-30 17:00:00+01:00,24125.0,23981.0,68.39,337.075,1528.4850000000001,2719.8900000000003,25583.0,2273.64,2648.1974999999998,3024.085,15905.0
2024-03-30 18:00:00+01:00,28108.5,27230.5,81.39,76.215,1318.085,2559.955,25583.0,817.3075,924.1899999999999,1013.8275,15905.0
2024-03-30 19:00:00+01:00,30041.5,29727.0,86.14,5.245,1237.4625,2623.5775,25583.0,43.8625,63.46,66.0275,15905.0
2024-03-30 20:00:00+01:00,30312.5,29816.5,81.37,0.0,1289.435,2911.4624999999996,25583.0,0.0,0.0,0.0,15905.0
2024-03-30 21:00:00+01:00,28962.0,28384.5,73.98,0.0,1397.705,3103.5950000000003,25583.0,0.0,0.0,0.0,15905.0
2024-03-30 22:00:00+01:00,26939.0,26080.5,70.67,0.0,1433.51,3069.93,25583.0,0.0,0.0,0.0,15905.0
2024-03-30 23:00:00+01:00,24598.5,24712.5,66.93,375.73,1583.4125,2864.5125,25583.0,0.0,0.0,0.0,15905.0
2024-03-31 00:00:00+01:00,22457.0,22653.0,67.35,775.3925,1773.075,2770.755,25583.0,0.0,0.0,0.0,15905.0
2024-03-31 01:00:00+01:00,21950.0,21700.0,68.62,884.9425,1878.46,2871.9725,25583.0,0.0,0.0,0.0,15905.0
2024-03-31 03:00:00+02:00,20267.5,20061.0,64.4,1100.7825,2086.825,3072.87,25583.0,0.0,0.0,0.0,15905.0
2024-03-31 04:00:00+02:00,19722.0,19568.5,62.0,1336.7649999999999,2336.0924999999997,3335.4225,25583.0,0.0,0.0,0.0,15905.0
2024-03-31 05:00:00+02:00,19639.0,19317.0,59.69,1586.345,2679.95,3773.56,25583.0,0.0,0.0,0.0,15905.0
2024-03-31 06:00:00+02:00,19961.0,19600.0,59.08,1883.7775,3080.0550000000003,4276.3325,25583.0,0.0,0.0,0.0,15905.0
2024-03-31 07:00:00+02:00,20833.0,20473.0,60.6,2250.7650000000003,3472.0375000000004,4693.3075,25583.0,6.77,7.225,7.6125,15905.0
2024-03-31 08:00:00+02:00,22011.5,21452.5,62.6,2707.9825,3959.5175,5211.055,25583.0,511.96000000000004,572.805,638.17,15905.0
2024-03-31 09:00:00+02:00,22923.0,21675.5,63.68,3034.1,4400.22,5766.344999999999,25583.0,1943.0900000000001,2217.8424999999997,2515.585,15905.0
2024-03-31 10:00:00+02:00,23263.0,22819.0,60.9,3176.6125,4751.945,6327.275,25583.0,3721.4449999999997,4182.71,4683.860000000001,15905.0
2024-03-31 11:00:00+02:00,23638.5,22671.5,56.57,3304.5325000000003,5183.8875,7063.245,25583.0,4822.025,5474.675,6147.5375,15905.0
2024-03-31 12:00:00+02:00,23836.0,22403.0,52.09,3788.195,5794.325,7800.46,25583.0,5109.6425,5958.365,6804.68,15905.0
2024-03-31 13:00:00+02:00,23831.5,21896.5,50.04,4619.0375,6473.5650000000005,8328.095000000001,25583.0,5050.6975,5948.3375,6845.57,15905.0
2024-03-31 14:00:00+02:00,23383.5,22660.5,43.96,4904.22,6753.9625,8603.7,25583.0,4916.245,5738.555,6560.8575,15905.0
2024-03-31 15:00:00+02:00,23491.0,24014.0,45.57,4660.335,6638.705,8617.075,25583.0,4557.16,5245.4425,5933.725,15905.0
2024-03-31 16:00:00+02:00,25054.0,26088.0,48.45,4500.7425,6693.615,8886.4825,25583.0,3779.3475,4327.76,4876.1725,15905.0
2024-03-31 17:00:00+02:00,26546.5,28621.0,58.26,4624.6375,7091.6925,9558.7475,25583.0,2638.125,3085.035,3531.9474999999998,15905.0
2024-03-31 18:00:00+02:00,27518.5,29734.0,69.87,5070.505,7605.59,10140.6725,25583.0,1464.815,1780.01,2095.2025,15905.0
2024-03-31 19:00:00+02:00,27915.0,29798.0,74.35,5589.755,7981.219999999999,10372.682499999999,25583.0,545.0725,642.5,739.9275,15905.0
2024-03-31 20:00:00+02:00,27815.5,29537.5,71.32,5999.8,8318.85,10637.8925,25583.0,43.4375,44.8225,46.2075,15905.0
2024-03-31 21:00:00+02:00,26365.0,27738.5,65.61,6350.2,8698.4525,11046.71,25583.0,0.0,0.0,0.0,15905.0
2024-03-31 22:00:00+02:00,24057.0,24469.0,61.41,6463.2625,8843.7525,11224.2425,25583.0,0.0,0.0,0.0,15905.0
2024-03-31 23:00:00+02:00,21707.0,21618.0,55.85,6038.4025,8338.8025,10639.2025,25583.0,0.0,0.0,0.0,15905.0
2024-04-01 00:00:00+02:00,20363.5,20372.0,51.33,5479.785,7708.615,9937.45,25583.0,0.0,0.0,0.0,15905.0
2024-04-01 01:00:00+02:00,20309.0,20235.0,48.78,5205.65,7541.015,9876.39,25583.0,0.0,0.0,0.0,15905.0
2024-04-01 02:00:00+02:00,20201.5,19939.0,49.96,5087.365,7496.47,9905.575,25583.0,0.0,0.0,0.0,15905.0
2024-04-01 03:00:00+02:00,19696.0,19388.5,48.25,4912.21,7393.6625,9875.119999999999,25583.0,0.0,0.0,0.0,15905.0
2024-04-01 04:00:00+02:00,19323.5,19014.0,49.6,4391.14,7200.235,10009.325,25583.0,0.0,0.0,0.0,15905.0
2024-04-01 05:00:00+02:00,19509.0,19075.0,51.29,3947.64,6977.785,10007.9275,25583.0,0.0,0.0,0.0,15905.0
2024-04-01 06:00:00+02:00,21076.5,20492.5,57.97,3816.395,6740.93,9665.465,25583.0,0.0,0.0,0.0,15905.0
2024-04-01 07:00:00+02:00,22339.0,22082.0,63.43,3557.175,6549.52,9541.8675,25583.0,7.75,9.045,9.045,15905.0
2024-04-01 08:00:00+02:00,23059.0,23418.5,69.42,3710.65,6474.465,9238.285,25583.0,314.56,432.405,531.6575,15905.0
2024-04-01 09:00:00+02:00,23241.0,23629.0,71.51,3819.435,6341.71,8863.99,25583.0,1203.8075,1674.725,2120.4825,15905.0
2024-04-01 10:00:00+02:00,23097.5,22802.5,70.32,3542.555,6293.8175,9045.085,25583.0,2248.7075,3016.295,3771.795,15905.0
2024-04-01 11:00:00+02:00,22963.5,22638.0,67.41,3337.4975,6421.945,9506.395,25583.0,3014.8125,4006.4525,4885.41,15905.0
2024-04-01 12:00:00+02:00,24075.0,22892.0,64.08,3453.645,6665.905,9878.1625,25583.0,3599.66,4767.64,5744.327499999999,15905.0
2024-04-01 13:00:00+02:00,24134.5,22320.5,62.06,3677.31,6911.905,10146.505,25583.0,3988.8275,5124.8325,6186.155000000001,15905.0
2024-04-01 14:00:00+02:00,23801.5,22010.5,57.64,3708.605,6917.6075,10126.61,25583.0,4058.2675,5165.495,6271.0975,15905.0
2024-04-01 15:00:00+02:00,23973.0,22047.5,55.19,3759.6375,6818.3,9876.9625,25583.0,3798.5924999999997,4930.7225,6062.8525,15905.0
2024-04-01 16:00:00+02:00,25651.0,23845.0,53.93,3465.04,6545.7075,9626.3775,25583.0,3292.2575,4345.7675,5399.2825,15905.0
2024-04-01 17:00:00+02:00,28253.5,27687.5,62.71,3082.76,6148.965,9215.1675,25583.0,2611.815,3473.635,4335.46,15905.0
2024-04-01 18:00:00+02:00,29582.5,29976.0,76.18,2820.21,5796.495,8772.785,25583.0,1694.3725,2208.9525000000003,2723.6525,15905.0
2024-04-01 19:00:00+02:00,30207.5,30363.5,81.7,2587.6075,5555.049999999999,8522.4925,25583.0,632.6,776.5024999999999,918.735,15905.0
2024-04-01 20:00:00+02:00,30381.0,30740.0,78.47,2639.585,5426.6849999999995,8213.785,25583.0,46.697500000000005,54.38,61.24250000000001,15905.0
2024-04-01 21:00:00+02:00,28705.5,28750.5,72.28,2823.315,5391.395,7959.475,25583.0,0.325,0.81,1.7625,15905.0
2024-04-01 22:00:00+02:00,26140.0,25635.0,68.44,2841.12,5402.895,7964.674999999999,25583.0,0.0,0.0,0.0,15905.0
2024-04-01 23:00:00+02:00,23077.5,23044.0,62.62,3366.52,5416.82,7467.1175,25583.0,0.0,0.0,0.0,15905.0
2024-04-02 00:00:00+02:00,21622.5,21775.5,62.04,3889.3575,5415.3325,6941.3075,25583.0,0.0,0.0,0.0,15905.0
2024-04-02 01:00:00+02:00,21946.5,21750.0,60.15,3780.3199999999997,5320.9349999999995,6861.549999999999,25583.0,0.0,0.0,0.0,15905.0
2024-04-02 02:00:00+02:00,21641.0,21597.0,59.47,3660.09,5225.0675,6790.045,25583.0,0.0,0.0,0.0,15905.0
2024-04-02 03:00:00+02:00,20975.5,21114.5,56.02,3572.495,5096.355,6620.215,25583.0,0.0,0.0,0.0,15905.0
2024-04-02 04:00:00+02:00,20797.0,21072.5,56.74,3539.295,4983.6925,6428.092500000001,25583.0,0.0,0.0,0.0,15905.0
2024-04-02 05:00:00+02:00,21424.5,22401.0,57.31,3496.935,4913.735,6330.54,25583.0,0.0,0.0,0.0,15905.0
2024-04-02 06:00:00+02:00,24902.5,25737.0,64.84,3378.52,4794.262500000001,6210.005,25583.0,0.0,0.0,0.0,15905.0
2024-04-02 07:00:00+02:00,28549.0,29799.5,75.38,3242.0550000000003,4572.17,5902.2825,25583.0,6.4525,6.5425,6.8,15905.0
2024-04-02 08:00:00+02:00,30473.5,31027.0,82.06,2960.17,4312.29,5664.4025,25583.0,342.3425,443.34749999999997,544.3525,15905.0
2024-04-02 09:00:00+02:00,30300.0,30777.5,81.98,2577.6775,4061.6850000000004,5545.695,25583.0,1471.4325,1852.9375,2234.4475,15905.0
2024-04-02 10:00:00+02:00,28708.0,29769.5,80.04,2421.3675,3902.3975,5383.4275,25583.0,2899.9525,3505.3625,4110.78,15905.0
2024-04-02 11:00:00+02:00,28068.0,29401.5,75.78,2409.9375,3868.55,5327.1675,25583.0,4028.4875,4729.4325,5430.3724999999995,15905.0
2024-04-02 12:00:00+02:00,28337.0,29520.5,72.69,2397.46,3812.08,5226.7,25583.0,4853.04,5563.3625,6273.6875,15905.0
2024-04-02 13:00:00+02:00,28619.5,29329.0,71.52,2319.4575,3751.855,5184.255,25583.0,5111.29,5847.14,6607.9974999999995,15905.0
2024-04-02 14:00:00+02:00,28823.0,29240.5,69.15,2048.51,3688.9049999999997,5329.3,25583.0,4892.775,5723.110000000001,6553.4425,15905.0
2024-04-02 15:00:00+02:00,29460.0,29487.5,67.29,1835.905,3634.8575,5433.8125,25583.0,4331.285,5085.53,5839.78,15905.0
2024-04-02 16:00:00+02:00,31302.5,31181.5,67.95,1882.165,3626.55,5370.935,25583.0,3303.3225,3990.5325000000003,4677.7425,15905.0
2024-04-02 17:00:00+02:00,33178.5,32563.5,76.29,2089.9925000000003,3666.8599999999997,5243.725,25583.0,1948.1475,2690.13,3432.1150000000002,15905.0
2024-04-02 18:00:00+02:00,33999.5,33721.5,86.35,2385.5,3828.46,5271.4175,25583.0,897.3375,1447.2024999999999,1997.07,15905.0
2024-04-02 19:00:00+02:00,33980.0,33919.0,89.87,2622.955,4017.875,5412.805,25583.0,320.315,487.7575,655.025,15905.0
2024-04-02 20:00:00+02:00,32842.5,33315.5,85.71,2754.2425000000003,4228.14,5702.035,25583.0,36.4975,40.01,45.1925,15905.0
2024-04-02 21:00:00+02:00,30248.5,30176.5,78.35,2966.125,4566.264999999999,6166.405,25583.0,0.0,0.3025,2.3275,15905.0
2024-04-02 22:00:00+02:00,26780.0,26330.0,72.76,3244.89,4999.9475,6755.005,25583.0,0.0,0.0,0.0,15905.0
2024-04-02 23:00:00+02:00,23349.0,22996.5,66.43,4361.2275,5970.59,7579.95,25583.0,0.0,0.0,0.0,15905.0
2024-04-03 00:00:00+02:00,21727.0,21793.5,56.49,5598.9075,6994.405,8389.9,25583.0,0.0,0.0,0.0,15905.0
2024-04-03 01:00:00+02:00,21614.0,21750.0,54.37,6027.9575,7482.467500000001,8936.9775,25583.0,0.0,0.0,0.0,15905.0
2024-04-03 02:00:00+02:00,21384.5,21593.0,52.22,6286.48,7865.0875,9443.6975,25583.0,0.0,0.0,0.0,15905.0
2024-04-03 03:00:00+02:00,20754.5,20854.5,48.76,6440.33,8176.25,9912.17,25583.0,0.0,0.0,0.0,15905.0
2024-04-03 04:00:00+02:00,20702.0,20589.0,47.65,6662.76,8459.720000000001,10256.689999999999,25583.0,0.0,0.0,0.0,15905.0
2024-04-03 05:00:00+02:00,21353.5,21579.5,47.78,6837.555,8689.75,10541.945,25583.0,0.0,0.0,0.0,15905.0
2024-04-03 06:00:00+02:00,23970.5,24575.0,54.29,7058.325,8941.875,10825.425,25583.0,0.0,0.0,0.0,15905.0
2024-04-03 07:00:00+02:00,27135.5,27839.0,66.23,7150.93,9129.655,11108.380000000001,25583.0,3.875,6.655,9.520000000000001,15905.0
2024-04-03 08:00:00+02:00,29486.5,29862.5,73.41,7102.635,9150.7125,11198.7925,25583.0,181.9175,265.42,348.91499999999996,15905.0
2024-04-03 09:00:00+02:00,30291.0,30144.0,74.7,7123.985000000001,9173.720000000001,11223.455,25583.0,732.5225,994.5475,1256.5725,15905.0
2024-04-03 10:00:00+02:00,30198.0,29320.0,75.06,7091.62,9183.025,11274.43,25583.0,1580.965,2045.3725,2509.78,15905.0
2024-04-03 11:00:00+02:00,29695.0,28403.5,72.05,7172.745,9283.0575,11393.365,25583.0,2470.59,3036.845,3603.1000000000004,15905.0
2024-04-03 12:00:00+02:00,29692.5,28919.5,68.53,7237.8975,9406.4575,11575.015,25583.0,3208.4674999999997,3806.205,4403.94,15905.0
2024-04-03 13:00:00+02:00,28724.0,27621.5,67.02,7389.0075,9722.1375,12055.2625,25583.0,3693.3525,4362.5575,5031.76,15905.0
2024-04-03 14:00:00+02:00,28139.0,26949.5,60.08,7709.67,10137.8225,12565.974999999999,25583.0,4013.4275,4711.6175,5409.8075,15905.0
2024-04-03 15:00:00+02:00,28274.5,27588.5,55.58,7852.1625,10307.182499999999,12762.2,25583.0,4062.2974999999997,4737.795,5413.29,15905.0
2024-04-03 16:00:00+02:00,29406.0,28851.0,52.43,7958.5325,10478.57,12998.6125,25583.0,3690.27,4226.5875,4762.9025,15905.0
2024-04-03 17:00:00+02:00,30981.0,30564.5,59.5,8174.575,10839.685,13504.795,25583.0,2804.665,3223.7225,3642.7775,15905.0
2024-04-03 18:00:00+02:00,32079.5,31786.0,70.9,8444.314999999999,11218.9175,13993.515,25583.0,1619.2575000000002,1942.435,2266.1375,15905.0
2024-04-03 19:00:00+02:00,32938.5,32419.5,76.58,8683.26,11474.48,14265.7,25583.0,563.45,687.105,803.925,15905.0
2024-04-03 20:00:00+02:00,32347.5,32672.5,72.92,8584.36,11450.555,14316.7475,25583.0,31.4875,47.2275,55.927499999999995,15905.0
2024-04-03 21:00:00+02:00,30153.0,30273.0,66.67,8312.555,11098.095000000001,13883.630000000001,25583.0,0.0275,0.1025,0.19,15905.0
2024-04-03 22:00:00+02:00,27276.0,26922.0,61.3,7944.5025,10708.380000000001,13472.255000000001,25583.0,0.0,0.0,0.0,15905.0
2024-04-03 23:00:00+02:00,24406.5,23712.5,53.97,7839.415,9867.26,11895.105,25583.0,0.0,0.0,0.0,15905.0
2024-04-04 00:00:00+02:00,23026.5,22200.0,55.09,7727.1175,8946.94,10166.7675,25583.0,0.0,0.0,0.0,15905.0
2024-04-04 01:00:00+02:00,23084.5,22404.0,53.63,7146.64,8468.835,9791.03,25583.0,0.0,0.0,0.0,15905.0
2024-04-04 02:00:00+02:00,22822.0,22445.0,54.23,6522.4349999999995,8020.945,9519.46,25583.0,0.0,0.0,0.0,15905.0
2024-04-04 03:00:00+02:00,21809.5,21930.0,54.02,5907.65,7573.6825,9239.7125,25583.0,0.0,0.0,0.0,15905.0
2024-04-04 04:00:00+02:00,21334.0,22031.5,54.31,5260.1,7029.415,8798.725,25583.0,0.0,0.0,0.0,15905.0
2024-04-04 05:00:00+02:00,22139.0,22914.0,55.04,4512.78,6454.925,8397.07,25583.0,0.0,0.0,0.0,15905.0
2024-04-04 06:00:00+02:00,25346.5,25724.5,61.79,4007.7225,5983.075,7958.425,25583.0,0.0,0.0,0.0,15905.0
2024-04-04 07:00:00+02:00,28727.5,28726.0,72.89,3596.81,5467.005,7337.1900000000005,25583.0,8.727500000000001,9.27,9.81,15905.0
2024-04-04 08:00:00+02:00,31063.5,30369.5,78.62,3030.69,4949.165,6867.64,25583.0,243.1825,348.76,454.3375,15905.0
2024-04-04 09:00:00+02:00,30946.5,30700.0,81.28,2384.6375,4567.3575,6750.08,25583.0,908.2975,1353.9575,1799.62,15905.0
2024-04-04 10:00:00+02:00,30203.0,29699.0,77.98,2074.1825,4323.6425,6573.105,25583.0,2195.1975,2874.115,3553.035,15905.0
2024-04-04 11:00:00+02:00,29562.0,29148.5,72.98,2023.875,4157.6425,6291.415,25583.0,3510.73,4221.4275,4932.1275000000005,15905.0
2024-04-04 12:00:00+02:00,29705.5,29571.0,69.36,1912.0375,4008.84,6105.64,25583.0,4418.725,5189.9275,5961.14,15905.0
2024-04-04 13:00:00+02:00,29011.0,28879.5,68.7,1936.1399999999999,3985.935,6035.73,25583.0,4886.2525,5628.46,6377.34,15905.0
2024-04-04 14:00:00+02:00,28934.5,28641.0,66.95,1946.03,3985.32,6024.605,25583.0,4795.2975,5485.3150000000005,6175.3375,15905.0
2024-04-04 15:00:00+02:00,29695.5,29391.5,67.0,1874.335,3852.16,5829.985,25583.0,4287.72,4957.1325,5626.55,15905.0
2024-04-04 16:00:00+02:00,30563.0,30662.5,68.58,1752.025,3622.1225,5492.225,25583.0,3270.5125,3979.63,4688.75,15905.0
2024-04-04 17:00:00+02:00,32254.5,32428.5,76.66,1704.3775,3479.425,5254.48,25583.0,1998.1575,2622.245,3246.3325,15905.0
2024-04-04 18:00:00+02:00,33215.5,33527.5,85.84,1811.685,3622.4,5433.12,25583.0,925.135,1316.75,1708.4650000000001,15905.0
2024-04-04 19:00:00+02:00,33270.0,34065.5,86.84,2137.4325,4082.39,6027.3475,25583.0,273.995,413.09999999999997,550.915,15905.0
2024-04-04 20:00:00+02:00,32109.5,33951.0,81.49,2669.0,4862.275,7055.547500000001,25583.0,33.487500000000004,38.8775,42.9875,15905.0
2024-04-04 21:00:00+02:00,29457.5,30743.5,73.0,3430.5375,5873.51,8316.48,25583.0,0.03,0.1975,0.46,15905.0
2024-04-04 22:00:00+02:00,26120.5,26695.0,67.26,4414.975,6967.725,9520.48,25583.0,0.0,0.0,0.0,15905.0
2024-04-04 23:00:00+02:00,23041.5,23127.0,58.53,5818.2474999999995,8001.085,10183.925,25583.0,0.0,0.0,0.0,15905.0
2024-04-05 00:00:00+02:00,21311.5,20731.0,46.47,7353.4400000000005,9242.115,11130.785,25583.0,0.0,0.0,0.0,15905.0
2024-04-05 01:00:00+02:00,20872.0,20400.0,35.85,8783.1675,10585.185000000001,12387.2025,25583.0,0.0,0.0,0.0,15905.0
2024-04-05 02:00:00+02:00,20340.5,19945.0,28.18,10098.68,11708.6675,13318.65,25583.0,0.0,0.0,0.0,15905.0
2024-04-05 03:00:00+02:00,19446.0,19567.5,20.38,10848.51,12410.805,13973.0975,25583.0,0.0,0.0,0.0,15905.0
2024-04-05 04:00:00+02:00,19057.5,19356.0,14.49,11140.1625,12580.83,14021.5,25583.0,0.0,0.0,0.0,15905.0
2024-04-05 05:00:00+02:00,19600.0,20425.5,14.43,11169.11,12568.17,13967.23,25583.0,0.0,0.0,0.0,15905.0
2024-04-05 06:00:00+02:00,22550.5,23083.5,30.43,10936.635,12418.0325,13899.4275,25583.0,0.0,0.0,0.0,15905.0
2024-04-05 07:00:00+02:00,25900.0,26389.5,50.73,10569.215,12121.1325,13673.0475,25583.0,6.815,7.7975,8.7775,15905.0
2024-04-05 08:00:00+02:00,28103.5,28630.0,62.54,10182.775,11899.3525,13615.932499999999,25583.0,192.2,273.6025,355.005,15905.0
2024-04-05 09:00:00+02:00,28423.0,28361.5,67.89,10039.215,11918.735,13798.2575,25583.0,848.9849999999999,1191.8725,1534.7625,15905.0
2024-04-05 10:00:00+02:00,27137.5,26974.5,63.32,10104.965,12025.525,13946.0875,25583.0,2291.1475,2906.9625,3522.7775,15905.0
2024-04-05 11:00:00+02:00,25611.0,26236.5,53.0,10184.27,12141.455,14098.645,25583.0,4030.875,4791.6175,5552.3625,15905.0
2024-04-05 12:00:00+02:00,24749.5,25400.0,42.65,10438.605,12471.6525,14504.7,25583.0,5309.3525,6108.952499999999,6908.5525,15905.0
2024-04-05 13:00:00+02:00,23991.0,23879.0,36.3,10967.7775,12958.0525,14948.325,25583.0,6069.0175,6779.9400000000005,7490.8625,15905.0
2024-04-05 14:00:00+02:00,23505.5,23296.5,28.85,11397.895,13204.1,15010.3,25583.0,6272.3949999999995,6931.39,7601.0925,15905.0
2024-04-05 15:00:00+02:00,23680.5,23297.5,26.38,11314.11,13164.112500000001,15014.115,25583.0,5866.1224999999995,6596.9375,7327.75,15905.0
2024-04-05 16:00:00+02:00,25212.5,24965.0,29.7,11132.545,13105.515,15078.485,25583.0,4708.405,5449.1475,6189.885,15905.0
2024-04-05 17:00:00+02:00,27605.5,26992.5,42.82,11127.0425,13153.49,15179.935,25583.0,3163.995,3936.505,4709.015,15905.0
2024-04-05 18:00:00+02:00,28921.5,28989.5,57.56,11247.0825,13203.2725,15159.4575,25583.0,1658.1075,2247.6575,2837.2025,15905.0
2024-04-05 19:00:00+02:00,29638.0,29963.0,65.2,11332.59,13154.369999999999,14976.154999999999,25583.0,497.3375,686.27,875.4475,15905.0
2024-04-05 20:00:00+02:00,28829.5,29805.0,62.89,11293.96,12996.765,14699.57,25583.0,26.9575,40.14,50.04,15905.0
2024-04-05 21:00:00+02:00,26655.0,27457.0,55.29,11186.245,12864.5675,14542.895,25583.0,0.0,0.2525,0.2525,15905.0
2024-04-05 22:00:00+02:00,24144.5,24582.5,49.63,10985.77,12646.4075,14307.0475,25583.0,0.0,0.0,0.0,15905.0
2024-04-05 23:00:00+02:00,21486.0,21901.0,42.38,10736.68,12280.055,13823.43,25583.0,0.0,0.0,0.0,15905.0
2024-04-06 00:00:00+02:00,20128.5,20685.5,32.4,10679.9,12199.085,13718.2675,25583.0,0.0,0.0,0.0,15905.0
2024-04-06 01:00:00+02:00,19944.5,20335.0,23.68,10688.154999999999,12176.84,13665.525,25583.0,0.0,0.0,0.0,15905.0
2024-04-06 02:00:00+02:00,19330.5,19628.5,22.33,10462.125,12025.355,13588.5825,25583.0,0.0,0.0,0.0,15905.0
2024-04-06 03:00:00+02:00,18163.5,18359.0,20.1,10432.925,11987.1275,13541.325,25583.0,0.0,0.0,0.0,15905.0
2024-04-06 04:00:00+02:00,17411.5,17659.0,16.27,10791.2975,12333.195,13875.095,25583.0,0.0,0.0,0.0,15905.0
2024-04-06 05:00:00+02:00,17114.5,17525.5,10.4,11398.455,12991.14,14583.83,25583.0,0.0,0.0,0.0,15905.0
2024-04-06 06:00:00+02:00,18671.5,18560.0,7.73,12291.0025,13711.0275,15131.055,25583.0,0.0,0.0,0.0,15905.0
2024-04-06 07:00:00+02:00,20171.0,20056.0,6.88,13100.0,14291.33,15482.657500000001,25583.0,9.5,10.8475,12.195,15905.0
2024-04-06 08:00:00+02:00,21118.0,21218.5,13.18,13548.85,14620.1475,15691.445,25583.0,554.06,614.665,675.27,15905.0
2024-04-06 09:00:00+02:00,21836.5,21707.0,12.71,13831.0975,14836.455,15841.810000000001,25583.0,2057.53,2395.2575,2732.9875,15905.0
2024-04-06 10:00:00+02:00,22093.5,20588.0,5.44,14027.435,14996.535,15965.630000000001,25583.0,3587.6575,4253.83,4919.9974999999995,15905.0
2024-04-06 11:00:00+02:00,22253.5,20887.5,4.94,14226.9275,15158.305,16089.685,25583.0,4377.245,5174.5675,5971.89,15905.0
2024-04-06 12:00:00+02:00,21692.5,20223.5,5.43,14359.505000000001,15246.68,16133.855,25583.0,4703.285,5517.4775,6331.4225,15905.0
2024-04-06 13:00:00+02:00,19867.5,19100.0,5.27,14476.21,15341.545,16206.8775,25583.0,4753.24,5507.745,6261.675,15905.0
2024-04-06 14:00:00+02:00,18538.5,18400.5,-1.03,14523.965,15400.275000000001,16276.585,25583.0,4619.945,5292.36,5964.775,15905.0
2024-04-06 15:00:00+02:00,18384.5,18789.5,-4.25,14452.8225,15357.71,16262.595,25583.0,4324.5,4942.5650000000005,5560.63,15905.0
2024-04-06 16:00:00+02:00,20380.5,20339.5,-7.47,14409.9275,15287.19,16164.4475,25583.0,3612.7125,4157.235,4701.75,15905.0
2024-04-06 17:00:00+02:00,23415.5,22929.0,-0.68,14319.83,15219.884999999998,16119.945,25583.0,2519.84,3047.805,3575.77,15905.0
2024-04-06 18:00:00+02:00,25116.0,24692.5,17.55,14131.4475,15169.54,16207.6325,25583.0,1446.275,1831.5674999999999,2216.86,15905.0
2024-04-06 19:00:00+02:00,26096.5,25388.5,37.92,13867.49,15073.224999999999,16278.9575,25583.0,539.4399999999999,662.5975000000001,786.1,15905.0
2024-04-06 20:00:00+02:00,25963.5,25469.5,39.85,13673.93,14937.3525,16200.775,25583.0,47.5075,66.7925,81.5475,15905.0
2024-04-06 21:00:00+02:00,24001.5,24002.0,35.97,13597.585,14836.915,16076.2475,25583.0,0.0,0.395,0.395,15905.0
2024-04-06 22:00:00+02:00,21618.5,21400.5,21.12,13639.34,14840.295,16041.2475,25583.0,0.0,0.0,0.0,15905.0
2024-04-06 23:00:00+02:00,19304.5,19258.5,7.34,13865.19,14968.88,16072.5725,25583.0,0.0,0.0,0.0,15905.0
2024-04-07 00:00:00+02:00,17970.5,17690.0,-16.23,14054.2,15053.279999999999,16052.365,25583.0,0.0,0.0,0.0,15905.0
2024-04-07 01:00:00+02:00,17811.5,17708.0,-13.95,14072.720000000001,14967.4575,15862.195,25583.0,0.0,0.0,0.0,15905.0
2024-04-07 02:00:00+02:00,17360.5,17399.0,-12.29,14037.744999999999,14875.355,15712.965,25583.0,0.0,0.0,0.0,15905.0
2024-04-07 03:00:00+02:00,16486.5,16399.0,-12.46,13999.805,14842.445,15685.085,25583.0,0.0,0.0,0.0,15905.0
2024-04-07 04:00:00+02:00,16094.5,15731.0,-13.06,13928.87,14794.8325,15660.79,25583.0,0.0,0.0,0.0,15905.0
2024-04-07 05:00:00+02:00,15896.0,15610.0,-12.7,13836.23,14740.845000000001,15645.4575,25583.0,0.0,0.0,0.0,15905.0
2024-04-07 06:00:00+02:00,16680.0,16313.0,-13.68,13789.74,14730.5075,15671.275,25583.0,0.0,0.0,0.0,15905.0
2024-04-07 07:00:00+02:00,17966.0,17608.5,-16.62,13829.6625,14776.035,15722.4025,25583.0,20.5425,27.107499999999998,27.88,15905.0
2024-04-07 08:00:00+02:00,18798.0,18433.0,-16.79,13965.2025,14886.555,15807.91,25583.0,674.225,739.195,796.8025,15905.0
2024-04-07 09:00:00+02:00,19256.5,18952.0,-13.37,14100.775,15008.5725,15916.37,25583.0,2158.425,2356.55,2555.2425000000003,15905.0
2024-04-07 10:00:00+02:00,19217.5,18461.5,-9.62,14221.13,15108.8925,15996.657500000001,25583.0,3739.68,4046.7174999999997,4353.75,15905.0
2024-04-07 11:00:00+02:00,19422.0,17945.5,-7.72,14362.75,15214.9275,16067.105,25583.0,4856.4375,5239.5525,5622.67,15905.0
2024-04-07 12:00:00+02:00,19486.0,18912.5,-5.21,14446.015,15282.6225,16119.23,25583.0,5572.015,6087.255,6602.495,15905.0
2024-04-07 13:00:00+02:00,19697.0,18221.5,-5.41,14545.0,15377.7975,16210.595,25583.0,5912.4475,6471.5725,7023.03,15905.0
2024-04-07 14:00:00+02:00,19540.0,18635.5,-8.7,14631.4725,15447.61,16263.75,25583.0,5760.1175,6277.5725,6795.02,15905.0
2024-04-07 15:00:00+02:00,20562.5,19068.0,-10.59,14614.1275,15425.8575,16237.59,25583.0,5153.705,5620.54,6087.375,15905.0
2024-04-07 16:00:00+02:00,22724.5,20985.5,-14.32,14593.89,15400.3325,16206.775,25583.0,4153.37,4630.9225,5108.475,15905.0
2024-04-07 17:00:00+02:00,25282.0,23793.0,-4.12,14570.515,15360.2,16149.884999999998,25583.0,2953.6475,3416.3075,3878.9625,15905.0
2024-04-07 18:00:00+02:00,26438.5,25674.0,18.36,14472.83,15295.105,16117.3775,25583.0,1765.7425,2112.35,2458.96,15905.0
2024-04-07 19:00:00+02:00,26557.5,26468.0,39.17,14327.345,15175.545,16023.7475,25583.0,684.6725,840.525,996.7025,15905.0
2024-04-07 20:00:00+02:00,26344.5,26759.0,40.9,14187.057499999999,15022.005000000001,15856.95,25583.0,86.9925,112.2625,133.29749999999999,15905.0
2024-04-07 21:00:00+02:00,24693.5,25311.5,38.67,13988.515,14863.925,15739.335,25583.0,0.1625,1.3525,1.795,15905.0
2024-04-07 22:00:00+02:00,22622.0,23085.0,31.01,13730.130000000001,14668.48,15606.83,25583.0,0.0,0.0,0.0,15905.0
2024-04-07 23:00:00+02:00,20556.0,20107.0,14.51,12927.97,14086.2675,15244.565,25583.0,0.0,0.0,0.0,15905.0
2024-04-08 00:00:00+02:00,19303.5,19266.0,8.31,11955.425,13350.1975,14744.975,25583.0,0.0,0.0,0.0,15905.0
2024-04-08 01:00:00+02:00,19611.5,19370.0,3.56,11111.9825,12588.435,14064.8925,25583.0,0.0,0.0,0.0,15905.0
2024-04-08 02:00:00+02:00,19358.0,19476.0,8.76,10170.425,11671.0125,13171.595000000001,25583.0,0.0,0.0,0.0,15905.0
2024-04-08 03:00:00+02:00,18827.0,18921.5,13.67,9243.045,10742.395,12241.744999999999,25583.0,0.0,0.0,0.0,15905.0
2024-04-08 04:00:00+02:00,19111.5,18962.0,21.36,8149.345,9655.515,11161.685,25583.0,0.0,0.0,0.0,15905.0
2024-04-08 05:00:00+02:00,20040.5,20125.5,29.82,7094.57,8661.705,10228.835,25583.0,0.0,0.0,0.0,15905.0
2024-04-08 06:00:00+02:00,23549.0,23733.5,47.26,6345.775,7904.48,9463.1825,25583.0,0.0,0.0,0.0,15905.0
2024-04-08 07:00:00+02:00,27168.5,27820.5,61.1,5867.725,7389.4625,8911.195,25583.0,27.662499999999998,30.64,33.6175,15905.0
2024-04-08 08:00:00+02:00,28871.0,29224.0,71.0,5523.96,7058.26,8592.555,25583.0,446.38750000000005,510.3675,574.345,15905.0
2024-04-08 09:00:00+02:00,29055.0,29433.5,73.29,5318.3625,6746.945,8175.5275,25583.0,1373.2749999999999,1603.1625,1833.0475000000001,15905.0
2024-04-08 10:00:00+02:00,28919.0,28835.5,72.36,5144.055,6461.63,7779.205,25583.0,2543.365,2921.92,3300.4725,15905.0
2024-04-08 11:00:00+02:00,27799.0,28659.0,69.46,4852.9225,6207.3225,7561.725,25583.0,3547.1725,4002.1275,4457.0775,15905.0
2024-04-08 12:00:00+02:00,27340.0,28774.5,66.45,4520.355,5980.1675,7439.98,25583.0,4045.55,4656.225,5266.9,15905.0
2024-04-08 13:00:00+02:00,26642.5,28669.5,64.79,4306.86,5771.285,7235.715,25583.0,4079.7974999999997,4799.99,5517.2275,15905.0
2024-04-08 14:00:00+02:00,27133.0,27595.0,60.7,4097.07,5620.3625,7143.65,25583.0,3707.1225000000004,4483.535,5259.945,15905.0
2024-04-08 15:00:00+02:00,27898.0,26686.5,60.44,3877.0950000000003,5429.3099999999995,6981.52,25583.0,3097.4975,3852.3325,4607.1625,15905.0
2024-04-08 16:00:00+02:00,29616.0,28621.5,60.89,3673.7875,5197.0599999999995,6720.3375,25583.0,2209.995,2922.49,3634.9775,15905.0
2024-04-08 17:00:00+02:00,31214.5,30789.5,69.32,3499.6125,5104.885,6710.155,25583.0,1357.7025,1980.0149999999999,2602.335,15905.0
2024-04-08 18:00:00+02:00,32188.0,31869.0,79.15,3218.7174999999997,5001.1849999999995,6783.655,25583.0,908.39,1271.4475,1635.49,15905.0
2024-04-08 19:00:00+02:00,32154.5,31802.0,80.64,2745.575,4746.16,6746.745,25583.0,425.9575,564.3975,689.9925000000001,15905.0
2024-04-08 20:00:00+02:00,30857.0,31430.0,76.64,2384.325,4629.075,6873.825,25583.0,51.3075,73.3275,82.5025,15905.0
2024-04-08 21:00:00+02:00,28787.0,29749.5,70.18,2157.23,4768.8724999999995,7380.515,25583.0,0.39,0.86,1.565,15905.0
2024-04-08 22:00:00+02:00,25807.5,26799.0,65.25,1953.7199999999998,4902.605,7851.485000000001,25583.0,0.0,0.0,0.0,15905.0
2024-04-08 23:00:00+02:00,23281.0,23335.0,58.31,3117.045,5694.3325,8271.62,25583.0,0.0,0.0,0.0,15905.0
2024-04-09 00:00:00+02:00,21700.5,21435.5,57.13,4449.835,6570.295,8690.765,25583.0,0.0,0.0,0.0,15905.0
2024-04-09 01:00:00+02:00,21517.0,21450.0,52.3,4709.6975,6842.255,8974.8175,25583.0,0.0,0.0,0.0,15905.0
2024-04-09 02:00:00+02:00,21102.5,21118.5,49.61,4907.775,7105.24,9302.705,25583.0,0.0,0.0,0.0,15905.0
2024-04-09 03:00:00+02:00,20359.0,20193.0,46.25,5093.625,7406.64,9719.66,25583.0,0.0,0.0,0.0,15905.0
2024-04-09 04:00:00+02:00,19968.0,19811.5,43.55,5646.35,8024.0175,10401.682499999999,25583.0,0.0,0.0,0.0,15905.0
2024-04-09 05:00:00+02:00,20656.0,20429.5,41.7,6261.9625,8803.244999999999,11344.5275,25583.0,0.0,0.0,0.0,15905.0
2024-04-09 06:00:00+02:00,23758.5,23040.5,47.48,6891.2525000000005,9513.635,12136.025000000001,25583.0,0.0,0.0,0.0,15905.0
2024-04-09 07:00:00+02:00,27463.5,26280.5,58.49,8000.1325,10316.835,12633.5375,25583.0,17.994999999999997,23.0625,28.1325,15905.0
2024-04-09 08:00:00+02:00,29648.5,28837.0,67.05,8911.182499999999,11026.25,13141.32,25583.0,308.15749999999997,425.02250000000004,541.89,15905.0
2024-04-09 09:00:00+02:00,30177.5,29566.5,68.14,9416.387499999999,11684.365,13952.345000000001,25583.0,930.2425,1295.77,1661.3,15905.0
2024-04-09 10:00:00+02:00,29328.5,28426.5,67.75,9702.2575,12171.1075,14639.9575,25583.0,1554.61,2212.495,2870.3825,15905.0
2024-04-09 11:00:00+02:00,28850.5,27355.0,62.31,9847.9775,12501.6775,15155.380000000001,25583.0,2103.645,2978.575,3853.5125,15905.0
2024-04-09 12:00:00+02:00,28444.5,27050.5,58.35,10196.5875,13041.494999999999,15886.400000000001,25583.0,2654.3075,3596.98,4539.6525,15905.0
2024-04-09 13:00:00+02:00,27162.0,25933.0,54.0,10724.605,13607.77,16490.934999999998,25583.0,3161.8475,4106.225,5050.6025,15905.0
2024-04-09 14:00:00+02:00,26077.0,25108.5,44.16,11377.95,14100.925,16823.9025,25583.0,3356.9625,4409.5525,5446.4325,15905.0
2024-04-09 15:00:00+02:00,25882.0,25408.0,33.22,11994.765,14501.77,17008.77,25583.0,3239.9675,4400.532499999999,5554.7925000000005,15905.0
2024-04-09 16:00:00+02:00,27033.5,26596.0,28.01,12857.932499999999,14778.8525,16699.77,25583.0,3075.5924999999997,4165.1075,5254.6224999999995,15905.0
2024-04-09 17:00:00+02:00,28814.0,28247.5,34.96,13565.4075,14910.07,16254.73,25583.0,2702.075,3602.7200000000003,4503.375,15905.0
2024-04-09 18:00:00+02:00,30162.0,29489.5,46.56,13718.455,14915.555,16112.66,25583.0,1992.3625000000002,2617.3075,3242.25,15905.0
2024-04-09 19:00:00+02:00,31223.5,30575.0,57.84,13662.675,14828.82,15994.975,25583.0,963.25,1188.1075,1412.965,15905.0
2024-04-09 20:00:00+02:00,30694.0,30418.5,58.82,13297.61,14630.2775,15962.94,25583.0,159.925,171.635,183.3475,15905.0
2024-04-09 21:00:00+02:00,28776.5,28667.0,55.58,12560.1775,14297.5525,16034.9225,25583.0,1.205,2.3725,3.8425,15905.0
2024-04-09 22:00:00+02:00,26338.5,26213.5,50.45,11728.4725,13790.2375,15852.0025,25583.0,0.0,0.0,0.0,15905.0
2024-04-09 23:00:00+02:00,23960.0,23682.5,42.69,11072.185000000001,13005.5475,14938.915,25583.0,0.0,0.0,0.0,15905.0
2024-04-10 00:00:00+02:00,23179.5,21900.0,36.25,10424.555,12208.2925,13992.0275,25583.0,0.0,0.0,0.0,15905.0
2024-04-10 01:00:00+02:00,22838.5,22121.5,31.92,9699.880000000001,11468.75,13237.6225,25583.0,0.0,0.0,0.0,15905.0
2024-04-10 02:00:00+02:00,22762.0,22179.0,34.64,8950.7075,10478.404999999999,12006.102499999999,25583.0,0.0,0.0,0.0,15905.0
2024-04-10 03:00:00+02:00,21970.5,21682.0,35.82,8081.849999999999,9486.974999999999,10892.0975,25583.0,0.0,0.0,0.0,15905.0
2024-04-10 04:00:00+02:00,21465.0,21811.5,39.61,7021.595,8460.6725,9899.75,25583.0,0.0,0.0,0.0,15905.0
2024-04-10 05:00:00+02:00,22472.0,22384.0,45.47,5818.1224999999995,7332.33,8846.5325,25583.0,0.0,0.0,0.0,15905.0
2024-04-10 06:00:00+02:00,25280.5,24876.0,56.3,4721.855,6387.77,8053.6825,25583.0,0.0,0.0,0.0,15905.0
2024-04-10 07:00:00+02:00,28351.5,27960.0,68.43,4397.907499999999,5869.225,7340.55,25583.0,39.7775,42.8925,46.0075,15905.0
2024-04-10 08:00:00+02:00,30447.5,30238.0,73.35,4535.91,5855.485000000001,7175.0599999999995,25583.0,607.2575,734.915,862.5775,15905.0
2024-04-10 09:00:00+02:00,30512.0,30162.5,72.47,4903.0825,6261.18,7619.2775,25583.0,1752.065,2194.6349999999998,2637.2025,15905.0
2024-04-10 10:00:00+02:00,29479.0,29597.5,69.16,5610.255,6967.2675,8324.285,25583.0,2673.815,3401.88,4129.9400000000005,15905.0
2024-04-10 11:00:00+02:00,29576.0,29305.5,65.15,6179.4775,7822.5825,9465.692500000001,25583.0,2914.46,3709.9350000000004,4503.215,15905.0
2024-04-10 12:00:00+02:00,30075.5,29377.5,61.15,7260.452499999999,9108.3375,10956.225,25583.0,2755.4375,3510.96,4266.4825,15905.0
2024-04-10 13:00:00+02:00,30036.5,29147.5,59.05,8958.060000000001,10889.2225,12820.3875,25583.0,2442.715,3144.3424999999997,3845.975,15905.0
2024-04-10 14:00:00+02:00,30041.5,29014.5,54.79,10554.405,12536.885,14519.3675,25583.0,2118.235,2652.9,3187.5699999999997,15905.0
2024-04-10 15:00:00+02:00,30045.5,29462.0,52.1,11844.645,13689.185,15533.7225,25583.0,1705.915,2051.885,2397.8525,15905.0
2024-04-10 16:00:00+02:00,30510.5,29966.0,49.58,12742.7325,14343.0475,15943.36,25583.0,1340.1025,1588.785,1837.4675,15905.0
2024-04-10 17:00:00+02:00,31780.0,31279.0,55.37,13240.14,14575.34,15910.5375,25583.0,997.155,1188.59,1380.0275,15905.0
2024-04-10 18:00:00+02:00,31968.0,31886.5,63.56,13501.28,14677.8675,15854.455,25583.0,555.31,686.12,816.9325,15905.0
2024-04-10 19:00:00+02:00,31557.5,31407.0,64.9,13651.1975,14751.53,15851.86,25583.0,176.66,231.48,286.6,15905.0
2024-04-10 20:00:00+02:00,30556.0,30223.0,59.95,13713.185,14773.035,15832.8875,25583.0,16.439999999999998,26.3075,32.269999999999996,15905.0
2024-04-10 21:00:00+02:00,27891.5,27831.5,53.97,13748.092499999999,14764.915,15781.7425,25583.0,0.0375,2.4250000000000003,2.5700000000000003,15905.0
2024-04-10 22:00:00+02:00,24389.0,24702.5,44.66,13830.675,14788.515,15746.355,25583.0,0.0,0.0,0.0,15905.0
2024-04-10 23:00:00+02:00,21454.5,21815.0,30.5,14006.0,14893.395,15780.79,25583.0,0.0,0.0,0.0,15905.0
2024-04-11 00:00:00+02:00,20282.0,20164.0,5.52,14057.765,14903.1325,15748.494999999999,25583.0,0.0,0.0,0.0,15905.0
2024-04-11 01:00:00+02:00,20147.5,19675.0,-6.03,13829.0425,14700.779999999999,15572.515,25583.0,0.0,0.0,0.0,15905.0
2024-04-11 02:00:00+02:00,20092.5,19743.0,-5.77,13578.16,14475.7775,15373.3925,25583.0,0.0,0.0,0.0,15905.0
2024-04-11 03:00:00+02:00,19453.5,19210.5,-8.01,13228.6875,14175.795,15122.9,25583.0,0.0,0.0,0.0,15905.0
2024-04-11 04:00:00+02:00,19185.0,19343.0,-7.87,12853.75,13895.16,14936.57,25583.0,0.0,0.0,0.0,15905.0
2024-04-11 05:00:00+02:00,20170.5,20379.5,-3.17,12522.755000000001,13703.885,14885.012499999999,25583.0,0.0,0.0,0.0,15905.0
2024-04-11 06:00:00+02:00,23365.5,23616.5,11.98,12120.835,13395.525,14670.2175,25583.0,0.0,0.0,0.0,15905.0
2024-04-11 07:00:00+02:00,27016.5,26650.0,37.79,11648.94,12970.189999999999,14291.435,25583.0,19.8725,35.595,43.06,15905.0
2024-04-11 08:00:00+02:00,29321.5,28173.5,58.85,10919.67,12385.535,13851.4025,25583.0,454.16499999999996,542.06,621.6925,15905.0
2024-04-11 09:00:00+02:00,28857.5,28681.5,65.08,9900.975,11507.865,13114.755000000001,25583.0,1406.2475,1639.8425000000002,1874.07,15905.0
2024-04-11 10:00:00+02:00,28271.5,27718.5,62.89,8859.7875,10592.3425,12324.9,25583.0,2498.0950000000003,2992.885,3487.68,15905.0
2024-04-11 11:00:00+02:00,27751.5,27349.5,54.96,7804.702499999999,9566.25,11327.8,25583.0,3404.545,4184.73,4964.915,15905.0
2024-04-11 12:00:00+02:00,27004.5,27331.5,48.17,6803.3375,8545.564999999999,10287.795,25583.0,4089.0299999999997,5044.3550000000005,5999.6825,15905.0
2024-04-11 13:00:00+02:00,26255.5,26702.5,44.94,6067.6900000000005,7916.9525,9766.215,25583.0,4606.98,5656.3,6705.62,15905.0
2024-04-11 14:00:00+02:00,26059.5,27096.0,38.06,5522.605,7513.995,9505.385,25583.0,4743.1675,5834.905,6925.2925,15905.0
2024-04-11 15:00:00+02:00,26163.0,27780.0,37.24,5259.504999999999,7424.9,9590.2925,25583.0,4329.1050000000005,5466.485,6603.8675,15905.0
2024-04-11 16:00:00+02:00,27209.0,29379.0,40.6,5188.139999999999,7552.865,9917.5875,25583.0,3403.9825,4485.155,5566.327499999999,15905.0
2024-04-11 17:00:00+02:00,29213.0,30933.5,54.64,5447.27,7828.67,10210.0725,25583.0,2266.8275,3231.9375,4197.0425000000005,15905.0
2024-04-11 18:00:00+02:00,30345.0,31836.5,68.57,5822.42,8067.545,10312.675,25583.0,1320.725,1957.9775,2595.23,15905.0
2024-04-11 19:00:00+02:00,30768.5,31800.0,74.38,5861.9925,8262.035,10662.075,25583.0,542.4025,735.35,928.44,15905.0
2024-04-11 20:00:00+02:00,30339.0,30388.5,70.24,6212.675,8795.7675,11378.86,25583.0,61.2025,80.92750000000001,98.85249999999999,15905.0
2024-04-11 21:00:00+02:00,28119.5,27609.5,63.57,7179.845,9708.315,12236.779999999999,25583.0,0.525,1.735,2.4575,15905.0
2024-04-11 22:00:00+02:00,25217.5,24710.0,54.45,8421.2,10727.685,13034.175,25583.0,0.0,0.0,0.0,15905.0
2024-04-11 23:00:00+02:00,22180.5,22217.0,42.82,10041.085,11885.5425,13729.994999999999,25583.0,0.0,0.0,0.0,15905.0
2024-04-12 00:00:00+02:00,20379.5,20538.0,25.24,11175.73,12731.932499999999,14288.135,25583.0,0.0,0.0,0.0,15905.0
2024-04-12 01:00:00+02:00,19933.5,20115.0,14.0,11314.3525,12768.035,14221.7175,25583.0,0.0,0.0,0.0,15905.0
2024-04-12 02:00:00+02:00,19095.0,19672.5,11.23,11339.205,12674.895,14010.585,25583.0,0.0,0.0,0.0,15905.0
2024-04-12 03:00:00+02:00,18596.5,19032.0,5.6,11266.8575,12636.775,14006.692500000001,25583.0,0.0,0.0,0.0,15905.0
2024-04-12 04:00:00+02:00,18497.0,18830.0,4.58,10995.119999999999,12484.825,13974.535,25583.0,0.0,0.0,0.0,15905.0
2024-04-12 05:00:00+02:00,19744.0,19328.5,5.62,10872.575,12346.265,13819.9575,25583.0,0.0,0.0,0.0,15905.0
2024-04-12 06:00:00+02:00,22774.0,22030.0,20.68,10865.385,12234.4025,13603.415,25583.0,0.0,0.0,0.0,15905.0
2024-04-12 07:00:00+02:00,26300.5,25239.5,45.62,10750.26,12041.9225,13333.58,25583.0,34.3825,57.474999999999994,65.89750000000001,15905.0
2024-04-12 08:00:00+02:00,28054.0,27302.0,60.39,10529.904999999999,11795.075,13060.25,25583.0,682.19,775.4775,854.09,15905.0
2024-04-12 09:00:00+02:00,27382.5,27372.0,60.91,10163.73,11563.485,12963.2375,25583.0,2137.845,2426.93,2717.1425,15905.0
2024-04-12 10:00:00+02:00,26109.0,25740.0,50.97,9823.41,11444.565,13065.7175,25583.0,3658.9675,4156.97,4654.975,15905.0
2024-04-12 11:00:00+02:00,24799.0,24220.0,33.9,9658.66,11487.1725,13315.6875,25583.0,4811.264999999999,5485.450000000001,6159.6425,15905.0
2024-04-12 12:00:00+02:00,23585.5,23356.5,18.8,9657.57,11630.79,13604.005,25583.0,5735.6,6524.3150000000005,7313.03,15905.0
2024-04-12 13:00:00+02:00,22455.5,22616.0,9.55,9795.4225,11849.67,13903.9175,25583.0,6381.18,7205.8025,8030.425,15905.0
2024-04-12 14:00:00+02:00,21684.0,22145.0,0.92,9894.744999999999,11932.5825,13970.4175,25583.0,6547.065,7348.39,8129.0775,15905.0
2024-04-12 15:00:00+02:00,22195.0,22359.0,-2.42,9893.18,11911.9275,13930.6725,25583.0,6150.03,6790.6475,7431.264999999999,15905.0
2024-04-12 16:00:00+02:00,24159.0,23864.0,-0.35,9808.7775,11857.315,13905.845000000001,25583.0,5081.735000000001,5654.7325,6227.73,15905.0
2024-04-12 17:00:00+02:00,26211.5,26230.0,17.78,9762.725,11783.08,13803.435,25583.0,3720.9525,4207.8575,4694.7625,15905.0
2024-04-12 18:00:00+02:00,27202.5,27627.0,40.72,9797.8575,11824.7525,13851.6425,25583.0,2239.74,2622.445,3005.15,15905.0
2024-04-12 19:00:00+02:00,27863.0,28650.0,57.64,9855.9925,12025.2725,14194.5475,25583.0,850.47,1045.5725,1240.675,15905.0
2024-04-12 20:00:00+02:00,28205.5,28406.5,57.18,10265.645,12443.435,14621.2225,25583.0,118.255,142.9725,167.6875,15905.0
2024-04-12 21:00:00+02:00,26362.5,26572.0,50.73,11166.66,13033.76,14900.87,25583.0,0.88,1.9975,3.3875,15905.0
2024-04-12 22:00:00+02:00,23796.5,24340.0,39.38,12024.5,13521.05,15017.59,25583.0,0.0,0.0,0.0,15905.0
2024-04-12 23:00:00+02:00,21443.5,21909.0,20.06,12194.125,13529.585,14865.0525,25583.0,0.0,0.0,0.0,15905.0
2024-04-13 00:00:00+02:00,20209.5,19862.0,6.66,11826.965,13173.0,14519.035,25583.0,0.0,0.0,0.0,15905.0
2024-04-13 01:00:00+02:00,20004.0,19850.0,-0.38,11232.165,12633.565,14034.970000000001,25583.0,0.0,0.0,0.0,15905.0
2024-04-13 02:00:00+02:00,19345.0,19565.0,0.18,10545.317500000001,12001.619999999999,13457.925,25583.0,0.0,0.0,0.0,15905.0
2024-04-13 03:00:00+02:00,18554.5,18811.0,4.2,9913.5,11303.855,12694.2125,25583.0,0.0,0.0,0.0,15905.0
2024-04-13 04:00:00+02:00,18248.0,18359.0,9.88,9131.6225,10429.765,11727.91,25583.0,0.0,0.0,0.0,15905.0
2024-04-13 05:00:00+02:00,18714.0,18506.0,16.26,8149.2975,9516.275,10883.2525,25583.0,0.0,0.0,0.0,15905.0
2024-04-13 06:00:00+02:00,19774.5,19924.0,24.26,7221.58,8758.845000000001,10296.11,25583.0,0.0,0.0,0.0,15905.0
2024-04-13 07:00:00+02:00,21455.5,21971.0,34.5,6848.085,8481.895,10115.705,25583.0,54.1925,62.1275,68.4875,15905.0
2024-04-13 08:00:00+02:00,22858.5,23595.5,41.15,6717.805,8488.53,10259.2575,25583.0,650.74,708.775,765.2225,15905.0
2024-04-13 09:00:00+02:00,23070.0,23509.0,42.82,6452.885,8450.4525,10448.025,25583.0,1893.475,2081.595,2269.8375,15905.0
2024-04-13 10:00:00+02:00,21766.5,22299.0,33.21,6659.555,8757.305,10855.060000000001,25583.0,3117.3175,3500.0125,3882.7075,15905.0
2024-04-13 11:00:00+02:00,20457.0,21394.0,14.13,7492.0525,9553.8725,11615.695,25583.0,4120.835,4647.8,5174.77,15905.0
2024-04-13 12:00:00+02:00,19497.5,20614.0,-0.21,8538.26,10546.8825,12555.505000000001,25583.0,4945.84,5595.4475,6245.05,15905.0
2024-04-13 13:00:00+02:00,18756.0,19376.5,-6.45,9779.872500000001,11662.7475,13545.619999999999,25583.0,5358.88,6171.18,6983.48,15905.0
2024-04-13 14:00:00+02:00,17494.0,18626.5,-11.76,11063.1625,12688.3925,14313.6225,25583.0,5422.685,6301.172500000001,7179.655,15905.0
2024-04-13 15:00:00+02:00,17752.0,19009.0,-13.8,12173.2925,13511.535,14849.775,25583.0,5145.2375,5909.0175,6672.7975,15905.0
2024-04-13 16:00:00+02:00,19668.0,20521.5,-15.27,12969.2975,14143.56,15317.817500000001,25583.0,4396.645,4992.3475,5588.0475,15905.0
2024-04-13 17:00:00+02:00,22834.5,23071.0,-9.04,13360.4175,14426.244999999999,15492.07,25583.0,3398.6,3874.37,4350.1425,15905.0
2024-04-13 18:00:00+02:00,25156.0,24778.0,1.55,13430.455,14462.44,15494.43,25583.0,2199.13,2595.9674999999997,2992.805,15905.0
2024-04-13 19:00:00+02:00,25338.0,24034.0,27.76,13281.4025,14396.055,15510.7025,25583.0,916.88,1143.8400000000001,1370.8025,15905.0
2024-04-13 20:00:00+02:00,25745.5,25936.5,37.24,13102.435,14302.0225,15501.6075,25583.0,147.975,183.0225,218.0675,15905.0
2024-04-13 21:00:00+02:00,24938.5,25102.5,38.91,12875.32,14166.6425,15457.965,25583.0,2.0075,3.4575,5.06,15905.0
2024-04-13 22:00:00+02:00,23241.0,23005.5,28.29,12492.0275,13968.985,15445.939999999999,25583.0,0.0,0.0,0.0,15905.0
2024-04-13 23:00:00+02:00,20538.0,20983.5,14.59,12017.455,13646.665,15275.869999999999,25583.0,0.0,0.0,0.0,15905.0
2024-04-14 00:00:00+02:00,19603.0,19462.0,8.78,11300.64,13060.4725,14820.31,25583.0,0.0,0.0,0.0,15905.0
2024-04-14 01:00:00+02:00,19429.0,19250.0,10.09,10462.615,12262.3575,14062.0925,25583.0,0.0,0.0,0.0,15905.0
2024-04-14 02:00:00+02:00,18934.5,18741.0,10.34,9806.165,11500.0625,13193.96,25583.0,0.0,0.0,0.0,15905.0
2024-04-14 03:00:00+02:00,17902.0,18190.0,8.35,9429.362500000001,11016.8325,12604.305,25583.0,0.0,0.0,0.0,15905.0
2024-04-14 04:00:00+02:00,17810.0,17702.5,7.55,9274.34,10733.55,12192.765,25583.0,0.0,0.0,0.0,15905.0
2024-04-14 05:00:00+02:00,18109.5,17666.0,9.66,9024.475,10489.7275,11954.985,25583.0,0.0,0.0,0.0,15905.0
2024-04-14 06:00:00+02:00,18840.5,18418.0,14.63,8596.4475,10263.515,11930.5825,25583.0,0.0,0.0,0.0,15905.0
2024-04-14 07:00:00+02:00,20172.5,19688.5,18.38,8116.285,9946.73,11777.18,25583.0,76.465,88.995,100.7675,15905.0
2024-04-14 08:00:00+02:00,20936.5,20536.5,23.53,7365.305,9326.525,11287.744999999999,25583.0,1049.3025,1202.315,1354.57,15905.0
2024-04-14 09:00:00+02:00,20588.5,20920.0,22.53,6630.345,8588.067500000001,10545.79,25583.0,3057.0474999999997,3310.5924999999997,3564.1925,15905.0
2024-04-14 10:00:00+02:00,19650.0,20205.5,19.85,6185.71,8097.5175,10009.3225,25583.0,4774.82,5186.29,5597.765,15905.0
2024-04-14 11:00:00+02:00,19384.5,19171.0,19.71,5788.445,7804.9349999999995,9821.43,25583.0,5610.455,6245.9125,6881.37,15905.0
2024-04-14 12:00:00+02:00,19429.0,19518.0,24.73,5577.8875,7492.505,9407.1325,25583.0,5896.215,6610.095,7323.975,15905.0
2024-04-14 13:00:00+02:00,19261.0,19307.0,25.89,5554.49,7246.325,8938.16,25583.0,5777.705,6450.51,7123.315,15905.0
2024-04-14 14:00:00+02:00,19251.5,19642.5,21.87,5601.4275,7247.155,8892.887499999999,25583.0,5309.985000000001,5914.8925,6519.8025,15905.0
2024-04-14 15:00:00+02:00,20198.0,20500.0,22.77,5841.195,7436.855,9032.515,25583.0,4490.7525000000005,5081.3875,5672.0199999999995,15905.0
2024-04-14 16:00:00+02:00,22801.5,22449.5,28.81,6241.72,7753.264999999999,9264.81,25583.0,3442.71,3970.2275,4497.7525000000005,15905.0
2024-04-14 17:00:00+02:00,26143.5,24702.0,45.27,6541.805,8079.3075,9616.807499999999,25583.0,2390.765,2849.9575,3309.1475,15905.0
2024-04-14 18:00:00+02:00,27046.0,26439.0,62.83,6663.8150000000005,8341.25,10018.685,25583.0,1502.99,1816.965,2130.94,15905.0
2024-04-14 19:00:00+02:00,27094.5,27148.0,68.29,6877.6825,8643.065,10408.45,25583.0,652.4925000000001,784.425,916.355,15905.0
2024-04-14 20:00:00+02:00,27087.5,27645.0,66.4,7287.45,9042.1325,10796.817500000001,25583.0,80.69,117.435,154.17999999999998,15905.0
2024-04-14 21:00:00+02:00,25157.0,25641.5,62.63,7845.8525,9600.1025,11354.35,25583.0,0.4175,1.3075,2.4325,15905.0
2024-04-14 22:00:00+02:00,22461.0,22704.0,52.69,8715.705,10476.57,12237.435,25583.0,0.0,0.0,0.0,15905.0
2024-04-14 23:00:00+02:00,19936.5,19860.0,33.5,9845.4625,11464.130000000001,13082.7975,25583.0,0.0,0.0,0.0,15905.0
2024-04-15 00:00:00+02:00,18441.0,18222.0,2.92,10963.085,12413.79,13864.494999999999,25583.0,0.0,0.0,0.0,15905.0
2024-04-15 01:00:00+02:00,18219.5,18145.0,-8.38,11720.295,13049.95,14379.6075,25583.0,0.0,0.0,0.0,15905.0
2024-04-15 02:00:00+02:00,17967.0,18230.0,-10.7,12039.8575,13306.8525,14573.849999999999,25583.0,0.0,0.0,0.0,15905.0
2024-04-15 03:00:00+02:00,17289.0,17494.0,-15.34,12173.1125,13482.43,14791.744999999999,25583.0,0.0,0.0,0.0,15905.0
2024-04-15 04:00:00+02:00,17246.5,17203.5,-15.53,12323.09,13584.68,14846.27,25583.0,0.0,0.0,0.0,15905.0
2024-04-15 05:00:00+02:00,18657.5,18491.5,-14.44,12472.4725,13727.085,14981.692500000001,25583.0,0.0,0.0,0.0,15905.0
2024-04-15 06:00:00+02:00,22464.5,21980.0,-5.28,12588.265,13859.22,15130.1725,25583.0,0.8575,2.6374999999999997,3.22,15905.0
2024-04-15 07:00:00+02:00,26607.0,25973.5,18.31,12708.89,13967.5975,15226.31,25583.0,54.38,75.09,85.44749999999999,15905.0
2024-04-15 08:00:00+02:00,28426.5,27407.0,41.22,12891.3625,14102.7725,15314.18,25583.0,532.14,599.3475,659.6025,15905.0
2024-04-15 09:00:00+02:00,28616.5,27233.5,46.45,13084.51,14230.585,15376.66,25583.0,1574.3475,1734.4425,1895.0874999999999,15905.0
2024-04-15 10:00:00+02:00,26831.5,26433.5,34.57,13207.057499999999,14328.89,15450.7225,25583.0,2957.665,3447.5425,3937.4225,15905.0
2024-04-15 11:00:00+02:00,25118.0,25412.5,14.53,13194.6675,14330.55,15466.43,25583.0,4512.6025,5256.18,5999.7625,15905.0
2024-04-15 12:00:00+02:00,23907.5,24740.0,-0.07,13139.6275,14291.34,15443.05,25583.0,6050.77,6659.075,7264.87,15905.0
2024-04-15 13:00:00+02:00,23089.5,23736.5,-7.86,13243.915,14374.53,15505.15,25583.0,7084.9349999999995,7533.9925,8011.2925,15905.0
2024-04-15 14:00:00+02:00,22539.5,22991.5,-12.2,13447.744999999999,14563.24,15678.7325,25583.0,7311.705,7725.72,8208.41,15905.0
2024-04-15 15:00:00+02:00,22634.0,22964.5,-14.19,13606.56,14702.744999999999,15798.935,25583.0,6937.2775,7327.6625,7811.71,15905.0
2024-04-15 16:00:00+02:00,24749.5,25555.5,-12.68,13721.67,14778.675,15835.6775,25583.0,5944.84,6277.9825,6661.7775,15905.0
2024-04-15 17:00:00+02:00,27439.0,28460.0,3.09,13873.57,14880.095000000001,15886.619999999999,25583.0,4517.6625,4767.047500000001,5027.63,15905.0
2024-04-15 18:00:00+02:00,29544.5,30433.5,28.25,13993.32,14952.19,15911.0625,25583.0,2981.805,3165.4775,3348.05,15905.0
2024-04-15 19:00:00+02:00,30497.5,30829.0,53.08,14023.425,14946.7,15869.975,25583.0,1344.485,1440.0175,1535.5575,15905.0
2024-04-15 20:00:00+02:00,30164.0,30223.5,57.81,14050.805,14914.3475,15777.8925,25583.0,215.5325,232.185,248.84,15905.0
2024-04-15 21:00:00+02:00,28157.5,28204.0,54.54,14018.305,14864.7275,15711.145,25583.0,2.105,3.475,5.1525,15905.0
2024-04-15 22:00:00+02:00,24911.5,25034.0,41.44,13943.0,14812.1775,15681.3525,25583.0,0.0,0.0,0.0,15905.0
2024-04-15 23:00:00+02:00,21575.5,21467.5,21.13,13842.25,14746.5325,15650.815,25583.0,0.0,0.0,0.0,15905.0
2024-04-16 00:00:00+02:00,20132.0,19807.0,10.25,13707.545,14645.235,15582.925,25583.0,0.0,0.0,0.0,15905.0
2024-04-16 01:00:00+02:00,20169.0,19410.0,-1.47,13530.13,14481.865,15433.6025,25583.0,0.0,0.0,0.0,15905.0
2024-04-16 02:00:00+02:00,19636.5,19257.0,-0.05,13388.285,14354.685,15321.085,25583.0,0.0,0.0,0.0,15905.0
2024-04-16 03:00:00+02:00,19367.0,18852.0,-0.59,13247.130000000001,14246.41,15245.68,25583.0,0.0,0.0,0.0,15905.0
2024-04-16 04:00:00+02:00,19122.0,18909.5,1.38,13058.630000000001,14096.7575,15134.880000000001,25583.0,0.0,0.0,0.0,15905.0
2024-04-16 05:00:00+02:00,20433.5,19966.5,3.14,12945.465,13999.91,15054.3575,25583.0,0.0,0.0,0.0,15905.0
2024-04-16 06:00:00+02:00,24121.5,23625.5,15.51,12809.065,13891.8125,14974.5625,25583.0,1.4675,2.1375,2.87,15905.0
2024-04-16 07:00:00+02:00,27649.5,27368.0,39.81,12648.0,13804.942500000001,14961.880000000001,25583.0,95.2525,108.63749999999999,122.0225,15905.0
2024-04-16 08:00:00+02:00,28905.5,28572.0,61.31,12490.255000000001,13743.6,14996.95,25583.0,962.005,1094.4950000000001,1226.985,15905.0
2024-04-16 09:00:00+02:00,28632.0,28188.5,54.31,12237.015,13597.005000000001,14957.0,25583.0,2639.8450000000003,2933.745,3227.645,15905.0
2024-04-16 10:00:00+02:00,27748.0,27244.5,35.92,11944.279999999999,13376.445,14808.61,25583.0,4103.405000000001,4625.575,5147.7425,15905.0
2024-04-16 11:00:00+02:00,27027.0,26419.0,21.31,11464.9875,13008.04,14551.09,25583.0,5148.6275000000005,5855.26,6561.89,15905.0
2024-04-16 12:00:00+02:00,25962.0,26425.5,15.82,10847.27,12572.165,14303.9375,25583.0,5933.64,6662.92,7392.2025,15905.0
2024-04-16 13:00:00+02:00,24764.5,25765.5,13.73,10401.355,12286.015,14177.55,25583.0,6385.6875,7198.3575,8011.0225,15905.0
2024-04-16 14:00:00+02:00,24633.5,25698.0,10.48,10122.535,12121.2775,14120.0175,25583.0,6640.6025,7460.4400000000005,8260.95,15905.0
2024-04-16 15:00:00+02:00,24643.5,26042.0,9.59,10181.015,12176.935000000001,14172.8575,25583.0,6549.4475,7262.0075,7974.5650000000005,15905.0
2024-04-16 16:00:00+02:00,26334.5,28110.5,11.49,10508.785,12384.470000000001,14260.154999999999,25583.0,5891.475,6435.3724999999995,6979.264999999999,15905.0
2024-04-16 17:00:00+02:00,29264.0,29972.0,30.12,10824.285,12541.470000000001,14258.655,25583.0,4740.9125,5105.32,5469.725,15905.0
2024-04-16 18:00:00+02:00,30974.5,31697.5,58.59,10832.74,12573.66,14314.5825,25583.0,3355.3,3575.5950000000003,3795.8925,15905.0
2024-04-16 19:00:00+02:00,31882.0,32250.0,75.26,10491.5,12288.900000000001,14086.29,25583.0,1595.5875,1689.0149999999999,1782.4425,15905.0
2024-04-16 20:00:00+02:00,31847.5,32019.0,78.03,9919.375,11727.485,13535.5975,25583.0,265.205,283.21750000000003,301.225,15905.0
2024-04-16 21:00:00+02:00,29642.0,29771.0,75.26,8822.4275,10763.9225,12705.415,25583.0,2.9425,3.9075,4.9725,15905.0
2024-04-16 22:00:00+02:00,26558.0,26670.0,71.0,7477.0175,9517.130000000001,11557.2375,25583.0,0.0,0.0,0.0,15905.0
2024-04-16 23:00:00+02:00,23607.5,23930.0,63.65,6879.1224999999995,8668.415,10457.7075,25583.0,0.0,0.0,0.0,15905.0
2024-04-17 00:00:00+02:00,22102.0,22401.5,57.38,6798.112499999999,8231.82,9665.529999999999,25583.0,0.0,0.0,0.0,15905.0
2024-04-17 01:00:00+02:00,22048.5,21805.0,50.57,6647.870000000001,8012.4775,9377.085,25583.0,0.0,0.0,0.0,15907.0
2024-04-17 02:00:00+02:00,21674.5,21446.0,47.0,6682.2025,8104.487499999999,9526.7725,25583.0,0.0,0.0,0.0,15907.0
2024-04-17 03:00:00+02:00,20947.0,20823.0,41.43,6717.575,8243.685,9769.8,25583.0,0.0,0.0,0.0,15907.0
2024-04-17 04:00:00+02:00,20651.5,20402.5,39.23,6660.655000000001,8366.555,10072.445,25583.0,0.0,0.0,0.0,15907.0
2024-04-17 05:00:00+02:00,21578.5,21489.0,38.47,6700.7875,8625.3275,10549.8675,25583.0,0.0,0.0,0.0,15907.0
2024-04-17 06:00:00+02:00,24693.0,24560.0,49.6,7138.635,9086.1575,11033.68,25583.0,0.65,0.855,1.05,15907.0
2024-04-17 07:00:00+02:00,28142.5,27702.5,68.67,7551.82,9437.8025,11323.78,25583.0,122.1175,130.53,138.8075,15907.0
2024-04-17 08:00:00+02:00,29744.0,28981.0,80.19,7418.18,9311.2675,11204.3575,25583.0,1396.78,1473.085,1549.4025,15907.0
2024-04-17 09:00:00+02:00,28680.0,28177.5,77.27,6978.235000000001,9024.105,11069.98,25583.0,3424.5375,3618.3975,3812.2525,15907.0
2024-04-17 10:00:00+02:00,26825.5,27389.0,67.32,6483.955,8731.532500000001,10979.1075,25583.0,4969.305,5386.4575,5803.610000000001,15907.0
2024-04-17 11:00:00+02:00,26116.0,27157.5,54.74,6009.6625,8337.035,10664.41,25583.0,5790.4349999999995,6474.5375,7158.635,15907.0
2024-04-17 12:00:00+02:00,25810.0,27391.5,52.53,5426.285,7811.9475,10197.605,25583.0,6038.095,6766.1825,7462.81,15907.0
2024-04-17 13:00:00+02:00,25512.5,27287.0,55.63,4663.805,7209.8725,9755.9375,25583.0,6055.7275,6695.1025,7334.4825,15907.0
2024-04-17 14:00:00+02:00,25370.5,27234.0,55.34,3980.9325000000003,6557.8525,9134.7725,25583.0,5897.0125,6480.4275,7063.845,15907.0
2024-04-17 15:00:00+02:00,25707.0,27301.0,57.85,3152.615,5837.6225,8522.630000000001,25583.0,5506.59,6046.17,6585.7474999999995,15907.0
2024-04-17 16:00:00+02:00,27997.0,28661.0,65.28,2251.635,5138.895,8026.155000000001,25583.0,4774.942499999999,5221.3575,5667.7675,15907.0
2024-04-17 17:00:00+02:00,30082.5,31077.5,80.66,1908.4850000000001,4661.85,7415.219999999999,25583.0,3763.5925,4080.27,4396.95,15907.0
2024-04-17 18:00:00+02:00,31295.5,32547.5,95.46,1784.53,4386.0975,6987.665,25583.0,2552.6725,2807.495,3062.3199999999997,15907.0
2024-04-17 19:00:00+02:00,32193.5,33200.0,99.7,1740.81,4219.525,6698.235000000001,25583.0,1245.8500000000001,1397.185,1548.525,15907.0
2024-04-17 20:00:00+02:00,32319.5,32978.5,97.93,1816.8600000000001,4180.21,6543.5575,25583.0,270.92,293.6075,316.29,15907.0
2024-04-17 21:00:00+02:00,30791.5,30453.0,91.17,1967.495,4221.2075,6474.92,25583.0,0.435,0.7175,1.0475,15907.0
2024-04-17 22:00:00+02:00,27689.5,27476.5,87.48,1959.3025,4145.3,6331.299999999999,25583.0,0.0,0.0,0.0,15907.0
2024-04-17 23:00:00+02:00,24364.0,24759.5,83.02,2969.29,4647.12,6324.945,25583.0,0.0,0.0,0.0,15907.0
2024-04-18 00:00:00+02:00,22944.5,23650.5,74.15,3868.215,5106.7075,6345.195,25583.0,0.0,0.0,0.0,15907.0
2024-04-18 01:00:00+02:00,23138.5,23308.0,71.77,3328.365,4643.005,5957.639999999999,25583.0,0.0,0.0,0.0,15907.0
2024-04-18 02:00:00+02:00,22941.5,23091.5,71.63,2804.4025,4026.255,5248.1025,25583.0,0.0,0.0,0.0,15907.0
2024-04-18 03:00:00+02:00,22252.0,22391.5,71.83,2467.29,3551.35,4635.42,25583.0,0.0,0.0,0.0,15907.0
2024-04-18 04:00:00+02:00,21882.0,22101.0,72.35,2236.025,3295.31,4354.595,25583.0,0.0,0.0,0.0,15907.0
2024-04-18 05:00:00+02:00,22901.0,22906.0,73.01,2117.9,3213.92,4309.9375,25583.0,0.0,0.0,0.0,15907.0
2024-04-18 06:00:00+02:00,26376.5,25773.0,79.68,2253.3675000000003,3337.485,4421.5975,25583.0,0.5975,0.7225,0.8575,15907.0
2024-04-18 07:00:00+02:00,29802.5,29044.5,88.69,2558.925,3561.4275,4563.9275,25583.0,157.9725,180.45,190.015,15907.0
2024-04-18 08:00:00+02:00,30139.5,30456.5,91.84,2890.795,3805.0575,4719.3175,25583.0,1419.1924999999999,1512.4250000000002,1620.1375,15907.0
2024-04-18 09:00:00+02:00,28664.5,29404.5,89.84,3063.12,3914.285,4765.4475,25583.0,3547.175,3739.55,3958.04,15907.0
2024-04-18 10:00:00+02:00,26391.5,27938.0,84.5,3177.65,4023.44,4869.23,25583.0,5470.7075,5812.54,6152.43,15907.0
2024-04-18 11:00:00+02:00,25540.0,27094.0,77.45,3631.6325,4483.2575,5334.885,25583.0,6751.9475,7318.1425,7884.337500000001,15907.0
2024-04-18 12:00:00+02:00,24822.5,26484.5,73.19,4167.055,5190.2225,6213.3875,25583.0,7086.27,7985.575,8835.2025,15907.0
2024-04-18 13:00:00+02:00,24912.0,25893.0,68.93,4591.0325,5974.175,7357.32,25583.0,6855.342500000001,7938.6525,9015.255000000001,15907.0
2024-04-18 14:00:00+02:00,24631.0,25482.0,63.44,5049.4025,6647.0650000000005,8244.7275,25583.0,6203.415,7280.7875,8358.1675,15907.0
2024-04-18 15:00:00+02:00,25521.5,25623.5,63.21,5554.2,7229.74,8905.28,25583.0,5213.735,6166.57,7119.4025,15907.0
2024-04-18 16:00:00+02:00,27560.0,27672.5,66.2,6151.84,7960.61,9769.375,25583.0,3910.4775,4762.4325,5614.3875,15907.0
2024-04-18 17:00:00+02:00,30147.0,29581.0,75.86,6984.0175,8965.425,10946.84,25583.0,2597.96,3277.275,3956.585,15907.0
2024-04-18 18:00:00+02:00,30893.5,30583.5,87.11,8138.030000000001,10157.595,12177.16,25583.0,1531.1375,1946.565,2361.995,15907.0
2024-04-18 19:00:00+02:00,31250.0,31050.0,89.94,9335.022500000001,11343.7975,13352.5725,25583.0,620.3725,821.5925000000001,1022.8125,15907.0
2024-04-18 20:00:00+02:00,31025.5,30519.0,86.37,10271.16,12299.045,14326.93,25583.0,83.8625,148.9275,213.995,15907.0
2024-04-18 21:00:00+02:00,28512.0,28895.5,79.44,11059.84,12919.8275,14779.8125,25583.0,1.19,1.19,1.19,15907.0
2024-04-18 22:00:00+02:00,24973.5,25734.5,71.4,11870.395,13471.135,15071.875,25583.0,0.0,0.0,0.0,15907.0
2024-04-18 23:00:00+02:00,21899.5,22403.0,52.4,12709.77,13977.575,15245.375,25583.0,0.0,0.0,0.0,15907.0
2024-04-19 00:00:00+02:00,20548.0,20801.5,25.26,13155.494999999999,14192.43,15229.3625,25583.0,0.0,0.0,0.0,15907.0
2024-04-19 01:00:00+02:00,20232.5,20450.0,18.62,12968.5975,14002.7875,15036.98,25583.0,0.0,0.0,0.0,15907.0
2024-04-19 02:00:00+02:00,20047.0,20187.0,18.6,12785.2925,13798.03,14810.7675,25583.0,0.0,0.0,0.0,15907.0
2024-04-19 03:00:00+02:00,19013.0,19622.0,15.97,12746.865,13774.075,14801.285,25583.0,0.0,0.0,0.0,15907.0
2024-04-19 04:00:00+02:00,18714.0,19378.0,15.63,12652.4625,13736.7325,14821.005000000001,25583.0,0.0,0.0,0.0,15907.0
2024-04-19 05:00:00+02:00,20139.5,20374.0,17.86,12459.98,13594.635,14729.2875,25583.0,0.0,0.0,0.0,15907.0
2024-04-19 06:00:00+02:00,23769.0,23611.5,32.06,12309.9775,13453.705,14597.432499999999,25583.0,0.4175,2.04,2.0825,15907.0
2024-04-19 07:00:00+02:00,28045.0,27912.5,56.2,12178.11,13371.485,14564.8525,25583.0,83.4775,134.7875,180.315,15907.0
2024-04-19 08:00:00+02:00,29759.5,29528.5,71.42,12030.395,13270.1975,14510.0025,25583.0,780.145,968.345,1155.2875,15907.0
2024-04-19 09:00:00+02:00,29524.0,29157.5,71.29,11986.78,13282.14,14577.505,25583.0,2078.26,2431.415,2802.24,15907.0
2024-04-19 10:00:00+02:00,28698.5,27930.0,58.08,11873.705,13313.26,14752.817500000001,25583.0,3405.5025,3829.115,4331.63,15907.0
2024-04-19 11:00:00+02:00,27744.5,27313.5,43.96,11718.64,13226.895,14735.1475,25583.0,4379.4575,4872.18,5430.7875,15907.0
2024-04-19 12:00:00+02:00,26807.5,26662.0,38.92,11582.185,13104.14,14626.09,25583.0,4996.9349999999995,5622.5025000000005,6253.665,15907.0
2024-04-19 13:00:00+02:00,25295.0,25194.5,34.67,11386.58,13023.02,14659.4575,25583.0,5545.5325,6222.045,6897.785,15907.0
2024-04-19 14:00:00+02:00,24481.0,24151.0,26.42,11040.055,12794.869999999999,14549.685,25583.0,5885.7525000000005,6492.4425,7104.2,15907.0
2024-04-19 15:00:00+02:00,23573.0,23995.0,20.9,10728.4825,12574.715,14420.95,25583.0,5731.014999999999,6238.945,6746.8724999999995,15907.0
2024-04-19 16:00:00+02:00,25213.5,25832.5,22.71,10540.64,12504.244999999999,14467.845,25583.0,5170.6475,5531.455,5892.26,15907.0
2024-04-19 17:00:00+02:00,27143.0,27688.0,39.83,10273.15,12317.3025,14361.455,25583.0,4200.475,4465.36,4730.245,15907.0
2024-04-19 18:00:00+02:00,29347.5,28957.0,63.95,9766.825,11899.2075,14031.585,25583.0,2916.7225,3106.76,3296.7975,15907.0
2024-04-19 19:00:00+02:00,30371.0,30012.5,80.17,8857.4225,11118.3675,13379.305,25583.0,1487.9850000000001,1592.1374999999998,1696.295,15907.0
2024-04-19 20:00:00+02:00,30598.0,30208.0,84.51,7906.375,10192.835,12479.3,25583.0,333.14250000000004,367.205,401.26750000000004,15907.0
2024-04-19 21:00:00+02:00,28908.5,29156.0,81.14,7271.825,9479.61,11687.4025,25583.0,0.9025,1.4625,2.115,15907.0
2024-04-19 22:00:00+02:00,26631.0,26554.5,76.82,6802.1224999999995,8902.4575,11002.795,25583.0,0.0,0.0,0.0,15907.0
2024-04-19 23:00:00+02:00,24149.0,23535.0,69.27,6542.03,8313.085,10084.145,25583.0,0.0,0.0,0.0,15907.0
2024-04-20 00:00:00+02:00,22695.5,22311.5,67.03,6440.085,7806.4400000000005,9172.795,25583.0,0.0,0.0,0.0,15907.0
2024-04-20 01:00:00+02:00,22350.5,22110.0,64.56,6258.745000000001,7386.4025,8514.065,25583.0,0.0,0.0,0.0,15907.0
2024-04-20 02:00:00+02:00,22012.0,21701.0,63.73,6094.6875,7092.52,8090.355,25583.0,0.0,0.0,0.0,15907.0
2024-04-20 03:00:00+02:00,21297.0,21180.0,62.53,5971.764999999999,6928.2275,7884.6900000000005,25583.0,0.0,0.0,0.0,15907.0
2024-04-20 04:00:00+02:00,21286.5,20526.0,62.86,5869.6775,6814.2575,7758.835,25583.0,0.0,0.0,0.0,15907.0
2024-04-20 05:00:00+02:00,21378.0,20703.0,62.25,5748.395,6701.5725,7654.75,25583.0,0.0,0.0,0.0,15907.0
2024-04-20 06:00:00+02:00,22685.0,21783.5,67.04,5578.82,6561.1849999999995,7543.555,25583.0,0.6125,0.77,0.9275,15907.0
2024-04-20 07:00:00+02:00,24210.5,23476.0,72.74,5528.54,6485.844999999999,7443.15,25583.0,255.87,293.8125,331.7525,15907.0
2024-04-20 08:00:00+02:00,24373.5,24110.0,75.66,5524.8099999999995,6420.7425,7316.6775,25583.0,1383.4425,1589.5325,1795.62,15907.0
2024-04-20 09:00:00+02:00,23688.0,24159.5,72.19,5465.7175,6346.49,7227.2625,25583.0,3150.4325,3495.405,3840.3775,15907.0
2024-04-20 10:00:00+02:00,22791.5,23150.0,63.84,5460.83,6349.745,7238.657499999999,25583.0,4758.8625,5244.19,5729.514999999999,15907.0
2024-04-20 11:00:00+02:00,21829.0,22292.5,53.99,5369.3325,6306.1900000000005,7243.05,25583.0,5703.0625,6439.9125,7176.755,15907.0
2024-04-20 12:00:00+02:00,21759.0,21899.0,51.72,5178.7375,6217.42,7256.1025,25583.0,6000.62,7012.72,8024.8225,15907.0
2024-04-20 13:00:00+02:00,21136.0,21544.5,52.32,5046.8975,6157.9725,7269.045,25583.0,6082.3825,7166.79,8274.7475,15907.0
2024-04-20 14:00:00+02:00,20963.0,21202.0,48.45,4929.935,6105.195,7280.4575,25583.0,5863.655,6924.8475,7986.03,15907.0
2024-04-20 15:00:00+02:00,21426.5,21607.0,46.09,4850.68,6075.1900000000005,7299.7,25583.0,5296.9625,6346.9400000000005,7396.922500000001,15907.0
2024-04-20 16:00:00+02:00,23221.5,23344.5,48.26,4831.1175,6040.29,7249.46,25583.0,4529.7775,5472.715,6415.6575,15907.0
2024-04-20 17:00:00+02:00,26273.5,26054.5,63.61,4759.045,5966.725,7174.405,25583.0,3439.3275,4193.0425,4946.75,15907.0
2024-04-20 18:00:00+02:00,28104.5,28561.0,82.51,4627.139999999999,5894.5575,7161.975,25583.0,2289.0575,2812.34,3335.6175,15907.0
2024-04-20 19:00:00+02:00,29161.5,29300.0,90.45,4471.432500000001,5797.195,7122.955,25583.0,1138.605,1418.8525,1699.025,15907.0
2024-04-20 20:00:00+02:00,29321.5,29131.5,88.98,4301.9925,5650.3475,6998.7025,25583.0,257.7275,325.19,393.67,15907.0
2024-04-20 21:00:00+02:00,28304.5,27825.5,85.28,4140.225,5481.1675,6822.11,25583.0,1.5375,1.575,1.8275,15907.0
2024-04-20 22:00:00+02:00,26430.0,25574.0,82.8,3838.3425,5251.43,6664.5175,25583.0,0.0,0.0,0.0,15907.0
2024-04-20 23:00:00+02:00,23973.5,23385.5,77.36,4086.5525,5317.8099999999995,6549.07,25583.0,0.0,0.0,0.0,15907.0
2024-04-21 00:00:00+02:00,22583.0,21983.5,71.73,4624.405000000001,5566.8,6509.1925,25583.0,0.0,0.0,0.0,15907.0
2024-04-21 01:00:00+02:00,21999.5,21700.0,70.94,4777.63,5680.645,6583.665,25583.0,0.0,0.0,0.0,15908.0
2024-04-21 02:00:00+02:00,21608.5,21452.5,69.11,4933.8150000000005,5815.885,6697.955,25583.0,0.0,0.0,0.0,15908.0
2024-04-21 03:00:00+02:00,20759.0,20820.0,65.64,5041.950000000001,5922.6975,6803.4475,25583.0,0.0,0.0,0.0,15908.0
2024-04-21 04:00:00+02:00,20275.5,20368.5,63.44,5095.515,5981.285,6867.047500000001,25583.0,0.0,0.0,0.0,15908.0
2024-04-21 05:00:00+02:00,20003.0,20283.0,61.05,5076.7,5983.9775,6891.255,25583.0,0.0,0.0,0.0,15908.0
2024-04-21 06:00:00+02:00,20766.0,21292.0,62.21,5030.6425,5973.34,6916.04,25583.0,0.8525,1.01,1.17,15908.0
2024-04-21 07:00:00+02:00,21837.0,22564.0,64.39,5012.514999999999,5966.535,6920.56,25583.0,187.7525,242.3975,297.04,15908.0
2024-04-21 08:00:00+02:00,22417.5,23446.5,66.23,4888.335,5882.5599999999995,6876.79,25583.0,1105.23,1360.6625,1616.095,15908.0
2024-04-21 09:00:00+02:00,22578.5,23816.0,64.82,4767.6125,5804.425,6841.2325,25583.0,2595.355,3085.0249999999996,3574.6875,15908.0
2024-04-21 10:00:00+02:00,22391.5,23046.5,61.97,4548.575,5627.7474999999995,6706.9175,25583.0,3960.795,4708.095,5455.405,15908.0
2024-04-21 11:00:00+02:00,22243.5,21935.0,61.34,3991.91,5195.105,6398.3,25583.0,4913.2,5906.389999999999,6899.5825,15908.0
2024-04-21 12:00:00+02:00,22451.5,22025.0,64.16,3344.9825,4629.5125,5930.29,25583.0,5461.737499999999,6630.55,7799.3675,15908.0
2024-04-21 13:00:00+02:00,22249.5,21697.0,66.68,2802.235,4077.7075,5391.77,25583.0,5693.555,6960.755,8227.9525,15908.0
2024-04-21 14:00:00+02:00,21984.0,21442.0,63.59,2473.9700000000003,3703.13,4954.6425,25583.0,5653.7625,6939.4225,8225.085,15908.0
2024-04-21 15:00:00+02:00,22947.0,22230.5,62.05,2341.9175,3490.07,4638.225,25583.0,5294.2275,6484.5925,7674.952499999999,15908.0
2024-04-21 16:00:00+02:00,25120.0,24784.0,63.9,2286.6,3395.1800000000003,4503.7675,25583.0,4719.28,5613.265,6507.2474999999995,15908.0
2024-04-21 17:00:00+02:00,27846.5,28169.5,76.1,2367.565,3371.1525,4374.74,25583.0,3735.4625,4380.595,5025.7225,15908.0
2024-04-21 18:00:00+02:00,29231.0,28924.5,90.22,2473.4049999999997,3333.44,4193.4775,25583.0,2476.285,2955.2475,3434.2125,15908.0
2024-04-21 19:00:00+02:00,29621.5,29536.5,95.53,2454.9849999999997,3294.7725,4134.5625,25583.0,1260.3825,1506.6175,1752.6950000000002,15908.0
2024-04-21 20:00:00+02:00,30037.5,30066.0,95.02,2371.5325000000003,3236.315,4101.1,25583.0,299.4925,355.7075,414.0,15908.0
2024-04-21 21:00:00+02:00,28932.5,28436.5,90.5,2199.57,3138.1125,4076.6549999999997,25583.0,1.175,1.365,1.93,15908.0
2024-04-21 22:00:00+02:00,26539.5,25808.5,86.71,1933.69,2980.3075,4026.925,25583.0,0.0,0.0,0.0,15908.0
2024-04-21 23:00:00+02:00,23515.0,23239.0,81.47,1935.79,2986.985,4038.1800000000003,25583.0,0.0,0.0,0.0,15908.0
2024-04-22 00:00:00+02:00,21890.5,22080.0,77.44,1828.335,2887.9225,3947.51,25583.0,0.0,0.0,0.0,15908.0
2024-04-22 01:00:00+02:00,21930.0,21872.5,76.37,1407.0149999999999,2476.35,3545.6949999999997,25583.0,0.0,0.0,0.0,15905.0
2024-04-22 02:00:00+02:00,21829.5,21841.5,74.8,1181.8575,2132.5099999999998,3083.16,25583.0,0.0,0.0,0.0,15905.0
2024-04-22 03:00:00+02:00,21447.0,21344.5,73.36,1108.65,1959.68,2810.705,25583.0,0.0,0.0,0.0,15905.0
2024-04-22 04:00:00+02:00,21218.0,21418.0,73.74,1165.83,2016.61,2867.3875,25583.0,0.0,0.0,0.0,15905.0
2024-04-22 05:00:00+02:00,22284.5,22692.0,74.25,1278.96,2147.0625,3015.16,25583.0,0.0,0.0,0.0,15905.0
2024-04-22 06:00:00+02:00,25679.0,26355.5,80.35,1399.705,2274.9925000000003,3150.2799999999997,25583.0,0.365,0.485,0.62,15905.0
2024-04-22 07:00:00+02:00,29764.0,30601.5,88.39,1466.595,2424.005,3381.415,25583.0,85.8625,181.595,277.33500000000004,15905.0
2024-04-22 08:00:00+02:00,32537.0,31468.5,92.92,1460.1225,2511.6125,3563.1000000000004,25583.0,549.6125,927.6775,1305.74,15905.0
2024-04-22 09:00:00+02:00,32395.0,32437.0,92.71,1476.2575,2574.88,3673.5075,25583.0,1259.7775000000001,1875.555,2491.3325,15905.0
2024-04-22 10:00:00+02:00,32383.5,31840.5,91.13,1587.95,2671.1225,3754.295,25583.0,1892.8475,2601.61,3310.3725,15905.0
2024-04-22 11:00:00+02:00,32109.5,31980.0,88.09,1726.2649999999999,2771.13,3816.0,25583.0,2313.985,3045.2775,3776.5625,15905.0
2024-04-22 12:00:00+02:00,32171.0,32257.0,88.64,1798.1825,2820.0075,3841.8325,25583.0,2623.66,3273.7475,3925.7225,15905.0
2024-04-22 13:00:00+02:00,31934.5,31845.0,88.66,1870.94,2873.11,3875.2825000000003,25583.0,2930.265,3464.9675,3962.53,15905.0
2024-04-22 14:00:00+02:00,31189.0,31405.5,88.18,1938.3225,2954.26,3970.1949999999997,25583.0,2943.0575,3393.635,3804.7525,15905.0
2024-04-22 15:00:00+02:00,31739.5,31380.0,86.85,1993.045,3038.485,4131.245,25583.0,2674.5299999999997,3045.295,3393.5575,15905.0
2024-04-22 16:00:00+02:00,32803.0,32600.0,87.55,2022.7025,3124.35,4370.825,25583.0,2248.1549999999997,2563.0525000000002,2870.3824999999997,15905.0
2024-04-22 17:00:00+02:00,33892.0,33762.0,91.55,1961.73,3160.82,4588.0599999999995,25583.0,1647.2125,1877.7175,2111.08,15905.0
2024-04-22 18:00:00+02:00,34162.0,33736.5,98.96,1906.8625,3179.09,4649.5025,25583.0,1015.0425,1212.8225,1371.8025,15905.0
2024-04-22 19:00:00+02:00,33688.5,33347.0,100.68,1845.2975,3185.065,4606.6125,25583.0,510.24,642.62,737.005,15905.0
2024-04-22 20:00:00+02:00,32603.5,32543.5,96.9,1599.5749999999998,3179.9125,4774.495,25583.0,151.6,171.21,193.7475,15905.0
2024-04-22 21:00:00+02:00,30688.5,31090.0,90.52,1132.64,3205.8475,5279.05,25583.0,1.3575,2.3975,3.6225,15905.0
2024-04-22 22:00:00+02:00,27403.0,27872.5,86.69,650.65,3350.635,6050.625,25583.0,0.0,0.0,0.0,15905.0
2024-04-22 23:00:00+02:00,24367.0,24562.0,80.35,1062.4875,3095.045,5127.6,25583.0,0.0,0.0,0.0,15905.0
2024-04-23 00:00:00+02:00,22792.5,22755.0,72.96,1584.02,2637.1525,3690.285,25583.0,0.0,0.0,0.0,15905.0
2024-04-23 01:00:00+02:00,22720.0,22811.0,72.86,1359.1599999999999,2488.9525,3618.7475,25583.0,0.0,0.0,0.0,15905.0
2024-04-23 02:00:00+02:00,22614.5,22565.5,71.31,1189.6225,2451.72,3713.8175,25583.0,0.0,0.0,0.0,15905.0
2024-04-23 03:00:00+02:00,22038.5,21953.5,70.1,1204.055,2489.3199999999997,3774.59,25583.0,0.0,0.0,0.0,15905.0
2024-04-23 04:00:00+02:00,21650.0,21718.0,70.27,1202.85,2446.08,3689.31,25583.0,0.0,0.0,0.0,15905.0
2024-04-23 05:00:00+02:00,22489.0,22653.0,70.59,1161.0125,2460.33,3759.645,25583.0,0.0,0.0,0.0,15905.0
2024-04-23 06:00:00+02:00,25989.5,26242.0,77.09,1199.75,2561.5875,3923.43,25583.0,0.17,2.3325,2.7925,15905.0
2024-04-23 07:00:00+02:00,30246.0,30464.0,85.19,1230.6525000000001,2647.135,4063.615,25583.0,131.45499999999998,174.74,202.9925,15905.0
2024-04-23 08:00:00+02:00,31412.5,32090.0,88.9,1424.56,2941.6549999999997,4458.75,25583.0,749.4825000000001,877.0725,999.9975,15905.0
2024-04-23 09:00:00+02:00,30784.5,31813.0,87.03,1706.5425,3372.3450000000003,5038.145,25583.0,1748.9625,2010.3899999999999,2256.4175,15905.0
2024-04-23 10:00:00+02:00,29881.5,31116.5,83.11,1964.17,3786.73,5609.295,25583.0,2670.5575,3017.37,3350.4025,15905.0
2024-04-23 11:00:00+02:00,29814.5,30064.0,78.54,2169.8450000000003,4193.995,6218.1425,25583.0,3404.59,3784.5525,4145.889999999999,15905.0
2024-04-23 12:00:00+02:00,29977.5,29749.5,76.65,2424.54,4592.725,6760.9075,25583.0,3931.7925,4409.065,4760.89,15905.0
2024-04-23 13:00:00+02:00,28180.0,28986.5,75.84,2913.805,5019.665,7125.5275,25583.0,4246.6975,4722.42,5079.5225,15905.0
2024-04-23 14:00:00+02:00,27166.0,28249.5,74.52,3651.99,5547.1025,7442.2175,25583.0,4367.03,4900.53,5266.0225,15905.0
2024-04-23 15:00:00+02:00,27086.5,28135.5,72.57,4398.6175,6044.0025000000005,7689.389999999999,25583.0,4234.4275,4822.14,5177.875,15905.0
2024-04-23 16:00:00+02:00,28548.5,29788.5,72.12,5026.514999999999,6475.9725,7925.43,25583.0,3785.0,4366.83,4703.077499999999,15905.0
2024-04-23 17:00:00+02:00,30409.5,31423.0,77.64,5584.5675,7002.174999999999,8419.7825,25583.0,2983.1825,3581.8475,3857.2200000000003,15905.0
2024-04-23 18:00:00+02:00,31895.0,31709.0,86.88,5865.835,7340.7875,8815.74,25583.0,2039.0075,2482.6925,2660.705,15905.0
2024-04-23 19:00:00+02:00,32449.5,32400.0,90.34,5925.655,7441.41,8957.1625,25583.0,1089.9425,1310.4325,1425.2125,15905.0
2024-04-23 20:00:00+02:00,32283.0,32441.5,87.88,6074.345,7496.6975,8919.05,25583.0,281.9525,348.94,401.105,15905.0
2024-04-23 21:00:00+02:00,30518.0,30647.0,82.0,6360.172500000001,7599.65,8839.125,25583.0,2.47,3.28,4.3425,15905.0
2024-04-23 22:00:00+02:00,27159.0,27583.5,78.02,6470.355,7645.66,8820.965,25583.0,0.0,0.0,0.0,15905.0
2024-04-23 23:00:00+02:00,23986.0,24279.0,72.44,6819.610000000001,7978.3550000000005,9137.102499999999,25583.0,0.0,0.0,0.0,15905.0
2024-04-24 00:00:00+02:00,22408.5,22650.0,63.49,7223.327499999999,8297.1775,9371.0225,25583.0,0.0,0.0,0.0,15905.0
2024-04-24 01:00:00+02:00,22292.5,22563.0,60.47,7115.8675,8133.6849999999995,9151.5,25583.0,0.0,0.0,0.0,15907.0
2024-04-24 02:00:00+02:00,22009.0,22388.0,59.04,6890.0875,8001.4825,9112.875,25583.0,0.0,0.0,0.0,15907.0
2024-04-24 03:00:00+02:00,21446.5,21823.5,57.29,6869.030000000001,7983.475,9097.9225,25583.0,0.0,0.0,0.0,15907.0
2024-04-24 04:00:00+02:00,21110.0,21537.0,57.96,6851.0025000000005,7903.74,8956.4775,25583.0,0.0,0.0,0.0,15907.0
2024-04-24 05:00:00+02:00,22186.5,22610.5,59.1,6786.135,7811.754999999999,8837.3775,25583.0,0.0,0.0,0.0,15907.0
2024-04-24 06:00:00+02:00,25727.0,26141.5,67.62,6772.71,7743.7375,8714.765,25583.0,1.73,2.305,2.8825,15907.0
2024-04-24 07:00:00+02:00,29701.0,29852.0,78.82,6697.6125,7620.7225,8543.83,25583.0,195.1125,256.71000000000004,318.31,15907.0
2024-04-24 08:00:00+02:00,30923.0,30591.0,84.06,6525.2675,7450.59,8375.915,25583.0,1103.0825,1306.6875,1510.2925,15907.0
2024-04-24 09:00:00+02:00,30216.5,29904.5,80.92,6375.8,7338.935,8302.067500000001,25583.0,2519.05,2823.21,3127.365,15907.0
2024-04-24 10:00:00+02:00,28967.5,28788.0,74.41,6267.6175,7227.0125,8186.405000000001,25583.0,3850.7974999999997,4185.1925,4519.585,15907.0
2024-04-24 11:00:00+02:00,28294.5,28654.5,70.72,6161.7175,7066.6900000000005,7971.655000000001,25583.0,4781.4375,5110.3225,5439.21,15907.0
2024-04-24 12:00:00+02:00,28212.5,28935.0,69.34,6013.1325,6904.03,7794.93,25583.0,5304.3775,5673.06,6041.74,15907.0
2024-04-24 13:00:00+02:00,27529.5,27323.5,69.33,5882.23,6780.9475,7694.98,25583.0,5672.9349999999995,6119.41,6565.885,15907.0
2024-04-24 14:00:00+02:00,27136.5,26410.0,66.12,5768.91,6718.545,7704.245,25583.0,5756.275,6212.1075,6667.9375,15907.0
2024-04-24 15:00:00+02:00,27695.5,26474.0,63.21,5656.365,6714.2675,7815.7175,25583.0,5466.715,5925.4,6384.0875,15907.0
2024-04-24 16:00:00+02:00,29208.0,28102.5,62.62,5587.555,6714.49,7929.44,25583.0,4879.665,5307.0325,5734.41,15907.0
2024-04-24 17:00:00+02:00,30819.5,30194.5,69.59,5566.0325,6722.225,7990.5875,25583.0,3927.7349999999997,4277.3375,4626.945,15907.0
2024-04-24 18:00:00+02:00,31731.0,31948.0,82.42,5685.455,6744.48,8041.145,25583.0,2653.325,2975.17,3297.015,15907.0
2024-04-24 19:00:00+02:00,32426.5,32736.0,88.0,5656.0025,6645.7875,7989.610000000001,25583.0,1401.5525,1600.3625,1799.165,15907.0
2024-04-24 20:00:00+02:00,31998.0,32607.0,87.01,5211.91,6375.73,7702.895,25583.0,403.705,446.3925,489.0825,15907.0
2024-04-24 21:00:00+02:00,31004.5,31026.0,82.84,4661.465,5951.3724999999995,7241.275,25583.0,1.4325,2.925,4.8275,15907.0
2024-04-24 22:00:00+02:00,27760.0,27756.5,79.29,4097.355,5444.5325,6791.71,25583.0,0.0,0.0,0.0,15907.0
2024-04-24 23:00:00+02:00,24604.5,24575.5,73.91,3411.705,4588.6900000000005,5765.675,25583.0,0.0,0.0,0.0,15907.0
2024-04-25 00:00:00+02:00,23041.5,22875.5,72.38,2856.11,3757.2,4658.2925,25583.0,0.0,0.0,0.0,15907.0
2024-04-25 01:00:00+02:00,22662.0,22700.0,71.41,2452.4825,3398.865,4345.25,25583.0,0.0,0.0,0.0,15907.0
2024-04-25 02:00:00+02:00,22787.5,22427.5,69.97,2243.0725,3348.2925,4453.5125,25583.0,0.0,0.0,0.0,15907.0
2024-04-25 03:00:00+02:00,21892.0,21780.5,67.98,2346.42,3643.4300000000003,4940.4400000000005,25583.0,0.0,0.0,0.0,15907.0
2024-04-25 04:00:00+02:00,21479.5,21509.5,67.23,2749.265,4194.975,5640.68,25583.0,0.0,0.0,0.0,15907.0
2024-04-25 05:00:00+02:00,22319.5,22484.5,66.85,3150.2200000000003,4813.695,6477.17,25583.0,0.0,0.0,0.0,15907.0
2024-04-25 06:00:00+02:00,25720.0,25994.5,72.93,3417.6000000000004,5317.03,7216.4625,25583.0,2.8425,2.9825,3.715,15907.0
2024-04-25 07:00:00+02:00,29585.0,30004.0,83.66,3785.58,5639.16,7492.7425,25583.0,238.145,313.1425,390.0875,15907.0
2024-04-25 08:00:00+02:00,31887.0,31341.5,86.28,4038.1800000000003,5655.075,7271.9625,25583.0,1148.4025,1410.37,1672.1925,15907.0
2024-04-25 09:00:00+02:00,31177.0,31030.5,81.17,3733.7825000000003,5192.655,6651.53,25583.0,2512.2225,2905.105,3297.9900000000002,15907.0
2024-04-25 10:00:00+02:00,29942.0,30207.5,76.91,3129.005,4642.405,6155.8,25583.0,3727.9175,4265.0875,4802.2575,15907.0
2024-04-25 11:00:00+02:00,30102.5,29665.5,71.7,2737.855,4279.74,5821.635,25583.0,4571.71,5225.795,5879.875,15907.0
2024-04-25 12:00:00+02:00,30497.0,29790.5,70.09,2448.535,3887.5924999999997,5326.65,25583.0,4825.865,5485.41,6143.5,15907.0
2024-04-25 13:00:00+02:00,30608.0,29282.0,70.6,2107.3175,3422.6800000000003,4738.0425,25583.0,4752.530000000001,5426.67,6100.8125,15907.0
2024-04-25 14:00:00+02:00,30439.0,30171.5,70.42,1843.2175,3009.775,4176.3425,25583.0,4662.219999999999,5332.5475,6002.8775000000005,15907.0
2024-04-25 15:00:00+02:00,30759.5,30359.0,70.41,1670.615,2757.85,3845.085,25583.0,4438.6050000000005,5102.78,5766.9574999999995,15907.0
2024-04-25 16:00:00+02:00,32077.0,31361.0,74.34,1480.835,2592.1400000000003,3703.4449999999997,25583.0,3839.4700000000003,4494.91,5150.3475,15907.0
2024-04-25 17:00:00+02:00,33293.0,32439.5,81.3,1313.605,2480.9125,3648.2174999999997,25583.0,2917.42,3509.0375,4100.6525,15907.0
2024-04-25 18:00:00+02:00,33694.5,32722.0,90.69,1223.575,2380.1949999999997,3536.815,25583.0,1992.5549999999998,2412.3,2832.0375000000004,15907.0
2024-04-25 19:00:00+02:00,33773.5,33100.0,96.01,1065.25,2237.4125,3409.58,25583.0,1026.61,1258.2375,1489.8,15907.0
2024-04-25 20:00:00+02:00,33155.0,32479.5,93.62,828.5925,2084.1549999999997,3339.7175,25583.0,244.9725,320.7475,397.3875,15907.0
2024-04-25 21:00:00+02:00,31492.0,31673.5,87.46,648.25,1947.8375,3247.425,25583.0,1.8975,2.6125,3.5775,15907.0
2024-04-25 22:00:00+02:00,28338.0,28403.0,83.85,416.3425,1817.77,3219.2,25583.0,0.0,0.0,0.0,15907.0
2024-04-25 23:00:00+02:00,25157.5,24982.0,79.22,883.24,2114.095,3344.95,25583.0,0.0,0.0,0.0,15907.0
2024-04-26 00:00:00+02:00,23474.5,23263.5,74.5,1370.4825,2348.81,3327.135,25583.0,0.0,0.0,0.0,15907.0
2024-04-26 01:00:00+02:00,23505.0,23080.0,74.0,1127.025,2097.2075,3067.3875,25583.0,0.0,0.0,0.0,15905.0
2024-04-26 02:00:00+02:00,23324.0,22950.5,72.51,915.615,1862.9099999999999,2810.2075,25583.0,0.0,0.0,0.0,15905.0
2024-04-26 03:00:00+02:00,22745.5,22334.0,71.92,742.35,1658.58,2574.8075,25583.0,0.0,0.0,0.0,15905.0
2024-04-26 04:00:00+02:00,22306.5,22082.5,72.88,681.11,1569.815,2458.52,25583.0,0.0,0.0,0.0,15905.0
2024-04-26 05:00:00+02:00,23081.0,22974.0,73.92,688.06,1555.4275,2422.79,25583.0,0.0,0.0,0.0,15905.0
2024-04-26 06:00:00+02:00,26416.0,26248.0,80.79,696.45,1547.2649999999999,2398.075,25583.0,2.6025,2.7975,3.035,15905.0
2024-04-26 07:00:00+02:00,30508.5,30356.5,90.08,701.6275,1544.035,2386.4449999999997,25583.0,291.985,383.66999999999996,475.3525,15905.0
2024-04-26 08:00:00+02:00,30965.0,31624.5,92.13,658.315,1454.1625,2250.0150000000003,25583.0,1350.3375,1681.9625,2013.5925,15905.0
2024-04-26 09:00:00+02:00,30180.5,31014.5,87.53,577.5899999999999,1324.4625,2071.3325,25583.0,2790.9575,3376.85,3962.745,15905.0
2024-04-26 10:00:00+02:00,29316.5,30015.0,82.04,497.425,1219.9724999999999,1942.5225,25583.0,4027.9375,4793.675,5559.41,15905.0
2024-04-26 11:00:00+02:00,28677.5,29855.5,76.06,438.915,1094.2125,1749.51,25583.0,4885.35,5719.45,6553.5575,15905.0
2024-04-26 12:00:00+02:00,28355.0,29733.0,72.7,371.495,961.12,1550.7525,25583.0,5359.0,6170.525,6982.0525,15905.0
2024-04-26 13:00:00+02:00,27714.0,28620.5,72.04,305.76,851.475,1397.1925,25583.0,5556.4025,6288.23,7053.4725,15905.0
2024-04-26 14:00:00+02:00,27228.5,28013.0,71.74,269.8575,795.145,1320.43,25583.0,5454.6525,6088.780000000001,6722.9075,15905.0
2024-04-26 15:00:00+02:00,27547.0,28293.5,70.79,260.0625,791.7425,1323.42,25583.0,5035.3125,5599.225,6163.135,15905.0
2024-04-26 16:00:00+02:00,29170.0,29547.5,72.98,276.47749999999996,811.44,1346.4,25583.0,4283.44,4844.5425,5405.645,15905.0
2024-04-26 17:00:00+02:00,30467.0,30733.5,78.89,301.375,860.94,1420.5025,25583.0,3283.7574999999997,3784.545,4285.327499999999,15905.0
2024-04-26 18:00:00+02:00,31004.5,31377.5,89.82,333.82,939.115,1544.4050000000002,25583.0,2185.33,2611.2325,3037.1375,15905.0
2024-04-26 19:00:00+02:00,30965.5,31625.0,96.35,354.5075,1020.9399999999999,1687.375,25583.0,1120.25,1406.9625,1693.675,15905.0
2024-04-26 20:00:00+02:00,31049.5,31203.0,93.96,368.44,1108.585,1848.7325,25583.0,310.44,392.66499999999996,474.8875,15905.0
2024-04-26 21:00:00+02:00,30006.5,30091.5,86.61,383.905,1235.615,2087.325,25583.0,3.0225,3.42,3.8325,15905.0
2024-04-26 22:00:00+02:00,27366.0,27742.5,83.06,342.8625,1337.1175,2331.37,25583.0,0.0,0.0,0.0,15905.0
2024-04-26 23:00:00+02:00,24482.0,24890.0,75.88,466.865,1355.135,2243.4,25583.0,0.0,0.0,0.0,15905.0
2024-04-27 00:00:00+02:00,22868.0,23180.5,73.53,647.2925,1355.7275,2064.165,25583.0,0.0,0.0,0.0,15905.0
2024-04-27 01:00:00+02:00,22485.5,22600.0,73.87,649.0125,1367.3375,2085.665,25583.0,0.0,0.0,0.0,15907.0
2024-04-27 02:00:00+02:00,22082.0,22303.0,72.13,579.215,1379.7125,2180.2075,25583.0,0.0,0.0,0.0,15907.0
2024-04-27 03:00:00+02:00,21353.5,21499.5,71.09,557.845,1494.52,2431.1949999999997,25583.0,0.0,0.0,0.0,15907.0
2024-04-27 04:00:00+02:00,20942.5,21057.5,70.71,645.8025,1745.2325,2844.66,25583.0,0.0,0.0,0.0,15907.0
2024-04-27 05:00:00+02:00,20995.5,21237.5,69.92,844.105,2103.125,3362.1425,25583.0,0.0,0.0,0.0,15907.0
2024-04-27 06:00:00+02:00,22418.5,22666.0,72.48,1099.6325,2436.8225,3774.0125,25583.0,5.44,5.44,6.0600000000000005,15907.0
2024-04-27 07:00:00+02:00,24506.5,24871.0,77.17,1389.94,2710.0275,4030.12,25583.0,196.595,247.1975,299.4425,15907.0
2024-04-27 08:00:00+02:00,26311.0,26393.5,78.68,1614.91,2870.7200000000003,4126.525,25583.0,866.0775,1015.6975,1165.195,15907.0
2024-04-27 09:00:00+02:00,27097.5,27417.5,78.43,1708.29,2886.4075,4064.525,25583.0,1741.675,2013.1275,2284.58,15907.0
2024-04-27 10:00:00+02:00,27068.0,27443.5,77.06,1676.0275000000001,2838.0950000000003,4000.165,25583.0,2526.435,2888.88,3251.3275,15907.0
2024-04-27 11:00:00+02:00,26850.5,26801.5,73.83,1476.5075,2716.54,3956.575,25583.0,3166.2799999999997,3557.885,3949.485,15907.0
2024-04-27 12:00:00+02:00,26733.0,26314.5,71.54,1293.63,2617.87,3942.105,25583.0,3514.0825,3933.3725,4352.665,15907.0
2024-04-27 13:00:00+02:00,26230.5,25919.5,70.2,1157.2424999999998,2543.7275,3930.215,25583.0,3701.0074999999997,4157.8099999999995,4614.6125,15907.0
2024-04-27 14:00:00+02:00,26281.5,25726.5,68.78,1124.0349999999999,2558.29,3992.55,25583.0,3685.2575,4174.592500000001,4663.924999999999,15907.0
2024-04-27 15:00:00+02:00,26482.5,25511.0,68.08,1195.4375,2688.56,4181.68,25583.0,3275.1175000000003,3802.19,4329.2675,15907.0
2024-04-27 16:00:00+02:00,27609.0,26967.5,69.26,1294.6075,2846.3275,4398.047500000001,25583.0,2600.1375000000003,3180.4475,3760.7625,15907.0
2024-04-27 17:00:00+02:00,29632.5,28669.0,75.79,1587.125,3092.1400000000003,4597.16,25583.0,1881.77,2428.5575,2975.3475,15907.0
2024-04-27 18:00:00+02:00,30006.0,29777.5,85.54,2080.6,3584.8,5089.0,25583.0,1234.2224999999999,1659.445,2084.665,15907.0
2024-04-27 19:00:00+02:00,29686.5,29484.5,89.79,2241.85,4063.76,5885.6675,25583.0,656.2525,931.98,1207.705,15907.0
2024-04-27 20:00:00+02:00,29405.5,29088.5,87.33,2068.895,4333.4375,6597.9825,25583.0,192.265,285.335,378.41,15907.0
2024-04-27 21:00:00+02:00,28296.0,27567.5,81.75,1977.6425,4639.264999999999,7300.889999999999,25583.0,5.1825,5.2975,5.47,15907.0
2024-04-27 22:00:00+02:00,26007.5,25537.0,77.95,1800.475,4827.93,7855.3775000000005,25583.0,0.0,0.0,0.0,15907.0
2024-04-27 23:00:00+02:00,23314.0,23028.0,72.14,2403.13,5226.6224999999995,8050.115,25583.0,0.0,0.0,0.0,15907.0
2024-04-28 00:00:00+02:00,21838.0,21582.0,65.48,2982.635,5591.415,8200.195,25583.0,0.0,0.0,0.0,15907.0
2024-04-28 01:00:00+02:00,21443.5,21200.0,63.09,2778.4325,5564.014999999999,8349.595000000001,25583.0,0.0,0.0,0.0,15908.0
2024-04-28 02:00:00+02:00,20982.0,20915.0,61.22,2707.58,5562.8675,8418.1625,25583.0,0.0,0.0,0.0,15908.0
2024-04-28 03:00:00+02:00,20197.0,19900.5,58.5,2743.1775000000002,5649.6875,8556.195,25583.0,0.0,0.0,0.0,15908.0
2024-04-28 04:00:00+02:00,19495.0,19291.0,56.25,2930.16,5853.35,8776.5375,25583.0,0.0,0.0,0.0,15908.0
2024-04-28 05:00:00+02:00,19172.5,19335.5,54.7,3018.665,5972.5975,8926.525,25583.0,0.0,0.0,0.0,15908.0
2024-04-28 06:00:00+02:00,19751.5,20171.5,55.16,2983.1324999999997,5909.025,8834.92,25583.0,7.015,7.1475,7.279999999999999,15908.0
2024-04-28 07:00:00+02:00,21613.0,22036.5,58.37,2815.8025,5743.3325,8670.865,25583.0,139.95499999999998,179.8475,219.74,15908.0
2024-04-28 08:00:00+02:00,23765.0,23715.0,62.22,2712.33,5835.43,8958.535,25583.0,486.875,697.5775,908.28,15908.0
2024-04-28 09:00:00+02:00,24957.5,25252.0,64.96,2669.525,6132.8875,9596.255,25583.0,1014.1125,1459.4475,1904.7849999999999,15908.0
2024-04-28 10:00:00+02:00,25674.5,25686.0,68.41,2706.955,6467.835,10228.72,25583.0,1625.6575,2262.165,2898.68,15908.0
2024-04-28 11:00:00+02:00,26134.0,25746.5,69.79,2870.96,6894.395,10917.83,25583.0,2214.7200000000003,2951.4275,3688.1375,15908.0
2024-04-28 12:00:00+02:00,25946.5,25866.0,69.18,2803.64,7136.3825,11469.1175,25583.0,2589.4125,3436.4375,4283.46,15908.0
2024-04-28 13:00:00+02:00,25026.5,25061.5,68.59,3006.835,7501.505,11996.1725,25583.0,2826.48,3788.305,4750.13,15908.0
2024-04-28 14:00:00+02:00,24327.0,25051.0,62.82,3439.6375,7987.1875,12534.7375,25583.0,3073.8325,4138.965,5204.0925,15908.0
2024-04-28 15:00:00+02:00,24404.5,25803.5,58.21,3644.3450000000003,8356.8875,13069.425,25583.0,3017.2,4241.0025000000005,5436.16,15908.0
2024-04-28 16:00:00+02:00,25687.0,27354.0,55.68,3678.0175,8743.305,13808.5875,25583.0,2815.1125,4024.4475,5233.7825,15908.0
2024-04-28 17:00:00+02:00,27440.5,29003.0,63.09,3492.6099999999997,8939.244999999999,14385.89,25583.0,2622.9275,3563.25,4503.575,15908.0
2024-04-28 18:00:00+02:00,28528.5,29373.5,74.64,3102.5075,8621.945,14141.3825,25583.0,2158.74,2788.5175,3418.2974999999997,15908.0
2024-04-28 19:00:00+02:00,28895.0,29514.0,82.32,2710.855,7954.965,13199.07,25583.0,1398.7224999999999,1717.9499999999998,2037.18,15908.0
2024-04-28 20:00:00+02:00,28820.5,29473.0,83.12,2661.44,7434.085,12206.725,25583.0,464.045,533.7,603.3575000000001,15908.0
2024-04-28 21:00:00+02:00,27751.0,27774.0,79.8,3314.5474999999997,7428.54,11542.529999999999,25583.0,3.05,3.7025,4.3575,15908.0
2024-04-28 22:00:00+02:00,24702.5,25226.5,74.69,4433.005,7866.2375,11299.470000000001,25583.0,0.0,0.0,0.0,15908.0
2024-04-28 23:00:00+02:00,22061.5,22422.5,66.73,6465.415,8769.1425,11072.8675,25583.0,0.0,0.0,0.0,15908.0
2024-04-29 00:00:00+02:00,20570.0,20402.0,58.0,8030.575000000001,9446.904999999999,10863.235,25583.0,0.0,0.0,0.0,15908.0
2024-04-29 01:00:00+02:00,20396.5,20280.0,52.03,7975.93,9348.095,10720.26,25583.0,0.0,0.0,0.0,15905.0
2024-04-29 02:00:00+02:00,20097.0,20116.5,51.85,7794.9725,9116.064999999999,10437.154999999999,25583.0,0.0,0.0,0.0,15905.0
2024-04-29 03:00:00+02:00,19645.5,19551.0,50.94,7665.4775,9023.6425,10381.8125,25583.0,0.0,0.0,0.0,15905.0
2024-04-29 04:00:00+02:00,19299.5,19243.0,51.6,7253.6425,8761.255000000001,10268.87,25583.0,0.0,0.0,0.0,15905.0
2024-04-29 05:00:00+02:00,20268.0,19955.5,53.06,6793.1025,8312.4375,9831.7725,25583.0,0.0,0.0,0.0,15905.0
2024-04-29 06:00:00+02:00,23792.0,22997.0,61.71,6676.135,8156.57,9637.0025,25583.0,1.6975,2.1425,2.61,15905.0
2024-04-29 07:00:00+02:00,27528.0,26731.5,75.46,6752.26,8234.48,9716.7,25583.0,448.9425,485.1775,521.41,15905.0
2024-04-29 08:00:00+02:00,28169.0,28425.0,79.16,6899.5650000000005,8406.105,9912.64,25583.0,1795.9775,1941.0525,2086.1275,15905.0
2024-04-29 09:00:00+02:00,27366.5,28143.5,76.51,7082.8675,8594.285,10105.705,25583.0,3383.635,3603.4224999999997,3823.21,15905.0
2024-04-29 10:00:00+02:00,25993.0,26617.5,72.16,7536.514999999999,9047.279999999999,10558.045,25583.0,4506.53,4837.8475,5169.17,15905.0
2024-04-29 11:00:00+02:00,25728.0,25851.5,65.85,8030.129999999999,9538.6175,11047.105,25583.0,5135.625,5576.3099999999995,6016.9975,15905.0
2024-04-29 12:00:00+02:00,25477.5,25689.5,59.41,8494.5425,9957.7,11420.8625,25583.0,5512.325,6007.545,6502.7625,15905.0
2024-04-29 13:00:00+02:00,24601.5,24988.5,57.57,8873.119999999999,10315.325,11757.529999999999,25583.0,5723.6475,6287.155,6850.665,15905.0
2024-04-29 14:00:00+02:00,23686.5,24527.5,51.43,8905.7725,10376.9825,11848.195,25583.0,5722.0525,6283.41,6844.7725,15905.0
2024-04-29 15:00:00+02:00,23889.0,25065.5,47.79,9067.32,10516.365,11965.4125,25583.0,5354.2325,5864.02,6373.8125,15905.0
2024-04-29 16:00:00+02:00,25411.0,26578.0,49.18,9376.98,10836.3025,12295.6225,25583.0,4449.7425,4940.4625,5431.18,15905.0
2024-04-29 17:00:00+02:00,27675.0,28229.5,58.52,9634.3375,11092.135,12549.94,25583.0,3190.575,3707.6549999999997,4224.735,15905.0
2024-04-29 18:00:00+02:00,28925.5,29248.5,72.43,9791.67,11096.08,12400.48,25583.0,2070.42,2546.04,3020.9975000000004,15905.0
2024-04-29 19:00:00+02:00,29390.5,29810.0,79.16,9678.56,10851.09,12023.6225,25583.0,1094.8625,1375.7775000000001,1665.275,15905.0
2024-04-29 20:00:00+02:00,28857.5,29408.0,79.56,9424.515,10554.535,11684.56,25583.0,284.6975,352.5775,429.04,15905.0
2024-04-29 21:00:00+02:00,27484.0,28522.0,75.08,9171.515,10274.25,11436.9725,25583.0,1.6325,2.37,3.0675,15905.0
2024-04-29 22:00:00+02:00,24560.0,25133.5,69.97,8815.815,9943.895,11193.045,25583.0,0.0,0.0,0.0,15905.0
2024-04-29 23:00:00+02:00,21616.5,22333.0,62.21,8425.235,9586.325,10808.494999999999,25583.0,0.0,0.0,0.0,15905.0
2024-04-30 00:00:00+02:00,20487.5,20657.0,57.33,7980.2375,9158.795,10337.355,25583.0,0.0,0.0,0.0,15905.0
2024-04-30 01:00:00+02:00,20258.5,20200.0,52.68,7528.950000000001,8754.557499999999,9980.16,25583.0,0.0,0.0,0.0,15905.0
2024-04-30 02:00:00+02:00,20162.0,19603.0,52.63,7137.8575,8440.4475,9743.04,25583.0,0.0,0.0,0.0,15905.0
2024-04-30 03:00:00+02:00,19566.5,19092.5,52.37,6761.84,8111.5325,9461.220000000001,25583.0,0.0,0.0,0.0,15905.0
2024-04-30 04:00:00+02:00,19402.0,19049.5,53.5,6408.835,7738.5599999999995,9068.2775,25583.0,0.0,0.0,0.0,15905.0
2024-04-30 05:00:00+02:00,20172.5,19946.0,54.4,6090.97,7373.924999999999,8656.875,25583.0,0.0,0.0,0.0,15905.0
2024-04-30 06:00:00+02:00,23569.0,23319.5,62.97,5803.655000000001,7141.84,8480.03,25583.0,1.8575,2.695,3.2875,15905.0
2024-04-30 07:00:00+02:00,27382.5,26859.5,74.5,5671.975,7189.1900000000005,8706.4,25583.0,427.685,471.3975,513.6825,15905.0
2024-04-30 08:00:00+02:00,27424.0,27255.5,78.66,5764.765,7402.672500000001,9040.58,25583.0,1767.7475,1943.125,2118.615,15905.0
2024-04-30 09:00:00+02:00,25866.0,26265.0,76.08,6037.55,7626.37,9215.19,25583.0,3462.3425,3758.045,4053.75,15905.0
2024-04-30 10:00:00+02:00,24082.0,24417.5,70.14,6221.89,7759.3099999999995,9296.735,25583.0,4886.79,5355.415,5824.047500000001,15905.0
2024-04-30 11:00:00+02:00,23085.0,23833.5,62.38,6291.0925,7853.6125,9416.135,25583.0,5756.5599999999995,6528.6050000000005,7300.6475,15905.0
2024-04-30 12:00:00+02:00,22507.0,23506.0,53.49,6527.76,8076.085,9645.8475,25583.0,6109.2675,7110.79,8112.3099999999995,15905.0
2024-04-30 13:00:00+02:00,22228.0,22732.5,48.58,6921.355,8426.815,9996.945,25583.0,6094.6175,7232.3775,8367.525,15905.0
2024-04-30 14:00:00+02:00,22070.0,22796.5,39.86,7327.775,8792.032500000001,10313.1025,25583.0,5852.95,6949.33,8045.7125,15905.0
2024-04-30 15:00:00+02:00,22946.0,23648.5,39.53,7583.18,8969.2775,10458.9,25583.0,5342.1875,6208.775,7075.3625,15905.0
2024-04-30 16:00:00+02:00,25371.5,25733.0,46.16,7719.577499999999,9006.1675,10382.705,25583.0,4475.4,5125.21,5775.0225,15905.0
2024-04-30 17:00:00+02:00,27930.0,27830.0,59.95,7473.860000000001,8845.075,10216.285,25583.0,3381.4175,3835.42,4289.425,15905.0
2024-04-30 18:00:00+02:00,28933.0,29359.5,75.73,6912.77,8408.880000000001,9904.99,25583.0,2297.68,2637.04,2976.4025,15905.0
2024-04-30 19:00:00+02:00,29985.5,30068.0,85.09,6376.355,7984.370000000001,9592.385,25583.0,1240.0425,1440.565,1641.085,15905.0
2024-04-30 20:00:00+02:00,29856.5,29917.0,85.17,5972.265,7668.2775,9364.29,25583.0,325.9275,378.46,430.9925,15905.0
2024-04-30 21:00:00+02:00,28952.0,28824.0,81.53,5625.3875,7279.8,8934.21,25583.0,2.7475,4.2225,5.8425,15905.0
2024-04-30 22:00:00+02:00,26099.0,26129.0,77.77,4953.3150000000005,6751.2275,8549.145,25583.0,0.0,0.0,0.0,15905.0
2024-04-30 23:00:00+02:00,23128.5,23231.0,70.96,4527.495,6334.3925,8141.29,25583.0,0.0,0.0,0.0,15905.0
2024-05-01 00:00:00+02:00,21672.5,21775.5,69.17,4176.34,5791.33,7406.325,25583.0,0.0,0.0,0.0,15905.0
2024-05-01 01:00:00+02:00,21814.5,21510.0,67.71,3567.935,5083.424999999999,6598.92,25583.0,0.0,0.0,0.0,15905.0
2024-05-01 02:00:00+02:00,21423.5,21288.5,67.03,3158.23,4524.785,5891.3375,25583.0,0.0,0.0,0.0,15905.0
2024-05-01 03:00:00+02:00,20773.0,20846.0,66.33,2756.5775,3975.83,5195.0875,25583.0,0.0,0.0,0.0,15905.0
2024-05-01 04:00:00+02:00,20503.0,20821.0,67.61,2285.59,3494.185,4702.785,25583.0,0.0,0.0,0.0,15905.0
2024-05-01 05:00:00+02:00,21611.5,21466.0,68.69,1818.2150000000001,3156.01,4493.8075,25583.0,0.0,0.0,0.0,15905.0
2024-05-01 06:00:00+02:00,24806.5,25328.0,75.23,1501.4825,2867.605,4233.7275,25583.0,1.91,3.5125,3.5125,15905.0
2024-05-01 07:00:00+02:00,28684.5,28626.0,84.34,1288.81,2583.01,3877.2075,25583.0,274.92,352.415,423.64,15905.0
2024-05-01 08:00:00+02:00,28911.0,29672.0,87.16,1036.565,2253.735,3470.9075,25583.0,1122.24,1398.29,1674.8249999999998,15905.0
2024-05-01 09:00:00+02:00,28656.0,29026.0,84.72,754.3050000000001,1873.8025,2993.3,25583.0,2202.87,2681.0625,3159.26,15905.0
2024-05-01 10:00:00+02:00,27592.0,27722.0,80.33,620.835,1707.25,2793.665,25583.0,3226.585,3874.65,4522.7125,15905.0
2024-05-01 11:00:00+02:00,26776.5,27317.0,74.88,815.615,1860.02,2904.425,25583.0,3992.4225,4842.715,5693.005,15905.0
2024-05-01 12:00:00+02:00,26568.5,27565.5,72.22,1004.3824999999999,2069.36,3134.34,25583.0,4513.84,5569.035,6624.2275,15905.0
2024-05-01 13:00:00+02:00,25946.5,27206.5,71.71,1164.7649999999999,2314.495,3464.2200000000003,25583.0,4643.0525,5823.38,6990.0375,15905.0
2024-05-01 14:00:00+02:00,25873.0,27256.0,70.36,1469.3125,2644.71,3820.105,25583.0,4325.1475,5491.0875,6657.03,15905.0
2024-05-01 15:00:00+02:00,26490.0,27526.0,69.73,1607.495,2889.725,4171.955,25583.0,3759.79,4743.5575,5727.325,15905.0
2024-05-01 16:00:00+02:00,28224.0,28567.0,71.48,1633.6675,3076.28,4518.8925,25583.0,3107.7525,3809.8075,4511.865,15905.0
2024-05-01 17:00:00+02:00,30206.5,30202.5,78.53,1789.565,3338.2425000000003,4886.92,25583.0,2405.5325000000003,2838.7075,3271.885,15905.0
2024-05-01 18:00:00+02:00,30676.5,30737.5,88.44,2117.69,3782.0924999999997,5446.495,25583.0,1585.5475,1845.6,2105.6575,15905.0
2024-05-01 19:00:00+02:00,30685.5,31073.5,92.77,2516.4049999999997,4273.7625,6031.1175,25583.0,797.49,960.8475,1124.205,15905.0
2024-05-01 20:00:00+02:00,30428.5,30191.0,90.07,2698.8725,4636.28,6573.69,25583.0,198.69750000000002,266.275,333.85249999999996,15905.0
2024-05-01 21:00:00+02:00,29050.0,29210.0,82.97,2843.4025,5039.0,7234.605,25583.0,1.5275,3.015,4.6725,15905.0
2024-05-01 22:00:00+02:00,25748.0,26589.0,78.04,3131.0550000000003,5460.265,7789.47,25583.0,0.0,0.0,0.0,15905.0
2024-05-01 23:00:00+02:00,22340.5,23460.5,72.05,3970.0950000000003,5905.14,7840.1849999999995,25583.0,0.0,0.0,0.0,15905.0
2024-05-02 00:00:00+02:00,20819.0,21200.5,62.8,4923.2875,6334.1925,7745.095,25583.0,0.0,0.0,0.0,15905.0
2024-05-02 01:00:00+02:00,20267.5,20830.0,59.07,5166.07,6565.975,7965.879999999999,25583.0,0.0,0.0,0.0,15905.0
2024-05-02 02:00:00+02:00,19744.0,20110.0,56.65,5123.28,6636.655000000001,8150.035,25583.0,0.0,0.0,0.0,15905.0
2024-05-02 03:00:00+02:00,18859.0,19145.5,54.18,5152.285,6678.2225,8204.154999999999,25583.0,0.0,0.0,0.0,15905.0
2024-05-02 04:00:00+02:00,18666.0,18786.5,53.75,5367.3925,6824.765,8282.135,25583.0,0.0,0.0,0.0,15905.0
2024-05-02 05:00:00+02:00,19396.5,19647.5,54.74,5580.7275,7017.0875,8453.445,25583.0,0.0,0.0,0.0,15905.0
2024-05-02 06:00:00+02:00,23260.0,23512.5,61.26,5796.815,7272.6675,8748.525,25583.0,0.7275,2.61,2.61,15905.0
2024-05-02 07:00:00+02:00,27786.5,26767.5,71.71,5999.4400000000005,7517.32,9035.205,25583.0,155.28,297.5,430.16999999999996,15905.0
2024-05-02 08:00:00+02:00,28694.0,28416.5,76.57,6178.1725,7677.5325,9176.89,25583.0,667.8425,1125.33,1583.5575,15905.0
2024-05-02 09:00:00+02:00,28558.5,28029.0,74.72,6357.075,7825.755,9294.442500000001,25583.0,1423.1924999999999,2260.9275,3098.6625,15905.0
2024-05-02 10:00:00+02:00,27497.5,26884.5,70.68,6455.4925,7935.225,9414.96,25583.0,2305.265,3492.71,4680.15,15905.0
2024-05-02 11:00:00+02:00,26868.0,26111.0,62.7,6592.43,8119.455,9646.4725,25583.0,3314.9825,4621.9475,5928.91,15905.0
2024-05-02 12:00:00+02:00,26269.5,25853.5,56.54,6804.922500000001,8327.39,9849.8575,25583.0,3975.835,5352.219999999999,6728.6075,15905.0
2024-05-02 13:00:00+02:00,25404.5,25212.5,53.24,6949.3225,8513.869999999999,10078.41,25583.0,4178.265,5669.59,7160.9175,15905.0
2024-05-02 14:00:00+02:00,25382.0,25065.5,48.77,7106.76,8762.7225,10418.6825,25583.0,4234.945,5704.0125,7166.3175,15905.0
2024-05-02 15:00:00+02:00,25851.0,25579.5,46.23,7369.27,8960.69,10552.11,25583.0,3991.6275,5281.9875,6572.35,15905.0
2024-05-02 16:00:00+02:00,27015.5,27170.0,49.32,7474.26,9030.0925,10585.9275,25583.0,3317.0975,4417.7975,5518.4975,15905.0
2024-05-02 17:00:00+02:00,29223.0,29070.5,59.57,7345.2425,8922.645,10500.05,25583.0,2477.785,3372.535,4267.2825,15905.0
2024-05-02 18:00:00+02:00,30138.5,29500.0,73.17,7070.485,8639.215,10207.935000000001,25583.0,1694.29,2333.8175,2973.3450000000003,15905.0
2024-05-02 19:00:00+02:00,30061.5,29467.0,80.56,6518.3775000000005,8154.4425,9790.505000000001,25583.0,913.9425000000001,1292.2675,1670.5925,15905.0
2024-05-02 20:00:00+02:00,29517.5,29323.5,79.58,5931.19,7638.9625,9346.73,25583.0,264.84250000000003,378.12,491.395,15905.0
2024-05-02 21:00:00+02:00,27894.5,28394.5,74.93,5753.445,7307.1525,8860.865,25583.0,5.915,5.915,6.09,15905.0
2024-05-02 22:00:00+02:00,24945.0,25483.5,70.67,5529.02,6939.3825,8349.7425,25583.0,0.0,0.0,0.0,15905.0
2024-05-02 23:00:00+02:00,22175.0,22339.5,64.39,5043.675,6290.29,7536.9075,25583.0,0.0,0.0,0.0,15905.0
2024-05-03 00:00:00+02:00,20712.5,20660.0,62.8,4654.105,5724.835,6795.57,25583.0,0.0,0.0,0.0,15905.0
2024-05-03 01:00:00+02:00,20392.0,20500.0,59.88,4338.7425,5394.9,6451.0650000000005,25583.0,0.0,0.0,0.0,15907.0
2024-05-03 02:00:00+02:00,20123.5,20436.5,58.24,4036.3075,5115.0325,6193.76,25583.0,0.0,0.0,0.0,15907.0
2024-05-03 03:00:00+02:00,19591.0,19590.5,56.29,3817.89,4895.92,5973.95,25583.0,0.0,0.0,0.0,15907.0
2024-05-03 04:00:00+02:00,19266.5,19116.0,56.99,3671.85,4737.1925,5802.5375,25583.0,0.0,0.0,0.0,15907.0
2024-05-03 05:00:00+02:00,19760.5,20036.0,57.87,3576.3050000000003,4677.48,5778.6525,25583.0,0.0,0.0,0.0,15907.0
2024-05-03 06:00:00+02:00,23473.0,23819.5,65.31,3625.755,4745.13,5864.5,25583.0,1.5975,4.0275,4.0275,15907.0
2024-05-03 07:00:00+02:00,27767.5,27967.0,75.8,3506.66,4741.135,5975.61,25583.0,161.23250000000002,233.6875,297.7225,15907.0
2024-05-03 08:00:00+02:00,29466.5,29885.5,81.29,3268.01,4630.032499999999,5992.05,25583.0,557.185,801.0,1045.4625,15907.0
2024-05-03 09:00:00+02:00,30448.5,29869.0,81.49,3343.4625,4639.4,5935.34,25583.0,1142.2350000000001,1545.7475,1949.2649999999999,15907.0
2024-05-03 10:00:00+02:00,30217.0,29604.0,79.25,3533.89,4737.7025,5941.512500000001,25583.0,1768.4925,2286.5875,2804.6825,15907.0
2024-05-03 11:00:00+02:00,30307.0,29218.5,75.47,3744.68,4912.335,6079.9875,25583.0,2286.355,2907.485,3528.61,15907.0
2024-05-03 12:00:00+02:00,29943.0,28927.0,72.79,3989.37,5089.945,6190.52,25583.0,2668.145,3334.1675,4000.1974999999998,15907.0
2024-05-03 13:00:00+02:00,28780.0,28161.0,71.25,4080.0950000000003,5134.2,6188.305,25583.0,2857.7999999999997,3563.6975,4269.595,15907.0
2024-05-03 14:00:00+02:00,27892.5,27676.0,68.73,4000.66,5073.01,6145.3625,25583.0,2900.255,3662.145,4432.295,15907.0
2024-05-03 15:00:00+02:00,27817.0,27533.5,67.41,3918.99,5081.545,6244.0975,25583.0,2745.62,3511.2125,4276.8025,15907.0
2024-05-03 16:00:00+02:00,28474.5,28027.5,66.83,3954.7725,5208.895,6463.02,25583.0,2430.0625,3140.17,3850.27,15907.0
2024-05-03 17:00:00+02:00,29528.5,29305.0,71.99,3868.73,5254.0525,6639.375,25583.0,1925.38,2586.16,3246.94,15907.0
2024-05-03 18:00:00+02:00,29861.0,29965.5,81.27,3601.835,5153.45,6705.07,25583.0,1283.7875,1889.2175,2494.6475,15907.0
2024-05-03 19:00:00+02:00,30016.0,30474.0,83.99,3372.0175,5040.1275000000005,6708.235000000001,25583.0,697.6875,1139.6525,1581.615,15907.0
2024-05-03 20:00:00+02:00,29070.0,29565.0,81.78,3187.85,4974.8375,6761.825,25583.0,215.28,369.28000000000003,522.995,15907.0
2024-05-03 21:00:00+02:00,28142.0,28470.5,75.67,3069.425,4926.4575,6783.49,25583.0,8.6875,8.7025,8.8825,15907.0
2024-05-03 22:00:00+02:00,25328.0,25890.0,72.37,3058.49,4912.345,6766.205,25583.0,0.0,0.0,0.0,15907.0
2024-05-03 23:00:00+02:00,22486.0,23319.0,66.25,3942.5,5319.37,6696.245,25583.0,0.0,0.0,0.0,15907.0
2024-05-04 00:00:00+02:00,21127.5,21478.5,64.37,4741.9025,5647.555,6553.21,25583.0,0.0,0.0,0.0,15907.0
2024-05-04 01:00:00+02:00,20736.5,21150.0,62.27,4631.7875,5512.125,6392.465,25583.0,0.0,0.0,0.0,15905.0
2024-05-04 02:00:00+02:00,20399.0,20510.5,60.52,4449.53,5325.965,6202.41,25583.0,0.0,0.0,0.0,15905.0
2024-05-04 03:00:00+02:00,19861.5,19723.5,58.52,4189.2825,5102.285,6015.29,25583.0,0.0,0.0,0.0,15905.0
2024-05-04 04:00:00+02:00,19362.0,19233.5,58.55,4061.8325,4938.9525,5816.075,25583.0,0.0,0.0,0.0,15905.0
2024-05-04 05:00:00+02:00,19328.5,19379.0,60.13,3867.4674999999997,4788.73,5709.995,25583.0,0.0,0.0,0.0,15905.0
2024-05-04 06:00:00+02:00,20700.0,20531.5,64.43,3480.265,4577.6224999999995,5674.9825,25583.0,2.7375,5.84,6.685,15905.0
2024-05-04 07:00:00+02:00,22183.5,22015.0,69.53,3071.8725,4300.695,5529.52,25583.0,466.24,513.1575,551.615,15905.0
2024-05-04 08:00:00+02:00,23144.5,23038.0,71.96,2701.26,3945.7825000000003,5190.3025,25583.0,1734.415,1910.7575,2087.75,15905.0
2024-05-04 09:00:00+02:00,22777.0,23170.0,72.86,2329.62,3574.8025,4819.9825,25583.0,3318.39,3582.5375,3846.685,15905.0
2024-05-04 10:00:00+02:00,21826.5,22324.5,71.38,1995.1000000000001,3315.755,4636.415,25583.0,4818.217500000001,5150.5825,5482.9425,15905.0
2024-05-04 11:00:00+02:00,20802.0,21556.0,66.85,1852.985,3146.6400000000003,4440.295,25583.0,5965.635,6417.495,6869.3525,15905.0
2024-05-04 12:00:00+02:00,20789.0,21136.0,62.18,1781.67,2969.77,4157.865,25583.0,6546.375,7080.7575,7615.1425,15905.0
2024-05-04 13:00:00+02:00,20248.0,20506.5,61.35,1687.2925,2821.46,3955.63,25583.0,6534.952499999999,7197.295,7858.2325,15905.0
2024-05-04 14:00:00+02:00,20212.5,20337.0,55.57,1519.205,2685.5025,3851.8,25583.0,6215.585,6942.8,7670.0125,15905.0
2024-05-04 15:00:00+02:00,20828.5,20827.5,53.47,1271.8775,2492.1025,3712.33,25583.0,5565.8525,6301.64,7037.4349999999995,15905.0
2024-05-04 16:00:00+02:00,22527.5,22731.5,55.24,1137.6675,2321.9925,3506.315,25583.0,4607.34,5254.91,5902.4825,15905.0
2024-05-04 17:00:00+02:00,24947.5,25138.5,63.96,1126.56,2219.1925,3311.82,25583.0,3632.33,4099.6475,4566.97,15905.0
2024-05-04 18:00:00+02:00,26047.0,26661.5,77.89,1106.975,2157.33,3207.685,25583.0,2506.9075000000003,2960.4025,3413.8975,15905.0
2024-05-04 19:00:00+02:00,26272.5,27387.5,82.74,1097.93,2138.925,3179.915,25583.0,1348.715,1682.6425,2016.57,15905.0
2024-05-04 20:00:00+02:00,26478.0,27633.0,82.31,1066.6975,2125.9125,3185.1275,25583.0,420.14,505.735,590.9175,15905.0
2024-05-04 21:00:00+02:00,25628.0,26839.5,77.88,870.145,2065.615,3261.0875,25583.0,6.6775,7.27,8.0675,15905.0
2024-05-04 22:00:00+02:00,24677.0,24732.5,75.85,557.68,1888.775,3219.86,25583.0,0.0,0.0,0.0,15905.0
2024-05-04 23:00:00+02:00,22496.0,22282.5,69.78,579.185,1687.9075,2796.63,25583.0,0.0,0.0,0.0,15905.0
2024-05-05 00:00:00+02:00,20918.0,20734.0,74.18,645.6875,1451.19,2256.6975,25583.0,0.0,0.0,0.0,15905.0
2024-05-05 01:00:00+02:00,20525.5,20100.0,72.41,488.125,1180.975,1873.8325,25583.0,0.0,0.0,0.0,15905.0
2024-05-05 02:00:00+02:00,19736.5,19601.5,70.63,390.71,978.79,1566.87,25583.0,0.0,0.0,0.0,15905.0
2024-05-05 03:00:00+02:00,19015.0,18875.0,68.49,308.36,814.15,1319.94,25583.0,0.0,0.0,0.0,15905.0
2024-05-05 04:00:00+02:00,18733.5,18376.5,67.06,267.34000000000003,714.64,1161.94,25583.0,0.0,0.0,0.0,15905.0
2024-05-05 05:00:00+02:00,18547.0,18271.5,66.12,250.64499999999998,669.1949999999999,1087.7375,25583.0,0.0,0.0,0.0,15905.0
2024-05-05 06:00:00+02:00,19015.5,18699.5,65.96,238.685,633.9625,1029.2375,25583.0,4.5425,5.855,7.2475,15905.0
2024-05-05 07:00:00+02:00,19498.5,19659.5,67.85,241.1325,608.3425,975.55,25583.0,482.8,519.7725,556.7049999999999,15905.0
2024-05-05 08:00:00+02:00,20254.5,20633.5,67.69,251.56,589.0074999999999,926.4525,25583.0,1850.4650000000001,2012.1975,2173.9375,15905.0
2024-05-05 09:00:00+02:00,20510.5,21124.5,69.32,267.985,566.385,864.79,25583.0,3541.615,3824.125,4106.6375,15905.0
2024-05-05 10:00:00+02:00,20416.0,21439.0,72.25,285.375,560.6800000000001,835.985,25583.0,5031.895,5392.145,5752.3925,15905.0
2024-05-05 11:00:00+02:00,20658.5,21717.5,71.81,289.6375,559.59,829.5375,25583.0,6015.4349999999995,6539.735000000001,7064.04,15905.0
2024-05-05 12:00:00+02:00,21147.0,21882.5,70.72,291.985,567.71,843.435,25583.0,6345.055,7025.8175,7703.38,15905.0
2024-05-05 13:00:00+02:00,21424.5,21600.0,71.82,291.81,598.775,905.74,25583.0,6211.1375,6852.3575,7493.5775,15905.0
2024-05-05 14:00:00+02:00,21564.0,21415.0,67.87,287.31,651.765,1016.22,25583.0,5700.5725,6321.645,6942.7125,15905.0
2024-05-05 15:00:00+02:00,22515.5,22190.5,65.74,312.5125,744.99,1177.47,25583.0,4918.615,5522.245,6125.875,15905.0
2024-05-05 16:00:00+02:00,24593.5,23895.0,66.15,361.24,877.2850000000001,1393.3325,25583.0,4098.185,4614.9075,5131.6325,15905.0
2024-05-05 17:00:00+02:00,26122.5,25906.0,73.89,378.55,991.865,1605.1725,25583.0,3235.5975,3683.5775,4131.56,15905.0
2024-05-05 18:00:00+02:00,26749.0,26701.5,85.2,453.47249999999997,1105.5675,1757.6575,25583.0,2167.8225,2549.215,2930.6075,15905.0
2024-05-05 19:00:00+02:00,26678.5,26636.0,90.48,597.845,1219.9075,1841.9675,25583.0,1162.8899999999999,1438.5275000000001,1714.43,15905.0
2024-05-05 20:00:00+02:00,26693.0,26966.0,89.64,636.175,1268.81,1901.4475,25583.0,370.9875,465.64,556.57,15905.0
2024-05-05 21:00:00+02:00,25566.0,26272.5,84.33,652.28,1301.2375,1950.1975,25583.0,6.1225,8.1375,8.6975,15905.0
2024-05-05 22:00:00+02:00,23603.5,24071.5,81.36,690.015,1305.74,1921.465,25583.0,0.0,0.0,0.0,15905.0
2024-05-05 23:00:00+02:00,21738.0,21957.0,75.13,719.87,1395.1,2070.3275,25583.0,0.0,0.0,0.0,15905.0
2024-05-06 00:00:00+02:00,20270.0,20735.5,75.35,731.985,1464.13,2196.265,25583.0,0.0,0.0,0.0,15905.0
2024-05-06 01:00:00+02:00,19889.0,20170.0,70.9,662.08,1324.8400000000001,1987.6025,25583.0,0.0,0.0,0.0,15905.0
2024-05-06 02:00:00+02:00,19891.0,19641.5,69.23,553.57,1117.205,1680.835,25583.0,0.0,0.0,0.0,15905.0
2024-05-06 03:00:00+02:00,18888.0,18967.0,68.17,439.7425,943.675,1447.6,25583.0,0.0,0.0,0.0,15905.0
2024-05-06 04:00:00+02:00,18651.0,18735.5,68.66,353.97249999999997,808.785,1263.6,25583.0,0.0,0.0,0.0,15905.0
2024-05-06 05:00:00+02:00,18272.5,18751.5,68.78,290.0325,702.2625,1114.495,25583.0,0.0,0.0,0.0,15905.0
2024-05-06 06:00:00+02:00,19296.5,19836.5,74.33,273.5075,664.3425,1055.18,25583.0,4.485,4.835,4.9875,15905.0
2024-05-06 07:00:00+02:00,21086.0,21259.0,80.0,274.325,678.455,1082.59,25583.0,295.67499999999995,385.645,474.79,15905.0
2024-05-06 08:00:00+02:00,22344.0,22476.5,81.93,224.83249999999998,704.09,1183.345,25583.0,1187.5525,1468.6399999999999,1749.795,15905.0
2024-05-06 09:00:00+02:00,23359.5,23258.5,80.93,151.325,706.3675000000001,1261.41,25583.0,2385.4,2892.3475,3399.2925,15905.0
2024-05-06 10:00:00+02:00,23327.0,22993.0,78.7,86.395,711.3175,1336.245,25583.0,3527.9,4296.01,5064.1225,15905.0
2024-05-06 11:00:00+02:00,23114.0,22936.0,75.22,78.05,751.2,1424.3600000000001,25583.0,4243.3975,5316.145,6388.8925,15905.0
2024-05-06 12:00:00+02:00,23453.5,23168.0,72.97,98.1,813.12,1528.1425,25583.0,4447.6,5770.0475,7092.495,15905.0
2024-05-06 13:00:00+02:00,23337.5,22926.0,72.01,118.6675,876.84,1635.01,25583.0,4603.0,5863.77,7166.5025000000005,15905.0
2024-05-06 14:00:00+02:00,23144.0,22335.0,68.79,150.7125,963.8325,1776.9575,25583.0,4688.155000000001,5714.38,6737.78,15905.0
2024-05-06 15:00:00+02:00,23599.0,22415.0,66.42,236.815,1148.5349999999999,2060.25,25583.0,4502.0175,5394.2225,6286.43,15905.0
2024-05-06 16:00:00+02:00,24980.5,23501.0,65.61,336.1,1393.9524999999999,2451.8,25583.0,4002.285,4863.125,5723.9625,15905.0
2024-05-06 17:00:00+02:00,27130.5,25930.5,72.01,379.255,1597.7175,2816.1825,25583.0,3240.8175,3937.9625,4635.1075,15905.0
2024-05-06 18:00:00+02:00,28463.5,27478.0,83.64,465.86,1787.6100000000001,3109.3575,25583.0,2234.655,2765.665,3296.6775,15905.0
2024-05-06 19:00:00+02:00,28494.0,28147.0,89.82,604.9425,2015.4,3425.855,25583.0,1199.01,1543.995,1888.9825,15905.0
2024-05-06 20:00:00+02:00,28461.0,27807.0,89.37,741.91,2214.165,3686.4275,25583.0,380.1075,480.46999999999997,580.8275,15905.0
2024-05-06 21:00:00+02:00,27282.0,26970.0,84.86,960.105,2374.495,3788.89,25583.0,5.9875,6.8225,7.6975,15905.0
2024-05-06 22:00:00+02:00,24797.5,24461.0,81.46,1135.84,2426.065,3716.29,25583.0,0.0,0.0,0.0,15905.0
2024-05-06 23:00:00+02:00,21888.5,21781.0,74.83,857.935,2064.5725,3271.215,25583.0,0.0,0.0,0.0,15905.0
2024-05-07 00:00:00+02:00,20593.0,20686.0,72.79,516.15,1684.135,2852.12,25583.0,0.0,0.0,0.0,15905.0
2024-05-07 01:00:00+02:00,20267.0,19950.0,70.76,460.06,1611.82,2763.5825,25583.0,0.0,0.0,0.0,15905.0
2024-05-07 02:00:00+02:00,19789.0,19616.5,68.84,551.145,1609.0225,2666.9,25583.0,0.0,0.0,0.0,15905.0
2024-05-07 03:00:00+02:00,19160.5,19311.0,67.37,705.8050000000001,1675.6100000000001,2645.42,25583.0,0.0,0.0,0.0,15905.0
2024-05-07 04:00:00+02:00,18932.0,19178.0,67.68,738.745,1708.3075,2677.875,25583.0,0.0,0.0,0.0,15905.0
2024-05-07 05:00:00+02:00,19737.5,20097.5,68.28,643.83,1664.0,2684.1775,25583.0,0.0,0.0,0.0,15905.0
2024-05-07 06:00:00+02:00,23069.0,23518.5,75.02,633.76,1692.1425,2750.525,25583.0,2.76,4.8875,5.975,15905.0
2024-05-07 07:00:00+02:00,26390.0,27248.5,83.62,684.1724999999999,1755.695,2827.2200000000003,25583.0,446.2875,500.6225,550.6875,15905.0
2024-05-07 08:00:00+02:00,27932.5,27762.5,87.37,595.2950000000001,1713.0774999999999,2830.8625,25583.0,1660.07,1855.6425,2051.5474999999997,15905.0
2024-05-07 09:00:00+02:00,27369.0,27264.0,85.33,424.325,1538.3075,2652.295,25583.0,3045.625,3458.885,3872.1425,15905.0
2024-05-07 10:00:00+02:00,26141.0,25748.5,81.1,357.46,1341.0125,2324.57,25583.0,4345.1849999999995,5039.7125,5734.235,15905.0
2024-05-07 11:00:00+02:00,25048.0,24888.5,76.3,375.32500000000005,1225.1725000000001,2075.0175,25583.0,5590.6275000000005,6522.635,7454.645,15905.0
2024-05-07 12:00:00+02:00,24500.5,25397.0,73.68,309.1325,1154.24,1999.3525,25583.0,6594.9975,7553.077499999999,8511.1575,15905.0
2024-05-07 13:00:00+02:00,23858.5,25228.0,72.51,235.4925,1166.8725,2098.255,25583.0,7137.3675,8004.7325,8862.9625,15905.0
2024-05-07 14:00:00+02:00,23660.0,25182.5,70.1,200.065,1203.63,2207.1875,25583.0,7068.6275,7853.25,8637.8725,15905.0
2024-05-07 15:00:00+02:00,24124.0,25716.0,68.28,165.5825,1261.9925,2358.4049999999997,25583.0,6583.9349999999995,7192.2,7800.467500000001,15905.0
2024-05-07 16:00:00+02:00,25808.5,27458.0,68.45,220.615,1382.4,2544.1825,25583.0,5749.6975,6217.44,6685.1849999999995,15905.0
2024-05-07 17:00:00+02:00,27794.0,29152.0,74.97,399.85,1501.505,2603.16,25583.0,4569.045,4918.52,5267.995,15905.0
2024-05-07 18:00:00+02:00,28717.5,30242.5,85.67,471.2825,1597.29,2723.2925,25583.0,3241.2374999999997,3496.2875,3751.335,15905.0
2024-05-07 19:00:00+02:00,29291.5,30440.0,91.63,460.26,1638.8600000000001,2817.455,25583.0,1921.27,2090.5025,2260.46,15905.0
2024-05-07 20:00:00+02:00,29253.5,29567.0,90.51,412.05,1623.9825,2835.915,25583.0,656.7674999999999,704.805,743.215,15905.0
2024-05-07 21:00:00+02:00,28472.0,28347.5,84.32,282.955,1556.9,2830.8450000000003,25583.0,12.2175,18.4325,19.9475,15905.0
2024-05-07 22:00:00+02:00,25937.5,25781.5,81.71,226.1775,1460.9299999999998,2695.685,25583.0,0.0,0.0,0.0,15905.0
2024-05-07 23:00:00+02:00,22947.0,22932.5,76.13,387.67,1313.1599999999999,2238.645,25583.0,0.0,0.0,0.0,15905.0
2024-05-08 00:00:00+02:00,21441.0,21519.5,74.92,520.4175,1199.23,1878.045,25583.0,0.0,0.0,0.0,15905.0
2024-05-08 01:00:00+02:00,21043.0,21250.0,72.56,466.3975,1203.38,1940.3675,25583.0,0.0,0.0,0.0,15907.0
2024-05-08 02:00:00+02:00,20590.5,20754.0,70.11,449.89,1245.835,2041.7875,25583.0,0.0,0.0,0.0,15907.0
2024-05-08 03:00:00+02:00,19984.0,19975.5,67.98,463.71500000000003,1312.0625,2160.4075,25583.0,0.0,0.0,0.0,15907.0
2024-05-08 04:00:00+02:00,19852.5,19864.0,68.48,505.21000000000004,1360.915,2216.6175000000003,25583.0,0.0,0.0,0.0,15907.0
2024-05-08 05:00:00+02:00,20434.0,20744.0,69.25,516.43,1302.825,2089.225,25583.0,0.0,0.0,0.0,15907.0
2024-05-08 06:00:00+02:00,23602.5,24062.0,76.1,443.325,1192.915,1942.4975,25583.0,5.145,8.115,10.475,15907.0
2024-05-08 07:00:00+02:00,27249.0,27076.0,85.36,427.81,1108.4325000000001,1789.0549999999998,25583.0,528.425,581.77,632.565,15907.0
2024-05-08 08:00:00+02:00,28089.5,28162.5,88.25,470.14,1054.7350000000001,1639.33,25583.0,1838.1200000000001,2009.6950000000002,2181.465,15907.0
2024-05-08 09:00:00+02:00,26993.5,27155.0,85.1,477.975,1035.6375,1593.295,25583.0,3542.7775,3822.27,4101.7575,15907.0
2024-05-08 10:00:00+02:00,24421.5,25719.0,78.55,530.08,1176.9625,1823.845,25583.0,5412.795,5746.37,6079.9425,15907.0
2024-05-08 11:00:00+02:00,22622.0,24782.0,73.82,575.2225,1401.95,2228.6800000000003,25583.0,6998.77,7435.5875,7872.407499999999,15907.0
2024-05-08 12:00:00+02:00,21973.5,23827.5,69.3,696.605,1596.645,2496.6825,25583.0,7884.425,8510.645,9136.86,15907.0
2024-05-08 13:00:00+02:00,21548.5,23540.5,67.33,992.4300000000001,1858.4575,2724.49,25583.0,8062.7425,8771.282500000001,9477.627499999999,15907.0
2024-05-08 14:00:00+02:00,21304.0,23719.5,64.14,1259.4475,2072.2275,2885.01,25583.0,7811.9475,8513.25,9214.555,15907.0
2024-05-08 15:00:00+02:00,22025.0,24333.0,62.36,1455.5175,2213.33,2971.1425,25583.0,7159.765,7837.0175,8514.2675,15907.0
2024-05-08 16:00:00+02:00,23959.5,25811.5,63.83,1598.6325,2362.425,3126.2200000000003,25583.0,6078.6125,6631.5575,7184.5,15907.0
2024-05-08 17:00:00+02:00,26486.0,27703.5,70.66,1659.0700000000002,2459.31,3259.5575,25583.0,4696.1525,5082.975,5469.795,15907.0
2024-05-08 18:00:00+02:00,28085.0,28742.0,82.38,1729.375,2552.0525,3374.7275,25583.0,3259.53,3512.585,3762.0074999999997,15907.0
2024-05-08 19:00:00+02:00,28725.0,29275.0,89.31,1779.45,2687.2625,3595.075,25583.0,1837.455,1978.7475000000002,2167.19,15907.0
2024-05-08 20:00:00+02:00,28767.5,29163.0,89.64,1868.9299999999998,2874.2675,3879.61,25583.0,550.0325,595.7175,688.3399999999999,15907.0
2024-05-08 21:00:00+02:00,28310.0,27820.0,84.6,2094.85,3183.5699999999997,4272.29,25583.0,4.0275,7.0225,10.9075,15907.0
2024-05-08 22:00:00+02:00,25346.5,25626.0,81.19,2448.86,3637.44,4826.0225,25583.0,0.0,0.0,0.12,15907.0
2024-05-08 23:00:00+02:00,22375.0,22544.5,74.53,3330.6425,4369.46,5408.282499999999,25583.0,0.0,0.0,0.0,15907.0
2024-05-09 00:00:00+02:00,21145.0,20992.5,70.53,4073.54,4898.1475,5722.762500000001,25583.0,0.0,0.0,0.0,15907.0
2024-05-09 01:00:00+02:00,20553.0,20620.0,66.09,4244.049999999999,4986.875,5729.702499999999,25583.0,0.0,0.0,0.0,15907.0
2024-05-09 02:00:00+02:00,20112.5,20242.5,64.31,4224.5725,4928.3925,5632.215,25583.0,0.0,0.0,0.0,15907.0
2024-05-09 03:00:00+02:00,19466.0,19531.5,62.41,4010.82,4682.25,5353.68,25583.0,0.0,0.0,0.0,15907.0
2024-05-09 04:00:00+02:00,19324.0,19321.5,63.41,3655.4825,4296.4925,4937.505,25583.0,0.0,0.0,0.0,15907.0
2024-05-09 05:00:00+02:00,19898.5,19764.0,64.82,3113.3325,3786.66,4459.9875,25583.0,0.0,0.0,0.0,15907.0
2024-05-09 06:00:00+02:00,22860.0,22650.5,71.23,2576.715,3274.665,3972.62,25583.0,4.275,6.715,8.5375,15907.0
2024-05-09 07:00:00+02:00,26340.5,26089.0,81.3,2062.5975,2833.84,3605.085,25583.0,564.9425,621.7025000000001,675.71,15907.0
2024-05-09 08:00:00+02:00,25967.5,26934.5,85.38,1558.97,2457.2349999999997,3355.5025,25583.0,2033.1175,2196.1975,2359.4875,15907.0
2024-05-09 09:00:00+02:00,24569.5,26043.0,82.14,1163.3075000000001,2176.09,3188.875,25583.0,3842.035,4113.1900000000005,4384.35,15907.0
2024-05-09 10:00:00+02:00,22717.0,24046.5,76.84,928.745,2023.295,3117.8424999999997,25583.0,5767.885,6133.225,6498.5675,15907.0
2024-05-09 11:00:00+02:00,21448.5,22512.5,71.57,772.015,1895.5825,3019.15,25583.0,7566.3025,8021.585,8476.869999999999,15907.0
2024-05-09 12:00:00+02:00,21150.0,22027.5,66.04,633.82,1741.72,2849.615,25583.0,8740.535,9259.0525,9777.5625,15907.0
2024-05-09 13:00:00+02:00,20758.5,21771.0,64.39,493.765,1560.085,2626.41,25583.0,9004.3625,9583.5525,10202.1625,15907.0
2024-05-09 14:00:00+02:00,20731.0,21713.0,59.99,339.6975,1368.385,2397.0699999999997,25583.0,8643.32,9350.1825,10057.0375,15907.0
2024-05-09 15:00:00+02:00,21606.0,22381.5,60.23,266.63,1216.065,2165.505,25583.0,7740.5475,8449.7275,9158.904999999999,15907.0
2024-05-09 16:00:00+02:00,23535.5,24273.0,62.98,204.185,1028.585,1852.995,25583.0,6396.7474999999995,7053.950000000001,7711.1525,15907.0
2024-05-09 17:00:00+02:00,26265.0,26803.5,72.69,224.32,850.46,1476.595,25583.0,4958.1275000000005,5461.6775,5965.23,15907.0
2024-05-09 18:00:00+02:00,27974.0,28397.0,85.1,304.605,732.86,1161.1125,25583.0,3502.75,3804.515,4106.275,15907.0
2024-05-09 19:00:00+02:00,28676.5,28994.5,92.41,322.69,669.23,1015.7725,25583.0,2012.5425,2177.92,2343.3,15907.0
2024-05-09 20:00:00+02:00,28633.5,29013.0,91.46,342.39,635.5425,928.6949999999999,25583.0,624.24,682.2275,740.205,15907.0
2024-05-09 21:00:00+02:00,28189.5,28671.5,87.06,358.8,624.345,889.89,25583.0,6.9825,12.1075,18.5575,15907.0
2024-05-09 22:00:00+02:00,25490.5,25844.5,82.71,372.205,644.4825,916.7625,25583.0,0.0,0.0,0.0,15907.0
2024-05-09 23:00:00+02:00,22698.0,22937.0,78.59,438.24,679.72,921.2025,25583.0,0.0,0.0,0.0,15907.0
2024-05-10 00:00:00+02:00,21292.5,21598.0,75.59,472.2575,691.85,911.4425,25583.0,0.0,0.0,0.0,15907.0
2024-05-10 01:00:00+02:00,20731.0,21030.0,73.13,448.26,694.465,940.6700000000001,25583.0,0.0,0.0,0.0,15907.0
2024-05-10 02:00:00+02:00,20200.0,20358.0,70.7,420.94,700.13,979.3199999999999,25583.0,0.0,0.0,0.0,15907.0
2024-05-10 03:00:00+02:00,19553.0,19822.0,67.92,378.325,688.155,997.99,25583.0,0.0,0.0,0.0,15907.0
2024-05-10 04:00:00+02:00,19328.5,19462.5,68.85,345.6125,672.395,999.185,25583.0,0.0,0.0,0.0,15907.0
2024-05-10 05:00:00+02:00,19758.0,19972.0,69.73,338.075,684.5225,1030.97,25583.0,0.0,0.0,0.0,15907.0
2024-05-10 06:00:00+02:00,22636.5,23052.5,74.98,354.105,711.4275,1068.75,25583.0,9.265,14.58,17.8825,15907.0
2024-05-10 07:00:00+02:00,25621.0,26155.0,83.98,371.1,711.42,1051.745,25583.0,616.285,662.06,720.4825000000001,15907.0
2024-05-10 08:00:00+02:00,25654.5,26108.0,86.26,375.87,718.5275,1061.185,25583.0,2084.6725,2198.625,2327.3175,15907.0
2024-05-10 09:00:00+02:00,24875.5,24974.0,83.33,409.8025,756.375,1102.9450000000002,25583.0,3775.91,3989.4375,4231.91,15907.0
2024-05-10 10:00:00+02:00,23453.0,23682.5,77.17,452.28499999999997,796.65,1141.01,25583.0,5490.12,5826.9025,6235.37,15907.0
2024-05-10 11:00:00+02:00,22454.0,22885.0,73.04,466.095,894.7475,1323.4,25583.0,7058.99,7487.4125,7985.7975,15907.0
2024-05-10 12:00:00+02:00,21910.0,22659.0,67.24,470.9125,1016.8475,1562.7825,25583.0,8075.265,8627.23,9207.835000000001,15907.0
2024-05-10 13:00:00+02:00,21027.0,22040.0,64.8,504.7325,1147.67,1790.6075,25583.0,8282.345,8980.21,9717.885,15907.0
2024-05-10 14:00:00+02:00,20747.5,21492.0,62.33,658.72,1366.505,2074.2825,25583.0,7969.6975,8757.355,9545.0075,15907.0
2024-05-10 15:00:00+02:00,21038.0,21868.0,60.31,832.52,1574.065,2315.6025,25583.0,7236.860000000001,7980.3975,8723.93,15907.0
2024-05-10 16:00:00+02:00,22793.0,23207.0,62.52,1016.1500000000001,1762.225,2508.29,25583.0,6134.6825,6712.845,7291.0125,15907.0
2024-05-10 17:00:00+02:00,24922.0,25530.0,70.14,1112.3325,1868.775,2625.2200000000003,25583.0,4809.605,5222.28,5634.962500000001,15907.0
2024-05-10 18:00:00+02:00,26403.0,26913.0,81.76,1094.9825,1879.22,2663.455,25583.0,3385.7025,3703.875,4022.05,15907.0
2024-05-10 19:00:00+02:00,27288.5,27387.0,87.95,1055.56,1851.3274999999999,2647.0975,25583.0,2063.4275,2223.33,2383.23,15907.0
2024-05-10 20:00:00+02:00,27155.5,27163.5,87.78,1009.575,1827.42,2645.27,25583.0,725.96,770.835,815.65,15907.0
2024-05-10 21:00:00+02:00,26691.0,26640.0,82.92,1067.4524999999999,1872.64,2677.83,25583.0,18.8575,25.86,37.065,15907.0
2024-05-10 22:00:00+02:00,24580.0,25181.0,79.2,1148.6625,1920.375,2692.0875,25583.0,0.0,0.0,0.0125,15907.0
2024-05-10 23:00:00+02:00,21898.5,22749.5,74.4,953.115,1738.335,2523.5550000000003,25583.0,0.0,0.0,0.0,15907.0
2024-05-11 00:00:00+02:00,20258.5,20547.5,71.6,716.8075,1517.8,2318.795,25583.0,0.0,0.0,0.0,15907.0
2024-05-11 01:00:00+02:00,19806.5,19635.0,69.97,696.625,1446.26,2195.895,25583.0,0.0,0.0,0.0,15907.0
2024-05-11 02:00:00+02:00,19153.0,18818.0,67.28,678.0275,1363.65,2049.275,25583.0,0.0,0.0,0.0,15907.0
2024-05-11 03:00:00+02:00,18469.0,18277.5,66.1,618.1949999999999,1323.6100000000001,2029.0275,25583.0,0.0,0.0,0.0,15907.0
2024-05-11 04:00:00+02:00,18046.5,17888.5,65.17,538.2574999999999,1324.01,2109.76,25583.0,0.0,0.0,0.0,15907.0
2024-05-11 05:00:00+02:00,17551.5,17691.5,65.15,570.2625,1397.995,2225.7225,25583.0,0.0,0.0,0.0,15907.0
2024-05-11 06:00:00+02:00,18694.0,18808.0,67.54,719.09,1554.7525,2390.41,25583.0,12.9025,19.200000000000003,22.055,15907.0
2024-05-11 07:00:00+02:00,19692.5,20100.5,72.37,830.01,1735.7575,2641.505,25583.0,633.96,678.3625,716.14,15907.0
2024-05-11 08:00:00+02:00,20095.0,20772.5,72.71,951.355,1922.6625,2893.9700000000003,25583.0,2086.0825,2199.2325,2308.89,15907.0
2024-05-11 09:00:00+02:00,19645.5,20235.5,70.13,1047.6399999999999,2007.57,2967.5,25583.0,3853.63,4069.5299999999997,4333.7075,15907.0
2024-05-11 10:00:00+02:00,18705.0,18848.5,65.14,1003.6875,1962.6175,2921.55,25583.0,5766.9525,6093.3075,6520.4775,15907.0
2024-05-11 11:00:00+02:00,17284.5,17895.5,47.02,1056.8625,2041.525,3026.1925,25583.0,7607.535,8028.745000000001,8494.74,15907.0
2024-05-11 12:00:00+02:00,16403.0,17567.5,31.05,1293.7525,2290.7725,3287.79,25583.0,8991.68,9473.69,9951.942500000001,15907.0
2024-05-11 13:00:00+02:00,15930.0,17148.0,25.39,1692.75,2631.205,3569.66,25583.0,9359.5675,10028.615,10752.265,15907.0
2024-05-11 14:00:00+02:00,16025.0,16465.5,22.32,2087.15,3002.25,3917.3525,25583.0,8891.5125,9775.995,10660.4775,15907.0
2024-05-11 15:00:00+02:00,16850.5,16752.5,23.91,2449.245,3367.46,4285.675,25583.0,7941.095,8757.8125,9574.535,15907.0
2024-05-11 16:00:00+02:00,18895.5,18713.5,28.95,2847.4350000000004,3751.8675,4656.3025,25583.0,6666.2725,7304.4574999999995,7942.64,15907.0
2024-05-11 17:00:00+02:00,22119.5,21519.0,45.45,3195.415,4136.63,5085.922500000001,25583.0,5178.8825,5660.639999999999,6142.395,15907.0
2024-05-11 18:00:00+02:00,24075.5,23439.5,65.48,3579.8925,4584.555,5597.2925,25583.0,3636.4575,3920.035,4203.6125,15907.0
2024-05-11 19:00:00+02:00,24211.0,24223.5,76.14,3981.88,5029.4400000000005,6077.0025,25583.0,2143.05,2249.565,2356.08,15907.0
2024-05-11 20:00:00+02:00,24935.0,24304.5,77.3,4321.8525,5392.245,6489.985,25583.0,705.8325,755.4350000000001,805.035,15907.0
2024-05-11 21:00:00+02:00,24785.0,23936.5,73.35,4685.635,5767.9625,6951.205,25583.0,21.517500000000002,31.9,42.745,15907.0
2024-05-11 22:00:00+02:00,22981.0,22600.5,70.01,5054.0175,6171.295,7426.8275,25583.0,0.0,0.0,0.0,15907.0
2024-05-11 23:00:00+02:00,20865.5,20278.5,63.28,5332.889999999999,6634.845,8001.4800000000005,25583.0,0.0,0.0,0.0,15907.0
2024-05-12 00:00:00+02:00,19542.0,18952.0,64.29,5668.514999999999,7119.19,8569.8625,25583.0,0.0,0.0,0.0,15907.0
2024-05-12 01:00:00+02:00,18896.0,18285.0,55.7,5839.27,7341.67,8844.07,25583.0,0.0,0.0,0.0,15907.0
2024-05-12 02:00:00+02:00,18302.5,17820.0,50.41,5797.995,7347.2075,8896.415,25583.0,0.0,0.0,0.0,15907.0
2024-05-12 03:00:00+02:00,17404.0,17115.5,47.05,5857.6175,7334.99,8812.365,25583.0,0.0,0.0,0.0,15907.0
2024-05-12 04:00:00+02:00,16888.5,16748.0,46.75,5863.045,7240.4400000000005,8617.8375,25583.0,0.0,0.0,0.0,15907.0
2024-05-12 05:00:00+02:00,16671.0,16428.0,49.3,5661.805,6982.13,8302.4475,25583.0,0.0,0.0,0.0,15907.0
2024-05-12 06:00:00+02:00,17095.5,17246.0,48.71,5453.6849999999995,6714.0,7974.325,25583.0,18.5325,23.0275,29.222499999999997,15907.0
2024-05-12 07:00:00+02:00,17762.0,17960.5,49.65,5315.065,6502.115,7689.16,25583.0,646.97,697.0875,747.2025,15907.0
2024-05-12 08:00:00+02:00,18593.5,18604.5,47.1,5160.1,6320.8775000000005,7481.6525,25583.0,1957.7725,2108.4175,2259.065,15907.0
2024-05-12 09:00:00+02:00,18508.5,18790.5,48.0,4925.9925,6113.6625,7301.335,25583.0,3468.995,3794.5725,4120.15,15907.0
2024-05-12 10:00:00+02:00,18035.5,18158.5,46.09,4827.52,5992.0,7156.48,25583.0,5083.0175,5584.7725,6082.1375,15907.0
2024-05-12 11:00:00+02:00,17485.0,17748.0,44.72,4953.422500000001,6128.695,7303.97,25583.0,6525.67,7144.3675,7820.155,15907.0
2024-05-12 12:00:00+02:00,17319.5,17847.5,42.65,5037.73,6332.4675,7635.655,25583.0,7666.735,8303.8025,8997.9575,15907.0
2024-05-12 13:00:00+02:00,16998.0,17575.5,38.8,5139.1025,6587.1,8043.555,25583.0,8081.6825,8745.38,9441.835,15907.0
2024-05-12 14:00:00+02:00,17468.0,17443.0,33.65,5289.405,6837.735,8386.07,25583.0,7883.3425,8548.682499999999,9214.0225,15907.0
2024-05-12 15:00:00+02:00,18176.0,18309.5,35.93,5347.62,6953.5975,8559.575,25583.0,7244.8425,7853.2625,8461.6775,15907.0
2024-05-12 16:00:00+02:00,20535.0,20477.0,40.14,5283.0650000000005,6930.8625,8578.6625,25583.0,6016.075,6635.885,7255.695,15907.0
2024-05-12 17:00:00+02:00,23424.0,23514.5,53.68,5251.172500000001,6814.4925,8377.8125,25583.0,4522.475,5061.6575,5600.8375,15907.0
2024-05-12 18:00:00+02:00,25255.0,24976.5,72.99,5122.13,6606.495,8090.860000000001,25583.0,2983.0925,3463.24,3943.395,15907.0
2024-05-12 19:00:00+02:00,25640.5,25604.5,84.58,4794.99,6330.5925,7866.195,25583.0,1610.34,1957.5375,2304.73,15907.0
2024-05-12 20:00:00+02:00,25428.5,25290.0,87.36,4410.2525,6069.3525,7728.455,25583.0,525.9175,639.4525,752.99,15907.0
2024-05-12 21:00:00+02:00,24845.0,24834.5,84.16,3983.3075,5813.327499999999,7643.3475,25583.0,9.772499999999999,17.29,26.055,15907.0
2024-05-12 22:00:00+02:00,23389.0,23264.0,81.37,3755.23,5610.254999999999,7465.27,25583.0,0.0,0.0,0.0,15907.0
2024-05-12 23:00:00+02:00,20843.5,20903.0,75.9,4185.845,5578.639999999999,6971.4375,25583.0,0.0,0.0,0.0,15907.0
2024-05-13 00:00:00+02:00,19457.0,19291.5,66.25,4516.4349999999995,5454.4349999999995,6392.4349999999995,25583.0,0.0,0.0,0.0,15907.0
2024-05-13 01:00:00+02:00,19141.0,18800.0,63.35,4162.695,5081.59,6000.48,25583.0,0.0,0.0,0.0,15907.0
2024-05-13 02:00:00+02:00,18430.5,18357.0,62.42,3624.77,4633.8525,5642.932500000001,25583.0,0.0,0.0,0.0,15907.0
2024-05-13 03:00:00+02:00,17763.0,17837.0,61.33,3098.385,4164.51,5230.63,25583.0,0.0,0.0,0.0,15907.0
2024-05-13 04:00:00+02:00,17269.5,17546.0,62.42,2734.1725,3810.2225,4886.275,25583.0,0.0,0.0,0.0,15907.0
2024-05-13 05:00:00+02:00,18233.0,18300.0,62.91,2526.5825,3566.855,4607.125,25583.0,0.0,0.0,0.0,15907.0
2024-05-13 06:00:00+02:00,20921.0,21205.5,69.52,2470.31,3456.1075,4441.9025,25583.0,12.840000000000002,15.43,18.0575,15907.0
2024-05-13 07:00:00+02:00,24091.0,23931.5,78.38,2566.405,3560.1499999999996,4553.8925,25583.0,476.03999999999996,534.335,592.635,15907.0
2024-05-13 08:00:00+02:00,25317.0,25595.5,82.59,2503.9674999999997,3588.4825,4672.9974999999995,25583.0,1334.3875,1566.3899999999999,1798.39,15907.0
2024-05-13 09:00:00+02:00,25081.5,25340.5,81.82,2321.5775000000003,3495.6724999999997,4669.775,25583.0,2560.12,2975.8125,3391.505,15907.0
2024-05-13 10:00:00+02:00,24246.5,23856.0,79.53,2202.2925,3475.0950000000003,4747.905,25583.0,4023.5175,4598.8675,5174.2125,15907.0
2024-05-13 11:00:00+02:00,23792.5,23051.0,74.18,2224.745,3631.52,5038.2925,25583.0,5177.95,5913.7725,6649.5925,15907.0
2024-05-13 12:00:00+02:00,24081.5,22940.0,69.03,2313.6225,3998.935,5684.25,25583.0,5882.7375,6731.625,7580.515,15907.0
2024-05-13 13:00:00+02:00,23968.0,22629.5,65.92,2313.735,4509.855,6705.975,25583.0,6010.85,6884.8025,7756.915,15907.0
2024-05-13 14:00:00+02:00,23517.0,22589.5,59.1,2602.18,5166.4375,7730.6900000000005,25583.0,5693.07,6561.389999999999,7429.71,15907.0
2024-05-13 15:00:00+02:00,24093.0,22815.5,56.46,3098.3425,5748.2375,8398.1325,25583.0,5046.21,5841.875,6637.54,15907.0
2024-05-13 16:00:00+02:00,25641.5,24495.5,58.2,3650.335,6229.6375,8808.9375,25583.0,4114.535,4795.6325,5476.7275,15907.0
2024-05-13 17:00:00+02:00,27472.5,27148.0,67.05,4348.865,6637.1975,8925.529999999999,25583.0,3005.755,3591.6525,4177.555,15907.0
2024-05-13 18:00:00+02:00,28280.0,28486.0,80.24,4931.0125,7013.5925,9096.17,25583.0,1825.7975000000001,2290.415,2755.0375,15907.0
2024-05-13 19:00:00+02:00,28197.5,28697.0,85.66,5394.675,7352.445,9310.205,25583.0,891.75,1185.1675,1478.5875,15907.0
2024-05-13 20:00:00+02:00,27598.5,27830.0,84.56,5678.1925,7514.95,9351.705,25583.0,300.3175,385.5,470.4275,15907.0
2024-05-13 21:00:00+02:00,27077.5,26788.0,79.13,5938.9125,7685.205,9431.5,25583.0,13.25,15.1675,19.915,15907.0
2024-05-13 22:00:00+02:00,24284.0,24705.5,75.49,6249.77,7866.9675,9484.165,25583.0,0.0,0.0,0.4525,15907.0
2024-05-13 23:00:00+02:00,21610.0,21616.0,67.99,6432.672500000001,7829.745,9226.82,25583.0,0.0,0.0,0.0,15907.0
2024-05-14 00:00:00+02:00,19955.5,20164.5,54.76,6345.77,7648.365,8950.96,25583.0,0.0,0.0,0.0,15907.0
2024-05-14 01:00:00+02:00,19489.5,19700.0,51.85,6032.8625,7603.735,9174.61,25583.0,0.0,0.0,0.0,15907.0
2024-05-14 02:00:00+02:00,19150.5,19244.0,49.46,5774.405,7558.025,9341.6375,25583.0,0.0,0.0,0.0,15907.0
2024-05-14 03:00:00+02:00,18515.0,18440.0,46.19,5630.639999999999,7543.99,9457.34,25583.0,0.0,0.0,0.0,15907.0
2024-05-14 04:00:00+02:00,18414.0,18311.5,44.39,5658.7025,7613.7075,9568.72,25583.0,0.0,0.0,0.0,15907.0
2024-05-14 05:00:00+02:00,18996.0,18956.5,43.32,5808.672500000001,7658.325,9507.9775,25583.0,0.0,0.0,0.5975,15907.0
2024-05-14 06:00:00+02:00,22461.5,22717.0,50.21,5950.88,7685.175,9419.48,25583.0,22.04,23.490000000000002,28.509999999999998,15907.0
2024-05-14 07:00:00+02:00,26372.0,27149.0,62.82,5950.9675,7667.925,9384.8875,25583.0,233.8725,285.015,335.8725,15907.0
2024-05-14 08:00:00+02:00,27956.5,28113.5,74.48,5924.1675,7672.345,9420.5225,25583.0,694.915,838.6324999999999,982.3525,15907.0
2024-05-14 09:00:00+02:00,27769.0,28257.0,80.12,5784.625,7564.765,9344.9,25583.0,1367.67,1599.2175,1830.7675,15907.0
2024-05-14 10:00:00+02:00,27045.5,28005.5,79.55,5497.755,7354.1825,9210.61,25583.0,2148.045,2492.185,2836.32,15907.0
2024-05-14 11:00:00+02:00,26691.5,27544.0,76.36,5362.9825,7205.7675,9048.557499999999,25583.0,2908.64,3361.335,3814.0225,15907.0
2024-05-14 12:00:00+02:00,26426.5,26961.0,74.19,5282.014999999999,7030.365,8818.415,25583.0,3502.8225,4006.0375,4509.25,15907.0
2024-05-14 13:00:00+02:00,25650.0,26076.0,72.66,5281.62,6863.6575,8583.76,25583.0,3886.3875,4394.4125,4902.4375,15907.0
2024-05-14 14:00:00+02:00,25209.0,25840.5,68.8,5334.5975,6792.049999999999,8378.05,25583.0,4159.125,4639.639999999999,5119.4825,15907.0
2024-05-14 15:00:00+02:00,25335.0,26057.5,64.91,4999.5825,6527.719999999999,8144.7525000000005,25583.0,4124.5775,4583.5425000000005,5042.5125,15907.0
2024-05-14 16:00:00+02:00,26418.0,27428.5,61.03,4475.8724999999995,6043.215,7854.0125,25583.0,3740.62,4144.755,4548.89,15907.0
2024-05-14 17:00:00+02:00,28156.5,28960.0,66.45,3992.55,5492.1825,7467.76,25583.0,3171.0975,3484.335,3797.5675,15907.0
2024-05-14 18:00:00+02:00,28733.5,29392.0,78.53,3497.06,4997.275,6951.4974999999995,25583.0,2316.5775,2609.975,2903.3675,15907.0
2024-05-14 19:00:00+02:00,28147.0,29130.0,84.83,3279.7174999999997,4736.0275,6489.33,25583.0,1371.885,1597.575,1823.2649999999999,15907.0
2024-05-14 20:00:00+02:00,27696.0,28462.5,84.55,3261.2575,4601.645,6252.735000000001,25583.0,502.1675,582.7675,663.0325,15907.0
2024-05-14 21:00:00+02:00,27046.5,27940.5,79.3,3278.4975,4481.905000000001,6239.8525,25583.0,20.709999999999997,29.987499999999997,43.5775,15907.0
2024-05-14 22:00:00+02:00,24788.5,25075.5,73.98,3203.495,4411.639999999999,6291.1375,25583.0,0.0,0.0,0.4325,15907.0
2024-05-14 23:00:00+02:00,22083.5,22303.5,67.36,2711.51,3923.24,5428.305,25583.0,0.0,0.0,0.0,15907.0
2024-05-15 00:00:00+02:00,20420.5,20562.0,66.93,2204.2349999999997,3318.865,4433.49,25583.0,0.0,0.0,0.0,15907.0
2024-05-15 01:00:00+02:00,19816.5,20150.0,62.73,2022.445,3137.455,4252.4625,25583.0,0.0,0.0,0.0,15907.0
2024-05-15 02:00:00+02:00,19608.5,19764.0,61.02,1832.0125,2886.3925,3940.77,25583.0,0.0,0.0,0.0,15907.0
2024-05-15 03:00:00+02:00,18879.5,19236.0,59.19,1519.25,2530.5125,3541.775,25583.0,0.0,0.0,0.0,15907.0
2024-05-15 04:00:00+02:00,18840.0,19041.0,60.14,1161.98,2148.9225,3135.8675,25583.0,0.0,0.0,0.0,15907.0
2024-05-15 05:00:00+02:00,19488.5,20119.5,61.3,894.13,1843.84,2793.5475,25583.0,0.0,0.0,2.71,15907.0
2024-05-15 06:00:00+02:00,22593.0,23171.0,69.43,798.85,1721.1599999999999,2643.475,25583.0,19.765,21.427500000000002,29.41,15907.0
2024-05-15 07:00:00+02:00,26295.0,27029.0,80.05,655.9775,1602.02,2548.06,25583.0,394.755,517.7375,640.075,15907.0
2024-05-15 08:00:00+02:00,27251.0,27302.5,85.07,421.905,1492.295,2562.6825,25583.0,1167.1475,1514.2649999999999,1861.3825,15907.0
2024-05-15 09:00:00+02:00,26960.5,27046.0,85.08,382.52750000000003,1493.555,2604.58,25583.0,2140.61,2614.2225,3087.8325,15907.0
2024-05-15 10:00:00+02:00,25963.5,26368.0,81.04,475.72,1628.4675,2781.215,25583.0,3264.6349999999998,3753.7375,4242.835,15907.0
2024-05-15 11:00:00+02:00,25172.0,25328.5,76.3,562.575,1829.7150000000001,3096.85,25583.0,4328.0275,4842.2075,5356.385,15907.0
2024-05-15 12:00:00+02:00,24743.0,24689.0,73.28,670.5,1938.675,3206.84,25583.0,5160.7075,5710.435,6260.17,15907.0
2024-05-15 13:00:00+02:00,24075.5,23695.0,71.49,798.2425,2011.41,3224.5775,25583.0,5731.225,6245.05,6758.8725,15907.0
2024-05-15 14:00:00+02:00,23572.5,23555.0,67.55,1047.6075,2226.0825,3404.5625,25583.0,5945.67,6399.37,6878.1675,15907.0
2024-05-15 15:00:00+02:00,23800.5,24165.5,63.74,1342.6775,2470.695,3598.7125,25583.0,5753.0075,6202.2125,6651.415,15907.0
2024-05-15 16:00:00+02:00,25177.0,25805.0,62.62,1542.81,2604.085,3665.37,25583.0,5207.375,5613.0225,6018.67,15907.0
2024-05-15 17:00:00+02:00,26961.0,27756.0,71.69,1614.1425,2649.62,3685.0975,25583.0,4323.5824999999995,4689.1625,5054.74,15907.0
2024-05-15 18:00:00+02:00,28392.5,28313.0,82.45,1581.255,2554.6375,3528.0225,25583.0,3180.105,3507.045,3833.985,15907.0
2024-05-15 19:00:00+02:00,28729.5,28459.5,88.35,1491.48,2364.4575,3237.43,25583.0,1971.7150000000001,2206.285,2440.8525,15907.0
2024-05-15 20:00:00+02:00,28612.0,28666.5,89.32,1405.37,2193.3424999999997,2981.315,25583.0,734.5074999999999,834.35,933.405,15907.0
2024-05-15 21:00:00+02:00,27914.5,28186.0,84.35,1392.76,2116.725,2840.69,25583.0,57.650000000000006,65.49,83.505,15907.0
2024-05-15 22:00:00+02:00,25633.0,25682.0,80.38,1364.4225000000001,2096.105,2827.7875,25583.0,0.0,0.0,1.6375,15907.0
2024-05-15 23:00:00+02:00,22621.5,22847.5,73.57,1165.275,1948.785,2732.295,25583.0,0.0,0.0,0.0,15907.0
2024-05-16 00:00:00+02:00,21330.0,21266.5,70.36,991.29,1750.83,2510.3725,25583.0,0.0,0.0,0.0,15907.0
2024-05-16 01:00:00+02:00,20785.5,20405.0,67.95,922.29,1611.5225,2300.755,25583.0,0.0,0.0,0.0,15907.0
2024-05-16 02:00:00+02:00,20058.0,20065.0,65.82,836.9275,1481.5425,2126.16,25583.0,0.0,0.0,0.0,15907.0
2024-05-16 03:00:00+02:00,19551.0,19239.0,62.77,717.38,1354.68,1991.9825,25583.0,0.0,0.0,0.0,15907.0
2024-05-16 04:00:00+02:00,19401.0,19118.0,63.45,561.6324999999999,1223.9475,1886.2625,25583.0,0.0,0.0,0.0,15907.0
2024-05-16 05:00:00+02:00,19945.0,19725.5,63.92,449.54499999999996,1121.65,1793.7525,25583.0,0.0,0.0,1.65,15907.0
2024-05-16 06:00:00+02:00,23058.0,22841.5,70.88,364.5875,1083.7225,1802.855,25583.0,20.935,30.9175,41.3575,15907.0
2024-05-16 07:00:00+02:00,26810.0,26635.0,80.23,313.9875,1100.2725,1886.5575,25583.0,553.2425,676.1075000000001,790.685,15907.0
2024-05-16 08:00:00+02:00,27432.0,27692.5,84.74,239.2875,1159.675,2080.065,25583.0,1482.9275,1833.82,2185.3025,15907.0
2024-05-16 09:00:00+02:00,27630.0,27628.5,84.58,177.8825,1251.9850000000001,2326.09,25583.0,2487.55,3022.2425000000003,3556.94,15907.0
2024-05-16 10:00:00+02:00,27348.0,26904.0,80.41,340.675,1461.315,2581.955,25583.0,3552.8725,4186.91,4820.9425,15907.0
2024-05-16 11:00:00+02:00,27802.0,26682.5,75.69,663.9549999999999,1792.365,2920.7725,25583.0,4324.4825,5089.7525000000005,5855.02,15907.0
2024-05-16 12:00:00+02:00,28084.5,27276.0,73.2,983.5699999999999,2099.045,3214.5225,25583.0,4742.525,5633.8525,6525.1375,15907.0
2024-05-16 13:00:00+02:00,27789.0,27215.0,72.06,1268.6575,2443.2349999999997,3617.81,25583.0,4645.1625,5624.545,6603.6975,15907.0
2024-05-16 14:00:00+02:00,27065.5,26652.0,69.28,1532.9975,2857.27,4181.5425,25583.0,4330.34,5287.4375,6244.54,15907.0
2024-05-16 15:00:00+02:00,26974.0,26847.5,68.06,1712.16,3109.63,4507.094999999999,25583.0,3902.025,4818.2825,5734.5425,15907.0
2024-05-16 16:00:00+02:00,27643.0,27953.0,68.5,1830.5175,3265.15,4699.775,25583.0,3264.8725,4109.7225,4954.575,15907.0
2024-05-16 17:00:00+02:00,28856.0,29533.0,74.52,1899.47,3368.52,4837.5725,25583.0,2602.7374999999997,3295.8925,3989.045,15907.0
2024-05-16 18:00:00+02:00,29708.5,29746.5,83.86,1968.8825,3424.4575,4880.030000000001,25583.0,1754.035,2365.2925,2976.5425,15907.0
2024-05-16 19:00:00+02:00,29327.5,29624.5,89.47,2101.2650000000003,3534.81,4968.35,25583.0,994.0,1415.2,1836.3975,15907.0
2024-05-16 20:00:00+02:00,28523.0,28554.5,87.93,2274.4350000000004,3709.4525,5144.47,25583.0,407.6575,548.815,689.4525,15907.0
2024-05-16 21:00:00+02:00,27299.5,27351.5,82.53,2526.9175,3901.95,5276.9775,25583.0,46.160000000000004,53.92,68.3375,15907.0
2024-05-16 22:00:00+02:00,25301.5,25287.0,77.96,2632.5550000000003,4022.2325,5411.91,25583.0,0.0,0.0,0.8525,15907.0
2024-05-16 23:00:00+02:00,22404.5,22548.5,71.62,2372.875,3766.7925,5160.715,25583.0,0.0,0.0,0.0,15907.0
2024-05-17 00:00:00+02:00,20749.5,20756.0,69.23,2226.3975,3392.145,4557.8925,25583.0,0.0,0.0,0.0,15907.0
2024-05-17 01:00:00+02:00,20217.5,20350.0,65.07,2162.935,3119.3025,4075.6749999999997,25583.0,0.0,0.0,0.0,15907.0
2024-05-17 02:00:00+02:00,19739.0,19819.0,62.6,1925.4675,2817.165,3708.8675,25583.0,0.0,0.0,0.0,15907.0
2024-05-17 03:00:00+02:00,19189.0,19323.0,60.3,1638.455,2573.285,3508.12,25583.0,0.0,0.0,0.0,15907.0
2024-05-17 04:00:00+02:00,19004.5,19029.0,60.18,1348.3625,2284.395,3220.4275,25583.0,0.0,0.0,0.0,15907.0
2024-05-17 05:00:00+02:00,19599.0,19537.5,60.71,1105.2025,2015.425,2925.645,25583.0,0.0,0.0,1.66,15907.0
2024-05-17 06:00:00+02:00,22687.0,22351.5,68.27,889.5799999999999,1828.5900000000001,2767.6,25583.0,35.004999999999995,46.1425,66.82000000000001,15907.0
2024-05-17 07:00:00+02:00,25818.0,25328.5,78.17,634.49,1648.115,2661.7475,25583.0,708.8425,803.875,898.1675,15907.0
2024-05-17 08:00:00+02:00,26142.0,25899.0,84.14,321.92,1412.04,2502.16,25583.0,2026.1374999999998,2222.215,2418.2925,15907.0
2024-05-17 09:00:00+02:00,25433.0,25334.0,83.33,138.2275,1217.8474999999999,2297.4674999999997,25583.0,3413.2475,3735.675,4058.105,15907.0
2024-05-17 10:00:00+02:00,24194.5,24469.5,78.63,136.075,1114.495,2092.915,25583.0,4858.5875,5321.9425,5785.3,15907.0
2024-05-17 11:00:00+02:00,23271.5,23953.5,73.32,206.475,1078.7649999999999,1951.06,25583.0,6111.1475,6772.2075,7433.27,15907.0
2024-05-17 12:00:00+02:00,22909.0,23774.0,69.7,207.715,1029.93,1852.15,25583.0,6904.785,7780.5625,8656.3375,15907.0
2024-05-17 13:00:00+02:00,22409.0,23360.0,67.61,200.61,953.0825,1705.5575000000001,25583.0,7313.77,8107.66,8951.6525,15907.0
2024-05-17 14:00:00+02:00,22300.5,23073.0,61.49,214.41,937.385,1660.3625,25583.0,7266.8525,7955.2875,8643.715,15907.0
2024-05-17 15:00:00+02:00,22965.0,23424.5,58.39,274.79,954.13,1633.4650000000001,25583.0,6697.577499999999,7327.17,7956.765,15907.0
2024-05-17 16:00:00+02:00,24271.5,24486.0,59.17,306.57,937.815,1569.065,25583.0,5780.4349999999995,6262.514999999999,6744.5975,15907.0
2024-05-17 17:00:00+02:00,26327.0,26010.5,68.99,260.225,908.6324999999999,1557.04,25583.0,4658.205,4999.5975,5340.9925,15907.0
2024-05-17 18:00:00+02:00,27433.5,27180.0,81.99,247.48000000000002,905.35,1563.2150000000001,25583.0,3262.1825,3593.46,3924.7375,15907.0
2024-05-17 19:00:00+02:00,27897.5,27691.0,89.65,218.75,917.625,1616.4975,25583.0,1849.1275,2110.9625,2372.98,15907.0
2024-05-17 20:00:00+02:00,27630.0,27406.0,90.27,152.85500000000002,929.135,1705.41,25583.0,674.1725,769.6999999999999,862.115,15907.0
2024-05-17 21:00:00+02:00,27087.0,26990.5,84.46,105.485,931.0425,1756.5975,25583.0,55.05,62.9975,77.875,15907.0
2024-05-17 22:00:00+02:00,25083.0,24918.5,80.69,62.345,926.935,1791.525,25583.0,0.0,0.0,1.4625,15907.0
2024-05-17 23:00:00+02:00,22506.5,22248.0,75.02,226.155,922.565,1618.9775,25583.0,0.0,0.0,0.0,15907.0
2024-05-18 00:00:00+02:00,20931.0,20555.5,73.08,419.5825,953.7950000000001,1488.005,25583.0,0.0,0.0,0.0,15907.0
2024-05-18 01:00:00+02:00,20149.0,19900.0,72.24,419.725,1092.57,1765.415,25583.0,0.0,0.0,0.0,15907.0
2024-05-18 02:00:00+02:00,19382.5,19358.5,69.51,399.145,1291.82,2184.495,25583.0,0.0,0.0,0.0,15907.0
2024-05-18 03:00:00+02:00,18731.5,18504.5,66.74,430.83000000000004,1496.5525,2562.275,25583.0,0.0,0.0,0.0,15907.0
2024-05-18 04:00:00+02:00,18260.0,18054.5,65.0,511.62,1666.835,2822.045,25583.0,0.0,0.0,0.0,15907.0
2024-05-18 05:00:00+02:00,18206.5,17909.5,64.52,474.53999999999996,1757.875,3041.21,25583.0,0.0,0.0,0.0,15907.0
2024-05-18 06:00:00+02:00,19212.5,19194.5,66.63,469.9,1833.675,3197.455,25583.0,7.484999999999999,27.907500000000002,30.735,15907.0
2024-05-18 07:00:00+02:00,20860.5,20708.5,72.69,615.73,1870.6575,3125.5825,25583.0,417.1075,543.1175000000001,646.78,15907.0
2024-05-18 08:00:00+02:00,22272.5,21898.0,75.09,652.605,1843.7275,3034.85,25583.0,1241.38,1549.9724999999999,1860.29,15907.0
2024-05-18 09:00:00+02:00,22601.5,22040.5,77.12,570.91,1795.4075,3019.9075000000003,25583.0,2242.3875,2711.185,3179.9825,15907.0
2024-05-18 10:00:00+02:00,22342.5,21682.5,76.91,510.645,1676.2475,2841.8450000000003,25583.0,3374.395,3983.685,4592.9725,15907.0
2024-05-18 11:00:00+02:00,21728.0,21341.0,73.32,472.9875,1550.1875,2627.3875,25583.0,4305.2675,5167.425,6029.585,15907.0
2024-05-18 12:00:00+02:00,21273.0,21094.5,69.66,503.9075,1545.1375,2586.37,25583.0,4999.09,6069.264999999999,7139.4425,15907.0
2024-05-18 13:00:00+02:00,20518.0,20284.0,67.69,573.28,1591.4099999999999,2609.54,25583.0,5555.715,6604.675,7653.6375,15907.0
2024-05-18 14:00:00+02:00,20041.0,19810.0,59.61,577.7,1624.905,2672.11,25583.0,5851.62,6738.955,7645.610000000001,15907.0
2024-05-18 15:00:00+02:00,20053.5,19746.5,55.0,590.965,1744.17,2897.37,25583.0,5685.955,6463.8125,7241.67,15907.0
2024-05-18 16:00:00+02:00,21085.0,21241.0,54.44,656.6700000000001,1955.3075000000001,3253.945,25583.0,5187.0599999999995,5782.6125,6378.17,15907.0
2024-05-18 17:00:00+02:00,23429.0,23167.5,61.54,835.6525,2205.2974999999997,3574.9425,25583.0,4393.9675,4796.3150000000005,5198.6625,15907.0
2024-05-18 18:00:00+02:00,24751.5,24730.0,75.31,1128.53,2442.8500000000004,3757.175,25583.0,3241.7,3549.0775000000003,3856.9125,15907.0
2024-05-18 19:00:00+02:00,25180.5,25254.5,85.13,1379.075,2585.635,3792.19,25583.0,1961.7975000000001,2152.71,2337.645,15907.0
2024-05-18 20:00:00+02:00,25271.5,25375.5,87.32,1498.845,2654.945,3811.04,25583.0,703.4775,782.075,854.6999999999999,15907.0
2024-05-18 21:00:00+02:00,25171.0,24946.0,83.13,1472.2075,2629.1475,3786.0875,25583.0,41.95,54.1375,66.7775,15907.0
2024-05-18 22:00:00+02:00,23580.5,23371.0,78.37,1421.8275,2490.1475,3558.4700000000003,25583.0,0.0,0.0,0.0,15907.0
2024-05-18 23:00:00+02:00,21163.5,21388.0,73.56,1327.645,2279.5975,3231.545,25583.0,0.0,0.0,0.0,15907.0
2024-05-19 00:00:00+02:00,19702.0,19950.5,74.1,1208.07,2089.0724999999998,2970.0825,25583.0,0.0,0.0,0.0,15907.0
2024-05-19 01:00:00+02:00,19155.5,19095.0,68.69,1067.6025,1947.5025,2827.405,25583.0,0.0,0.0,0.0,15907.0
2024-05-19 02:00:00+02:00,18379.5,18424.5,64.84,873.9625000000001,1849.3600000000001,2824.7574999999997,25583.0,0.0,0.0,0.0,15907.0
2024-05-19 03:00:00+02:00,17591.0,17765.5,61.01,773.34,1809.085,2844.8275000000003,25583.0,0.0,0.0,0.0,15907.0
2024-05-19 04:00:00+02:00,17112.5,17277.5,59.88,764.375,1773.05,2781.7275,25583.0,0.0,0.0,0.0,15907.0
2024-05-19 05:00:00+02:00,16885.5,16971.0,58.6,763.72,1756.645,2749.5725,25583.0,0.0,0.0,0.53,15907.0
2024-05-19 06:00:00+02:00,17279.5,17252.0,58.1,747.465,1738.2125,2728.9625,25583.0,48.705,59.5925,72.3075,15907.0
2024-05-19 07:00:00+02:00,17873.5,17840.0,59.46,627.3,1675.4425,2723.585,25583.0,789.4625,862.905,972.525,15907.0
2024-05-19 08:00:00+02:00,18636.0,18299.5,59.09,532.89,1607.47,2682.05,25583.0,2281.8575,2426.7975,2609.7225,15907.0
2024-05-19 09:00:00+02:00,18708.5,18290.5,59.03,519.535,1541.315,2563.1000000000004,25583.0,4090.3125,4329.5725,4565.9175,15907.0
2024-05-19 10:00:00+02:00,18007.0,17697.5,57.56,508.84000000000003,1535.3,2561.7625,25583.0,6124.0525,6475.8025,6827.555,15907.0
2024-05-19 11:00:00+02:00,17059.0,17253.0,48.05,468.495,1603.8000000000002,2739.1,25583.0,8016.4175000000005,8489.5375,8962.6575,15907.0
2024-05-19 12:00:00+02:00,16621.5,17231.5,44.25,434.95,1687.9175,2940.89,25583.0,9260.7725,9856.32,10451.865,15907.0
2024-05-19 13:00:00+02:00,16240.0,16858.5,41.57,510.91499999999996,1805.78,3100.65,25583.0,9781.5225,10374.5175,10962.349999999999,15907.0
2024-05-19 14:00:00+02:00,16165.0,16723.0,33.7,648.65,1938.915,3229.1725,25583.0,9800.842499999999,10364.4875,10928.130000000001,15907.0
2024-05-19 15:00:00+02:00,17078.5,17357.5,30.65,784.165,2136.995,3489.825,25583.0,9081.995,9668.1075,10254.22,15907.0
2024-05-19 16:00:00+02:00,19135.0,19482.5,33.7,951.1475,2411.1549999999997,3871.17,25583.0,7630.5075,8169.120000000001,8707.7325,15907.0
2024-05-19 17:00:00+02:00,22165.5,22376.0,50.82,1247.225,2653.1,4058.9700000000003,25583.0,5988.9625,6373.7275,6758.49,15907.0
2024-05-19 18:00:00+02:00,24336.5,24161.5,67.19,1612.155,2853.085,4148.0225,25583.0,4305.495,4538.05,4770.6075,15907.0
2024-05-19 19:00:00+02:00,25164.0,25572.5,78.69,1879.2225,3003.865,4253.9925,25583.0,2580.8450000000003,2736.515,2892.1775,15907.0
2024-05-19 20:00:00+02:00,25384.5,25283.0,83.54,1972.3600000000001,3120.645,4340.4075,25583.0,992.8875,1074.9425,1156.345,15907.0
2024-05-19 21:00:00+02:00,25009.0,24746.5,80.46,1954.2825,3237.685,4521.085,25583.0,110.0375,124.2325,146.87,15907.0
2024-05-19 22:00:00+02:00,23553.5,23361.0,76.74,1894.1,3301.35,4708.6,25583.0,0.0,0.0,0.66,15907.0
2024-05-19 23:00:00+02:00,20760.0,20655.5,69.84,1923.6925,3060.0175,4196.34,25583.0,0.0,0.0,0.0,15907.0
2024-05-20 00:00:00+02:00,19436.5,19322.0,73.99,1873.0149999999999,2760.2749999999996,3647.535,25583.0,0.0,0.0,0.0,15907.0
2024-05-20 01:00:00+02:00,19006.5,18810.0,68.95,1745.025,2698.935,3652.8475,25583.0,0.0,0.0,0.0,15907.0
2024-05-20 02:00:00+02:00,18405.0,18380.0,66.27,1775.7375,2696.42,3617.105,25583.0,0.0,0.0,0.0,15907.0
2024-05-20 03:00:00+02:00,18196.0,18028.5,64.49,1811.635,2726.9925000000003,3642.3525,25583.0,0.0,0.0,0.0,15907.0
2024-05-20 04:00:00+02:00,18114.5,17827.5,63.97,1874.6100000000001,2789.205,3703.8025,25583.0,0.0,0.0,0.0,15907.0
2024-05-20 05:00:00+02:00,18789.5,18508.5,64.24,1931.5,2862.3,3793.1000000000004,25583.0,0.0,0.0,0.46,15907.0
2024-05-20 06:00:00+02:00,21839.0,21508.0,71.3,1980.5275,2931.5249999999996,3882.525,25583.0,49.8975,64.345,84.5175,15907.0
2024-05-20 07:00:00+02:00,25250.0,24553.0,81.72,2045.7,2944.56,3843.415,25583.0,757.41,834.895,911.9425,15907.0
2024-05-20 08:00:00+02:00,25532.0,25492.5,87.54,1988.285,2864.42,3740.56,25583.0,2010.3624999999997,2159.2675,2308.17,15907.0
2024-05-20 09:00:00+02:00,24893.5,24560.5,87.11,1901.435,2759.225,3617.0125,25583.0,3367.0625,3616.525,3865.56,15907.0
2024-05-20 10:00:00+02:00,23727.5,23207.0,83.6,1878.545,2644.865,3411.1825,25583.0,5004.905,5380.5525,5752.8875,15907.0
2024-05-20 11:00:00+02:00,22698.0,21871.0,77.36,1818.795,2520.7375,3222.68,25583.0,6659.8324999999995,7123.9400000000005,7693.8325,15907.0
2024-05-20 12:00:00+02:00,22153.5,21481.0,70.51,1769.98,2482.815,3195.645,25583.0,7848.7575,8390.807499999999,9230.315,15907.0
2024-05-20 13:00:00+02:00,21548.5,20983.0,67.1,1756.3725,2536.6275,3316.8824999999997,25583.0,8404.7625,8993.3725,9902.0925,15907.0
2024-05-20 14:00:00+02:00,21485.0,20870.5,61.21,1711.4825,2599.4775,3487.4725,25583.0,8459.43,9080.460000000001,9892.76,15907.0
2024-05-20 15:00:00+02:00,22061.5,21591.0,59.69,1812.745,2745.075,3677.395,25583.0,7988.320000000001,8591.285,9244.45,15907.0
2024-05-20 16:00:00+02:00,23817.0,23387.5,62.62,1928.77,2899.97,3871.17,25583.0,6844.065,7370.85,7905.5425000000005,15907.0
2024-05-20 17:00:00+02:00,26142.5,25960.5,69.98,1907.4325,2987.555,4067.6800000000003,25583.0,5385.5875,5819.67,6252.1325,15907.0
2024-05-20 18:00:00+02:00,27416.0,27529.0,83.38,1879.125,3063.615,4248.1,25583.0,3931.4725,4203.365,4484.6575,15907.0
2024-05-20 19:00:00+02:00,27600.5,28084.0,92.37,1970.85,3112.7775,4254.7,25583.0,2369.3025000000002,2549.3075,2738.7125,15907.0
2024-05-20 20:00:00+02:00,27465.0,28010.5,93.33,2092.5375,3096.335,4100.1325,25583.0,889.7125,991.9599999999999,1092.825,15907.0
2024-05-20 21:00:00+02:00,27087.5,27614.0,89.13,2184.6875,3122.3725,4060.0550000000003,25583.0,102.6775,117.5,140.95250000000001,15907.0
2024-05-20 22:00:00+02:00,24875.0,25032.0,85.59,2089.2475,3070.98,4052.71,25583.0,0.0,0.0,0.73,15907.0
2024-05-20 23:00:00+02:00,22221.0,22326.0,79.94,1893.115,2958.86,4024.6075,25583.0,0.0,0.0,0.0,15907.0
2024-05-21 00:00:00+02:00,20779.0,20541.5,75.07,1839.5149999999999,2873.655,3907.795,25583.0,0.0,0.0,0.0,15907.0
2024-05-21 01:00:00+02:00,20202.0,20070.0,70.75,1745.38,2653.16,3560.9425,25583.0,0.0,0.0,0.0,15907.0
2024-05-21 02:00:00+02:00,19736.0,19467.0,68.79,1665.7275,2476.31,3286.895,25583.0,0.0,0.0,0.0,15907.0
2024-05-21 03:00:00+02:00,19127.0,18985.5,66.36,1520.615,2324.4875,3128.3599999999997,25583.0,0.0,0.0,0.0,15907.0
2024-05-21 04:00:00+02:00,18850.0,18881.5,66.36,1317.5700000000002,2184.3775,3051.1875,25583.0,0.0,0.0,0.0,15907.0
2024-05-21 05:00:00+02:00,19465.5,19522.5,66.79,1187.3975,2088.29,2989.175,25583.0,0.0,0.0,0.5575,15907.0
2024-05-21 06:00:00+02:00,22670.0,22671.0,73.42,1055.365,1923.5975,2791.8325,25583.0,49.865,61.31,73.78999999999999,15907.0
2024-05-21 07:00:00+02:00,26169.5,26583.0,84.57,935.5325,1732.025,2528.52,25583.0,590.4575,685.1949999999999,838.28,15907.0
2024-05-21 08:00:00+02:00,27213.5,27420.0,88.81,777.8824999999999,1479.5925,2181.3025,25583.0,1562.6100000000001,1788.41,2125.2875,15907.0
2024-05-21 09:00:00+02:00,27163.0,27347.0,89.05,577.74,1215.335,1852.9299999999998,25583.0,2724.8175,3054.04,3553.3375,15907.0
2024-05-21 10:00:00+02:00,26386.0,26515.5,84.47,458.6825,1072.7675,1686.85,25583.0,3850.4125000000004,4374.4375,5120.125,15907.0
2024-05-21 11:00:00+02:00,26208.0,26475.5,79.96,387.395,1000.65,1613.9025000000001,25583.0,4583.5675,5376.6025,6379.33,15907.0
2024-05-21 12:00:00+02:00,26204.5,26558.0,77.11,336.2375,955.4125,1574.585,25583.0,4841.34,5859.0225,7003.7325,15907.0
2024-05-21 13:00:00+02:00,26282.0,26679.0,76.56,332.7,974.84,1616.9850000000001,25583.0,4787.0824999999995,5920.1375,7125.0675,15907.0
2024-05-21 14:00:00+02:00,26151.0,26395.0,72.66,342.93,1078.595,1814.2649999999999,25583.0,4715.1849999999995,5760.3875,6996.75,15907.0
2024-05-21 15:00:00+02:00,26331.5,26580.0,70.7,354.68,1246.95,2139.2200000000003,25583.0,4552.3125,5372.8675,6508.2025,15907.0
2024-05-21 16:00:00+02:00,27847.5,27299.5,71.44,350.925,1391.4375,2431.95,25583.0,4117.42,4786.185,5610.452499999999,15907.0
2024-05-21 17:00:00+02:00,29409.0,28463.5,77.72,396.405,1487.4099999999999,2578.42,25583.0,3409.7525,3992.16,4561.71,15907.0
2024-05-21 18:00:00+02:00,30110.0,29506.0,88.61,512.82,1561.3274999999999,2609.8374999999996,25583.0,2407.4449999999997,2914.2375,3421.0299999999997,15907.0
2024-05-21 19:00:00+02:00,30134.5,29240.0,95.6,598.605,1574.05,2549.5,25583.0,1371.9775,1731.8899999999999,2091.805,15907.0
2024-05-21 20:00:00+02:00,29420.0,28539.0,95.74,591.575,1532.7775,2473.98,25583.0,511.59749999999997,649.8000000000001,787.8425,15907.0
2024-05-21 21:00:00+02:00,28217.0,27429.0,89.97,479.73,1480.7475,2481.765,25583.0,50.225,57.544999999999995,66.9075,15907.0
2024-05-21 22:00:00+02:00,25574.0,25622.0,86.61,334.305,1387.1100000000001,2439.915,25583.0,0.0,0.0,0.065,15907.0
2024-05-21 23:00:00+02:00,22639.5,22836.0,80.7,514.5,1467.9375,2421.375,25583.0,0.0,0.0,0.0,15907.0
2024-05-22 00:00:00+02:00,21166.0,20884.5,78.88,818.745,1635.1375,2451.5299999999997,25583.0,0.0,0.0,0.0,15907.0
2024-05-22 01:00:00+02:00,20479.0,20290.0,74.88,895.1,1644.34,2393.58,25583.0,0.0,0.0,0.0,15907.0
2024-05-22 02:00:00+02:00,19863.5,19634.0,72.73,920.35,1646.2150000000001,2372.0825,25583.0,0.0,0.0,0.0,15907.0
2024-05-22 03:00:00+02:00,19228.5,19113.0,70.34,933.895,1721.83,2509.77,25583.0,0.0,0.0,0.0,15907.0
2024-05-22 04:00:00+02:00,19168.5,19027.5,68.92,1016.7,1876.845,2736.9825,25583.0,0.0,0.0,0.0,15907.0
2024-05-22 05:00:00+02:00,19844.0,19859.0,69.02,1193.74,2089.3725,2985.005,25583.0,0.0,0.0,0.0,15907.0
2024-05-22 06:00:00+02:00,23131.0,23195.0,75.72,1401.935,2388.79,3375.6475,25583.0,18.2375,21.3425,24.445,15907.0
2024-05-22 07:00:00+02:00,26972.5,27369.5,85.81,1610.9,2750.635,3890.3775,25583.0,190.385,317.03499999999997,443.6925,15907.0
2024-05-22 08:00:00+02:00,28555.5,29159.0,91.57,1804.105,3066.3725,4328.645,25583.0,504.24,909.315,1314.3899999999999,15907.0
2024-05-22 09:00:00+02:00,29072.0,29297.0,93.76,2045.835,3361.465,4677.1,25583.0,960.3924999999999,1608.54,2256.69,15907.0
2024-05-22 10:00:00+02:00,28809.5,28175.5,90.81,2326.1400000000003,3698.75,5071.360000000001,25583.0,1547.1925,2390.7225,3234.25,15907.0
2024-05-22 11:00:00+02:00,28786.0,28557.5,85.93,2656.12,4094.77,5533.425,25583.0,2108.7975,3165.6575000000003,4222.514999999999,15907.0
2024-05-22 12:00:00+02:00,29035.5,28779.0,82.75,2923.195,4476.0,6028.8099999999995,25583.0,2524.12,3696.0225,4867.93,15907.0
2024-05-22 13:00:00+02:00,27934.0,28374.5,80.6,3088.11,4774.38,6460.6525,25583.0,2820.2075,4040.635,5261.0625,15907.0
2024-05-22 14:00:00+02:00,27128.5,27529.5,76.7,3423.6725,5203.605,6983.5375,25583.0,3018.6825,4243.907499999999,5460.11,15907.0
2024-05-22 15:00:00+02:00,27257.0,27278.5,73.28,3995.6575000000003,5874.9349999999995,7754.215,25583.0,2938.21,4160.2725,5382.3375,15907.0
2024-05-22 16:00:00+02:00,28147.5,27670.5,71.22,4416.485000000001,6505.79,8595.0925,25583.0,2570.2799999999997,3775.245,4980.2075,15907.0
2024-05-22 17:00:00+02:00,29210.0,29074.0,75.86,4892.7875,7120.885,9348.98,25583.0,2070.2925,3120.745,4171.195,15907.0
2024-05-22 18:00:00+02:00,29141.0,29156.5,85.04,5622.2125,7789.6275000000005,9957.04,25583.0,1488.1575,2297.7275,3107.3,15907.0
2024-05-22 19:00:00+02:00,28385.0,28711.0,91.04,6103.9825,8290.04,10476.095000000001,25583.0,849.2375,1377.63,1906.015,15907.0
2024-05-22 20:00:00+02:00,27400.5,27487.0,90.26,6476.765,8763.345000000001,11049.93,25583.0,289.5875,496.64750000000004,703.1575,15907.0
2024-05-22 21:00:00+02:00,26201.5,26162.5,84.1,7002.0175,9267.735,11523.3975,25583.0,23.7325,42.915,69.2225,15907.0
2024-05-22 22:00:00+02:00,23835.0,23532.5,77.87,7378.33,9598.26,11808.145,25583.0,0.0,0.0,0.9725,15907.0
2024-05-22 23:00:00+02:00,20893.5,20667.5,68.4,8582.3175,10727.01,12871.705,25583.0,0.0,0.0,0.0,15907.0
2024-05-23 00:00:00+02:00,19119.0,19145.0,45.01,9646.555,11696.735,13746.915,25583.0,0.0,0.0,0.0,15907.0
2024-05-23 01:00:00+02:00,18578.0,18500.0,35.43,9479.335,11540.6175,13601.9025,25583.0,0.0,0.0,0.0,15905.0
2024-05-23 02:00:00+02:00,17849.0,18130.0,32.56,9311.7575,11365.692500000001,13419.630000000001,25583.0,0.0,0.0,0.0,15905.0
2024-05-23 03:00:00+02:00,17554.5,17580.5,30.27,9107.6075,11160.045,13212.49,25583.0,0.0,0.0,0.0,15905.0
2024-05-23 04:00:00+02:00,17287.0,17320.5,31.08,8786.8225,10953.305,13119.7875,25583.0,0.0,0.0,0.0,15905.0
2024-05-23 05:00:00+02:00,17950.0,17937.0,32.96,8593.575,10784.1125,12974.647500000001,25583.0,0.0,0.0,1.3125,15905.0
2024-05-23 06:00:00+02:00,21154.5,20969.0,41.89,8397.862500000001,10580.66,12763.4575,25583.0,17.235,35.4125,58.760000000000005,15905.0
2024-05-23 07:00:00+02:00,24374.0,24362.5,56.78,8088.555,10388.375,12688.195,25583.0,455.47,608.585,784.5,15905.0
2024-05-23 08:00:00+02:00,25920.0,25506.5,68.35,7904.43,10228.8,12553.17,25583.0,1440.1275,1666.5275,2083.27,15905.0
2024-05-23 09:00:00+02:00,26033.5,25172.5,70.94,7797.1900000000005,10088.305,12379.415,25583.0,2518.99,2826.0924999999997,3285.4875,15905.0
2024-05-23 10:00:00+02:00,25795.0,24164.5,69.64,7627.7075,10000.5475,12373.3875,25583.0,3347.5375,3958.7775,4558.0925,15905.0
2024-05-23 11:00:00+02:00,25455.5,23835.0,66.0,7511.8925,9968.244999999999,12424.5975,25583.0,4000.7999999999997,4818.635,5636.4675,15905.0
2024-05-23 12:00:00+02:00,25409.0,25496.0,63.8,7451.379999999999,9871.225,12291.07,25583.0,4597.4375,5442.3225,6287.2075,15905.0
2024-05-23 13:00:00+02:00,24669.0,24964.5,62.33,7272.25,9738.17,12204.085,25583.0,4985.8975,5787.13,6588.362499999999,15905.0
2024-05-23 14:00:00+02:00,24481.5,24236.5,56.69,6999.81,9616.369999999999,12232.925,25583.0,5125.504999999999,5847.47,6595.615,15905.0
2024-05-23 15:00:00+02:00,24624.5,24032.5,54.1,6554.545,9302.45,12050.36,25583.0,4907.08,5623.077499999999,6339.0725,15905.0
2024-05-23 16:00:00+02:00,26290.0,25722.5,55.15,6022.39,8886.0725,11749.755000000001,25583.0,4300.0175,4945.327499999999,5590.6375,15905.0
2024-05-23 17:00:00+02:00,28156.0,27515.5,62.4,5664.18,8583.29,11502.4,25583.0,3411.8199999999997,3950.425,4489.03,15905.0
2024-05-23 18:00:00+02:00,28937.5,28541.0,74.21,5384.0075,8273.81,11163.6075,25583.0,2317.7075,2789.7349999999997,3261.7625,15905.0
2024-05-23 19:00:00+02:00,28907.5,28887.0,82.28,5226.8150000000005,7891.7775,10556.7375,25583.0,1370.51,1682.905,1995.3000000000002,15905.0
2024-05-23 20:00:00+02:00,28284.0,28469.5,84.78,5047.3025,7532.63,10017.96,25583.0,525.18,657.4250000000001,788.6525,15905.0
2024-05-23 21:00:00+02:00,27628.5,27443.0,81.39,4565.98,7136.345,9706.7075,25583.0,35.7575,66.43,110.335,15905.0
2024-05-23 22:00:00+02:00,25197.5,25000.5,76.77,4121.1275,6748.665,9376.205,25583.0,0.0,0.0,2.73,15905.0
2024-05-23 23:00:00+02:00,22770.0,22239.5,69.92,3837.915,6165.365,8492.81,25583.0,0.0,0.0,0.0,15905.0
2024-05-24 00:00:00+02:00,21396.0,21004.5,73.17,3482.9375,5412.6575,7342.375,25583.0,0.0,0.0,0.0,15905.0
2024-05-24 01:00:00+02:00,20890.0,20500.0,70.64,2957.9,4684.485000000001,6411.0675,25583.0,0.0,0.0,0.0,15907.0
2024-05-24 02:00:00+02:00,20236.0,19894.5,69.78,2345.82,3909.59,5473.3625,25583.0,0.0,0.0,0.0,15907.0
2024-05-24 03:00:00+02:00,19575.5,19495.5,68.8,1702.27,3295.64,4889.01,25583.0,0.0,0.0,0.0,15907.0
2024-05-24 04:00:00+02:00,19168.5,19301.0,68.88,1135.08,2833.355,4531.625,25583.0,0.0,0.0,0.0,15907.0
2024-05-24 05:00:00+02:00,19827.5,19969.0,68.96,785.8275,2454.2125,4122.595,25583.0,0.0,0.0,3.7675,15907.0
2024-05-24 06:00:00+02:00,22635.5,23035.0,75.98,629.355,2157.0625,3684.775,25583.0,71.3,75.61500000000001,94.4675,15907.0
2024-05-24 07:00:00+02:00,26028.5,26320.0,85.88,576.81,1914.255,3251.7025000000003,25583.0,680.0125,768.46,855.79,15907.0
2024-05-24 08:00:00+02:00,27265.5,27315.0,92.61,509.0625,1724.5,2939.9449999999997,25583.0,1803.2424999999998,1963.7775000000001,2124.3125,15907.0
2024-05-24 09:00:00+02:00,27293.0,27662.5,93.38,386.485,1515.5,2644.52,25583.0,3100.285,3317.2475,3534.2125,15907.0
2024-05-24 10:00:00+02:00,26864.5,26821.0,89.57,275.6475,1335.1100000000001,2394.5725,25583.0,4187.875,4631.35,5074.825000000001,15907.0
2024-05-24 11:00:00+02:00,26818.0,26771.5,85.63,142.8375,1195.1325000000002,2247.43,25583.0,4890.71,5585.5525,6280.39,15907.0
2024-05-24 12:00:00+02:00,26630.5,26721.0,83.55,82.38,1110.345,2138.3125,25583.0,5503.1925,6171.21,6839.2275,15907.0
2024-05-24 13:00:00+02:00,25630.5,26204.5,82.61,101.245,1108.125,2115.0,25583.0,5897.1975,6453.585,7009.9725,15907.0
2024-05-24 14:00:00+02:00,25034.0,25405.5,79.1,119.65,1138.565,2157.4725,25583.0,5956.9975,6537.81,7156.08,15907.0
2024-05-24 15:00:00+02:00,25027.0,25218.5,75.98,128.4975,1167.17,2205.8424999999997,25583.0,5708.58,6277.5725,6846.5599999999995,15907.0
2024-05-24 16:00:00+02:00,25556.0,26285.0,74.74,66.865,1132.945,2199.02,25583.0,5086.9,5564.452499999999,6042.0025000000005,15907.0
2024-05-24 17:00:00+02:00,26646.5,27412.0,80.97,19.38,1070.85,2122.325,25583.0,4296.575,4706.9675,5117.3675,15907.0
2024-05-24 18:00:00+02:00,27417.0,28268.5,90.7,4.015,1038.745,2083.035,25583.0,3271.6,3580.2075,3888.8199999999997,15907.0
2024-05-24 19:00:00+02:00,28176.0,28485.0,97.53,22.705,1062.7375,2112.33,25583.0,2066.52,2271.57,2476.6125,15907.0
2024-05-24 20:00:00+02:00,27396.0,28075.5,99.4,80.5325,1119.6125,2158.6899999999996,25583.0,860.285,952.8449999999999,1044.29,15907.0
2024-05-24 21:00:00+02:00,26783.5,27252.0,93.8,144.9175,1188.8775,2232.8325,25583.0,103.0175,120.5825,152.705,15907.0
2024-05-24 22:00:00+02:00,25109.0,25105.5,90.05,225.205,1280.6399999999999,2336.085,25583.0,0.0,0.0,2.2575,15907.0
2024-05-24 23:00:00+02:00,22772.0,22550.5,84.34,401.69,1257.3600000000001,2113.0299999999997,25583.0,0.0,0.0,0.0,15907.0
2024-05-25 00:00:00+02:00,21181.5,20956.0,84.96,518.5475,1151.88,1785.21,25583.0,0.0,0.0,0.0,15907.0
2024-05-25 01:00:00+02:00,20242.0,20040.0,82.96,509.22,1103.145,1697.0725,25583.0,0.0,0.0,0.0,15907.0
2024-05-25 02:00:00+02:00,19358.0,19462.5,79.48,562.1,1123.4425,1684.7825,25583.0,0.0,0.0,0.0,15907.0
2024-05-25 03:00:00+02:00,18866.5,18762.0,77.7,594.3025,1189.3274999999999,1784.345,25583.0,0.0,0.0,0.0,15907.0
2024-05-25 04:00:00+02:00,18281.0,18459.5,76.9,541.3725,1261.545,1981.72,25583.0,0.0,0.0,0.0,15907.0
2024-05-25 05:00:00+02:00,18199.5,18317.0,75.36,486.56,1346.025,2205.485,25583.0,0.0,0.0,2.5375,15907.0
2024-05-25 06:00:00+02:00,19191.5,19177.0,77.01,491.33,1426.47,2361.615,25583.0,91.5275,107.5,131.84,15907.0
2024-05-25 07:00:00+02:00,20046.5,20208.5,81.71,506.1825,1545.855,2585.5299999999997,25583.0,845.8199999999999,921.6125000000001,990.28,15907.0
2024-05-25 08:00:00+02:00,20546.5,20889.0,84.1,543.375,1660.2775,2777.1800000000003,25583.0,2195.115,2331.9075000000003,2469.0025,15907.0
2024-05-25 09:00:00+02:00,20493.0,21103.0,83.55,721.0775,1822.62,2924.16,25583.0,3754.0575,3960.88,4169.815,15907.0
2024-05-25 10:00:00+02:00,19877.5,20612.5,80.87,1013.8,2151.72,3289.6400000000003,25583.0,5241.8975,5523.72,5807.66,15907.0
2024-05-25 11:00:00+02:00,19612.0,19960.0,74.05,1276.645,2467.075,3657.51,25583.0,6119.525,6534.6925,6949.695,15907.0
2024-05-25 12:00:00+02:00,19552.0,19711.5,67.09,1546.615,2717.185,3887.755,25583.0,6490.36,7078.85,7667.34,15907.0
2024-05-25 13:00:00+02:00,19335.5,19510.5,63.33,1878.0749999999998,2976.3325,4074.5875,25583.0,6595.8475,7242.94,7886.97,15907.0
2024-05-25 14:00:00+02:00,18741.5,19474.0,53.85,2072.515,3165.21,4257.9025,25583.0,6524.0175,7110.8375,7697.6625,15907.0
2024-05-25 15:00:00+02:00,18732.5,19442.0,49.75,2197.41,3293.08,4388.75,25583.0,6103.25,6615.6825,7128.1175,15907.0
2024-05-25 16:00:00+02:00,20011.0,20867.0,51.88,2310.1275,3370.48,4430.83,25583.0,5173.7625,5663.3,6152.8425,15907.0
2024-05-25 17:00:00+02:00,22541.0,22965.5,64.25,2356.1775,3367.855,4379.535,25583.0,3991.2525,4412.407499999999,4833.5650000000005,15907.0
2024-05-25 18:00:00+02:00,24354.5,24611.5,80.58,2329.395,3350.5950000000003,4371.7975,25583.0,2822.5525,3130.2775,3438.0075,15907.0
2024-05-25 19:00:00+02:00,24906.0,24576.0,91.82,2330.075,3391.005,4451.9425,25583.0,1586.99,1825.1100000000001,2063.2325,15907.0
2024-05-25 20:00:00+02:00,24781.0,24335.5,95.03,2405.29,3539.2349999999997,4673.1825,25583.0,512.1625,659.1899999999999,805.2675,15907.0
2024-05-25 21:00:00+02:00,24578.5,24201.5,91.55,2423.0,3627.13,4831.26,25583.0,50.682500000000005,74.5625,110.77000000000001,15907.0
2024-05-25 22:00:00+02:00,22901.0,22874.5,88.01,2273.975,3547.925,4821.875,25583.0,0.0,0.0,2.2675,15907.0
2024-05-25 23:00:00+02:00,20707.5,20771.0,81.84,2563.1775,3679.0875,4795.0,25583.0,0.0,0.0,0.0,15907.0
2024-05-26 00:00:00+02:00,19273.5,19231.5,78.57,2848.0675,3766.925,4685.7825,25583.0,0.0,0.0,0.0,15907.0
2024-05-26 01:00:00+02:00,18592.0,18600.0,74.65,2675.1775,3660.15,4645.120000000001,25583.0,0.0,0.0,0.0,15908.0
2024-05-26 02:00:00+02:00,17928.5,17927.0,70.76,2590.3275,3599.9025,4609.4775,25583.0,0.0,0.0,0.0,15908.0
2024-05-26 03:00:00+02:00,17312.5,17003.0,67.33,2356.3675000000003,3421.2025,4486.04,25583.0,0.0,0.0,0.0,15908.0
2024-05-26 04:00:00+02:00,16919.0,16572.0,65.87,2202.4875,3245.325,4288.1625,25583.0,0.0,0.0,0.0,15908.0
2024-05-26 05:00:00+02:00,16730.5,16321.0,65.19,2096.4,3078.9425,4061.49,25583.0,0.0,0.0,4.295,15908.0
2024-05-26 06:00:00+02:00,17345.0,16951.5,66.11,2014.6299999999999,3005.26,3995.89,25583.0,26.5325,31.4975,46.947500000000005,15908.0
2024-05-26 07:00:00+02:00,18248.5,18057.0,69.37,2160.0325000000003,3069.52,3979.0074999999997,25583.0,398.3225,478.985,558.8425,15908.0
2024-05-26 08:00:00+02:00,19461.5,18692.0,71.83,2268.59,3276.645,4284.6975,25583.0,1196.44,1413.38,1630.3225,15908.0
2024-05-26 09:00:00+02:00,20526.0,19724.0,74.28,2396.65,3634.1925,4871.735,25583.0,2261.3725,2576.66,2891.9425,15908.0
2024-05-26 10:00:00+02:00,20398.0,20171.0,77.85,2643.34,3970.3900000000003,5297.4400000000005,25583.0,3391.4325,3809.8725,4228.3075,15908.0
2024-05-26 11:00:00+02:00,20243.5,19842.5,77.06,2846.3325,4222.9025,5599.47,25583.0,4266.9325,4894.0875,5521.245,15908.0
2024-05-26 12:00:00+02:00,20184.0,19385.5,75.64,3099.855,4427.755,5755.66,25583.0,5065.68,5768.7825,6471.8825,15908.0
2024-05-26 13:00:00+02:00,19662.5,18743.5,73.78,3390.645,4677.370000000001,5964.094999999999,25583.0,5850.6425,6420.85,6991.055,15908.0
2024-05-26 14:00:00+02:00,19159.0,18219.0,65.46,3494.445,4825.6900000000005,6156.9349999999995,25583.0,6215.5575,6753.2,7286.28,15908.0
2024-05-26 15:00:00+02:00,19592.0,18581.5,57.59,3520.9125,4820.735,6120.5599999999995,25583.0,6063.205,6614.375,7165.5475,15908.0
2024-05-26 16:00:00+02:00,20881.0,20104.0,58.13,3650.28,4867.0775,6083.875,25583.0,5460.4525,5939.7,6418.9525,15908.0
2024-05-26 17:00:00+02:00,23003.5,22085.0,67.17,3800.105,4967.26,6134.42,25583.0,4577.6125,4922.995,5267.4175,15908.0
2024-05-26 18:00:00+02:00,23846.5,23241.0,80.8,3890.4775,5043.405,6196.3325,25583.0,3436.8450000000003,3648.29,3872.2975,15908.0
2024-05-26 19:00:00+02:00,24278.5,23897.0,90.61,3900.115,5113.72,6327.327499999999,25583.0,2128.995,2250.635,2384.83,15908.0
2024-05-26 20:00:00+02:00,23913.5,23816.0,95.05,3980.865,5178.09,6375.3175,25583.0,861.3375000000001,924.255,985.2225000000001,15908.0
2024-05-26 21:00:00+02:00,23606.0,23551.5,90.72,4039.825,5252.9075,6465.985,25583.0,109.9525,125.36250000000001,153.535,15908.0
2024-05-26 22:00:00+02:00,22642.5,22548.5,85.87,4082.6549999999997,5324.5575,6566.46,25583.0,0.0,0.0,1.71,15908.0
2024-05-26 23:00:00+02:00,20282.5,20203.5,78.48,4441.4974999999995,5463.605,6485.715,25583.0,0.0,0.0,0.0,15908.0
2024-05-27 00:00:00+02:00,18872.0,18867.0,75.68,4758.9125,5622.922500000001,6486.935,25583.0,0.0,0.0,0.0,15908.0
2024-05-27 01:00:00+02:00,18047.5,18300.0,69.16,4591.5225,5510.7675,6430.015,25583.0,0.0,0.0,0.0,15905.0
2024-05-27 02:00:00+02:00,17528.0,17833.0,66.34,4280.1849999999995,5276.865,6273.54,25583.0,0.0,0.0,0.0,15905.0
2024-05-27 03:00:00+02:00,16781.0,17369.0,64.1,3972.8875,5096.155,6219.425,25583.0,0.0,0.0,0.0,15905.0
2024-05-27 04:00:00+02:00,16677.5,16901.0,63.46,3704.885,4981.715,6258.5425,25583.0,0.0,0.0,0.0,15905.0
2024-05-27 05:00:00+02:00,16546.0,16985.5,63.46,3593.785,4953.625,6313.465,25583.0,0.0,0.0,1.52,15905.0
2024-05-27 06:00:00+02:00,17561.0,17887.0,66.68,3540.2875,4891.42,6242.555,25583.0,80.4075,89.49,108.87,15905.0
2024-05-27 07:00:00+02:00,18114.5,18540.5,72.8,3434.085,4822.4125,6210.7375,25583.0,789.9425,843.6625,900.2025,15905.0
2024-05-27 08:00:00+02:00,18827.0,18945.5,77.04,3257.575,4749.425,6241.2775,25583.0,1942.9850000000001,2070.605,2201.8575,15905.0
2024-05-27 09:00:00+02:00,19467.0,19440.5,78.33,3066.51,4607.57,6148.625,25583.0,3139.57,3360.985,3582.125,15905.0
2024-05-27 10:00:00+02:00,19449.0,19095.5,76.57,2821.6825,4353.8625,5886.0425,25583.0,4337.9349999999995,4696.415,5054.9025,15905.0
2024-05-27 11:00:00+02:00,19303.0,19429.0,71.74,2588.05,4002.1025,5416.16,25583.0,5299.4675,5769.3675,6239.2725,15905.0
2024-05-27 12:00:00+02:00,19274.5,19444.5,69.5,2341.245,3720.3275000000003,5099.4125,25583.0,5980.9275,6510.0925,7039.2575,15905.0
2024-05-27 13:00:00+02:00,18592.0,19217.5,68.39,2259.8075,3641.26,5022.7125,25583.0,6200.0675,6788.7,7384.485000000001,15905.0
2024-05-27 14:00:00+02:00,18224.0,19087.5,63.02,2374.13,3661.1099999999997,4948.0925,25583.0,6194.4275,6778.445,7362.8375,15905.0
2024-05-27 15:00:00+02:00,18459.5,19206.0,58.23,2447.39,3716.315,4985.235000000001,25583.0,5996.955,6496.422500000001,6995.889999999999,15905.0
2024-05-27 16:00:00+02:00,20154.0,20787.0,58.79,2400.1724999999997,3713.05,5025.9275,25583.0,5396.4675,5822.4225,6248.38,15905.0
2024-05-27 17:00:00+02:00,22666.0,23356.0,68.04,2310.5249999999996,3656.8725,5003.22,25583.0,4487.01,4923.0075,5359.0,15905.0
2024-05-27 18:00:00+02:00,24636.0,24869.0,82.4,2249.14,3541.375,4833.605,25583.0,3307.3225,3713.6000000000004,4119.885,15905.0
2024-05-27 19:00:00+02:00,25148.5,25443.0,93.62,2197.045,3300.165,4403.285,25583.0,2015.3025,2313.365,2611.4275,15905.0
2024-05-27 20:00:00+02:00,25252.5,24799.5,98.15,2069.35,2999.545,3929.745,25583.0,804.2625,970.0274999999999,1134.8475,15905.0
2024-05-27 21:00:00+02:00,24923.0,24448.0,94.65,1921.72,2759.7425,3597.765,25583.0,100.0625,138.1425,188.52,15905.0
2024-05-27 22:00:00+02:00,23410.5,23064.0,91.19,1845.505,2683.41,3521.315,25583.0,0.0,0.0,1.2575,15905.0
2024-05-27 23:00:00+02:00,20576.5,20343.0,85.42,1824.385,2677.785,3531.1850000000004,25583.0,0.0,0.0,0.0,15905.0
2024-05-28 00:00:00+02:00,19087.0,19181.0,81.74,1857.805,2676.15,3494.495,25583.0,0.0,0.0,0.0,15905.0
2024-05-28 01:00:00+02:00,18648.5,18600.0,76.86,1788.8075,2658.26,3527.71,25583.0,0.0,0.0,0.0,15907.0
2024-05-28 02:00:00+02:00,18298.5,18132.0,74.48,1642.795,2638.985,3635.17,25583.0,0.0,0.0,0.0,15907.0
2024-05-28 03:00:00+02:00,17808.5,17579.5,72.79,1460.5149999999999,2589.8,3719.0875,25583.0,0.0,0.0,0.0,15907.0
2024-05-28 04:00:00+02:00,17321.0,17254.5,72.51,1344.07,2558.865,3773.6549999999997,25583.0,0.0,0.0,0.0,15907.0
2024-05-28 05:00:00+02:00,17884.0,17994.0,72.23,1373.185,2642.9674999999997,3912.7475,25583.0,0.0,0.0,5.3825,15907.0
2024-05-28 06:00:00+02:00,20551.5,20520.5,78.29,1496.07,2853.1725,4210.275,25583.0,53.2925,66.96000000000001,91.405,15907.0
2024-05-28 07:00:00+02:00,23390.0,23706.0,88.38,1724.28,3120.295,4516.3099999999995,25583.0,332.9,457.135,576.5725,15907.0
2024-05-28 08:00:00+02:00,26010.0,26168.5,96.32,1980.08,3355.79,4731.505,25583.0,816.795,1106.3325,1396.1475,15907.0
2024-05-28 09:00:00+02:00,26894.0,26574.5,97.05,2365.6425,3766.1625,5166.68,25583.0,1265.7224999999999,1715.1325,2164.5425,15907.0
2024-05-28 10:00:00+02:00,26850.0,26345.5,94.68,2746.59,4368.735000000001,5990.8825,25583.0,1608.7424999999998,2249.9575,2891.175,15907.0
2024-05-28 11:00:00+02:00,27328.0,26233.5,90.48,3065.71,5015.2925,6964.88,25583.0,1997.6799999999998,2702.695,3407.19,15907.0
2024-05-28 12:00:00+02:00,28037.5,26467.5,88.36,3549.165,5524.0525,7498.9375,25583.0,2226.135,2934.8825,3648.4624999999996,15907.0
2024-05-28 13:00:00+02:00,27802.5,26521.5,86.88,4040.95,5840.3875,7639.827499999999,25583.0,2453.935,3078.945,3735.7725,15907.0
2024-05-28 14:00:00+02:00,27316.0,28006.5,83.69,4336.66,5999.57,7662.48,25583.0,2745.0,3232.1175000000003,3743.77,15907.0
2024-05-28 15:00:00+02:00,27364.5,27750.0,80.03,4522.12,5996.8724999999995,7471.625,25583.0,2798.32,3272.9700000000003,3744.73,15907.0
2024-05-28 16:00:00+02:00,27788.5,27689.0,78.8,4439.755,6004.27,7568.7825,25583.0,2661.205,3116.2675,3571.3325,15907.0
2024-05-28 17:00:00+02:00,28239.5,28182.0,82.29,4152.945,6043.3125,7933.68,25583.0,2352.6525,2806.6675,3260.685,15907.0
2024-05-28 18:00:00+02:00,28293.0,28236.5,92.82,4004.955,6122.725,8240.494999999999,25583.0,1897.05,2295.865,2694.6825,15907.0
2024-05-28 19:00:00+02:00,28225.0,27881.0,98.31,3989.7825000000003,6258.23,8526.675,25583.0,1231.635,1498.5025,1765.365,15907.0
2024-05-28 20:00:00+02:00,27348.0,27129.0,99.06,3910.63,6263.555,8616.48,25583.0,500.03749999999997,623.3325,745.5125,15907.0
2024-05-28 21:00:00+02:00,26298.5,26105.0,92.96,4071.56,6298.61,8525.655,25583.0,63.1825,86.49000000000001,124.31,15907.0
2024-05-28 22:00:00+02:00,24196.5,24159.5,87.6,4463.545,6505.89,8548.23,25583.0,0.0,0.0,3.1774999999999998,15907.0
2024-05-28 23:00:00+02:00,21363.0,21610.5,79.02,5444.264999999999,6982.0525,8519.842499999999,25583.0,0.0,0.0,0.0,15907.0
2024-05-29 00:00:00+02:00,19583.0,19699.0,69.45,6270.7525000000005,7375.4,8480.045,25583.0,0.0,0.0,0.0,15907.0
2024-05-29 01:00:00+02:00,18951.5,18910.0,64.9,6249.445,7386.514999999999,8523.585,25583.0,0.0,0.0,0.0,15907.0
2024-05-29 02:00:00+02:00,18471.5,18336.5,60.98,6222.3,7379.6175,8536.9375,25583.0,0.0,0.0,0.0,15907.0
2024-05-29 03:00:00+02:00,18020.5,17792.0,57.52,6079.605,7356.285,8632.9675,25583.0,0.0,0.0,0.0,15907.0
2024-05-29 04:00:00+02:00,17774.5,17569.0,58.23,5841.245,7231.0599999999995,8620.885,25583.0,0.0,0.0,0.0,15907.0
2024-05-29 05:00:00+02:00,18255.0,17778.0,59.59,5749.655,7080.8675,8412.08,25583.0,0.0,0.0,2.2875,15907.0
2024-05-29 06:00:00+02:00,20785.5,20394.0,68.87,5595.345,7022.365,8449.395,25583.0,67.74,83.23249999999999,111.325,15907.0
2024-05-29 07:00:00+02:00,23695.5,23349.5,80.19,5252.43,6924.2225,8596.0175,25583.0,726.875,799.8375000000001,871.825,15907.0
2024-05-29 08:00:00+02:00,24874.0,24509.5,85.36,4999.14,6654.6825,8310.22,25583.0,1915.2175,2036.8525,2158.4825,15907.0
2024-05-29 09:00:00+02:00,24658.0,24547.5,86.43,4642.4349999999995,6189.3675,7736.3,25583.0,3215.225,3394.3175,3573.4075,15907.0
2024-05-29 10:00:00+02:00,24085.5,24263.0,85.27,3822.2025,5366.9974999999995,6911.79,25583.0,4443.4225,4762.23,5081.04,15907.0
2024-05-29 11:00:00+02:00,23691.5,23660.0,83.29,2925.48,4525.9974999999995,6126.514999999999,25583.0,5448.4025,5877.32,6306.2375,15907.0
2024-05-29 12:00:00+02:00,23503.0,23598.5,80.46,2594.8225,4056.0075,5517.1925,25583.0,6169.6275000000005,6638.1925,7106.7625,15907.0
2024-05-29 13:00:00+02:00,23099.0,23484.0,79.21,2553.76,3820.305,5086.844999999999,25583.0,6545.985,7039.5725,7533.16,15907.0
2024-05-29 14:00:00+02:00,23130.5,23581.5,75.26,2604.81,3799.1325,4993.455,25583.0,6488.3075,7055.7775,7617.04,15907.0
2024-05-29 15:00:00+02:00,23848.5,23634.0,72.26,2824.725,3981.165,5137.605,25583.0,6132.04,6704.3625,7276.6775,15907.0
2024-05-29 16:00:00+02:00,25316.5,24930.0,71.31,2957.355,4130.29,5303.2225,25583.0,5620.095,6044.4775,6468.8575,15907.0
2024-05-29 17:00:00+02:00,27292.5,27048.0,75.09,3116.5,4257.7575,5399.02,25583.0,4750.9775,5042.9225,5334.865,15907.0
2024-05-29 18:00:00+02:00,28146.0,27897.0,86.65,3397.6949999999997,4481.825,5565.955,25583.0,3565.8225,3778.0425,3990.26,15907.0
2024-05-29 19:00:00+02:00,27779.0,27892.5,94.4,3572.4025,4645.755,5719.115,25583.0,2248.805,2382.0975,2515.395,15907.0
2024-05-29 20:00:00+02:00,27162.0,27434.0,97.75,3598.3050000000003,4705.585,5812.865,25583.0,963.62,1019.4275,1074.065,15907.0
2024-05-29 21:00:00+02:00,26555.5,26599.5,93.2,3519.18,4659.52,5799.8625,25583.0,157.725,170.2825,197.9925,15907.0
2024-05-29 22:00:00+02:00,24782.0,24710.0,88.2,3483.235,4657.57,5831.915,25583.0,0.0,0.0,1.965,15907.0
2024-05-29 23:00:00+02:00,21878.0,21809.5,79.41,3981.7075,5117.9075,6254.1075,25583.0,0.0,0.0,0.0,15907.0
2024-05-30 00:00:00+02:00,20366.5,19941.0,74.68,4573.625,5710.43,6847.2375,25583.0,0.0,0.0,0.0,15907.0
2024-05-30 01:00:00+02:00,19334.0,19125.0,69.18,4833.025,6032.25,7231.47,25583.0,0.0,0.0,0.0,15907.0
2024-05-30 02:00:00+02:00,18494.0,18781.0,65.97,5033.025,6231.7025,7430.38,25583.0,0.0,0.0,0.0,15907.0
2024-05-30 03:00:00+02:00,17990.5,18054.0,63.16,5283.5625,6504.775,7725.9825,25583.0,0.0,0.0,0.0,15907.0
2024-05-30 04:00:00+02:00,17625.0,17530.5,61.29,5475.04,6800.2675,8125.495,25583.0,0.0,0.0,0.0,15907.0
2024-05-30 05:00:00+02:00,18131.5,17896.5,60.55,5540.22,6939.9825,8339.744999999999,25583.0,0.0,0.0,1.8275,15907.0
2024-05-30 06:00:00+02:00,20494.5,20202.5,67.18,5639.8075,7058.32,8476.835,25583.0,68.76,88.7825,119.59,15907.0
2024-05-30 07:00:00+02:00,23604.0,22980.5,77.48,5721.515,7124.005,8526.5,25583.0,617.9975,694.05,777.635,15907.0
2024-05-30 08:00:00+02:00,25304.0,24980.0,83.44,5843.9925,7208.9025,8573.814999999999,25583.0,1529.6125,1681.3899999999999,1841.5825,15907.0
2024-05-30 09:00:00+02:00,25450.5,25205.5,84.67,5933.8175,7375.025,8816.2275,25583.0,2471.305,2701.1975,2930.4375,15907.0
2024-05-30 10:00:00+02:00,25122.0,24582.5,83.79,6107.745,7558.9875,9010.235,25583.0,3473.61,3790.22,4106.83,15907.0
2024-05-30 11:00:00+02:00,24818.5,24376.0,79.19,6404.04,7778.6975,9153.35,25583.0,4406.125,4817.69,5229.255,15907.0
2024-05-30 12:00:00+02:00,24539.5,24413.0,75.1,6729.585,8096.915,9464.25,25583.0,5139.195,5597.7675,6056.3375,15907.0
2024-05-30 13:00:00+02:00,23835.0,23445.5,72.46,6983.825,8398.625,9813.425,25583.0,5504.780000000001,5962.505,6420.2300000000005,15907.0
2024-05-30 14:00:00+02:00,23548.0,23264.5,65.24,7342.445,8689.814999999999,10037.18,25583.0,5698.6925,6133.1925,6567.6925,15907.0
2024-05-30 15:00:00+02:00,23382.5,23196.5,58.95,7896.585,9079.3575,10262.135,25583.0,5610.9725,6056.83,6502.6875,15907.0
2024-05-30 16:00:00+02:00,24186.0,24205.0,57.06,8303.4225,9475.98,10648.5375,25583.0,5005.1675,5434.91,5864.6525,15907.0
2024-05-30 17:00:00+02:00,25975.0,25857.0,62.87,8589.494999999999,9911.98,11234.465,25583.0,4141.87,4547.4974999999995,4953.1224999999995,15907.0
2024-05-30 18:00:00+02:00,26520.5,26682.5,73.32,8722.0475,10170.88,11619.720000000001,25583.0,3118.95,3456.4625,3793.9825,15907.0
2024-05-30 19:00:00+02:00,26670.5,26798.5,80.76,8959.9,10312.025,11664.14,25583.0,2004.425,2225.1925,2445.9625,15907.0
2024-05-30 20:00:00+02:00,26538.5,26149.5,83.28,9326.975,10585.119999999999,11843.265,25583.0,881.845,1007.65,1131.9650000000001,15907.0
2024-05-30 21:00:00+02:00,25731.5,25282.0,79.46,9405.1925,10674.795,11944.395,25583.0,150.9875,177.44750000000002,223.33499999999998,15907.0
2024-05-30 22:00:00+02:00,23645.5,23509.5,74.75,9340.7225,10560.939999999999,11781.157500000001,25583.0,0.0,0.0,3.0675,15907.0
2024-05-30 23:00:00+02:00,21043.0,21131.0,67.32,9382.27,10565.305,11748.34,25583.0,0.0,0.0,0.0,15907.0
2024-05-31 00:00:00+02:00,19505.5,19213.0,56.44,9216.54,10423.1175,11629.695,25583.0,0.0,0.0,0.0,15907.0
2024-05-31 01:00:00+02:00,18588.0,18750.0,47.63,8721.77,9959.135,11196.4975,25583.0,0.0,0.0,0.0,15907.0
2024-05-31 02:00:00+02:00,17983.0,18115.0,45.6,8330.435,9576.5375,10822.6425,25583.0,0.0,0.0,0.0,15907.0
2024-05-31 03:00:00+02:00,17275.0,17546.0,44.19,8042.155,9292.435000000001,10542.71,25583.0,0.0,0.0,0.0,15907.0
2024-05-31 04:00:00+02:00,16944.5,17208.0,44.09,7765.085,8987.69,10210.2975,25583.0,0.0,0.0,0.0,15907.0
2024-05-31 05:00:00+02:00,17340.5,17825.5,44.83,7464.02,8641.9975,9819.9775,25583.0,0.0,0.0,1.335,15907.0
2024-05-31 06:00:00+02:00,19826.5,20415.5,54.15,7153.2425,8285.9025,9418.56,25583.0,80.4975,109.3275,149.2725,15907.0
2024-05-31 07:00:00+02:00,22510.0,23600.5,70.5,6872.455,7922.28,8972.105,25583.0,601.1575,756.1175000000001,910.225,15907.0
2024-05-31 08:00:00+02:00,24365.5,24859.0,80.28,6716.805,7670.870000000001,8624.93,25583.0,1518.7350000000001,1779.1625000000001,2039.5900000000001,15907.0
2024-05-31 09:00:00+02:00,24789.5,24934.0,81.97,6635.9400000000005,7521.865,8407.7875,25583.0,2621.0425,2896.0625,3171.0775000000003,15907.0
2024-05-31 10:00:00+02:00,24863.0,24357.5,80.84,6536.525,7341.415,8146.3025,25583.0,3656.5275,4020.7775,4385.03,15907.0
2024-05-31 11:00:00+02:00,24614.0,24178.0,77.77,6520.9725,7272.4925,8024.0175,25583.0,4415.4175,4882.74,5350.0675,15907.0
2024-05-31 12:00:00+02:00,24615.0,23973.5,74.19,6588.68,7329.8875,8071.1,25583.0,4933.1075,5451.895,5970.6925,15907.0
2024-05-31 13:00:00+02:00,24049.5,23034.5,70.7,6748.65,7472.8225,8196.9925,25583.0,5194.12,5741.0075,6284.845,15907.0
2024-05-31 14:00:00+02:00,23516.0,22481.0,61.28,6921.6475,7662.955,8404.265,25583.0,5305.7325,5739.4025,6170.5525,15907.0
2024-05-31 15:00:00+02:00,23379.5,22449.0,54.57,7129.85,7917.514999999999,8705.185000000001,25583.0,5222.4875,5611.9375,6001.385,15907.0
2024-05-31 16:00:00+02:00,23902.0,23087.5,53.08,7368.195,8169.3025,8977.215,25583.0,4755.5025,5225.5725,5695.6425,15907.0
2024-05-31 17:00:00+02:00,25310.0,24267.5,58.91,7577.415,8381.215,9236.365,25583.0,4047.21,4456.6925,4866.172500000001,15907.0
2024-05-31 18:00:00+02:00,26201.5,25094.5,71.55,7754.205,8616.0075,9522.355,25583.0,3066.7925,3385.0225,3703.2525,15907.0
2024-05-31 19:00:00+02:00,26386.5,26033.5,81.36,7858.635,8822.68,9786.73,25583.0,1957.74,2186.6275,2415.5074999999997,15907.0
2024-05-31 20:00:00+02:00,26186.0,25825.0,84.47,7835.9825,8832.005000000001,9828.03,25583.0,908.7325000000001,1014.095,1118.1025,15907.0
2024-05-31 21:00:00+02:00,25773.0,25503.0,79.26,7738.174999999999,8699.955,9732.395,25583.0,161.4075,187.0025,230.12,15907.0
2024-05-31 22:00:00+02:00,24249.0,23990.0,76.15,7479.9875,8489.1675,9602.720000000001,25583.0,0.0,0.0,2.3675,15907.0
2024-05-31 23:00:00+02:00,22074.0,21733.5,70.55,7097.795,8248.98,9433.88,25583.0,0.0,0.0,0.0,15907.0
2024-06-01 00:00:00+02:00,20349.0,20098.0,68.78,6906.9775,8027.879999999999,9148.7775,25583.0,0.0,0.0,0.0,15907.0
2024-06-01 01:00:00+02:00,19447.5,19365.0,65.81,6836.5925,7737.84,8639.0825,25583.0,0.0,0.0,0.0,15905.0
2024-06-01 02:00:00+02:00,18827.5,18495.5,62.66,6640.827499999999,7386.299999999999,8131.7699999999995,25583.0,0.0,0.0,0.0,15905.0
2024-06-01 03:00:00+02:00,18030.0,18031.0,60.81,6405.5,7077.05,7748.594999999999,25583.0,0.0,0.0,0.0,15905.0
2024-06-01 04:00:00+02:00,17463.0,17487.5,58.68,6173.285,6845.355,7517.425,25583.0,0.0,0.0,0.0,15905.0
2024-06-01 05:00:00+02:00,17322.5,17441.0,57.33,6039.7425,6719.2625,7398.785,25583.0,0.0,0.0,0.6825,15905.0
2024-06-01 06:00:00+02:00,18319.5,18516.0,59.86,5995.205,6663.27,7331.335,25583.0,137.8825,151.985,175.0075,15905.0
2024-06-01 07:00:00+02:00,19213.0,19477.5,63.17,5958.02,6628.764999999999,7299.505,25583.0,851.8175,956.425,1060.3525,15905.0
2024-06-01 08:00:00+02:00,20066.5,20148.0,65.84,6045.29,6685.9925,7326.7,25583.0,1939.255,2179.96,2420.6675,15905.0
2024-06-01 09:00:00+02:00,20251.5,20281.0,67.65,6121.4125,6732.59,7343.77,25583.0,3221.5775,3567.4975,3913.4125,15905.0
2024-06-01 10:00:00+02:00,20165.0,19656.5,64.55,6059.514999999999,6663.844999999999,7268.172500000001,25583.0,4376.0575,4961.635,5547.2125,15905.0
2024-06-01 11:00:00+02:00,19624.0,19235.5,62.27,5946.4725,6562.014999999999,7177.5625,25583.0,5237.7675,6060.1025,6882.4375,15905.0
2024-06-01 12:00:00+02:00,19608.5,19107.0,62.21,5902.53,6528.035,7153.54,25583.0,5916.96,6839.2275,7761.49,15905.0
2024-06-01 13:00:00+02:00,19515.0,18821.5,60.45,5905.5425,6566.605,7227.67,25583.0,6237.6325,7147.370000000001,8049.782499999999,15905.0
2024-06-01 14:00:00+02:00,19209.0,18186.0,52.16,5957.92,6663.59,7369.26,25583.0,6246.577499999999,7052.01,7857.45,15905.0
2024-06-01 15:00:00+02:00,19510.0,18114.5,46.66,6082.4574999999995,6792.1,7501.745,25583.0,6004.1275000000005,6657.1625,7310.1925,15905.0
2024-06-01 16:00:00+02:00,20801.0,19383.5,45.97,6262.505,7004.98,7747.455,25583.0,5492.7425,5937.7825,6382.8225,15905.0
2024-06-01 17:00:00+02:00,22351.5,21877.0,54.37,6374.7,7197.25,8019.8025,25583.0,4629.3724999999995,4909.105,5188.844999999999,15905.0
2024-06-01 18:00:00+02:00,23732.5,23735.5,68.41,6433.95,7342.7775,8251.605,25583.0,3452.89,3656.9799999999996,3861.0699999999997,15905.0
2024-06-01 19:00:00+02:00,24570.0,22748.5,80.17,6566.175,7519.049999999999,8471.93,25583.0,2160.9725,2315.5025,2470.04,15905.0
2024-06-01 20:00:00+02:00,24662.0,23203.5,83.92,6612.95,7609.63,8606.31,25583.0,964.9,1049.7,1132.7450000000001,15905.0
2024-06-01 21:00:00+02:00,24143.0,24200.0,81.07,6497.5325,7534.955,8710.8425,25583.0,180.2725,202.3625,247.285,15905.0
2024-06-01 22:00:00+02:00,23339.5,22822.0,79.35,6276.639999999999,7269.7775,8634.029999999999,25583.0,0.0,0.0,4.06,15905.0
2024-06-01 23:00:00+02:00,21290.0,20859.0,73.67,5849.455,6773.3475,7929.88,25583.0,0.0,0.0,0.0,15905.0
2024-06-02 00:00:00+02:00,19735.0,19617.5,72.55,5286.9675,6227.58,7168.195,25583.0,0.0,0.0,0.0,15905.0
2024-06-02 01:00:00+02:00,18854.0,18875.0,68.0,4804.305,5774.165,6744.030000000001,25583.0,0.0,0.0,0.0,15905.0
2024-06-02 02:00:00+02:00,18400.0,18025.0,65.1,4485.55,5394.674999999999,6303.8099999999995,25583.0,0.0,0.0,0.0,15905.0
2024-06-02 03:00:00+02:00,17786.5,17234.0,61.46,4373.4125,5286.905,6200.4,25583.0,0.0,0.0,0.0,15905.0
2024-06-02 04:00:00+02:00,17235.0,16752.0,56.96,4469.305,5443.2975,6417.2925,25583.0,0.0,0.0,0.0,15905.0
2024-06-02 05:00:00+02:00,16868.0,16487.5,53.71,4667.3425,5654.03,6640.7175,25583.0,0.0,0.0,0.3925,15905.0
2024-06-02 06:00:00+02:00,16994.5,16684.5,49.38,4726.764999999999,5685.4875,6644.21,25583.0,153.1375,167.04500000000002,188.0875,15905.0
2024-06-02 07:00:00+02:00,16987.0,17043.0,48.47,4390.28,5307.1025,6223.925,25583.0,995.2725,1063.0275000000001,1130.23,15905.0
2024-06-02 08:00:00+02:00,16835.0,17568.0,48.73,3842.0924999999997,4727.29,5612.49,25583.0,2347.01,2476.955,2606.895,15905.0
2024-06-02 09:00:00+02:00,16825.0,17882.0,49.83,3401.0625,4346.12,5291.18,25583.0,4018.835,4223.655,4428.4725,15905.0
2024-06-02 10:00:00+02:00,16539.0,17072.5,47.66,3219.02,4234.0075,5248.995,25583.0,5970.672500000001,6301.45,6632.2275,15905.0
2024-06-02 11:00:00+02:00,15897.5,16086.5,44.75,3099.66,4117.635,5135.610000000001,25583.0,7739.0650000000005,8236.305,8733.5425,15905.0
2024-06-02 12:00:00+02:00,15910.0,16060.0,44.23,2929.105,3983.46,5037.8150000000005,25583.0,8879.885,9608.58,10337.28,15905.0
2024-06-02 13:00:00+02:00,15659.5,16062.5,43.43,3008.57,4083.245,5157.92,25583.0,9183.28,10050.7,10918.12,15905.0
2024-06-02 14:00:00+02:00,15396.0,16223.5,34.92,3366.9750000000004,4377.305,5387.639999999999,25583.0,8998.2625,9886.3025,10774.34,15905.0
2024-06-02 15:00:00+02:00,15939.5,17052.0,32.43,3651.325,4626.715,5602.105,25583.0,8334.8375,9176.564999999999,10018.2925,15905.0
2024-06-02 16:00:00+02:00,17877.0,18994.0,35.58,3755.42,4774.165,5792.905,25583.0,7071.7675,7770.1875,8468.6075,15905.0
2024-06-02 17:00:00+02:00,21005.5,21920.0,48.12,3870.195,4906.3099999999995,5942.425,25583.0,5477.995,6019.58,6561.165,15905.0
2024-06-02 18:00:00+02:00,23263.0,23989.5,69.75,3872.265,4859.09,5845.9075,25583.0,3911.8450000000003,4224.6125,4537.3825,15905.0
2024-06-02 19:00:00+02:00,24272.0,24718.5,86.18,3720.8225,4606.97,5493.115,25583.0,2381.3725,2554.3025,2727.2325,15905.0
2024-06-02 20:00:00+02:00,24356.5,24277.5,91.6,3415.855,4259.915,5103.9725,25583.0,1017.4300000000001,1128.1325,1237.6174999999998,15905.0
2024-06-02 21:00:00+02:00,24320.5,24082.5,90.59,3118.31,4006.1800000000003,4894.047500000001,25583.0,175.5275,194.0275,228.33,15905.0
2024-06-02 22:00:00+02:00,22993.5,22821.0,87.51,3215.95,4061.0074999999997,4906.0599999999995,25583.0,0.0,0.0,1.8175,15905.0
2024-06-02 23:00:00+02:00,20637.0,20327.0,80.59,3501.06,4194.64,4888.219999999999,25583.0,0.0,0.0,0.0,15905.0
2024-06-03 00:00:00+02:00,19168.5,19093.0,83.53,3566.585,4191.2525000000005,4815.92,25583.0,0.0,0.0,0.0,15905.0
2024-06-03 01:00:00+02:00,18803.0,18500.0,76.48,3404.08,4090.3975,4776.7175,25583.0,0.0,0.0,0.0,15905.0
2024-06-03 02:00:00+02:00,18407.0,17865.5,73.53,3257.935,4015.99,4774.045,25583.0,0.0,0.0,0.0,15905.0
2024-06-03 03:00:00+02:00,18052.5,17300.0,70.95,3262.3275,4114.7325,4967.1375,25583.0,0.0,0.0,0.0,15905.0
2024-06-03 04:00:00+02:00,17736.5,16896.0,67.99,3318.355,4295.6125,5272.87,25583.0,0.0,0.0,0.0,15905.0
2024-06-03 05:00:00+02:00,18469.5,17933.0,67.21,3454.4725,4443.0825,5431.695,25583.0,0.0,0.0,0.7575,15905.0
2024-06-03 06:00:00+02:00,20863.5,20587.0,72.92,3600.8050000000003,4568.014999999999,5535.2275,25583.0,104.43,123.715,151.5675,15905.0
2024-06-03 07:00:00+02:00,23362.0,23835.5,84.64,3659.17,4672.8275,5686.49,25583.0,697.035,777.31,856.9300000000001,15905.0
2024-06-03 08:00:00+02:00,24890.0,25180.5,89.97,3497.82,4684.16,5870.4974999999995,25583.0,1643.0175,1824.7875,2006.5625,15905.0
2024-06-03 09:00:00+02:00,25349.5,25667.5,92.42,3215.385,4602.3099999999995,5989.235000000001,25583.0,2648.545,2967.91,3287.275,15905.0
2024-06-03 10:00:00+02:00,25491.5,25154.5,90.2,3185.6925,4544.99,5904.285,25583.0,3570.35,3984.5099999999998,4398.6625,15905.0
2024-06-03 11:00:00+02:00,26059.5,25027.5,88.0,3282.25,4567.9725,5853.695,25583.0,4247.745000000001,4666.66,5085.5725,15905.0
2024-06-03 12:00:00+02:00,26030.5,25813.5,86.1,3447.9375,4646.395,5844.85,25583.0,4681.645,5068.0075,5454.375,15905.0
2024-06-03 13:00:00+02:00,25340.0,25620.5,85.28,3642.8275,4704.97,5767.115,25583.0,4903.145,5263.32,5623.4974999999995,15905.0
2024-06-03 14:00:00+02:00,24600.0,24661.5,81.16,3557.2275,4642.450000000001,5727.672500000001,25583.0,4805.575,5193.3,5581.02,15905.0
2024-06-03 15:00:00+02:00,24500.0,24809.0,77.96,3439.595,4560.9075,5682.215,25583.0,4491.695,4911.3225,5330.9475,15905.0
2024-06-03 16:00:00+02:00,25373.5,25946.5,77.42,3448.35,4529.2925,5610.24,25583.0,4020.6425,4414.8475,4809.0525,15905.0
2024-06-03 17:00:00+02:00,27020.5,27333.5,83.23,3429.18,4507.625,5586.07,25583.0,3201.0975,3609.56,4018.0275,15905.0
2024-06-03 18:00:00+02:00,27572.0,27674.5,95.23,3351.66,4453.2425,5554.82,25583.0,2236.665,2646.7200000000003,3056.7725,15905.0
2024-06-03 19:00:00+02:00,27310.0,27622.0,102.35,3234.8599999999997,4342.705,5450.55,25583.0,1425.1,1711.98,1998.8600000000001,15905.0
2024-06-03 20:00:00+02:00,26547.0,27219.5,104.37,3114.355,4290.8525,5467.345,25583.0,672.0675,807.07,940.2775,15905.0
2024-06-03 21:00:00+02:00,25911.0,26814.5,99.17,3075.8599999999997,4308.2474999999995,5540.635,25583.0,117.99000000000001,151.9025,209.2375,15905.0
2024-06-03 22:00:00+02:00,24560.5,24177.0,94.83,3140.355,4429.64,5718.9175,25583.0,0.0,0.0,5.529999999999999,15905.0
2024-06-03 23:00:00+02:00,21952.0,21604.5,87.48,3408.225,4618.375,5828.53,25583.0,0.0,0.0,0.0,15905.0
2024-06-04 00:00:00+02:00,20567.0,20038.5,79.97,3643.53,4729.12,5814.7125,25583.0,0.0,0.0,0.0,15905.0
2024-06-04 01:00:00+02:00,19716.0,19640.0,73.83,3750.015,4835.475,5920.9325,25583.0,0.0,0.0,0.0,15905.0
2024-06-04 02:00:00+02:00,19018.0,18874.5,70.33,3859.49,4901.717500000001,5943.9475,25583.0,0.0,0.0,0.0,15905.0
2024-06-04 03:00:00+02:00,18490.0,18486.5,67.34,3805.5,4911.7,6017.905,25583.0,0.0,0.0,0.0,15905.0
2024-06-04 04:00:00+02:00,17949.5,18132.0,65.41,3736.71,5011.9725,6287.23,25583.0,0.0,0.0,0.0,15905.0
2024-06-04 05:00:00+02:00,18300.5,18537.0,64.21,3856.265,5141.285,6426.3099999999995,25583.0,0.0,0.0,0.005,15905.0
2024-06-04 06:00:00+02:00,20966.5,21390.0,69.73,4117.705,5350.22,6582.7325,25583.0,73.425,96.72,120.61,15905.0
2024-06-04 07:00:00+02:00,23747.5,24313.5,79.97,4498.615,5741.610000000001,6984.605,25583.0,549.26,641.3025,733.295,15905.0
2024-06-04 08:00:00+02:00,25591.5,25568.0,84.59,5063.245,6417.047500000001,7770.845,25583.0,1419.2525,1606.85,1794.445,15905.0
2024-06-04 09:00:00+02:00,25622.0,25468.0,84.38,5709.035,7262.0225,8815.005,25583.0,2381.795,2679.3775,2976.9625,15905.0
2024-06-04 10:00:00+02:00,25048.0,24979.5,81.3,6339.1,8046.285,9753.4675,25583.0,3218.6275,3627.9449999999997,4037.2625,15905.0
2024-06-04 11:00:00+02:00,25096.5,24662.0,73.75,7063.4925,8930.66,10797.8325,25583.0,3862.62,4309.0275,4755.4349999999995,15905.0
2024-06-04 12:00:00+02:00,25465.0,24842.0,68.32,8145.9325,9946.33,11746.7225,25583.0,4211.525,4708.795,5203.6125,15905.0
2024-06-04 13:00:00+02:00,24506.5,24246.5,65.91,9114.9775,10841.7675,12568.555,25583.0,4099.6575,4733.835,5360.1825,15905.0
2024-06-04 14:00:00+02:00,24008.0,24110.5,59.05,9606.405,11496.5825,13386.76,25583.0,3696.1974999999998,4463.2125,5230.23,15905.0
2024-06-04 15:00:00+02:00,24426.0,24085.0,54.6,9700.605,11782.4425,13864.279999999999,25583.0,3310.7124999999996,4140.925,4971.1375,15905.0
2024-06-04 16:00:00+02:00,25981.5,25228.0,53.02,9660.255,11949.045,14237.8325,25583.0,3006.1925,3740.895,4475.6025,15905.0
2024-06-04 17:00:00+02:00,27348.0,26522.0,59.01,9621.455,12114.31,14607.1625,25583.0,2650.6525,3266.5150000000003,3882.375,15905.0
2024-06-04 18:00:00+02:00,27178.5,26778.0,70.42,9322.8775,12010.4125,14697.945,25583.0,2096.85,2619.5475,3142.25,15905.0
2024-06-04 19:00:00+02:00,26443.5,26427.5,81.3,8990.275,11725.035,14459.7925,25583.0,1453.405,1791.2575000000002,2129.11,15905.0
2024-06-04 20:00:00+02:00,25965.0,25731.5,84.36,8644.865,11442.51,14240.1525,25583.0,750.7375,904.585,1056.27,15905.0
2024-06-04 21:00:00+02:00,25033.0,25352.0,82.02,8266.545,11188.835,14111.130000000001,25583.0,159.9075,197.645,263.51,15905.0
2024-06-04 22:00:00+02:00,23640.5,23318.0,78.41,8143.555,10963.64,13783.7225,25583.0,0.0,0.0,6.49,15905.0
2024-06-04 23:00:00+02:00,21369.5,21270.5,70.98,8903.494999999999,11316.65,13729.805,25583.0,0.0,0.0,0.0,15905.0
2024-06-05 00:00:00+02:00,19626.0,19942.5,53.87,9258.92,11327.220000000001,13395.515,25583.0,0.0,0.0,0.0,15905.0
2024-06-05 01:00:00+02:00,19097.0,19170.0,43.89,8608.3975,10728.6725,12848.945,25583.0,0.0,0.0,0.0,15905.0
2024-06-05 02:00:00+02:00,18860.5,18497.0,41.33,8208.61,10500.545,12792.48,25583.0,0.0,0.0,0.0,15905.0
2024-06-05 03:00:00+02:00,18131.5,17972.5,39.15,7919.924999999999,10344.5975,12769.275000000001,25583.0,0.0,0.0,0.0,15905.0
2024-06-05 04:00:00+02:00,17708.5,17547.0,41.09,7604.4400000000005,10055.51,12506.5875,25583.0,0.0,0.0,0.0,15905.0
2024-06-05 05:00:00+02:00,18267.0,17919.0,42.63,7044.7425,9517.81,11990.875,25583.0,0.0,0.0,1.0725,15905.0
2024-06-05 06:00:00+02:00,21116.0,20473.5,52.27,6464.765,8922.3125,11379.86,25583.0,173.9425,200.5475,239.8025,15905.0
2024-06-05 07:00:00+02:00,23770.0,23273.0,69.95,6007.38,8378.2825,10749.185,25583.0,1030.035,1132.9625,1234.9125,15905.0
2024-06-05 08:00:00+02:00,23557.0,23977.0,79.02,5724.7525,7936.86,10148.965,25583.0,2390.0325000000003,2543.5150000000003,2697.0,15905.0
2024-06-05 09:00:00+02:00,22796.5,23769.0,74.72,5736.25,7739.965,9743.68,25583.0,3911.0725,4113.5175,4315.96,15905.0
2024-06-05 10:00:00+02:00,22058.5,22794.5,63.66,5810.6224999999995,7655.7,9500.775,25583.0,5301.7,5636.7875,5971.8775000000005,15905.0
2024-06-05 11:00:00+02:00,21493.0,21724.5,54.66,5867.205,7689.1325,9511.065,25583.0,6282.085,6832.51,7382.9349999999995,15905.0
2024-06-05 12:00:00+02:00,21090.0,20902.0,51.06,5836.08,7766.7525000000005,9697.425,25583.0,6751.3475,7557.22,8363.095,15905.0
2024-06-05 13:00:00+02:00,20083.5,20395.0,50.55,5848.5825,7796.915,9745.2475,25583.0,6775.295,7715.799999999999,8640.6,15905.0
2024-06-05 14:00:00+02:00,19674.5,20202.5,45.92,5843.23,7794.83,9746.435,25583.0,6645.9375,7545.8775000000005,8445.817500000001,15905.0
2024-06-05 15:00:00+02:00,19889.5,20698.0,42.81,5844.98,7788.077499999999,9731.18,25583.0,6290.7625,7024.5599999999995,7758.3550000000005,15905.0
2024-06-05 16:00:00+02:00,21968.0,22649.5,44.45,5863.4375,7828.139999999999,9792.845,25583.0,5530.0725,6193.0375,6856.005,15905.0
2024-06-05 17:00:00+02:00,24463.5,24908.0,55.48,5716.85,7851.835,9986.814999999999,25583.0,4406.665,5052.895,5699.1224999999995,15905.0
2024-06-05 18:00:00+02:00,26093.0,26065.0,78.46,5530.27,7751.61,9972.95,25583.0,3194.92,3686.6875,4178.46,15905.0
2024-06-05 19:00:00+02:00,26370.5,26774.5,89.52,5348.895,7568.1224999999995,9787.35,25583.0,1992.0525,2325.2325,2658.4175,15905.0
2024-06-05 20:00:00+02:00,26708.0,26749.5,94.26,5230.6075,7408.415,9586.23,25583.0,894.9275,1077.92,1258.55,15905.0
2024-06-05 21:00:00+02:00,26110.5,26156.0,93.19,4923.77,7122.21,9320.654999999999,25583.0,193.95,228.85,294.4325,15905.0
2024-06-05 22:00:00+02:00,24193.5,25134.5,89.58,4606.6775,6777.7775,8948.877499999999,25583.0,0.0,0.0,6.6450000000000005,15905.0
2024-06-05 23:00:00+02:00,21948.0,22397.5,83.08,4993.77,6961.765,8929.7625,25583.0,0.0,0.0,0.0,15905.0
2024-06-06 00:00:00+02:00,20602.0,20654.5,81.06,5214.8225,7085.4525,8956.0825,25583.0,0.0,0.0,0.0,15905.0
2024-06-06 01:00:00+02:00,20053.0,19985.0,73.37,4851.3225,6792.22,8733.119999999999,25583.0,0.0,0.0,0.0,15905.0
2024-06-06 02:00:00+02:00,19535.5,19419.5,69.9,4662.9425,6561.8525,8460.765,25583.0,0.0,0.0,0.0,15905.0
2024-06-06 03:00:00+02:00,18816.0,18929.0,66.62,4402.875,6215.8575,8028.84,25583.0,0.0,0.0,0.0,15905.0
2024-06-06 04:00:00+02:00,18618.0,18540.5,66.22,3958.625,5815.045,7671.4675,25583.0,0.0,0.0,0.0,15905.0
2024-06-06 05:00:00+02:00,19184.0,18967.5,67.26,3598.475,5435.045,7271.610000000001,25583.0,0.0,0.0,2.1375,15905.0
2024-06-06 06:00:00+02:00,21744.0,21908.5,77.11,3210.75,5072.0575,6933.360000000001,25583.0,105.395,129.555,168.23,15905.0
2024-06-06 07:00:00+02:00,24620.5,24944.5,91.11,2828.87,4726.525,6624.18,25583.0,700.0125,830.5225,959.9125,15905.0
2024-06-06 08:00:00+02:00,24974.0,25324.0,96.29,2692.2799999999997,4495.2725,6298.26,25583.0,1705.1675,2069.0875,2433.01,15905.0
2024-06-06 09:00:00+02:00,24137.5,25161.5,94.5,2731.7475,4463.9349999999995,6196.12,25583.0,2968.6975,3555.98,4143.265,15905.0
2024-06-06 10:00:00+02:00,23230.5,24258.0,90.68,2869.3875,4569.424999999999,6269.4575,25583.0,4513.4175,5140.1575,5766.900000000001,15905.0
2024-06-06 11:00:00+02:00,23069.0,23688.5,83.0,3038.6400000000003,4648.754999999999,6258.865,25583.0,5840.05,6426.7625,7013.4675,15905.0
2024-06-06 12:00:00+02:00,23167.5,23362.5,74.64,3067.9049999999997,4702.365,6336.825,25583.0,6583.945,7221.11,7858.2725,15905.0
2024-06-06 13:00:00+02:00,22543.0,22363.5,71.29,3100.3375,4793.8775000000005,6487.42,25583.0,6868.4225,7557.1725,8243.8175,15905.0
2024-06-06 14:00:00+02:00,21661.0,21989.0,62.26,3266.1800000000003,4870.9349999999995,6475.69,25583.0,6687.6449999999995,7367.9425,8048.2425,15905.0
2024-06-06 15:00:00+02:00,21876.5,21901.0,58.26,3518.81,5002.5025000000005,6486.19,25583.0,6113.7325,6825.9625,7538.19,15905.0
2024-06-06 16:00:00+02:00,23178.0,23691.5,63.51,3707.4375,5113.34,6519.24,25583.0,5384.475,6078.887500000001,6773.295,15905.0
2024-06-06 17:00:00+02:00,25219.0,25834.0,78.12,3735.1275,5114.2875,6493.4475,25583.0,4526.34,5047.6725,5569.005,15905.0
2024-06-06 18:00:00+02:00,26751.5,26993.5,91.44,3663.0825,5086.4349999999995,6509.79,25583.0,3392.56,3730.375,4068.19,15905.0
2024-06-06 19:00:00+02:00,26907.5,26973.5,101.21,3593.8500000000004,5067.219999999999,6540.5875,25583.0,2149.4425,2362.7625,2576.085,15905.0
2024-06-06 20:00:00+02:00,27029.0,27128.0,106.66,3479.3450000000003,4857.6975,6236.05,25583.0,1033.1275,1136.6375,1239.175,15905.0
2024-06-06 21:00:00+02:00,26875.0,26438.0,104.87,3251.7575,4483.655,5715.5525,25583.0,219.9775,244.9175,282.4875,15905.0
2024-06-06 22:00:00+02:00,24891.0,24399.5,100.55,3012.085,4283.235,5554.375,25583.0,0.0,0.0,0.935,15905.0
2024-06-06 23:00:00+02:00,22276.5,22043.0,94.07,3031.605,4199.845,5368.0825,25583.0,0.0,0.0,0.0,15905.0
2024-06-07 00:00:00+02:00,20587.0,20492.0,82.37,3279.7775,4261.6849999999995,5243.594999999999,25583.0,0.0,0.0,0.0,15905.0
2024-06-07 01:00:00+02:00,19608.0,19875.0,77.7,3450.9449999999997,4417.79,5384.639999999999,25583.0,0.0,0.0,0.0,15905.0
2024-06-07 02:00:00+02:00,19192.0,19496.5,74.51,3548.6075,4527.7925000000005,5506.98,25583.0,0.0,0.0,0.0,15905.0
2024-06-07 03:00:00+02:00,18547.5,18690.5,70.67,3695.865,4756.975,5818.085,25583.0,0.0,0.0,0.0,15905.0
2024-06-07 04:00:00+02:00,18441.0,18190.0,68.05,3767.745,5008.2525000000005,6248.755,25583.0,0.0,0.0,0.0,15905.0
2024-06-07 05:00:00+02:00,18960.0,18602.5,65.36,3882.275,5209.5075,6536.74,25583.0,0.0,0.0,0.415,15905.0
2024-06-07 06:00:00+02:00,21307.5,21288.5,70.62,4040.25,5414.12,6787.99,25583.0,180.9025,195.565,218.0225,15905.0
2024-06-07 07:00:00+02:00,23915.0,23823.5,82.42,4063.5275,5622.57,7181.6175,25583.0,1040.435,1120.205,1199.3725,15905.0
2024-06-07 08:00:00+02:00,23982.5,24131.5,85.99,4393.5375,6005.65,7617.76,25583.0,2315.555,2458.585,2601.615,15905.0
2024-06-07 09:00:00+02:00,23062.0,24065.0,82.78,4757.1175,6382.6475,8008.175,25583.0,3635.525,3856.1825,4076.835,15905.0
2024-06-07 10:00:00+02:00,22838.0,23560.5,70.67,4729.5625,6513.5650000000005,8297.564999999999,25583.0,4752.7725,5093.2325,5433.6900000000005,15905.0
2024-06-07 11:00:00+02:00,22924.5,22975.5,64.35,4732.725,6725.280000000001,8717.835,25583.0,5368.785,5881.775,6394.7675,15905.0
2024-06-07 12:00:00+02:00,22401.0,22366.0,60.31,4942.845,7144.725,9346.6075,25583.0,5648.495,6321.495,6994.4974999999995,15905.0
2024-06-07 13:00:00+02:00,21610.0,21672.5,56.86,5251.8425,7568.7525000000005,9885.6575,25583.0,5706.495,6438.56,7190.38,15905.0
2024-06-07 14:00:00+02:00,20984.0,21567.5,49.44,5753.1825,7911.48,10092.56,25583.0,5606.62,6360.0075,7113.3925,15905.0
2024-06-07 15:00:00+02:00,20582.0,21784.0,44.57,6380.2,8252.8925,10148.369999999999,25583.0,5233.6475,5994.6325,6755.6175,15905.0
2024-06-07 16:00:00+02:00,21855.0,22456.0,44.52,6968.3150000000005,8635.01,10301.71,25583.0,4646.3025,5360.75,6075.195,15905.0
2024-06-07 17:00:00+02:00,23331.5,24276.0,53.12,7193.085,8756.2675,10319.45,25583.0,3958.885,4523.7725,5088.6575,15905.0
2024-06-07 18:00:00+02:00,25213.0,25163.0,72.82,7025.33,8540.0925,10054.86,25583.0,2979.1325,3381.96,3784.785,15905.0
2024-06-07 19:00:00+02:00,25548.5,25195.5,86.71,6748.195,8157.975,9649.48,25583.0,1885.5525,2159.0875,2432.6225,15905.0
2024-06-07 20:00:00+02:00,25551.5,25051.0,91.08,6399.865,7796.545,9274.9525,25583.0,870.4575,1022.4224999999999,1173.3725,15905.0
2024-06-07 21:00:00+02:00,24492.5,24850.5,88.18,6007.995,7567.1625,9126.3325,25583.0,171.6225,205.0675,251.8,15905.0
2024-06-07 22:00:00+02:00,22847.0,23775.0,85.34,5856.425,7565.715,9275.005,25583.0,0.0,0.0,1.17,15905.0
2024-06-07 23:00:00+02:00,20932.0,21096.0,78.72,6233.2775,7639.24,9045.2075,25583.0,0.0,0.0,0.0,15905.0
2024-06-08 00:00:00+02:00,19287.0,19348.5,71.02,6642.8,7756.915,8871.025,25583.0,0.0,0.0,0.0,15905.0
2024-06-08 01:00:00+02:00,18376.5,18500.0,58.45,6651.702499999999,7938.045,9224.385,25583.0,0.0,0.0,0.0,15905.0
2024-06-08 02:00:00+02:00,17781.0,17735.5,47.26,6523.705,8079.1,9634.494999999999,25583.0,0.0,0.0,0.0,15905.0
2024-06-08 03:00:00+02:00,16997.5,17080.0,39.47,6485.7,8225.13,9964.56,25583.0,0.0,0.0,0.0,15905.0
2024-06-08 04:00:00+02:00,16660.0,16505.0,34.66,6544.5525,8320.7675,10096.98,25583.0,0.0,0.0,0.0,15905.0
2024-06-08 05:00:00+02:00,16669.0,16479.5,33.6,6570.7375,8310.315,10049.89,25583.0,0.0,0.0,0.695,15905.0
2024-06-08 06:00:00+02:00,17688.0,17907.5,35.28,6241.5875,8119.6925,9997.805,25583.0,121.17750000000001,131.18,149.375,15905.0
2024-06-08 07:00:00+02:00,19242.5,19273.5,37.21,5891.17,7918.545,9945.915,25583.0,693.3625,779.97,865.9475,15905.0
2024-06-08 08:00:00+02:00,20528.0,20345.5,38.84,5768.06,7852.255,9936.45,25583.0,1570.0625,1745.7025,1921.3400000000001,15905.0
2024-06-08 09:00:00+02:00,21100.0,20648.0,38.41,5679.7775,7982.2474999999995,10284.720000000001,25583.0,2569.5225,2816.435,3063.35,15905.0
2024-06-08 10:00:00+02:00,20929.0,19889.5,37.1,5934.78,8322.0775,10709.3725,25583.0,3734.8599999999997,4124.2925,4513.724999999999,15905.0
2024-06-08 11:00:00+02:00,19954.5,18604.5,35.43,6341.3675,8501.6525,10661.945,25583.0,4895.2525,5403.6325,5912.01,15905.0
2024-06-08 12:00:00+02:00,18803.0,17677.0,34.92,6514.4875,8385.435,10256.384999999998,25583.0,5803.2925,6436.1325,7068.965,15905.0
2024-06-08 13:00:00+02:00,17348.0,16692.5,32.74,6426.335,8156.855,9887.380000000001,25583.0,6408.8775,7160.385,7911.8925,15905.0
2024-06-08 14:00:00+02:00,16162.0,15494.0,25.82,6249.57,7827.764999999999,9405.96,25583.0,6849.4525,7584.0025,8317.76,15905.0
2024-06-08 15:00:00+02:00,15500.0,15626.0,22.45,6186.045,7542.8324999999995,8899.6175,25583.0,6950.465,7584.735000000001,8223.565,15905.0
2024-06-08 16:00:00+02:00,16608.5,17472.5,23.14,5962.29,7222.9875,8483.68,25583.0,6441.775,6988.92,7461.2275,15905.0
2024-06-08 17:00:00+02:00,19301.5,20101.5,27.91,5691.07,6871.025,8050.9825,25583.0,5469.9575,5930.155,6315.525,15905.0
2024-06-08 18:00:00+02:00,21456.0,21907.5,43.6,5563.5599999999995,6677.9625,7792.365,25583.0,4099.1775,4430.395,4767.365,15905.0
2024-06-08 19:00:00+02:00,22577.5,22687.0,68.03,5431.38,6660.535,7889.695,25583.0,2650.38,2863.235,3076.0924999999997,15905.0
2024-06-08 20:00:00+02:00,23166.5,23355.0,83.02,5046.32,6594.8525,8143.385,25583.0,1309.25,1406.6599999999999,1502.705,15905.0
2024-06-08 21:00:00+02:00,22959.0,23339.5,84.43,4836.37,6619.9825,8403.5975,25583.0,275.35,293.3925,329.19,15905.0
2024-06-08 22:00:00+02:00,22117.0,22363.5,82.11,5242.905000000001,6970.9,8698.895,25583.0,0.0,0.0,1.6125,15905.0
2024-06-08 23:00:00+02:00,19739.5,20366.0,73.88,5880.96,7436.835,8992.71,25583.0,0.0,0.0,0.0,15905.0
2024-06-09 00:00:00+02:00,18267.5,18515.5,62.68,6433.22,8109.5775,9785.94,25583.0,0.0,0.0,0.0,15905.0
2024-06-09 01:00:00+02:00,17628.5,17600.0,43.96,7273.5825,9110.645,10947.71,25583.0,0.0,0.0,0.0,15905.0
2024-06-09 02:00:00+02:00,16837.0,16978.5,29.54,8269.45,9880.945,11492.442500000001,25583.0,0.0,0.0,0.0,15905.0
2024-06-09 03:00:00+02:00,16090.5,16042.0,19.74,8812.7,10184.9675,11557.23,25583.0,0.0,0.0,0.0,15905.0
2024-06-09 04:00:00+02:00,15594.0,15725.0,12.33,8891.744999999999,10152.25,11412.7625,25583.0,0.0,0.0,0.0,15905.0
2024-06-09 05:00:00+02:00,15342.5,15333.0,10.27,8703.1775,9920.035,11136.8925,25583.0,0.0,0.0,0.7175,15905.0
2024-06-09 06:00:00+02:00,15511.5,15891.0,0.86,8566.48,9811.029999999999,11055.5775,25583.0,194.8625,205.305,226.0075,15905.0
2024-06-09 07:00:00+02:00,15531.5,15994.0,-2.62,8505.4775,9766.435,11027.39,25583.0,1116.5425,1176.215,1235.1525,15905.0
2024-06-09 08:00:00+02:00,15929.5,16199.0,-7.83,8269.185,9526.6875,10784.195,25583.0,2442.7799999999997,2568.3775,2693.2650000000003,15905.0
2024-06-09 09:00:00+02:00,17044.5,17035.5,-9.29,7956.54,9425.485,10894.4275,25583.0,3815.41,4005.605,4195.09,15905.0
2024-06-09 10:00:00+02:00,18443.5,17593.0,-5.94,7688.695,9472.9025,11257.105,25583.0,4974.2425,5259.08,5543.9725,15905.0
2024-06-09 11:00:00+02:00,19552.5,17565.0,-1.12,7120.5925,9103.6625,11086.724999999999,25583.0,5628.4325,6014.235,6400.035,15905.0
2024-06-09 12:00:00+02:00,20017.0,18264.5,4.87,6580.8575,8519.529999999999,10458.2,25583.0,5932.3675,6375.12,6817.7925,15905.0
2024-06-09 13:00:00+02:00,19829.5,18908.5,6.43,5872.04,7907.51,9942.98,25583.0,5885.57,6377.405,6868.4175,15905.0
2024-06-09 14:00:00+02:00,19834.0,19007.5,4.36,5084.675,7224.8575,9365.0425,25583.0,5616.9525,6106.7474999999995,6596.54,15905.0
2024-06-09 15:00:00+02:00,20221.5,19195.5,5.46,4592.215,6691.82,8791.43,25583.0,5060.0125,5578.4225,6096.827499999999,15905.0
2024-06-09 16:00:00+02:00,21842.5,20612.5,14.49,4145.3325,6352.02,8558.71,25583.0,4302.67,4801.725,5300.7775,15905.0
2024-06-09 17:00:00+02:00,23991.0,23363.5,40.59,3842.67,5979.34,8116.012500000001,25583.0,3474.19,3850.3424999999997,4226.4925,15905.0
2024-06-09 18:00:00+02:00,25440.0,24857.0,71.39,3399.6,5601.845,7804.095,25583.0,2456.67,2790.0575,3123.4449999999997,15905.0
2024-06-09 19:00:00+02:00,25814.5,25058.0,88.86,2896.6099999999997,5218.76,7540.9025,25583.0,1503.97,1761.0275000000001,2018.0825,15905.0
2024-06-09 20:00:00+02:00,25045.0,24586.0,93.55,2540.0,4910.79,7281.5825,25583.0,654.4925000000001,809.1375,962.5350000000001,15905.0
2024-06-09 21:00:00+02:00,24687.5,24444.0,93.91,2508.0225,4786.2225,7064.4225,25583.0,100.54,157.9325,231.525,15905.0
2024-06-09 22:00:00+02:00,23360.0,23049.5,90.45,2715.275,4794.5525,6873.8275,25583.0,0.0,0.0,2.08,15905.0
2024-06-09 23:00:00+02:00,20832.5,20542.0,83.33,2926.6025,4476.16,6025.72,25583.0,0.0,0.0,0.0,15905.0
2024-06-10 00:00:00+02:00,19388.5,18803.0,76.18,3089.0699999999997,4238.030000000001,5386.99,25583.0,0.0,0.0,0.0,15905.0
2024-06-10 01:00:00+02:00,18413.5,18350.0,64.22,3262.2975,4481.02,5699.74,25583.0,0.0,0.0,0.0,15905.0
2024-06-10 02:00:00+02:00,17897.5,17658.0,58.02,3377.8925,4607.82,5837.75,25583.0,0.0,0.0,0.0,15905.0
2024-06-10 03:00:00+02:00,17213.5,17136.5,54.46,3293.69,4665.5,6037.3125,25583.0,0.0,0.0,0.0,15905.0
2024-06-10 04:00:00+02:00,16752.5,16765.0,51.15,3494.6125,4901.375,6308.1375,25583.0,0.0,0.0,0.0,15905.0
2024-06-10 05:00:00+02:00,17323.0,17434.5,43.9,3840.205,5298.415,6756.63,25583.0,0.0,0.0,1.0575,15905.0
2024-06-10 06:00:00+02:00,20884.5,20139.0,49.38,4031.3575,5677.795,7324.235,25583.0,44.075,74.39,113.725,15905.0
2024-06-10 07:00:00+02:00,24167.0,23282.0,68.51,4337.3775000000005,6174.725,8012.075,25583.0,305.1975,571.8050000000001,837.7175,15905.0
2024-06-10 08:00:00+02:00,24654.0,24207.0,77.18,4638.7925,6764.514999999999,8890.235,25583.0,1047.4775,1659.0125,2270.545,15905.0
2024-06-10 09:00:00+02:00,24524.0,24153.0,70.15,4952.205,7262.625,9573.045,25583.0,2304.245,3113.8025,3923.3575,15905.0
2024-06-10 10:00:00+02:00,23668.0,23382.0,54.7,5431.505,7632.085,9832.665,25583.0,3747.14,4591.2725,5435.407499999999,15905.0
2024-06-10 11:00:00+02:00,23003.0,23332.5,36.06,5892.79,7972.4625,10052.14,25583.0,4849.645,5708.0125,6566.3875,15905.0
2024-06-10 12:00:00+02:00,22511.5,23498.0,24.55,6524.725,8460.445,10396.165,25583.0,5484.45,6368.2475,7252.0425,15905.0
2024-06-10 13:00:00+02:00,21877.5,22608.0,17.39,7263.07,9068.3525,10873.6375,25583.0,5973.505,6790.125,7606.7475,15905.0
2024-06-10 14:00:00+02:00,21593.0,21627.0,6.77,7801.15,9621.975,11442.8,25583.0,6207.782499999999,6916.5475,7622.16,15905.0
2024-06-10 15:00:00+02:00,21750.5,21860.0,1.63,8307.3475,10134.485,11961.6175,25583.0,6076.6825,6668.4974999999995,7260.315,15905.0
2024-06-10 16:00:00+02:00,23289.0,23244.5,3.36,8537.305,10369.744999999999,12202.185000000001,25583.0,5648.4974999999995,6067.1975,6485.8975,15905.0
2024-06-10 17:00:00+02:00,25815.5,25412.0,17.92,8439.78,10385.175,12330.57,25583.0,4887.225,5155.83,5424.4375,15905.0
2024-06-10 18:00:00+02:00,26606.0,27028.0,53.46,7983.595,10196.415,12409.235,25583.0,3709.1375,3909.0625,4108.9825,15905.0
2024-06-10 19:00:00+02:00,27532.5,27253.0,78.07,6987.172500000001,9415.84,11844.5075,25583.0,2391.0425,2528.1575,2665.27,15905.0
2024-06-10 20:00:00+02:00,27574.0,26389.0,90.52,5914.09,8499.345000000001,11084.6075,25583.0,1153.22,1229.92,1305.4524999999999,15905.0
2024-06-10 21:00:00+02:00,26757.5,25759.5,89.95,5141.83,7860.785,10579.7425,25583.0,250.845,268.35,301.0475,15905.0
2024-06-10 22:00:00+02:00,25158.5,24090.5,85.89,4792.8475,7460.88,10128.9125,25583.0,0.0,0.0,1.2975,15905.0
2024-06-10 23:00:00+02:00,22457.5,21684.5,77.16,5462.797500000001,7425.27,9387.7425,25583.0,0.0,0.0,0.0,15905.0
2024-06-11 00:00:00+02:00,20638.0,20408.0,73.13,6202.3150000000005,7444.0975,8685.8825,25583.0,0.0,0.0,0.0,15905.0
2024-06-11 01:00:00+02:00,19936.5,19600.0,63.98,6130.23,7260.87,8391.509999999998,25583.0,0.0,0.0,0.0,15905.0
2024-06-11 02:00:00+02:00,19579.5,19176.5,61.26,5940.985000000001,7155.2625,8369.5375,25583.0,0.0,0.0,0.0,15905.0
2024-06-11 03:00:00+02:00,19283.5,18525.0,57.23,5874.85,7175.6849999999995,8476.52,25583.0,0.0,0.0,0.0,15905.0
2024-06-11 04:00:00+02:00,18769.5,18409.0,56.63,5931.8825,7259.295,8586.7125,25583.0,0.0,0.0,0.0,15905.0
2024-06-11 05:00:00+02:00,19358.0,18724.5,57.96,5953.96,7371.455,8788.9525,25583.0,0.12,0.315,1.325,15905.0
2024-06-11 06:00:00+02:00,22331.0,22164.5,66.96,5884.645,7366.26,8847.880000000001,25583.0,166.2375,184.1225,206.1625,15905.0
2024-06-11 07:00:00+02:00,25619.5,25256.5,84.92,5815.889999999999,7239.985,8664.085,25583.0,940.3525,1020.0225,1099.2125,15905.0
2024-06-11 08:00:00+02:00,25928.0,25517.5,92.43,5799.51,7204.84,8610.17,25583.0,2156.5125,2294.69,2434.9475,15905.0
2024-06-11 09:00:00+02:00,25164.5,25500.0,91.56,5623.34,7127.52,8631.7025,25583.0,3513.3325,3718.5474999999997,3925.8375,15905.0
2024-06-11 10:00:00+02:00,24892.0,25093.5,86.73,5413.3875,6912.07,8410.75,25583.0,4728.6675,4995.4875,5262.1425,15905.0
2024-06-11 11:00:00+02:00,24946.0,24919.0,79.47,5085.295,6590.585,8095.87,25583.0,5462.635,5837.3625,6212.0925,15905.0
2024-06-11 12:00:00+02:00,25105.0,24891.5,74.81,4790.1025,6253.97,7717.84,25583.0,5716.4925,6321.3575,6923.745,15905.0
2024-06-11 13:00:00+02:00,24806.0,24680.0,75.56,4677.3225,6069.945,7462.5650000000005,25583.0,5690.6325,6393.8775000000005,7096.1525,15905.0
2024-06-11 14:00:00+02:00,24669.5,24711.5,71.81,4598.7025,5936.87,7275.0375,25583.0,5641.535,6257.205,6872.8724999999995,15905.0
2024-06-11 15:00:00+02:00,25353.0,24946.0,70.28,4568.95,5817.245,7065.545,25583.0,5456.6449999999995,5975.49,6494.3325,15905.0
2024-06-11 16:00:00+02:00,26672.0,26053.0,74.25,4376.547500000001,5701.6125,7026.68,25583.0,4887.7725,5418.452499999999,5949.1325,15905.0
2024-06-11 17:00:00+02:00,28604.5,28152.5,84.12,4191.905,5567.9875,6944.065,25583.0,4062.4625,4536.8325,5011.2025,15905.0
2024-06-11 18:00:00+02:00,29299.0,28301.5,96.68,4165.02,5419.27,6673.5175,25583.0,3074.45,3387.535,3700.6175,15905.0
2024-06-11 19:00:00+02:00,28980.5,28628.5,105.37,4057.91,5179.9400000000005,6301.965,25583.0,1973.295,2160.0675,2346.84,15905.0
2024-06-11 20:00:00+02:00,28784.0,28476.5,106.94,3789.35,4927.355,6065.360000000001,25583.0,960.5374999999999,1041.355,1121.195,15905.0
2024-06-11 21:00:00+02:00,27821.0,27631.0,102.51,3544.1,4741.28,5938.465,25583.0,226.6425,245.3775,276.83,15905.0
2024-06-11 22:00:00+02:00,26069.0,25956.0,97.69,3338.0425,4535.68,5733.3099999999995,25583.0,0.0,0.0,0.995,15905.0
2024-06-11 23:00:00+02:00,23385.5,23167.0,91.32,3199.64,4261.76,5323.879999999999,25583.0,0.0,0.0,0.0,15905.0
2024-06-12 00:00:00+02:00,21834.5,21206.0,79.6,3035.4,3998.5550000000003,4961.715,25583.0,0.0,0.0,0.0,15905.0
2024-06-12 01:00:00+02:00,21204.5,20600.0,75.0,2817.12,3793.775,4770.43,25583.0,0.0,0.0,0.0,16396.0
2024-06-12 02:00:00+02:00,20761.5,20237.5,72.72,2605.3975,3616.135,4626.8775000000005,25583.0,0.0,0.0,0.0,16396.0
2024-06-12 03:00:00+02:00,20089.0,19914.5,70.78,2452.5675,3564.8525,4677.1425,25583.0,0.0,0.0,0.0,16396.0
2024-06-12 04:00:00+02:00,19689.0,19362.5,70.35,2437.8575,3577.9,4717.9400000000005,25583.0,0.0,0.0,0.0,16396.0
2024-06-12 05:00:00+02:00,20140.5,20004.5,71.72,2412.44,3499.6949999999997,4586.95,25583.0,1.0175,1.805,2.2925,16396.0
2024-06-12 06:00:00+02:00,23319.0,23213.5,78.38,2271.1825,3333.5125,4395.844999999999,25583.0,119.005,150.635,181.13,16396.0
2024-06-12 07:00:00+02:00,26792.0,26838.0,90.87,2028.545,3096.555,4164.5625,25583.0,751.5450000000001,850.255,949.0475,16396.0
2024-06-12 08:00:00+02:00,27050.0,27433.0,97.25,1802.0025,2829.4275,3856.8525,25583.0,1899.3525,2052.0025,2204.645,16396.0
2024-06-12 09:00:00+02:00,26764.0,26815.0,96.35,1621.855,2550.6549999999997,3479.46,25583.0,3243.4449999999997,3491.33,3739.2124999999996,16396.0
2024-06-12 10:00:00+02:00,26453.5,26065.5,92.58,1350.2675,2224.85,3099.43,25583.0,4494.235000000001,4827.6449999999995,5164.09,16396.0
2024-06-12 11:00:00+02:00,26718.5,25819.5,89.43,1093.29,1959.6599999999999,2826.0275,25583.0,5332.17,5743.92,6127.2275,16396.0
2024-06-12 12:00:00+02:00,27049.5,25762.0,87.42,916.915,1767.0525,2617.1925,25583.0,5778.3875,6399.485000000001,6852.3150000000005,16396.0
2024-06-12 13:00:00+02:00,26093.5,25312.5,86.87,769.735,1562.465,2355.1975,25583.0,5942.725,6694.4974999999995,7128.0,16396.0
2024-06-12 14:00:00+02:00,25547.5,25056.5,84.2,736.9975,1433.63,2130.2675,25583.0,5945.592500000001,6650.0475,7064.92,16396.0
2024-06-12 15:00:00+02:00,25451.0,25630.5,81.98,682.85,1344.7725,2006.6950000000002,25583.0,5765.63,6376.1,6786.565,16396.0
2024-06-12 16:00:00+02:00,26280.5,26871.0,82.66,625.515,1282.155,1938.785,25583.0,5280.4575,5744.64,6132.5025,16396.0
2024-06-12 17:00:00+02:00,27708.5,28732.0,86.83,645.355,1276.0725,1906.785,25583.0,4548.327499999999,4853.8775,5162.24,16396.0
2024-06-12 18:00:00+02:00,28199.0,29345.5,97.27,643.78,1229.69,1815.595,25583.0,3486.05,3731.1275,3972.3675,16396.0
2024-06-12 19:00:00+02:00,28634.0,28781.0,103.4,611.89,1126.6399999999999,1641.395,25583.0,2238.475,2424.8025,2611.4275,16396.0
2024-06-12 20:00:00+02:00,28140.0,28489.0,104.89,561.73,995.185,1428.635,25583.0,1111.2475,1209.4850000000001,1306.26,16396.0
2024-06-12 21:00:00+02:00,27723.5,27596.0,99.22,545.365,930.09,1314.815,25583.0,273.0675,294.4925,334.9125,16396.0
2024-06-12 22:00:00+02:00,26071.5,25931.5,95.38,578.0450000000001,967.735,1357.43,25583.0,0.0,0.0,1.9275,16396.0
2024-06-12 23:00:00+02:00,23123.5,23305.5,89.76,588.7275,1055.2,1521.67,25583.0,0.0,0.0,0.0,16396.0
2024-06-13 00:00:00+02:00,21407.0,21484.5,85.65,589.5474999999999,1197.8899999999999,1806.2375,25583.0,0.0,0.0,0.0,16396.0
2024-06-13 01:00:00+02:00,20536.5,20700.0,82.07,639.6575,1384.48,2129.3050000000003,25583.0,0.0,0.0,0.0,16396.0
2024-06-13 02:00:00+02:00,20114.0,20158.5,78.57,712.435,1579.1599999999999,2445.8875,25583.0,0.0,0.0,0.0,16396.0
2024-06-13 03:00:00+02:00,19802.5,19733.5,75.81,715.6075000000001,1737.0225,2758.435,25583.0,0.0,0.0,0.0,16396.0
2024-06-13 04:00:00+02:00,19206.5,19085.5,74.72,744.8399999999999,1889.9875,3035.13,25583.0,0.0,0.0,0.0,16396.0
2024-06-13 05:00:00+02:00,19495.0,19579.0,74.55,949.935,2087.56,3225.1825,25583.0,0.0,0.0,0.7275,16396.0
2024-06-13 06:00:00+02:00,22227.5,22476.0,80.9,1187.445,2235.325,3283.205,25583.0,150.54000000000002,177.9425,215.235,16396.0
2024-06-13 07:00:00+02:00,25499.0,25744.5,90.99,1269.5075,2304.3175,3339.125,25583.0,759.1975,904.7850000000001,1049.61,16396.0
2024-06-13 08:00:00+02:00,26014.5,26181.5,95.12,1307.1275,2455.925,3604.7200000000003,25583.0,1781.895,2059.065,2336.225,16396.0
2024-06-13 09:00:00+02:00,25672.5,25856.0,92.89,1541.335,2821.3025,4101.27,25583.0,2795.8975,3305.2174999999997,3814.5425,16396.0
2024-06-13 10:00:00+02:00,25162.0,25608.5,88.49,1992.65,3407.08,4821.512500000001,25583.0,3446.9525,4274.2875,5101.6224999999995,16396.0
2024-06-13 11:00:00+02:00,25168.5,25687.0,85.48,2509.9700000000003,4087.09,5664.205,25583.0,3705.3375,4663.49,5621.7625,16396.0
2024-06-13 12:00:00+02:00,25707.0,25904.0,83.53,3016.7775,4797.305,6577.835,25583.0,3657.7825000000003,4661.4025,5638.88,16396.0
2024-06-13 13:00:00+02:00,26360.0,26030.0,82.87,3729.8175,5668.969999999999,7608.12,25583.0,3415.2799999999997,4403.725,5392.17,16396.0
2024-06-13 14:00:00+02:00,26359.5,26166.0,78.54,4667.4675,6679.25,8691.0275,25583.0,2912.8999999999996,3822.1099999999997,4731.3175,16396.0
2024-06-13 15:00:00+02:00,26865.5,26565.5,76.53,5649.7425,7609.585,9569.425,25583.0,2362.4275,3129.205,3895.98,16396.0
2024-06-13 16:00:00+02:00,28304.0,27448.0,76.12,6453.5925,8391.1125,10328.635,25583.0,1932.5225,2412.2425,2891.9625,16396.0
2024-06-13 17:00:00+02:00,29427.0,28918.0,80.55,7015.445,9088.439999999999,11161.435000000001,25583.0,1470.5725,1734.4825,1998.395,16396.0
2024-06-13 18:00:00+02:00,29051.5,28645.0,88.81,7565.8775000000005,9506.692500000001,11447.512499999999,25583.0,973.4025,1157.6725000000001,1341.94,16396.0
2024-06-13 19:00:00+02:00,28333.5,27594.5,93.43,7821.9875,9656.125,11490.2625,25583.0,522.6175,636.59,750.565,16396.0
2024-06-13 20:00:00+02:00,27321.5,26783.5,92.07,8251.9625,9962.112500000001,11672.2575,25583.0,209.725,252.94,295.64750000000004,16396.0
2024-06-13 21:00:00+02:00,25851.0,25283.0,85.96,8749.625,10261.1025,11772.5775,25583.0,42.7975,51.765,67.3925,16396.0
2024-06-13 22:00:00+02:00,23741.5,23372.5,79.67,8882.305,10416.29,11950.28,25583.0,0.0,0.0,1.3075,16396.0
2024-06-13 23:00:00+02:00,21137.0,20699.5,68.35,9280.6575,10815.865,12351.0725,25583.0,0.0,0.0,0.0,16396.0
2024-06-14 00:00:00+02:00,19277.0,19029.0,39.94,9579.5425,11035.0125,12490.4875,25583.0,0.0,0.0,0.0,16396.0
2024-06-14 01:00:00+02:00,19001.0,18384.5,30.27,9359.635,10725.0925,12090.55,25583.0,0.0,0.0,0.0,16396.0
2024-06-14 02:00:00+02:00,18474.5,18143.5,29.34,8976.5275,10328.21,11679.8925,25583.0,0.0,0.0,0.0,16396.0
2024-06-14 03:00:00+02:00,18264.0,17729.0,27.56,8609.8875,10070.032500000001,11530.1775,25583.0,0.0,0.0,0.0,16396.0
2024-06-14 04:00:00+02:00,18130.0,17802.0,29.24,8269.605,9870.529999999999,11471.4575,25583.0,0.0,0.0,0.0,16396.0
2024-06-14 05:00:00+02:00,18827.5,18695.0,32.58,7850.1425,9587.7775,11325.4125,25583.0,0.0,0.0,0.5425,16396.0
2024-06-14 06:00:00+02:00,21583.0,21541.5,42.14,7425.215,9249.48,11073.745,25583.0,58.345,84.1425,116.505,16396.0
2024-06-14 07:00:00+02:00,24916.0,24860.5,64.26,7198.764999999999,8971.765,10744.775,25583.0,522.21,645.965,769.2225,16396.0
2024-06-14 08:00:00+02:00,25919.0,25705.5,78.44,7016.29,8747.3725,10478.4575,25583.0,1565.4650000000001,1750.1125000000002,1934.7575000000002,16396.0
2024-06-14 09:00:00+02:00,25300.0,25264.5,78.71,6792.88,8448.51,10104.145,25583.0,2852.625,3071.3675,3290.1125,16396.0
2024-06-14 10:00:00+02:00,24798.5,24610.5,70.89,6447.8475,8096.655000000001,9745.465,25583.0,3989.3725000000004,4299.66,4609.9475,16396.0
2024-06-14 11:00:00+02:00,24688.0,24515.5,61.69,5685.57,7639.24,9592.904999999999,25583.0,4785.7725,5266.28,5746.7825,16396.0
2024-06-14 12:00:00+02:00,23816.0,24290.5,55.39,5126.3425,7277.955,9429.57,25583.0,5215.05,5942.94,6670.8325,16396.0
2024-06-14 13:00:00+02:00,22969.5,23707.5,52.68,5198.6925,7248.15,9297.61,25583.0,5577.6175,6394.9825,7212.344999999999,16396.0
2024-06-14 14:00:00+02:00,22350.0,23386.5,46.71,5329.879999999999,7267.42,9204.9575,25583.0,5881.69,6545.7625,7244.89,16396.0
2024-06-14 15:00:00+02:00,22374.5,23058.5,41.68,5259.4974999999995,7121.2925,8983.085,25583.0,5802.6325,6267.93,6733.2275,16396.0
2024-06-14 16:00:00+02:00,23897.0,24148.5,47.57,5208.9925,6865.0375,8521.085,25583.0,5205.155,5568.695,5932.24,16396.0
2024-06-14 17:00:00+02:00,25730.0,25459.5,65.93,5198.5925,6593.0325,7987.475,25583.0,4285.255,4589.445,4893.635,16396.0
2024-06-14 18:00:00+02:00,26742.5,27133.5,82.61,4875.63,6244.515,7613.4,25583.0,3110.1175,3359.1875,3608.25,16396.0
2024-06-14 19:00:00+02:00,27059.0,27191.0,92.9,4504.7675,5853.23,7201.685,25583.0,1881.71,2071.3125,2260.92,16396.0
2024-06-14 20:00:00+02:00,26244.0,26991.5,98.35,4184.86,5402.995,6621.125,25583.0,872.8775,964.2625,1053.71,16396.0
2024-06-14 21:00:00+02:00,25927.5,25999.5,93.68,3745.34,4991.08,6236.83,25583.0,180.7625,214.4925,273.115,16396.0
2024-06-14 22:00:00+02:00,24300.0,24378.0,88.57,3491.8525,4856.39,6220.93,25583.0,0.0,0.0,5.140000000000001,16396.0
2024-06-14 23:00:00+02:00,22351.0,22279.0,81.01,3135.67,4433.335,5731.0,25583.0,0.0,0.0,0.0,16396.0
2024-06-15 00:00:00+02:00,21011.0,20717.0,80.64,2675.275,3931.04,5186.8025,25583.0,0.0,0.0,0.0,16396.0
2024-06-15 01:00:00+02:00,20336.5,19725.0,78.13,2508.16,3813.63,5119.1,25583.0,0.0,0.0,0.0,16398.0
2024-06-15 02:00:00+02:00,19601.0,19062.0,75.02,2289.4275,3682.985,5076.54,25583.0,0.0,0.0,0.0,16398.0
2024-06-15 03:00:00+02:00,18675.0,18218.0,72.47,2060.84,3521.4700000000003,4982.095,25583.0,0.0,0.0,0.0,16398.0
2024-06-15 04:00:00+02:00,18350.5,17615.0,70.01,2072.545,3480.4,4888.2525000000005,25583.0,0.0,0.0,0.0,16398.0
2024-06-15 05:00:00+02:00,18205.0,17513.0,68.52,2271.625,3585.8625,4900.1025,25583.0,0.0,0.0,0.8,16398.0
2024-06-15 06:00:00+02:00,18853.5,18870.5,71.5,2423.0025,3680.3050000000003,4937.6075,25583.0,125.61,149.665,183.4075,16398.0
2024-06-15 07:00:00+02:00,19825.0,20170.0,77.65,2497.905,3775.2475,5052.59,25583.0,733.2125,872.8925,1011.825,16398.0
2024-06-15 08:00:00+02:00,20998.0,21457.0,81.02,2567.1,3901.09,5235.0875,25583.0,1690.36,1965.0949999999998,2239.8275,16398.0
2024-06-15 09:00:00+02:00,21869.5,21888.0,80.25,2819.3900000000003,4190.035,5560.6775,25583.0,2742.165,3098.775,3455.3824999999997,16398.0
2024-06-15 10:00:00+02:00,22111.0,21520.5,76.57,3273.345,4615.8575,5958.370000000001,25583.0,3750.715,4244.865,4739.01,16398.0
2024-06-15 11:00:00+02:00,21989.5,20603.5,68.52,3602.0299999999997,4955.8675,6309.700000000001,25583.0,4418.52,5201.7925,5985.07,16398.0
2024-06-15 12:00:00+02:00,21415.5,20996.5,62.99,3742.195,5054.015,6365.84,25583.0,4943.7525,5914.59,6885.422500000001,16398.0
2024-06-15 13:00:00+02:00,20158.5,20236.0,58.14,3804.445,4978.0525,6169.395,25583.0,5389.455,6457.1,7524.745,16398.0
2024-06-15 14:00:00+02:00,19996.0,19569.5,48.66,3875.63,5004.3150000000005,6154.875,25583.0,5509.33,6629.8925,7749.6475,16398.0
2024-06-15 15:00:00+02:00,19975.0,19781.0,45.17,4005.66,5154.4974999999995,6307.467500000001,25583.0,5402.1224999999995,6369.87,7337.62,16398.0
2024-06-15 16:00:00+02:00,21176.0,21077.5,49.53,4017.465,5172.2025,6398.3975,25583.0,4887.5625,5658.395,6429.23,16398.0
2024-06-15 17:00:00+02:00,23428.0,22656.0,60.87,3915.1525,5101.54,6432.1900000000005,25583.0,3925.6324999999997,4568.8724999999995,5212.12,16398.0
2024-06-15 18:00:00+02:00,24904.0,24136.0,79.47,3799.0775,5049.36,6433.665,25583.0,2784.13,3329.46,3874.79,16398.0
2024-06-15 19:00:00+02:00,25251.0,25017.0,90.03,3684.5550000000003,4963.84,6397.09,25583.0,1758.27,2145.5175,2532.7675,16398.0
2024-06-15 20:00:00+02:00,24828.5,24643.0,93.06,3607.935,4951.52,6416.9625,25583.0,849.045,1053.165,1255.2325,16398.0
2024-06-15 21:00:00+02:00,24572.5,24103.0,89.59,3540.1125,4944.585,6496.4775,25583.0,183.2125,235.645,314.4325,16398.0
2024-06-15 22:00:00+02:00,23568.0,23298.0,85.86,3532.9700000000003,5017.6675,6646.702499999999,25583.0,0.0,0.0,4.5725,16398.0
2024-06-15 23:00:00+02:00,21462.5,21246.0,77.28,3774.87,5131.3525,6513.86,25583.0,0.0,0.0,0.0,16398.0
2024-06-16 00:00:00+02:00,20001.5,19614.0,79.25,4198.15,5378.04,6557.9325,25583.0,0.0,0.0,0.0,16398.0
2024-06-16 01:00:00+02:00,19191.5,18780.0,74.87,4383.6425,5637.9475,6892.2525,25583.0,0.0,0.0,0.0,16398.0
2024-06-16 02:00:00+02:00,18448.0,18190.0,69.71,4288.745000000001,5656.635,7024.52,25583.0,0.0,0.0,0.0,16398.0
2024-06-16 03:00:00+02:00,17913.5,17469.0,65.09,4031.4375,5545.4075,7059.375,25583.0,0.0,0.0,0.0,16398.0
2024-06-16 04:00:00+02:00,17241.0,16759.5,61.18,3826.3575,5506.225,7186.09,25583.0,0.0,0.0,0.0,16398.0
2024-06-16 05:00:00+02:00,16842.5,16820.5,58.15,3699.6875,5547.45,7395.21,25583.0,0.0,0.0,1.03,16398.0
2024-06-16 06:00:00+02:00,17168.0,17765.5,56.87,3683.1825,5564.005,7444.825,25583.0,116.0375,131.54250000000002,157.17,16398.0
2024-06-16 07:00:00+02:00,17922.0,18470.5,59.11,3663.965,5522.945,7381.93,25583.0,683.4475,798.155,912.0775,16398.0
2024-06-16 08:00:00+02:00,19009.5,18781.0,60.36,3711.18,5446.95,7182.72,25583.0,1783.3,2028.3125,2273.33,16398.0
2024-06-16 09:00:00+02:00,19467.0,19494.0,63.23,3823.945,5342.825,6861.71,25583.0,3141.7775,3564.6575,3987.54,16398.0
2024-06-16 10:00:00+02:00,19169.0,19383.0,65.96,3628.605,5123.6575,6618.71,25583.0,4529.34,5055.48,5581.6175,16398.0
2024-06-16 11:00:00+02:00,19049.5,19199.0,66.35,3336.5299999999997,4952.355,6568.175,25583.0,5773.515,6285.885,6798.25,16398.0
2024-06-16 12:00:00+02:00,19058.5,18666.0,66.67,3163.6225,4824.17,6484.72,25583.0,6627.6900000000005,7198.5275,7769.3625,16398.0
2024-06-16 13:00:00+02:00,18478.0,18365.5,64.72,3170.735,4818.885,6467.035,25583.0,7044.3825,7688.467500000001,8332.55,16398.0
2024-06-16 14:00:00+02:00,17750.5,18094.5,58.44,3247.41,4895.8975,6544.389999999999,25583.0,7035.3475,7664.82,8294.29,16398.0
2024-06-16 15:00:00+02:00,17816.5,18268.5,53.24,3134.94,4857.5825,6580.225,25583.0,6764.6425,7286.8375,7809.03,16398.0
2024-06-16 16:00:00+02:00,19329.0,19984.5,55.53,2921.7625,4788.52,6655.275,25583.0,6116.655,6499.005,6881.3575,16398.0
2024-06-16 17:00:00+02:00,21988.0,22554.0,68.1,2920.065,4877.719999999999,6835.3724999999995,25583.0,5059.8675,5351.37,5642.87,16398.0
2024-06-16 18:00:00+02:00,23882.5,24595.0,84.71,2911.9975,5034.36,7156.7225,25583.0,3787.6125,4007.055,4226.4925,16398.0
2024-06-16 19:00:00+02:00,25234.0,25099.0,93.27,2768.05,5136.165,7504.28,25583.0,2417.025,2566.505,2715.9849999999997,16398.0
2024-06-16 20:00:00+02:00,24579.0,25006.5,97.56,2725.5924999999997,5110.5650000000005,7495.5375,25583.0,1192.32,1288.56,1382.605,16398.0
2024-06-16 21:00:00+02:00,23938.5,24957.0,95.36,2618.855,4907.7075,7196.5625,25583.0,288.39750000000004,315.48499999999996,370.755,16398.0
2024-06-16 22:00:00+02:00,23277.5,23725.5,92.32,2521.34,4754.362499999999,6987.385,25583.0,0.0,0.0,4.445,16398.0
2024-06-16 23:00:00+02:00,21126.5,21003.0,84.89,3143.02,4865.5225,6588.0275,25583.0,0.0,0.0,0.0,16398.0
2024-06-17 00:00:00+02:00,19838.0,19633.5,68.83,3674.2325,4906.0575,6137.8775000000005,25583.0,0.0,0.0,0.0,16398.0
2024-06-17 01:00:00+02:00,19033.0,18945.5,59.46,3534.87,4643.3325,5751.795,25583.0,0.0,0.0,0.0,16396.0
2024-06-17 02:00:00+02:00,18562.5,18637.0,54.12,3337.1549999999997,4404.2925,5471.4349999999995,25583.0,0.0,0.0,0.0,16396.0
2024-06-17 03:00:00+02:00,18136.0,18143.5,50.09,2909.315,4158.575,5407.835,25583.0,0.0,0.0,0.0,16396.0
2024-06-17 04:00:00+02:00,17894.0,17832.5,48.18,2549.7725,3921.445,5293.12,25583.0,0.0,0.0,0.0,16396.0
2024-06-17 05:00:00+02:00,18546.5,18269.5,49.51,2479.325,3809.5950000000003,5139.8625,25583.0,0.0,0.0,1.5775,16396.0
2024-06-17 06:00:00+02:00,21460.0,21726.0,59.85,2416.115,3702.3050000000003,4988.4925,25583.0,193.6175,209.9925,241.42000000000002,16396.0
2024-06-17 07:00:00+02:00,24150.0,24850.5,73.78,2276.7749999999996,3519.045,4761.3075,25583.0,1067.535,1129.21,1189.72,16396.0
2024-06-17 08:00:00+02:00,24873.0,25731.5,80.43,2169.085,3318.6175000000003,4468.1475,25583.0,2397.4674999999997,2522.4700000000003,2647.4700000000003,16396.0
2024-06-17 09:00:00+02:00,24489.5,25690.0,83.45,2045.6525,3098.965,4152.2775,25583.0,3951.5724999999998,4158.625,4365.6825,16396.0
2024-06-17 10:00:00+02:00,23895.5,24857.0,80.5,1774.77,2836.68,3898.5875,25583.0,5396.5425,5685.385,5974.225,16396.0
2024-06-17 11:00:00+02:00,23280.5,24227.5,76.96,1527.9875,2597.015,3666.045,25583.0,6360.53,6711.2474999999995,7061.9725,16396.0
2024-06-17 12:00:00+02:00,23185.0,23439.0,79.14,1362.6375,2425.83,3489.0299999999997,25583.0,7102.585,7501.615,7900.6475,16396.0
2024-06-17 13:00:00+02:00,22792.0,22561.5,77.23,1210.0525,2343.405,3476.7650000000003,25583.0,7506.695,7985.17,8459.5275,16396.0
2024-06-17 14:00:00+02:00,22832.5,22401.5,73.66,1142.53,2369.9175,3597.305,25583.0,7401.275,7911.05,8420.825,16396.0
2024-06-17 15:00:00+02:00,22961.5,22613.0,73.15,1181.5075,2481.0249999999996,3780.5375,25583.0,6953.435,7412.1900000000005,7870.95,16396.0
2024-06-17 16:00:00+02:00,24505.5,24070.5,74.88,1351.5725,2575.99,3800.4075000000003,25583.0,6151.4675,6534.0375,6916.605,16396.0
2024-06-17 17:00:00+02:00,26238.5,26520.5,82.64,1582.0,2652.9075000000003,3723.82,25583.0,5099.4475,5392.24,5685.032499999999,16396.0
2024-06-17 18:00:00+02:00,27260.5,27273.0,95.35,1698.03,2689.59,3681.1549999999997,25583.0,3842.5075,4054.3425,4266.1849999999995,16396.0
2024-06-17 19:00:00+02:00,27600.5,27956.5,103.14,1694.69,2690.92,3687.1549999999997,25583.0,2403.08,2579.9875,2756.8975,16396.0
2024-06-17 20:00:00+02:00,27260.5,27497.5,107.52,1642.1975,2663.3125,3684.42,25583.0,1147.355,1266.2725,1383.06,16396.0
2024-06-17 21:00:00+02:00,26345.0,26746.0,102.1,1558.87,2592.8075,3626.7425000000003,25583.0,278.5775,308.0675,364.9875,16396.0
2024-06-17 22:00:00+02:00,25036.5,25186.0,97.23,1510.74,2537.42,3564.1,25583.0,0.0,0.0,4.1825,16396.0
2024-06-17 23:00:00+02:00,22452.0,22535.0,88.25,1852.25,2787.6949999999997,3723.1475,25583.0,0.0,0.0,0.0,16396.0
2024-06-18 00:00:00+02:00,20985.5,20778.5,86.01,2128.9875,3022.545,3916.105,25583.0,0.0,0.0,0.0,16396.0
2024-06-18 01:00:00+02:00,20484.5,20146.5,80.05,1978.17,2923.175,3868.1800000000003,25583.0,0.0,0.0,0.0,16398.0
2024-06-18 02:00:00+02:00,19769.0,19754.5,77.26,1864.4825,2807.7825000000003,3751.0825,25583.0,0.0,0.0,0.0,16398.0
2024-06-18 03:00:00+02:00,19116.0,19402.0,73.38,1789.545,2679.02,3568.5,25583.0,0.0,0.0,0.0,16398.0
2024-06-18 04:00:00+02:00,18661.5,18827.0,72.83,1606.5149999999999,2499.5625,3392.615,25583.0,0.0,0.0,0.0,16398.0
2024-06-18 05:00:00+02:00,19104.0,19208.0,73.12,1284.315,2273.365,3262.4175,25583.0,0.0,0.0,0.9975,16398.0
2024-06-18 06:00:00+02:00,22210.5,21906.5,79.87,933.1800000000001,2018.205,3103.23,25583.0,149.3575,174.2425,210.5725,16398.0
2024-06-18 07:00:00+02:00,25165.5,24906.0,90.96,703.965,1869.625,3035.29,25583.0,839.485,968.7850000000001,1097.2,16398.0
2024-06-18 08:00:00+02:00,25935.5,25408.5,95.35,639.9675,1823.515,3007.0649999999996,25583.0,1999.545,2264.6675,2529.7875,16398.0
2024-06-18 09:00:00+02:00,25407.5,24692.0,95.68,628.6275,1760.43,2892.23,25583.0,3334.7325,3780.085,4225.4425,16398.0
2024-06-18 10:00:00+02:00,24540.0,24440.5,92.5,638.005,1697.2325,2756.46,25583.0,4418.175,5133.54,5848.9025,16398.0
2024-06-18 11:00:00+02:00,24450.0,24371.0,88.81,654.3525,1692.83,2731.3,25583.0,5165.1875,6072.1075,6979.0325,16398.0
2024-06-18 12:00:00+02:00,24252.0,24371.5,86.94,721.755,1756.43,2791.1075,25583.0,5747.5650000000005,6761.3025,7775.04,16398.0
2024-06-18 13:00:00+02:00,23901.0,23828.5,86.07,846.865,1847.8225,2848.7799999999997,25583.0,5927.3625,7092.3099999999995,8269.345000000001,16398.0
2024-06-18 14:00:00+02:00,23672.0,23760.5,81.97,1040.5725,2066.77,3092.97,25583.0,5780.6525,6914.4400000000005,8048.235,16398.0
2024-06-18 15:00:00+02:00,23803.5,23725.5,78.53,1271.945,2366.5299999999997,3461.115,25583.0,5492.5225,6455.855,7419.1900000000005,16398.0
2024-06-18 16:00:00+02:00,24757.5,25129.5,77.6,1513.425,2657.0,3800.57,25583.0,4941.2425,5796.3475,6651.452499999999,16398.0
2024-06-18 17:00:00+02:00,26505.5,26730.0,82.48,1805.0575,3015.725,4226.39,25583.0,4046.935,4772.422500000001,5497.9125,16398.0
2024-06-18 18:00:00+02:00,27505.0,27636.0,94.05,2069.895,3360.735,4651.58,25583.0,3047.4575,3568.7775,4090.1000000000004,16398.0
2024-06-18 19:00:00+02:00,28411.0,27847.5,100.95,2340.71,3599.64,4858.57,25583.0,2039.785,2332.2475,2624.7125,16398.0
2024-06-18 20:00:00+02:00,27717.5,27275.0,104.6,2547.0699999999997,3671.295,4795.52,25583.0,1050.49,1198.9075,1345.1425,16398.0
2024-06-18 21:00:00+02:00,27046.5,26460.0,100.72,2416.8125,3572.6125,4728.4125,25583.0,269.9325,315.0125,388.09250000000003,16398.0
2024-06-18 22:00:00+02:00,25090.0,25243.0,96.6,2068.775,3315.3475,4561.915,25583.0,0.0,0.0,4.195,16398.0
2024-06-18 23:00:00+02:00,22278.5,22731.5,89.75,2197.965,3252.965,4307.96,25583.0,0.0,0.0,0.0,16398.0
2024-06-19 00:00:00+02:00,20733.0,20838.0,83.77,2372.525,3301.81,4231.0975,25583.0,0.0,0.0,0.0,16398.0
2024-06-19 01:00:00+02:00,20246.5,20091.5,78.28,2235.6625,3242.125,4248.59,25583.0,0.0,0.0,0.0,16398.0
2024-06-19 02:00:00+02:00,19740.5,19554.5,74.47,2134.3199999999997,3233.2275,4332.135,25583.0,0.0,0.0,0.0,16398.0
2024-06-19 03:00:00+02:00,19152.5,19007.0,71.59,2031.3200000000002,3259.815,4488.3075,25583.0,0.0,0.0,0.0,16398.0
2024-06-19 04:00:00+02:00,18710.0,18661.0,70.49,2118.96,3411.015,4703.0599999999995,25583.0,0.0,0.0,0.0,16398.0
2024-06-19 05:00:00+02:00,19270.5,19157.0,70.36,2156.3275000000003,3498.2,4840.075,25583.0,0.0,0.0,0.7275,16398.0
2024-06-19 06:00:00+02:00,22380.0,21927.0,76.9,2104.0225,3511.0175,4918.01,25583.0,125.375,163.66000000000003,211.685,16398.0
2024-06-19 07:00:00+02:00,25371.0,24481.5,87.93,2131.645,3487.7174999999997,4843.785,25583.0,735.6975,856.78,977.1075000000001,16398.0
2024-06-19 08:00:00+02:00,25917.0,25113.0,93.08,1971.8825000000002,3303.7675,4635.6525,25583.0,1786.6,2053.1075,2319.615,16398.0
2024-06-19 09:00:00+02:00,25073.5,24531.5,93.15,1652.515,3014.755,4376.9925,25583.0,3197.4275,3634.6725,4071.925,16398.0
2024-06-19 10:00:00+02:00,23858.0,23752.0,89.73,1529.99,2812.1275,4094.265,25583.0,4614.62,5266.1224999999995,5917.6224999999995,16398.0
2024-06-19 11:00:00+02:00,22943.5,22880.5,85.19,1491.1175,2668.87,3846.62,25583.0,5785.8025,6652.6925,7519.5825,16398.0
2024-06-19 12:00:00+02:00,22155.0,22600.0,82.96,1362.4875,2547.1724999999997,3731.855,25583.0,6761.245,7741.335,8721.43,16398.0
2024-06-19 13:00:00+02:00,21518.5,21984.5,80.73,1400.145,2540.36,3680.57,25583.0,7210.16,8314.630000000001,9417.3225,16398.0
2024-06-19 14:00:00+02:00,21131.0,21920.5,75.89,1739.97,2687.83,3635.695,25583.0,7179.9375,8359.7875,9535.44,16398.0
2024-06-19 15:00:00+02:00,21678.0,22107.0,71.81,2062.1400000000003,2936.8125,3811.4825,25583.0,6714.7325,7869.4525,9024.175,16398.0
2024-06-19 16:00:00+02:00,23127.0,23881.5,72.25,2280.535,3235.2025,4189.87,25583.0,5917.764999999999,6901.1475,7884.532499999999,16398.0
2024-06-19 17:00:00+02:00,25468.5,25894.0,77.99,2574.7349999999997,3551.8125,4528.895,25583.0,4965.62,5622.1625,6278.7025,16398.0
2024-06-19 18:00:00+02:00,26755.0,27202.5,89.86,2766.615,3704.635,4642.655000000001,25583.0,3746.4125000000004,4121.8925,4497.37,16398.0
2024-06-19 19:00:00+02:00,27484.5,27682.0,98.77,2864.6925,3699.38,4534.0650000000005,25583.0,2403.5550000000003,2666.6775,2929.8,16398.0
2024-06-19 20:00:00+02:00,26991.0,27025.0,102.19,2862.61,3625.3,4387.99,25583.0,1226.58,1372.63,1516.2025,16398.0
2024-06-19 21:00:00+02:00,26303.0,26118.5,98.2,2816.1975,3553.575,4290.950000000001,25583.0,326.545,347.3025,399.88,16398.0
2024-06-19 22:00:00+02:00,24999.0,24823.5,95.0,2844.11,3562.385,4280.66,25583.0,0.0,0.0,5.2725,16398.0
2024-06-19 23:00:00+02:00,22124.0,22270.0,87.12,2993.645,3628.9575,4264.2675,25583.0,0.0,0.0,0.0,16398.0
2024-06-20 00:00:00+02:00,20803.0,20756.0,82.41,3092.5425,3648.815,4205.08,25583.0,0.0,0.0,0.0,16398.0
2024-06-20 01:00:00+02:00,20370.0,20025.5,77.02,2976.7,3587.39,4198.077499999999,25583.0,0.0,0.0,0.0,16398.0
2024-06-20 02:00:00+02:00,19652.0,19509.0,72.66,2872.32,3526.495,4180.67,25583.0,0.0,0.0,0.0,16398.0
2024-06-20 03:00:00+02:00,19001.5,18951.5,70.22,2624.5,3341.5525,4058.6025,25583.0,0.0,0.0,0.0,16398.0
2024-06-20 04:00:00+02:00,18766.0,18529.0,69.23,2114.925,2907.115,3699.315,25583.0,0.0,0.0,0.0,16398.0
2024-06-20 05:00:00+02:00,19043.0,19056.5,71.5,1513.255,2424.975,3336.6925,25583.0,0.0,0.0,1.3675,16398.0
2024-06-20 06:00:00+02:00,22056.5,22082.0,79.41,1071.325,2021.9825,2972.6375,25583.0,164.2825,193.29,236.13,16398.0
2024-06-20 07:00:00+02:00,24548.5,25129.5,92.41,811.465,1662.3575,2513.2475,25583.0,853.25,980.2925,1106.2725,16398.0
2024-06-20 08:00:00+02:00,25067.5,25338.0,96.74,603.3475000000001,1416.34,2229.33,25583.0,1993.8925,2260.465,2527.035,16398.0
2024-06-20 09:00:00+02:00,24195.0,24661.0,95.48,475.03,1264.48,2053.9375,25583.0,3412.9875,3871.67,4330.3525,16398.0
2024-06-20 10:00:00+02:00,22676.0,23566.0,90.88,351.8,1143.275,1934.745,25583.0,4810.515,5535.7125,6260.905,16398.0
2024-06-20 11:00:00+02:00,22184.0,22536.5,85.12,318.15,1096.845,1875.545,25583.0,5971.9125,6901.0875,7830.26,16398.0
2024-06-20 12:00:00+02:00,22067.5,21598.0,79.98,334.2475,1094.9475,1855.645,25583.0,6945.36,7927.495,8909.6375,16398.0
2024-06-20 13:00:00+02:00,21653.5,21362.5,78.19,365.44,1199.65,2033.8625,25583.0,7523.02,8490.7925,9457.605,16398.0
2024-06-20 14:00:00+02:00,21466.0,21262.5,71.96,430.865,1320.175,2209.4875,25583.0,7518.4825,8441.35,9364.215,16398.0
2024-06-20 15:00:00+02:00,22282.5,21836.5,68.78,544.9025,1412.8525,2280.795,25583.0,7044.215,7955.6475,8867.0725,16398.0
2024-06-20 16:00:00+02:00,23806.5,23334.0,70.09,697.0125,1594.725,2492.4425,25583.0,6206.24,7030.15,7854.05,16398.0
2024-06-20 17:00:00+02:00,25831.5,25746.5,78.62,806.0450000000001,1783.4825,2760.92,25583.0,5033.077499999999,5679.1775,6325.275,16398.0
2024-06-20 18:00:00+02:00,26801.5,26879.5,91.95,927.155,1919.2425,2911.325,25583.0,3658.285,4135.805,4613.3225,16398.0
2024-06-20 19:00:00+02:00,27878.5,27613.0,100.55,980.9475,1976.6599999999999,2972.375,25583.0,2310.6075,2648.5275,2986.4475,16398.0
2024-06-20 20:00:00+02:00,27110.5,27026.0,103.62,937.7425000000001,1985.6599999999999,3033.585,25583.0,1143.33,1337.6175,1529.4750000000001,16398.0
2024-06-20 21:00:00+02:00,26419.5,26307.5,100.55,909.815,2033.11,3156.4049999999997,25583.0,281.28999999999996,323.35,396.65,16398.0
2024-06-20 22:00:00+02:00,25001.5,25019.0,96.73,897.885,2076.2200000000003,3254.5575,25583.0,0.0,0.0,5.04,16398.0
2024-06-20 23:00:00+02:00,22286.0,22135.0,88.72,1236.465,2237.85,3239.2275,25583.0,0.0,0.0,0.0,16398.0
2024-06-21 00:00:00+02:00,20687.5,20526.5,84.14,1620.405,2504.17,3387.9300000000003,25583.0,0.0,0.0,0.0,16398.0
2024-06-21 01:00:00+02:00,19855.0,19915.5,79.38,1782.7875,2749.8975,3717.0075,25583.0,0.0,0.0,0.0,16398.0
2024-06-21 02:00:00+02:00,19104.5,19125.0,74.77,2087.195,3020.245,3953.3,25583.0,0.0,0.0,0.0,16398.0
2024-06-21 03:00:00+02:00,18383.5,18691.5,71.72,2284.085,3224.515,4164.9400000000005,25583.0,0.0,0.0,0.0,16398.0
2024-06-21 04:00:00+02:00,17771.0,18337.0,69.18,2393.1325,3359.5375,4325.9375,25583.0,0.0,0.0,0.0,16398.0
2024-06-21 05:00:00+02:00,18133.0,18610.0,68.59,2561.37,3420.5325000000003,4279.695,25583.0,0.0,0.0,0.11,16398.0
2024-06-21 06:00:00+02:00,20748.0,20800.0,75.07,2647.5375,3459.5924999999997,4271.645,25583.0,182.6225,221.0275,263.8125,16398.0
2024-06-21 07:00:00+02:00,23202.0,23448.5,86.77,2636.125,3586.8225,4537.525,25583.0,972.2349999999999,1091.3175,1210.0625,16398.0
2024-06-21 08:00:00+02:00,23682.5,24081.5,91.13,2588.8824999999997,3739.29,4889.7,25583.0,2291.695,2477.915,2664.14,16398.0
2024-06-21 09:00:00+02:00,23067.0,23177.0,90.45,2670.2925,3890.4825,5110.675,25583.0,3873.4125,4191.5975,4509.7875,16398.0
2024-06-21 10:00:00+02:00,22150.0,22477.0,84.84,2893.2,4070.435,5247.67,25583.0,5376.6625,5830.7175,6284.7725,16398.0
2024-06-21 11:00:00+02:00,21546.0,22211.0,75.2,3065.7675,4281.950000000001,5498.135,25583.0,6364.42,7022.445,7680.4675,16398.0
2024-06-21 12:00:00+02:00,21270.0,21285.0,68.9,3376.795,4612.175,5847.5599999999995,25583.0,7094.1075,7873.2875,8652.465,16398.0
2024-06-21 13:00:00+02:00,20569.5,20615.5,66.64,3725.6425,5034.535,6343.43,25583.0,7417.7975,8177.4974999999995,8956.89,16398.0
2024-06-21 14:00:00+02:00,19998.5,20137.0,58.96,3845.6975,5359.375,6873.0525,25583.0,7042.299999999999,7882.36,8722.4225,16398.0
2024-06-21 15:00:00+02:00,20199.0,20280.5,54.16,4024.54,5693.63,7362.7275,25583.0,6166.7075,7036.5075,7906.305,16398.0
2024-06-21 16:00:00+02:00,21858.5,21892.0,55.46,4297.575,6074.615,7851.6575,25583.0,5022.0975,5811.77,6601.445,16398.0
2024-06-21 17:00:00+02:00,23892.5,23855.5,65.57,4320.8475,6332.8925,8344.939999999999,25583.0,3780.2025,4431.635,5083.0675,16398.0
2024-06-21 18:00:00+02:00,25085.5,25092.0,80.89,4271.3575,6412.3425,8553.32,25583.0,2572.59,3089.0725,3605.555,16398.0
2024-06-21 19:00:00+02:00,25559.0,25671.5,92.18,4325.4575,6374.3075,8423.154999999999,25583.0,1476.895,1861.46,2246.025,16398.0
2024-06-21 20:00:00+02:00,25311.0,25125.5,96.07,4217.547500000001,6191.53,8165.515,25583.0,551.8675,810.3375000000001,1067.1525,16398.0
2024-06-21 21:00:00+02:00,24761.0,24785.0,92.09,4017.5225,5893.735000000001,7769.945,25583.0,75.1725,155.6725,257.35,16398.0
2024-06-21 22:00:00+02:00,23625.0,23230.0,88.01,3838.545,5592.865,7347.18,25583.0,0.0,0.0,3.62,16398.0
2024-06-21 23:00:00+02:00,21410.0,21332.5,80.47,3679.875,5147.7925,6615.71,25583.0,0.0,0.0,0.0,16398.0
2024-06-22 00:00:00+02:00,20062.0,19869.0,78.94,3497.6525,4640.205,5782.754999999999,25583.0,0.0,0.0,0.0,16398.0
2024-06-22 01:00:00+02:00,19098.0,19031.5,74.88,3199.86,4243.91,5287.9625,25583.0,0.0,0.0,0.0,16396.0
2024-06-22 02:00:00+02:00,18490.5,18412.5,71.47,2849.9300000000003,3942.4449999999997,5034.96,25583.0,0.0,0.0,0.0,16396.0
2024-06-22 03:00:00+02:00,17898.0,17761.5,68.6,2526.2725,3759.545,4992.82,25583.0,0.0,0.0,0.0,16396.0
2024-06-22 04:00:00+02:00,17178.5,17545.5,67.16,2172.835,3520.5175,4868.2025,25583.0,0.0,0.0,0.0,16396.0
2024-06-22 05:00:00+02:00,16995.0,17597.0,67.66,1815.2575,3124.0299999999997,4432.8075,25583.0,0.0,0.0,1.2475,16396.0
2024-06-22 06:00:00+02:00,18001.0,18683.0,71.59,1471.47,2742.59,4013.7149999999997,25583.0,65.5075,102.625,150.335,16396.0
2024-06-22 07:00:00+02:00,19167.5,20353.0,81.01,1178.0725,2441.785,3705.495,25583.0,530.7149999999999,662.6125,793.695,16396.0
2024-06-22 08:00:00+02:00,20071.0,21279.5,84.2,913.5825,2142.585,3371.585,25583.0,1520.68,1771.0425,2021.4099999999999,16396.0
2024-06-22 09:00:00+02:00,20611.0,21244.0,85.84,682.96,1886.5575,3090.16,25583.0,2826.1875,3183.2475,3540.31,16396.0
2024-06-22 10:00:00+02:00,20452.5,20838.5,83.32,588.7725,1794.0,2999.2325,25583.0,4084.77,4544.32,5003.865,16396.0
2024-06-22 11:00:00+02:00,20037.5,20068.0,76.77,592.44,1805.615,3018.79,25583.0,5055.1050000000005,5662.765,6270.425,16396.0
2024-06-22 12:00:00+02:00,19247.0,19758.0,70.92,661.125,1935.5775,3210.035,25583.0,5953.7675,6623.54,7293.3125,16396.0
2024-06-22 13:00:00+02:00,18396.0,18919.5,67.3,795.015,2178.615,3562.215,25583.0,6711.1625,7424.62,8138.0725,16396.0
2024-06-22 14:00:00+02:00,17527.5,17798.0,59.77,889.1325,2510.4425,4131.76,25583.0,7032.125,7803.5199999999995,8572.7725,16396.0
2024-06-22 15:00:00+02:00,17447.0,17818.0,54.05,952.64,2828.4725,4704.3075,25583.0,6824.7775,7547.8575,8270.935,16396.0
2024-06-22 16:00:00+02:00,18281.5,18893.0,52.59,1197.82,3115.3875,5032.955,25583.0,6171.6725,6756.945,7342.22,16396.0
2024-06-22 17:00:00+02:00,20599.5,20740.5,61.84,1561.655,3484.3925,5407.1325,25583.0,5222.33,5666.3075,6110.2875,16396.0
2024-06-22 18:00:00+02:00,22976.5,22410.0,80.15,1838.7625,3783.8025,5728.84,25583.0,3932.565,4280.9875,4629.405000000001,16396.0
2024-06-22 19:00:00+02:00,24026.0,23490.5,92.66,1953.375,3912.855,5872.3325,25583.0,2528.525,2788.4975,3048.4725,16396.0
2024-06-22 20:00:00+02:00,24028.0,23375.5,96.62,2122.775,4108.55,6094.32,25583.0,1294.1825,1422.6,1548.855,16396.0
2024-06-22 21:00:00+02:00,23677.5,23262.5,93.67,2281.0,4406.795,6532.594999999999,25583.0,342.6125,363.1275,411.34000000000003,16396.0
2024-06-22 22:00:00+02:00,23082.5,22774.0,89.62,2400.48,4649.9375,6899.4,25583.0,0.0,0.0,3.74,16396.0
2024-06-22 23:00:00+02:00,21109.0,20813.0,82.21,2936.16,4646.15,6356.15,25583.0,0.0,0.0,0.0,16396.0
2024-06-23 00:00:00+02:00,19590.5,19456.5,77.36,3473.36,4650.335,5827.315,25583.0,0.0,0.0,0.0,16396.0
2024-06-23 01:00:00+02:00,18527.0,18662.5,70.24,3689.4325,4771.530000000001,5853.63,25583.0,0.0,0.0,0.0,16396.0
2024-06-23 02:00:00+02:00,17908.5,17856.0,66.07,3724.455,4759.66,5794.86,25583.0,0.0,0.0,0.0,16396.0
2024-06-23 03:00:00+02:00,17475.5,17316.5,62.88,3471.6,4547.305,5623.004999999999,25583.0,0.0,0.0,0.0,16396.0
2024-06-23 04:00:00+02:00,16852.5,16687.5,62.47,3057.0874999999996,4052.5625,5048.045,25583.0,0.0,0.0,0.0,16396.0
2024-06-23 05:00:00+02:00,16504.5,16338.5,63.81,2360.0025,3391.7625,4423.5225,25583.0,0.0,0.0,0.4225,16396.0
2024-06-23 06:00:00+02:00,17179.0,16929.0,66.79,1611.95,2773.2425000000003,3934.54,25583.0,215.805,236.48250000000002,265.6275,16396.0
2024-06-23 07:00:00+02:00,17714.5,17436.5,70.72,1051.0075,2234.335,3417.665,25583.0,1038.375,1132.73,1226.4325000000001,16396.0
2024-06-23 08:00:00+02:00,18519.5,18981.0,73.13,719.5275,1800.4099999999999,2881.3,25583.0,2295.96,2468.8225,2641.6825,16396.0
2024-06-23 09:00:00+02:00,19487.0,19684.0,75.99,591.405,1509.47,2427.5375,25583.0,3719.025,4028.45,4337.8725,16396.0
2024-06-23 10:00:00+02:00,20175.5,19365.5,79.31,521.01,1303.0,2084.9875,25583.0,4937.375,5432.4825,5927.5925,16396.0
2024-06-23 11:00:00+02:00,20319.5,19866.0,80.01,471.66,1138.8425,1806.0225,25583.0,5713.09,6304.6625,6897.8225,16396.0
2024-06-23 12:00:00+02:00,20403.0,20697.5,79.1,417.53999999999996,971.995,1526.45,25583.0,6403.015,6949.575,7478.71,16396.0
2024-06-23 13:00:00+02:00,20027.0,20258.5,78.65,398.3025,853.895,1309.4875,25583.0,6910.3825,7482.6425,7996.36,16396.0
2024-06-23 14:00:00+02:00,19753.0,20025.0,73.01,414.055,790.0675,1166.08,25583.0,6934.4475,7566.4825,8104.575,16396.0
2024-06-23 15:00:00+02:00,19892.0,20252.0,70.02,464.84749999999997,782.645,1100.44,25583.0,6575.905,7151.235,7568.21,16396.0
2024-06-23 16:00:00+02:00,21448.0,21792.5,71.37,499.3725,805.6475,1111.9225,25583.0,5829.88,6359.125,6725.8825,16396.0
2024-06-23 17:00:00+02:00,24010.0,24074.5,79.22,508.28499999999997,866.2525,1224.2199999999998,25583.0,4810.2275,5248.2625,5631.5175,16396.0
2024-06-23 18:00:00+02:00,25411.0,25206.5,92.39,493.515,997.81,1502.1100000000001,25583.0,3580.58,3897.285,4218.8225,16396.0
2024-06-23 19:00:00+02:00,25828.5,24404.0,100.22,579.655,1206.1399999999999,1832.625,25583.0,2231.4425,2477.61,2723.7749999999996,16396.0
2024-06-23 20:00:00+02:00,25487.0,25043.0,103.68,783.915,1428.32,2072.725,25583.0,1074.2875,1238.2525,1399.77,16396.0
2024-06-23 21:00:00+02:00,24935.5,24573.5,100.38,875.665,1589.545,2303.42,25583.0,268.9225,317.28,397.1325,16396.0
2024-06-23 22:00:00+02:00,24153.0,23884.0,96.77,949.245,1721.5349999999999,2493.8225,25583.0,0.0,0.0,5.3075,16396.0
2024-06-23 23:00:00+02:00,21740.5,21309.5,90.37,1196.5425,1864.145,2531.75,25583.0,0.0,0.0,0.0,16396.0
2024-06-24 00:00:00+02:00,20349.0,20169.5,84.23,1363.725,1965.28,2566.8375,25583.0,0.0,0.0,0.0,16396.0
2024-06-24 01:00:00+02:00,19738.0,19444.5,79.9,1315.85,1955.255,2594.66,25583.0,0.0,0.0,0.0,16396.0
2024-06-24 02:00:00+02:00,19216.5,18977.0,76.1,1227.6125,1891.8899999999999,2556.16,25583.0,0.0,0.0,0.0,16396.0
2024-06-24 03:00:00+02:00,18906.0,18363.0,72.38,1179.125,1885.655,2592.185,25583.0,0.0,0.0,0.0,16396.0
2024-06-24 04:00:00+02:00,18397.5,18069.5,71.16,1158.7375,1910.8925,2663.05,25583.0,0.0,0.0,0.0,16396.0
2024-06-24 05:00:00+02:00,18882.0,18447.0,71.9,1115.745,1912.71,2709.675,25583.0,0.0,0.0,0.3325,16396.0
2024-06-24 06:00:00+02:00,21863.0,21532.5,78.01,1123.065,1927.5525,2732.0425,25583.0,140.07,187.5675,243.25,16396.0
2024-06-24 07:00:00+02:00,25114.5,24716.0,89.35,1106.805,1876.37,2645.9325,25583.0,806.995,946.6525,1072.8225,16396.0
2024-06-24 08:00:00+02:00,25833.0,25505.5,92.85,951.955,1726.37,2500.785,25583.0,2070.7975,2314.545,2545.355,16396.0
2024-06-24 09:00:00+02:00,25553.5,25492.0,93.08,879.8,1597.0175,2314.235,25583.0,3681.3775,4061.0825,4442.83,16396.0
2024-06-24 10:00:00+02:00,25421.5,25180.5,88.85,916.0699999999999,1583.045,2250.0225,25583.0,5215.33,5677.2875,6131.8225,16396.0
2024-06-24 11:00:00+02:00,25372.0,24679.5,85.33,951.1324999999999,1666.1525,2381.17,25583.0,6157.3099999999995,6764.9275,7296.18,16396.0
2024-06-24 12:00:00+02:00,25378.5,24597.5,83.56,939.575,1734.0,2528.425,25583.0,6521.595,7462.5825,8107.11,16396.0
2024-06-24 13:00:00+02:00,25014.0,24460.0,82.46,940.215,1806.85,2673.4775,25583.0,6729.77,7835.155,8503.022500000001,16396.0
2024-06-24 14:00:00+02:00,24651.0,23916.5,77.82,1029.535,1935.5825,2841.63,25583.0,6704.7525000000005,7828.225,8477.2325,16396.0
2024-06-24 15:00:00+02:00,25254.5,24250.0,74.03,1141.4475,2125.865,3110.2875000000004,25583.0,6339.5525,7435.3325,8076.5075,16396.0
2024-06-24 16:00:00+02:00,26408.5,25513.5,74.91,1381.0900000000001,2433.05,3485.01,25583.0,5653.9925,6519.8075,7127.095,16396.0
2024-06-24 17:00:00+02:00,27726.5,27442.5,79.75,1745.8899999999999,2792.3575,3838.825,25583.0,4636.7125,5251.5425,5801.56,16396.0
2024-06-24 18:00:00+02:00,27930.0,28199.5,91.57,1930.9325,2976.3050000000003,4021.675,25583.0,3362.6275,3853.3125,4350.165,16396.0
2024-06-24 19:00:00+02:00,28383.0,28498.0,100.24,1971.92,3006.68,4041.4375,25583.0,2127.6725,2472.3975,2817.1225,16396.0
2024-06-24 20:00:00+02:00,28136.0,27967.5,103.45,2022.5825,3018.6549999999997,4014.73,25583.0,1047.055,1233.9625,1418.7425,16396.0
2024-06-24 21:00:00+02:00,27172.0,27070.5,99.35,2172.435,3078.67,3984.9049999999997,25583.0,229.1825,300.5575,399.1875,16396.0
2024-06-24 22:00:00+02:00,25875.0,26118.0,94.23,2342.575,3163.8825,3985.19,25583.0,0.0,0.0,3.7875,16396.0
2024-06-24 23:00:00+02:00,23057.5,23132.5,87.06,2444.685,3266.885,4089.0875,25583.0,0.0,0.0,0.0,16396.0
2024-06-25 00:00:00+02:00,21779.0,21235.5,82.21,2315.1400000000003,3177.3575,4039.5775,25583.0,0.0,0.0,0.0,16396.0
2024-06-25 01:00:00+02:00,20922.0,20400.5,77.41,1938.79,2816.3450000000003,3693.895,25583.0,0.0,0.0,0.0,16398.0
2024-06-25 02:00:00+02:00,20292.5,19721.0,74.8,1567.495,2422.92,3278.35,25583.0,0.0,0.0,0.0,16398.0
2024-06-25 03:00:00+02:00,19666.5,19399.5,72.84,1221.455,2049.165,2876.88,25583.0,0.0,0.0,0.0,16398.0
2024-06-25 04:00:00+02:00,19194.5,19098.0,73.53,858.725,1658.0975,2457.475,25583.0,0.0,0.0,0.0,16398.0
2024-06-25 05:00:00+02:00,19531.0,19657.5,74.37,543.3575000000001,1280.24,2017.125,25583.0,0.0,0.0,0.0775,16398.0
2024-06-25 06:00:00+02:00,22495.0,22402.0,81.76,387.305,1017.095,1646.88,25583.0,198.0525,227.1825,259.9875,16398.0
2024-06-25 07:00:00+02:00,25741.0,25489.0,91.4,396.81,926.63,1456.45,25583.0,1026.15,1109.8375,1193.24,16398.0
2024-06-25 08:00:00+02:00,25775.0,26285.0,94.46,468.425,938.0725,1407.7175,25583.0,2365.83,2505.2574999999997,2644.69,16398.0
2024-06-25 09:00:00+02:00,25460.5,25808.5,93.53,485.4475,939.94,1394.4375,25583.0,4091.5725,4306.175,4520.78,16398.0
2024-06-25 10:00:00+02:00,24581.5,24777.5,88.54,512.7375000000001,948.81,1384.88,25583.0,5797.37,6140.195,6483.015,16398.0
2024-06-25 11:00:00+02:00,24106.0,24275.0,83.84,531.77,954.695,1377.62,25583.0,6954.5925,7551.8475,8149.110000000001,16398.0
2024-06-25 12:00:00+02:00,24131.0,24056.0,80.97,510.7825,951.27,1391.7625,25583.0,7701.295,8549.1325,9396.967499999999,16398.0
2024-06-25 13:00:00+02:00,23759.5,23926.5,79.98,518.2225000000001,975.11,1432.0,25583.0,8170.15,9133.86,10096.3125,16398.0
2024-06-25 14:00:00+02:00,23729.0,23844.5,75.91,540.265,1019.46,1498.6599999999999,25583.0,8029.345,9053.505,10077.6625,16398.0
2024-06-25 15:00:00+02:00,24203.0,24355.0,74.48,527.27,1087.875,1648.48,25583.0,7365.955,8384.3075,9402.655,16398.0
2024-06-25 16:00:00+02:00,25584.0,25777.0,75.7,550.3575000000001,1203.395,1856.4375,25583.0,6341.0225,7187.63,8034.23,16398.0
2024-06-25 17:00:00+02:00,27506.5,27434.5,81.71,617.21,1356.435,2095.6625000000004,25583.0,4997.3075,5623.6825,6250.055,16398.0
2024-06-25 18:00:00+02:00,28356.0,28274.5,93.35,763.505,1571.85,2380.19,25583.0,3682.64,4085.455,4488.2725,16398.0
2024-06-25 19:00:00+02:00,28949.5,28775.5,100.91,940.3175,1798.87,2657.425,25583.0,2324.2675,2586.4625,2848.655,16398.0
2024-06-25 20:00:00+02:00,28222.0,28135.5,104.32,1015.845,1961.73,2907.6175,25583.0,1093.56,1278.2,1461.22,16398.0
2024-06-25 21:00:00+02:00,27535.5,27182.0,99.73,1064.4225000000001,2036.2,3007.9750000000004,25583.0,272.2175,322.6375,394.11,16398.0
2024-06-25 22:00:00+02:00,26334.5,25876.5,95.62,992.4875000000001,1967.75,2943.005,25583.0,0.0,0.0,2.0175,16398.0
2024-06-25 23:00:00+02:00,23548.5,23445.0,88.92,897.9575,1785.94,2673.93,25583.0,0.0,0.0,0.0,16398.0
2024-06-26 00:00:00+02:00,21928.0,21940.5,84.89,922.1175000000001,1629.9025,2337.69,25583.0,0.0,0.0,0.0,16398.0
2024-06-26 01:00:00+02:00,21064.0,20938.0,80.9,850.3725,1495.63,2140.885,25583.0,0.0,0.0,0.0,16399.0
2024-06-26 02:00:00+02:00,20615.5,20110.0,77.67,751.25,1385.005,2018.76,25583.0,0.0,0.0,0.0,16399.0
2024-06-26 03:00:00+02:00,20234.5,19583.5,74.95,720.665,1321.4825,1922.3000000000002,25583.0,0.0,0.0,0.0,16399.0
2024-06-26 04:00:00+02:00,19630.5,19193.0,74.73,698.6800000000001,1260.7649999999999,1822.85,25583.0,0.0,0.0,0.0,16399.0
2024-06-26 05:00:00+02:00,19507.0,19677.0,75.62,688.97,1235.4625,1781.955,25583.0,0.0,0.0,0.5475,16399.0
2024-06-26 06:00:00+02:00,22227.0,22297.5,81.09,693.325,1235.06,1776.795,25583.0,190.1575,207.94,234.7475,16399.0
2024-06-26 07:00:00+02:00,25125.5,25227.5,91.18,663.59,1213.165,1762.745,25583.0,993.1999999999999,1052.865,1111.84,16399.0
2024-06-26 08:00:00+02:00,25641.5,24974.5,94.89,592.795,1158.9025,1725.01,25583.0,2314.4875,2434.56,2554.635,16399.0
2024-06-26 09:00:00+02:00,25074.5,24561.5,92.87,532.28,1117.195,1702.1125,25583.0,3995.79,4204.5875,4413.3875,16399.0
2024-06-26 10:00:00+02:00,23898.0,23664.0,87.08,519.2875,1129.775,1740.2625,25583.0,5792.14,6093.45,6394.7625,16399.0
2024-06-26 11:00:00+02:00,22921.0,23179.5,81.51,515.9875,1225.21,1934.4375,25583.0,7316.525,7705.37,8094.215,16399.0
2024-06-26 12:00:00+02:00,22806.0,23166.5,76.68,568.835,1426.425,2284.01,25583.0,8229.83,8852.1275,9474.425,16399.0
2024-06-26 13:00:00+02:00,22636.5,23077.5,75.16,688.365,1662.0375,2635.7125,25583.0,8455.84,9418.5275,10357.15,16399.0
2024-06-26 14:00:00+02:00,22782.5,23034.5,71.13,863.095,1883.3725,2903.645,25583.0,8336.9125,9317.58,10298.2425,16399.0
2024-06-26 15:00:00+02:00,23441.5,23660.0,70.41,1107.225,2109.585,3111.9475,25583.0,7752.19,8509.245,9266.3025,16399.0
2024-06-26 16:00:00+02:00,25224.5,25214.5,72.43,1302.5349999999999,2289.715,3276.89,25583.0,6604.825,7144.9075,7684.99,16399.0
2024-06-26 17:00:00+02:00,26961.5,27020.5,78.81,1453.745,2428.37,3402.9925,25583.0,5148.6900000000005,5534.0625,5919.4375,16399.0
2024-06-26 18:00:00+02:00,28379.0,28037.5,91.44,1619.705,2553.125,3486.5375,25583.0,3715.2574999999997,3975.01,4234.764999999999,16399.0
2024-06-26 19:00:00+02:00,28851.0,28727.5,99.43,1789.4625,2673.49,3557.515,25583.0,2369.3875,2526.63,2683.87,16399.0
2024-06-26 20:00:00+02:00,28276.0,28080.0,103.36,1895.6375,2831.5475,3767.46,25583.0,1132.02,1212.4325,1292.2649999999999,16399.0
2024-06-26 21:00:00+02:00,27622.5,26911.5,97.89,2114.4700000000003,3156.42,4198.37,25583.0,252.21,279.4625,314.33500000000004,16399.0
2024-06-26 22:00:00+02:00,26557.5,25413.0,92.69,2536.6625000000004,3861.275,5185.89,25583.0,0.0,0.0,0.2925,16399.0
2024-06-26 23:00:00+02:00,23397.5,22791.5,84.26,3638.375,4882.8725,6127.365,25583.0,0.0,0.0,0.0,16399.0
2024-06-27 00:00:00+02:00,21532.5,20740.5,73.01,4848.08,5745.237499999999,6642.389999999999,25583.0,0.0,0.0,0.0,16399.0
2024-06-27 01:00:00+02:00,20519.5,19536.0,66.72,5463.515,6284.6575,7105.797500000001,25583.0,0.0,0.0,0.0,16401.0
2024-06-27 02:00:00+02:00,19579.5,18920.5,61.16,5782.28,6667.0675,7551.8525,25583.0,0.0,0.0,0.0,16401.0
2024-06-27 03:00:00+02:00,18916.0,18557.5,56.76,5848.2,6828.145,7808.0825,25583.0,0.0,0.0,0.0,16401.0
2024-06-27 04:00:00+02:00,18390.5,18124.0,56.34,5858.345,6853.1075,7847.87,25583.0,0.0,0.0,0.0,16401.0
2024-06-27 05:00:00+02:00,18578.5,18291.5,57.64,5818.405,6816.52,7814.6325,25583.0,0.0,0.0,0.14,16401.0
2024-06-27 06:00:00+02:00,21242.5,21044.0,64.49,5825.95,6816.805,7807.655,25583.0,137.4225,179.4625,226.0875,16401.0
2024-06-27 07:00:00+02:00,23843.0,24240.5,77.02,5928.88,7021.5625,8114.2425,25583.0,778.14,908.99,1039.4825,16401.0
2024-06-27 08:00:00+02:00,24727.0,24214.5,82.05,6132.245,7219.41,8306.57,25583.0,1955.42,2134.675,2313.93,16401.0
2024-06-27 09:00:00+02:00,23838.5,23507.0,80.35,6371.88,7337.3825,8302.89,25583.0,3378.2475,3713.135,4048.025,16401.0
2024-06-27 10:00:00+02:00,22343.5,22283.5,74.19,6596.0275,7541.88,8487.7325,25583.0,4810.855,5375.955,5941.0575,16401.0
2024-06-27 11:00:00+02:00,20780.0,21510.5,62.76,6945.5675,7878.139999999999,8810.715,25583.0,6087.9475,6775.195,7462.4475,16401.0
2024-06-27 12:00:00+02:00,20023.0,21191.5,55.5,7422.475,8429.895,9437.317500000001,25583.0,6963.6,7793.1925,8622.782500000001,16401.0
2024-06-27 13:00:00+02:00,19620.5,19981.5,47.02,7792.700000000001,8908.067500000001,10023.435,25583.0,7693.7375,8532.4425,9371.1475,16401.0
2024-06-27 14:00:00+02:00,19112.0,19872.0,34.22,8096.2300000000005,9239.235,10382.24,25583.0,8048.33,8772.2725,9463.0425,16401.0
2024-06-27 15:00:00+02:00,19088.0,20480.5,28.56,8534.015,9618.525,10703.029999999999,25583.0,7785.5075,8361.1825,8933.5775,16401.0
2024-06-27 16:00:00+02:00,20979.0,22065.0,29.27,8876.682499999999,9981.235,11085.79,25583.0,6893.0725,7351.3175,7847.92,16401.0
2024-06-27 17:00:00+02:00,22624.0,23497.0,42.64,8954.59,10193.5275,11432.46,25583.0,5601.7474999999995,5927.28,6351.725,16401.0
2024-06-27 18:00:00+02:00,23452.0,24795.5,56.7,9010.14,10224.475,11438.81,25583.0,4114.0225,4370.295,4676.485,16401.0
2024-06-27 19:00:00+02:00,24155.0,25472.0,72.24,9127.5425,10317.0425,11506.5425,25583.0,2651.88,2831.36,3044.8775,16401.0
2024-06-27 20:00:00+02:00,24450.5,25287.0,78.73,9153.1525,10395.245,11637.335,25583.0,1331.7024999999999,1415.26,1549.535,16401.0
2024-06-27 21:00:00+02:00,23917.0,24626.0,77.39,9119.3225,10403.75,11688.185,25583.0,318.2575,340.7425,397.055,16401.0
2024-06-27 22:00:00+02:00,22056.5,23532.5,71.53,9195.235,10536.3325,11877.425,25583.0,0.0,0.0,2.6,16401.0
2024-06-27 23:00:00+02:00,19389.5,20555.5,62.57,9613.625,10843.6525,12073.6775,25583.0,0.0,0.0,0.0,16401.0
2024-06-28 00:00:00+02:00,17677.0,18332.5,43.71,10199.7725,11281.4725,12363.1675,25583.0,0.0,0.0,0.0,16401.0
2024-06-28 01:00:00+02:00,17028.5,17437.5,30.12,10605.9925,11675.0,12744.005000000001,25583.0,0.0,0.0,0.0,16396.0
2024-06-28 02:00:00+02:00,16427.5,16731.0,22.0,10835.8325,11833.0,12830.1625,25583.0,0.0,0.0,0.0,16396.0
2024-06-28 03:00:00+02:00,16046.0,15906.0,16.17,10806.2425,11771.285,12736.325,25583.0,0.0,0.0,0.0,16396.0
2024-06-28 04:00:00+02:00,15608.0,15627.0,15.34,10780.17,11789.134999999998,12798.1,25583.0,0.0,0.0,0.0,16396.0
2024-06-28 05:00:00+02:00,16018.5,16269.5,15.71,10918.02,11962.279999999999,13006.545,25583.0,0.0,0.0,0.41,16396.0
2024-06-28 06:00:00+02:00,18361.5,18938.0,22.11,11005.71,12095.055,13184.4025,25583.0,193.9025,215.205,244.44,16396.0
2024-06-28 07:00:00+02:00,20651.0,21666.0,37.49,10918.807499999999,12084.06,13249.315,25583.0,989.9075,1074.3175,1159.545,16396.0
2024-06-28 08:00:00+02:00,21709.0,22780.0,48.76,10683.495,11941.5875,13199.685,25583.0,2245.53,2379.7799999999997,2515.4625,16396.0
2024-06-28 09:00:00+02:00,22325.0,22514.0,44.97,10406.3125,11773.9175,13141.525,25583.0,3622.55,3882.1325,4141.6,16396.0
2024-06-28 10:00:00+02:00,22330.0,21897.5,35.49,10274.130000000001,11692.0575,13109.985,25583.0,4741.14,5216.335,5691.530000000001,16396.0
2024-06-28 11:00:00+02:00,22502.0,21650.0,31.11,10126.872500000001,11461.355,12795.835,25583.0,5486.665,6113.24,6739.8150000000005,16396.0
2024-06-28 12:00:00+02:00,22437.5,21579.0,32.52,9620.775,10916.1675,12211.565,25583.0,5984.7125,6760.7575,7536.8025,16396.0
2024-06-28 13:00:00+02:00,21597.0,20763.5,30.58,9000.91,10396.695,11792.4775,25583.0,6286.3975,7331.637500000001,8376.8825,16396.0
2024-06-28 14:00:00+02:00,20379.0,20457.5,25.07,8344.3825,9833.43,11322.4775,25583.0,6578.155,7726.115,8852.2325,16396.0
2024-06-28 15:00:00+02:00,19698.5,20610.5,23.09,7838.969999999999,9301.6525,10764.335,25583.0,6544.495,7556.030000000001,8567.5725,16396.0
2024-06-28 16:00:00+02:00,21137.5,22166.0,27.65,7358.545,8896.342499999999,10434.145,25583.0,5929.0675,6728.77,7528.4725,16396.0
2024-06-28 17:00:00+02:00,22207.0,23951.0,42.59,7049.5599999999995,8513.09,9976.625,25583.0,5024.1075,5588.14,6152.1725,16396.0
2024-06-28 18:00:00+02:00,23549.5,24864.5,59.99,6909.8375,8227.8225,9545.8,25583.0,3892.1725,4246.45,4598.8,16396.0
2024-06-28 19:00:00+02:00,24649.5,25083.0,77.42,6641.3475,7904.94,9168.529999999999,25583.0,2622.4325,2811.83,3026.1575000000003,16396.0
2024-06-28 20:00:00+02:00,24597.0,24988.5,86.61,6373.36,7447.77,8522.18,25583.0,1356.2325,1449.9575,1567.665,16396.0
2024-06-28 21:00:00+02:00,24105.0,24505.0,85.5,5905.21,6851.782499999999,7798.355,25583.0,332.38,356.5775,411.34499999999997,16396.0
2024-06-28 22:00:00+02:00,23534.5,23434.5,84.6,5219.07,6156.665,7094.2625,25583.0,0.0,0.0,4.735,16396.0
2024-06-28 23:00:00+02:00,21822.0,21296.0,78.83,4642.1,5589.115,6536.1325,25583.0,0.0,0.0,0.0,16396.0
2024-06-29 00:00:00+02:00,20351.0,19978.0,76.23,4231.285,5063.335,5895.385,25583.0,0.0,0.0,0.0,16396.0
2024-06-29 01:00:00+02:00,19350.0,18859.5,74.24,3782.275,4465.705,5149.1375,25583.0,0.0,0.0,0.0,16398.0
2024-06-29 02:00:00+02:00,18757.0,18266.5,70.58,3463.86,4073.845,4683.8275,25583.0,0.0,0.0,0.0,16398.0
2024-06-29 03:00:00+02:00,18017.5,17739.0,67.72,3250.855,3843.18,4435.5,25583.0,0.0,0.0,0.0,16398.0
2024-06-29 04:00:00+02:00,17677.0,17074.5,66.78,3065.0950000000003,3678.2225,4291.3525,25583.0,0.0,0.0,0.0,16398.0
2024-06-29 05:00:00+02:00,17568.5,17303.5,66.84,2895.73,3539.4725,4183.215,25583.0,0.0,0.0,0.2525,16398.0
2024-06-29 06:00:00+02:00,18523.5,18231.0,69.78,2652.365,3358.6324999999997,4064.9,25583.0,147.9275,185.125,228.4525,16398.0
2024-06-29 07:00:00+02:00,19530.0,19111.5,74.19,2432.2625,3232.6025,4032.9425,25583.0,776.8475000000001,912.64,1047.9625,16398.0
2024-06-29 08:00:00+02:00,20207.5,20249.0,73.99,2441.4449999999997,3264.9025,4088.3599999999997,25583.0,1871.5425,2105.4849999999997,2337.18,16398.0
2024-06-29 09:00:00+02:00,20527.0,20682.5,73.37,2566.7799999999997,3384.785,4202.79,25583.0,3257.0474999999997,3571.575,3911.71,16398.0
2024-06-29 10:00:00+02:00,19982.5,20090.0,70.56,2726.4674999999997,3507.2475,4288.03,25583.0,4525.24,4944.1575,5439.705,16398.0
2024-06-29 11:00:00+02:00,18855.5,19705.5,62.58,2820.765,3581.4475,4342.1325,25583.0,5403.280000000001,5997.3325,6635.5875,16398.0
2024-06-29 12:00:00+02:00,18056.0,19259.5,56.41,2770.5225,3577.925,4385.325,25583.0,6008.625,6762.615,7518.705,16398.0
2024-06-29 13:00:00+02:00,17099.0,18056.5,50.53,2763.935,3614.1175,4464.3,25583.0,6370.9575,7192.3925,8109.4025,16398.0
2024-06-29 14:00:00+02:00,16736.0,16900.0,39.03,2795.4700000000003,3677.1075,4558.75,25583.0,6423.6375,7238.4349999999995,8134.97,16398.0
2024-06-29 15:00:00+02:00,17484.5,16306.0,41.0,2826.95,3723.245,4619.5425,25583.0,5979.3575,6812.695,7639.6225,16398.0
2024-06-29 16:00:00+02:00,19528.5,17409.0,50.57,2860.2425,3765.5150000000003,4670.78,25583.0,5038.185,5869.4325,6700.6849999999995,16398.0
2024-06-29 17:00:00+02:00,22577.0,21108.5,63.65,2855.9575,3768.1375,4680.3225,25583.0,3916.4674999999997,4613.9525,5311.4349999999995,16398.0
2024-06-29 18:00:00+02:00,23400.5,23044.0,82.34,2795.2425000000003,3725.3125,4655.38,25583.0,2811.0725,3320.8500000000004,3830.63,16398.0
2024-06-29 19:00:00+02:00,24350.0,24209.0,92.44,2715.325,3624.9025,4534.475,25583.0,1742.105,2059.3675000000003,2376.6325,16398.0
2024-06-29 20:00:00+02:00,24534.5,24008.0,96.75,2599.96,3471.71,4343.4625,25583.0,757.9325,937.8575,1115.84,16398.0
2024-06-29 21:00:00+02:00,24559.5,23389.5,94.99,2363.305,3313.035,4262.77,25583.0,140.4275,203.05,290.65999999999997,16398.0
2024-06-29 22:00:00+02:00,23580.0,22925.0,92.67,2133.5625,3195.3,4257.0325,25583.0,0.0,0.0,4.49,16398.0
2024-06-29 23:00:00+02:00,21556.0,21172.5,85.43,2058.1225,3013.9375,3969.75,25583.0,0.0,0.0,0.0,16398.0
2024-06-30 00:00:00+02:00,19938.5,19742.0,86.06,2066.7125,2956.605,3846.4925,25583.0,0.0,0.0,0.0,16398.0
2024-06-30 01:00:00+02:00,18955.5,18653.5,78.88,2113.9525,3005.99,3898.035,25583.0,0.0,0.0,0.0,16396.0
2024-06-30 02:00:00+02:00,18143.0,17848.0,75.18,2142.135,2983.63,3825.12,25583.0,0.0,0.0,0.0,16396.0
2024-06-30 03:00:00+02:00,17485.0,17197.0,70.34,2068.395,2982.31,3896.2275,25583.0,0.0,0.0,0.0,16396.0
2024-06-30 04:00:00+02:00,16831.5,16643.5,67.88,2031.645,3011.885,3992.12,25583.0,0.0,0.0,0.0,16396.0
2024-06-30 05:00:00+02:00,16423.0,16152.0,67.64,2211.1375,3171.035,4130.9325,25583.0,0.0,0.0,0.2025,16396.0
2024-06-30 06:00:00+02:00,16673.5,16754.0,67.03,2472.29,3465.62,4458.9425,25583.0,86.8875,108.9175,130.01,16396.0
2024-06-30 07:00:00+02:00,17524.0,17489.0,69.3,2604.5474999999997,3716.62,4828.685,25583.0,517.63,622.52,721.89,16396.0
2024-06-30 08:00:00+02:00,19106.0,18213.5,68.8,2686.915,3917.5325,5148.15,25583.0,1374.6025,1593.68,1813.15,16396.0
2024-06-30 09:00:00+02:00,20701.5,19247.5,70.83,2732.4175,3977.6899999999996,5222.9625,25583.0,2359.625,2808.6875,3257.7525,16396.0
2024-06-30 10:00:00+02:00,21548.5,19850.5,77.11,2690.3375,3850.7375,5011.1325,25583.0,3343.7225,4019.0150000000003,4694.305,16396.0
2024-06-30 11:00:00+02:00,21837.0,20613.0,79.59,2644.085,3712.1625,4780.235,25583.0,4290.07,5030.045,5770.0225,16396.0
2024-06-30 12:00:00+02:00,21901.5,21565.5,80.89,2490.605,3517.1225,4543.635,25583.0,5013.1075,5684.22,6355.335,16396.0
2024-06-30 13:00:00+02:00,21256.5,21727.0,79.13,2117.44,3253.6,4389.7625,25583.0,5533.587500000001,6134.07,6734.5625,16396.0
2024-06-30 14:00:00+02:00,20969.5,21356.0,71.93,1902.1925,3097.3125,4292.43,25583.0,5704.8775000000005,6307.400000000001,6909.92,16396.0
2024-06-30 15:00:00+02:00,21133.5,21402.5,68.9,1925.58,3049.3325,4173.0875,25583.0,5399.1275000000005,5985.52,6571.915,16396.0
2024-06-30 16:00:00+02:00,22869.5,22212.5,71.32,1965.1675,2968.5125,3971.86,25583.0,4776.387500000001,5268.5975,5760.805,16396.0
2024-06-30 17:00:00+02:00,24407.0,23944.5,77.88,2028.2124999999999,2936.6925,3845.1725,25583.0,3988.8125,4375.97,4763.13,16396.0
2024-06-30 18:00:00+02:00,24842.0,24876.0,89.47,1962.2125,2877.44,3792.665,25583.0,2902.5025,3251.5975,3600.69,16396.0
2024-06-30 19:00:00+02:00,25405.0,25658.5,97.86,1745.8,2692.37,3638.9425,25583.0,1844.87,2091.685,2338.5074999999997,16396.0
2024-06-30 20:00:00+02:00,25359.5,25110.0,101.96,1527.7275,2481.4849999999997,3435.24,25583.0,922.2575,1061.75,1199.445,16396.0
2024-06-30 21:00:00+02:00,24494.0,24719.0,99.67,1301.3325,2185.7625,3070.19,25583.0,200.9725,249.6,321.5125,16396.0
2024-06-30 22:00:00+02:00,23224.5,23868.5,96.47,1131.82,1942.645,2753.47,25583.0,0.0,0.0,3.4074999999999998,16396.0
2024-06-30 23:00:00+02:00,21104.0,21227.0,89.7,1167.0,1900.24,2633.48,25583.0,0.0,0.0,0.0325,16396.0
2024-07-01 00:00:00+02:00,19676.5,19575.0,81.55,1209.29,1879.6599999999999,2550.0275,25583.0,0.0,0.0,0.0,16396.0
2024-07-01 01:00:00+02:00,18949.0,18730.0,76.84,1100.41,1815.355,2530.3,25583.0,0.0,0.0,0.0,16396.0
2024-07-01 02:00:00+02:00,18379.0,17982.0,74.61,968.53,1765.025,2561.515,25583.0,0.0,0.0,0.0,16396.0
2024-07-01 03:00:00+02:00,18110.5,17843.5,72.63,908.7225,1841.0,2773.2775,25583.0,0.0,0.0,0.0,16396.0
2024-07-01 04:00:00+02:00,17886.0,17719.0,71.86,1018.7375,2047.585,3076.4375,25583.0,0.0,0.0,0.0,16396.0
2024-07-01 05:00:00+02:00,18338.5,18089.5,72.15,1243.2875,2270.5175,3297.75,25583.0,0.0,0.0,0.0275,16396.0
2024-07-01 06:00:00+02:00,21004.5,21075.5,77.76,1379.3049999999998,2533.165,3687.0225,25583.0,148.5125,192.115,237.825,16396.0
2024-07-01 07:00:00+02:00,23593.0,24268.0,86.7,1444.095,2915.0775,4386.0625,25583.0,782.5975,943.085,1103.4125,16396.0
2024-07-01 08:00:00+02:00,24728.5,25685.5,90.42,1687.42,3324.2025000000003,4960.985,25583.0,1931.7849999999999,2196.16,2460.5375,16396.0
2024-07-01 09:00:00+02:00,25460.5,26049.0,90.17,2150.9325,3713.0675,5275.2,25583.0,3083.3975,3551.185,4018.9674999999997,16396.0
2024-07-01 10:00:00+02:00,25659.0,25771.5,88.35,2493.52,4111.155000000001,5728.79,25583.0,3694.35,4368.7325,5043.110000000001,16396.0
2024-07-01 11:00:00+02:00,26055.5,25758.5,86.41,2616.2525,4392.985000000001,6169.715,25583.0,3813.1625,4492.77,5168.61,16396.0
2024-07-01 12:00:00+02:00,25745.0,25174.0,84.74,2936.565,4748.12,6559.675,25583.0,3725.1575,4320.2625,4915.37,16396.0
2024-07-01 13:00:00+02:00,25107.0,24555.5,83.09,3601.8675,5316.5475,7031.23,25583.0,3596.6525,4226.165,4855.6825,16396.0
2024-07-01 14:00:00+02:00,24922.0,24072.0,78.21,4128.6325,5786.62,7444.605,25583.0,3438.185,4157.6075,4877.0275,16396.0
2024-07-01 15:00:00+02:00,25108.5,24313.0,73.67,4376.6875,6144.7475,7912.805,25583.0,3148.6825,3976.2475,4803.8175,16396.0
2024-07-01 16:00:00+02:00,26224.5,25609.0,72.09,4544.175,6488.8125,8433.45,25583.0,2769.0699999999997,3690.5125,4611.9575,16396.0
2024-07-01 17:00:00+02:00,27846.0,27065.5,75.43,4938.5650000000005,6851.1900000000005,8763.815,25583.0,2342.34,3185.5875,4028.8325,16396.0
2024-07-01 18:00:00+02:00,28126.0,27500.0,85.27,5432.9974999999995,7162.47,8891.945,25583.0,1827.3075,2458.2175,3089.1175,16396.0
2024-07-01 19:00:00+02:00,27522.5,27303.0,92.48,5607.8475,7385.36,9162.8725,25583.0,1207.035,1611.91,2016.7875,16396.0
2024-07-01 20:00:00+02:00,27076.5,26727.5,94.51,5690.3099999999995,7515.8275,9341.342499999999,25583.0,568.8525,780.9125,991.0725,16396.0
2024-07-01 21:00:00+02:00,26277.5,25836.0,90.83,5946.1525,7647.33,9348.5075,25583.0,124.4525,176.5525,253.085,16396.0
2024-07-01 22:00:00+02:00,24095.5,23944.5,84.06,6167.032499999999,7766.4025,9365.77,25583.0,0.0,0.0,5.3975,16396.0
2024-07-01 23:00:00+02:00,21672.0,21620.0,76.01,6090.2975,7551.7474999999995,9013.2,25583.0,0.0,0.0,0.0,16396.0
2024-07-02 00:00:00+02:00,20123.0,19809.5,69.3,6057.5875,7389.18,8720.765,25583.0,0.0,0.0,0.0,16396.0
2024-07-02 01:00:00+02:00,19452.0,19055.5,60.12,6101.205,7382.87,8664.535,25583.0,0.0,0.0,0.0,16398.0
2024-07-02 02:00:00+02:00,18651.5,18646.5,55.9,5978.485000000001,7308.932500000001,8639.385,25583.0,0.0,0.0,0.0,16398.0
2024-07-02 03:00:00+02:00,18340.0,18334.0,51.42,5780.91,7173.535,8566.16,25583.0,0.0,0.0,0.0,16398.0
2024-07-02 04:00:00+02:00,17958.5,18118.5,51.45,5589.64,6903.745,8217.8475,25583.0,0.0,0.0,0.0,16398.0
2024-07-02 05:00:00+02:00,18672.5,18571.5,52.96,5270.3150000000005,6558.48,7846.65,25583.0,0.0,0.0,0.345,16398.0
2024-07-02 06:00:00+02:00,21539.5,21746.0,62.72,4785.6925,6117.26,7448.825000000001,25583.0,71.06,114.4175,163.82,16398.0
2024-07-02 07:00:00+02:00,24282.0,25096.5,80.07,4460.175,5757.6775,7055.18,25583.0,463.6725,626.655,789.1725,16398.0
2024-07-02 08:00:00+02:00,25934.0,26482.0,88.54,4276.65,5626.2625,6975.87,25583.0,1363.8600000000001,1680.4625,1997.06,16398.0
2024-07-02 09:00:00+02:00,26474.0,25900.5,88.34,4153.955,5626.6900000000005,7099.43,25583.0,2586.4375,3044.025,3501.6125,16398.0
2024-07-02 10:00:00+02:00,26040.5,25403.5,86.21,4122.425,5629.74,7137.06,25583.0,3681.2325,4268.355,4855.4825,16398.0
2024-07-02 11:00:00+02:00,25623.0,25286.0,83.22,4116.952499999999,5532.675,6948.395,25583.0,4416.695,5151.5725,5886.4475,16398.0
2024-07-02 12:00:00+02:00,25502.5,25538.5,79.76,4038.675,5324.3675,6610.06,25583.0,4888.45,5758.8525,6629.2625,16398.0
2024-07-02 13:00:00+02:00,24677.0,25496.0,77.72,3764.185,5101.255,6438.327499999999,25583.0,5240.305,6168.5375,7096.77,16398.0
2024-07-02 14:00:00+02:00,24112.0,24972.0,71.17,3646.775,4982.975,6319.1775,25583.0,5397.717500000001,6280.3675,7172.045,16398.0
2024-07-02 15:00:00+02:00,24264.5,24860.0,67.71,3769.42,4946.030000000001,6122.635,25583.0,5222.0425,6012.24,6802.4400000000005,16398.0
2024-07-02 16:00:00+02:00,25175.5,25904.5,67.16,3732.835,4847.93,5963.03,25583.0,4578.395,5273.875,5969.355,16398.0
2024-07-02 17:00:00+02:00,26352.5,27316.5,75.02,3368.5575,4560.5625,5752.5650000000005,25583.0,3463.1225,4161.89,4860.66,16398.0
2024-07-02 18:00:00+02:00,27029.5,27919.5,87.66,3034.02,4280.4400000000005,5526.855,25583.0,2286.7525,2912.3225,3537.8975,16398.0
2024-07-02 19:00:00+02:00,27511.5,28201.0,97.35,2802.9575,4128.4400000000005,5453.922500000001,25583.0,1339.4625,1732.585,2125.705,16398.0
2024-07-02 20:00:00+02:00,27255.5,27713.0,101.64,2588.9275000000002,4022.09,5455.245,25583.0,504.35249999999996,743.12,980.4725,16398.0
2024-07-02 21:00:00+02:00,26769.0,26997.0,98.19,2470.21,4004.085,5537.9575,25583.0,57.6375,145.0275,250.7625,16398.0
2024-07-02 22:00:00+02:00,24952.5,25282.5,93.4,2482.56,4070.9225,5659.2875,25583.0,0.0,0.0,2.8125,16398.0
2024-07-02 23:00:00+02:00,22065.5,22236.5,84.91,2645.0625,4005.05,5365.03,25583.0,0.0,0.0,0.1625,16398.0
2024-07-03 00:00:00+02:00,20622.5,20775.5,80.69,2965.02,4073.4025,5181.785,25583.0,0.0,0.0,0.0,16398.0
2024-07-03 01:00:00+02:00,20045.5,19918.5,75.12,3322.63,4460.985000000001,5599.3375,25583.0,0.0,0.0,0.0,16396.0
2024-07-03 02:00:00+02:00,19425.0,19137.5,71.01,3591.2475,4919.202499999999,6247.155,25583.0,0.0,0.0,0.0,16396.0
2024-07-03 03:00:00+02:00,19065.0,18479.0,66.95,3941.575,5330.375,6719.17,25583.0,0.0,0.0,0.0,16396.0
2024-07-03 04:00:00+02:00,18710.0,18019.5,65.28,3996.21,5521.8,7047.39,25583.0,0.0,0.0,0.0,16396.0
2024-07-03 05:00:00+02:00,19076.5,18919.5,65.46,3845.365,5464.73,7084.0925,25583.0,0.0,0.0,0.0,16396.0
2024-07-03 06:00:00+02:00,21885.5,22179.0,73.31,3841.225,5306.9025,6772.58,25583.0,4.6625,13.15,13.6575,16396.0
2024-07-03 07:00:00+02:00,24882.5,25488.5,86.23,3746.3225,5059.575,6372.825,25583.0,114.105,191.555,237.415,16396.0
2024-07-03 08:00:00+02:00,26247.0,27267.0,92.5,3454.355,4862.6075,6270.8625,25583.0,549.5699999999999,734.645,899.5325,16396.0
2024-07-03 09:00:00+02:00,26796.0,27756.0,95.67,3220.455,5008.7,6796.955,25583.0,1227.0,1546.3025,1867.22,16396.0
2024-07-03 10:00:00+02:00,26319.0,27088.5,93.19,3248.0525,5452.5650000000005,7657.08,25583.0,1844.33,2331.2425000000003,2818.1549999999997,16396.0
2024-07-03 11:00:00+02:00,26009.5,26391.0,88.49,3529.66,6290.3425,9051.03,25583.0,2338.8125,2939.0225,3539.2375,16396.0
2024-07-03 12:00:00+02:00,25676.5,26159.0,84.28,4225.74,7342.1725,10458.605,25583.0,2712.4825,3349.245,3986.0125000000003,16396.0
2024-07-03 13:00:00+02:00,25412.5,25703.0,82.09,5323.59,8289.84,11256.085,25583.0,2911.7775,3584.355,4256.93,16396.0
2024-07-03 14:00:00+02:00,25142.0,25286.5,76.94,6304.1325,9002.5825,11701.0325,25583.0,2946.1125,3648.22,4360.58,16396.0
2024-07-03 15:00:00+02:00,25372.5,25226.0,72.91,7072.6849999999995,9415.305,11757.9225,25583.0,2861.87,3516.7425000000003,4174.6900000000005,16396.0
2024-07-03 16:00:00+02:00,25958.5,25875.0,70.47,7638.2625,9548.375,11458.490000000002,25583.0,2636.505,3211.31,3747.415,16396.0
2024-07-03 17:00:00+02:00,26778.0,26809.5,73.84,7630.7625,9463.1975,11295.6325,25583.0,2294.27,2847.7625,3345.15,16396.0
2024-07-03 18:00:00+02:00,26813.5,27210.5,82.39,7401.08,9516.6775,11632.272500000001,25583.0,1794.855,2325.52,2843.0975,16396.0
2024-07-03 19:00:00+02:00,26598.0,27392.0,87.88,7347.895,9679.9475,12011.995,25583.0,1182.155,1647.825,2114.7400000000002,16396.0
2024-07-03 20:00:00+02:00,26397.0,26243.5,88.64,7525.8175,9993.8225,12461.8275,25583.0,582.62,900.735,1215.955,16396.0
2024-07-03 21:00:00+02:00,25114.0,25408.5,82.48,8147.225,10719.135,13291.0475,25583.0,132.4625,236.7125,378.305,16396.0
2024-07-03 22:00:00+02:00,22859.0,23319.0,73.97,9082.84,11453.67,13824.5025,25583.0,0.0,0.0,8.7725,16396.0
2024-07-03 23:00:00+02:00,20235.0,20287.5,61.26,9830.19,11717.37,13604.5525,25583.0,0.0,0.0,0.0,16396.0
2024-07-04 00:00:00+02:00,18525.5,18796.5,40.7,10487.97,12000.407500000001,13512.845000000001,25583.0,0.0,0.0,0.0,16396.0
2024-07-04 01:00:00+02:00,17811.5,18072.0,25.35,10867.525000000001,12314.060000000001,13760.595,25583.0,0.0,0.0,0.0,16396.0
2024-07-04 02:00:00+02:00,17131.5,17298.0,19.52,10892.8925,12330.605,13768.315,25583.0,0.0,0.0,0.0,16396.0
2024-07-04 03:00:00+02:00,16848.5,16717.5,12.15,10957.195,12322.495,13687.795,25583.0,0.0,0.0,0.0,16396.0
2024-07-04 04:00:00+02:00,16634.0,16605.0,11.33,11066.58,12374.0075,13681.43,25583.0,0.0,0.0,0.0,16396.0
2024-07-04 05:00:00+02:00,17410.0,16906.5,12.8,11225.965,12444.615,13663.2675,25583.0,0.0,0.0,0.66,16396.0
2024-07-04 06:00:00+02:00,19732.5,19633.5,21.48,11278.47,12430.83,13583.18,25583.0,214.3375,228.9975,253.9225,16396.0
2024-07-04 07:00:00+02:00,22030.0,21970.5,39.66,11133.07,12236.189999999999,13339.305,25583.0,1069.18,1134.2375,1198.505,16396.0
2024-07-04 08:00:00+02:00,22151.0,22180.0,48.21,10994.5,12120.2275,13245.9525,25583.0,2437.6949999999997,2570.32,2702.94,16396.0
2024-07-04 09:00:00+02:00,21386.5,21467.5,41.83,10915.884999999998,12143.685,13371.4825,25583.0,4082.9275,4290.0725,4497.2125,16396.0
2024-07-04 10:00:00+02:00,20682.0,20145.5,28.23,10595.61,11962.2575,13328.91,25583.0,5521.8625,5867.9175,6213.975,16396.0
2024-07-04 11:00:00+02:00,19914.0,19728.5,19.67,10255.79,11741.985,13228.18,25583.0,6398.6625,6905.17,7411.675,16396.0
2024-07-04 12:00:00+02:00,19487.0,19566.0,19.19,10255.5175,11719.08,13182.6375,25583.0,6982.8475,7541.16,8099.4775,16396.0
2024-07-04 13:00:00+02:00,19037.0,18835.0,16.11,10426.06,11925.7025,13425.34,25583.0,7474.11,8015.115,8559.5025,16396.0
2024-07-04 14:00:00+02:00,18577.0,18445.0,11.34,10474.055,11995.48,13516.904999999999,25583.0,7612.077499999999,8186.942499999999,8731.32,16396.0
2024-07-04 15:00:00+02:00,19309.5,19349.5,8.3,10347.3375,11821.53,13295.717499999999,25583.0,7321.885,7937.0425,8469.82,16396.0
2024-07-04 16:00:00+02:00,21145.5,20915.5,10.52,10261.5975,11749.86,13238.1275,25583.0,6562.545,7073.26,7474.2575,16396.0
2024-07-04 17:00:00+02:00,23478.0,22959.5,23.99,10215.485,11671.45,13127.42,25583.0,5332.545,5699.9375,5987.4325,16396.0
2024-07-04 18:00:00+02:00,25090.0,24104.0,47.75,10093.512499999999,11527.065,12960.61,25583.0,3959.9775,4198.705,4429.8075,16396.0
2024-07-04 19:00:00+02:00,25661.5,25749.0,64.94,9991.215,11478.905,12966.595000000001,25583.0,2490.765,2678.4475,2867.14,16396.0
2024-07-04 20:00:00+02:00,25294.0,25221.5,72.22,9961.15,11471.335,12981.525000000001,25583.0,1143.695,1285.055,1424.1025,16396.0
2024-07-04 21:00:00+02:00,24635.0,24297.5,72.06,9885.1,11436.130000000001,12987.165,25583.0,263.4925,306.935,380.1225,16396.0
2024-07-04 22:00:00+02:00,23075.5,22763.0,66.74,9941.6525,11483.045,13024.44,25583.0,0.0,0.0,4.765,16396.0
2024-07-04 23:00:00+02:00,20461.5,20048.5,54.32,10309.0775,11587.07,12865.06,25583.0,0.0,0.0,0.0,16396.0
2024-07-05 00:00:00+02:00,18733.0,18528.5,18.41,10775.34,11778.4125,12781.485,25583.0,0.0,0.0,0.0,16396.0
2024-07-05 01:00:00+02:00,18214.5,18055.0,6.53,11027.380000000001,11939.115,12850.85,25583.0,0.0,0.0,0.0,16396.0
2024-07-05 02:00:00+02:00,17648.0,17492.5,1.52,10975.465,11893.7375,12812.01,25583.0,0.0,0.0,0.0,16396.0
2024-07-05 03:00:00+02:00,17346.0,17276.0,-2.49,10786.935,11726.47,12666.0075,25583.0,0.0,0.0,0.0,16396.0
2024-07-05 04:00:00+02:00,17029.5,17129.0,0.41,10344.7825,11392.705,12440.6275,25583.0,0.0,0.0,0.0,16396.0
2024-07-05 05:00:00+02:00,17717.0,17934.5,7.05,9594.615,10873.79,12152.96,25583.0,0.0,0.0,1.395,16396.0
2024-07-05 06:00:00+02:00,20705.0,20826.0,21.9,8652.0875,10229.7375,11807.385,25583.0,62.3675,83.485,113.63,16396.0
2024-07-05 07:00:00+02:00,24271.5,24398.5,46.15,7788.05,9631.82,11475.585,25583.0,293.3975,356.475,418.8575,16396.0
2024-07-05 08:00:00+02:00,25639.5,25902.5,62.63,7221.1,9170.75,11120.4025,25583.0,643.4725000000001,890.6925,1137.91,16396.0
2024-07-05 09:00:00+02:00,25468.5,25298.5,65.95,6862.765,8791.4175,10720.07,25583.0,1234.1725000000001,1817.0625,2399.955,16396.0
2024-07-05 10:00:00+02:00,24566.5,24790.5,65.69,6483.1,8284.89,10086.68,25583.0,2031.5550000000003,3014.175,3996.79,16396.0
2024-07-05 11:00:00+02:00,23850.0,24684.5,62.05,6061.04,7654.2225,9247.4075,25583.0,2753.2175,4121.91,5490.6075,16396.0
2024-07-05 12:00:00+02:00,23281.0,23901.5,58.38,5355.54,6987.17,8618.8075,25583.0,3246.9700000000003,4949.815,6652.6625,16396.0
2024-07-05 13:00:00+02:00,22539.5,23316.5,55.72,4545.375,6278.6175,8011.86,25583.0,3815.68,5663.3175,7510.9575,16396.0
2024-07-05 14:00:00+02:00,22533.0,22970.0,49.87,3936.37,5600.305,7264.24,25583.0,4334.639999999999,6106.7575,7867.785,16396.0
2024-07-05 15:00:00+02:00,23440.0,23275.5,46.15,3459.98,4982.495,6505.004999999999,25583.0,4299.8150000000005,5988.6775,7677.545,16396.0
2024-07-05 16:00:00+02:00,25436.5,24740.5,51.46,3076.6275,4330.9225,5585.215,25583.0,3763.355,5190.28,6617.205,16396.0
2024-07-05 17:00:00+02:00,27396.5,26552.0,61.29,2618.9025,3710.2775,4801.655,25583.0,2983.315,3924.895,4866.4775,16396.0
2024-07-05 18:00:00+02:00,28334.5,27509.0,74.36,2064.8325,3185.015,4305.1900000000005,25583.0,2016.375,2603.2225,3190.0699999999997,16396.0
2024-07-05 19:00:00+02:00,28067.0,27688.0,84.2,1601.6875,2757.9825,3914.2799999999997,25583.0,1106.1174999999998,1437.8425,1769.565,16396.0
2024-07-05 20:00:00+02:00,27381.0,26555.5,87.25,1317.245,2547.13,3777.0225,25583.0,478.1375,583.935,688.165,16396.0
2024-07-05 21:00:00+02:00,25923.0,25980.5,81.69,1320.2649999999999,2632.2650000000003,3944.2675,25583.0,88.16,111.7825,155.6475,16396.0
2024-07-05 22:00:00+02:00,24733.0,24148.0,76.76,1476.0774999999999,2936.54,4397.0025000000005,25583.0,0.0,0.0,7.3625,16396.0
2024-07-05 23:00:00+02:00,22308.5,21984.5,68.36,1778.26,3188.1549999999997,4598.05,25583.0,0.0,0.0,0.12,16396.0
2024-07-06 00:00:00+02:00,20659.5,20539.5,73.09,2206.0074999999997,3427.1724999999997,4648.3375,25583.0,0.0,0.0,0.0,16396.0
2024-07-06 01:00:00+02:00,19838.0,19469.0,67.51,2410.185,3662.12,4914.05,25583.0,0.0,0.0,0.0,16396.0
2024-07-06 02:00:00+02:00,19110.5,18816.5,60.48,2363.7650000000003,3854.48,5345.1900000000005,25583.0,0.0,0.0,0.0,16396.0
2024-07-06 03:00:00+02:00,18362.5,18018.0,53.86,2198.21,4096.1575,5994.105,25583.0,0.0,0.0,0.0,16396.0
2024-07-06 04:00:00+02:00,17896.5,17610.0,50.03,1954.8600000000001,4242.425,6529.985,25583.0,0.0,0.0,0.0,16396.0
2024-07-06 05:00:00+02:00,17632.0,17509.0,47.42,1701.28,4213.405,6725.53,25583.0,0.0,0.0,1.2975,16396.0
2024-07-06 06:00:00+02:00,18322.0,18822.5,48.14,1515.5275,4170.4400000000005,6825.3475,25583.0,45.5275,76.425,116.89500000000001,16396.0
2024-07-06 07:00:00+02:00,19645.0,20199.5,50.54,1542.585,4320.8775,7099.1675,25583.0,446.5625,566.0450000000001,684.7925,16396.0
2024-07-06 08:00:00+02:00,21033.0,21165.5,51.71,1700.3200000000002,4490.82,7281.32,25583.0,1363.0125,1596.775,1830.535,16396.0
2024-07-06 09:00:00+02:00,21834.0,21663.5,51.34,1884.6825,4721.4625,7558.24,25583.0,2575.26,2945.8275,3316.39,16396.0
2024-07-06 10:00:00+02:00,21823.0,21629.0,48.96,2326.3,5303.889999999999,8281.48,25583.0,3735.4825,4242.1925,4748.8975,16396.0
2024-07-06 11:00:00+02:00,21217.0,20969.5,39.31,2837.1549999999997,5946.165,9055.175,25583.0,4598.995,5227.205,5855.4175,16396.0
2024-07-06 12:00:00+02:00,20670.0,19998.0,32.51,3265.995,6343.74,9421.4825,25583.0,5248.4625,5931.7,6614.9349999999995,16396.0
2024-07-06 13:00:00+02:00,19472.5,18664.5,21.2,3801.4449999999997,6807.37,9813.3,25583.0,5804.305,6508.96,7213.615,16396.0
2024-07-06 14:00:00+02:00,18026.5,18347.0,6.5,4543.1275000000005,7307.0375,10070.942500000001,25583.0,6140.25,6878.5425,7616.83,16396.0
2024-07-06 15:00:00+02:00,17680.5,18219.5,-1.39,4936.66,7540.215,10143.77,25583.0,6290.11,6937.315,7586.34,16396.0
2024-07-06 16:00:00+02:00,18710.5,19313.5,-1.57,5084.58,7680.735,10276.8925,25583.0,6064.115,6533.99,7003.8625,16396.0
2024-07-06 17:00:00+02:00,20507.0,21396.5,11.12,5361.925,7818.365,10274.8075,25583.0,5290.61,5621.4675,5952.3225,16396.0
2024-07-06 18:00:00+02:00,21688.5,22798.0,35.4,5692.96,8082.795,10472.630000000001,25583.0,4148.75,4372.9125,4597.0775,16396.0
2024-07-06 19:00:00+02:00,22851.0,23307.5,57.05,5650.355,8070.8525,10491.3525,25583.0,2776.0125,2923.0325000000003,3070.05,16396.0
2024-07-06 20:00:00+02:00,23659.5,23666.5,70.18,5100.1849999999995,7605.455,10110.73,25583.0,1403.28,1476.4225,1547.2675,16396.0
2024-07-06 21:00:00+02:00,23378.5,23684.5,73.82,4390.9325,7067.8325,9744.7375,25583.0,332.015,348.9325,395.28499999999997,16396.0
2024-07-06 22:00:00+02:00,22400.0,22987.0,72.46,3828.9775,6548.105,9267.235,25583.0,0.0,0.0,4.4325,16396.0
2024-07-06 23:00:00+02:00,20536.5,21271.0,66.31,4603.3975,6597.04,8590.685,25583.0,0.0,0.0,0.0,16396.0
2024-07-07 00:00:00+02:00,19431.0,19469.0,55.9,5441.575,6827.115,8212.6525,25583.0,0.0,0.0,0.0,16396.0
2024-07-07 01:00:00+02:00,18524.0,18608.0,47.16,5188.0625,6624.3775,8060.6875,25583.0,0.0,0.0,0.0,16396.0
2024-07-07 02:00:00+02:00,17727.5,17866.5,44.18,4870.465,6306.115,7741.765,25583.0,0.0,0.0,0.0,16396.0
2024-07-07 03:00:00+02:00,17199.0,17154.5,41.17,4545.2,5949.4275,7353.6575,25583.0,0.0,0.0,0.0,16396.0
2024-07-07 04:00:00+02:00,16792.5,16592.5,40.25,4264.7575,5657.345,7049.925,25583.0,0.0,0.0,0.0,16396.0
2024-07-07 05:00:00+02:00,16555.0,16260.5,40.82,3938.3625,5365.25,6792.135,25583.0,0.0,0.0,0.88,16396.0
2024-07-07 06:00:00+02:00,16754.5,16815.0,40.88,3634.175,5042.44,6450.7075,25583.0,120.64500000000001,154.57,198.72750000000002,16396.0
2024-07-07 07:00:00+02:00,17432.0,18186.5,45.75,3340.025,4738.49,6136.952499999999,25583.0,671.9125,783.7049999999999,894.7049999999999,16396.0
2024-07-07 08:00:00+02:00,18931.5,19709.0,47.68,3057.4049999999997,4428.87,5800.335,25583.0,1680.8474999999999,1897.8375,2114.825,16396.0
2024-07-07 09:00:00+02:00,19963.0,21054.5,52.31,2908.62,4187.1175,5465.615,25583.0,2904.8900000000003,3230.6525,3556.4075,16396.0
2024-07-07 10:00:00+02:00,20283.0,21621.0,58.37,2776.0775,3954.075,5132.065,25583.0,4075.2425,4459.6125,4843.9825,16396.0
2024-07-07 11:00:00+02:00,20340.5,21612.0,60.33,2737.1324999999997,3792.2574999999997,4847.385,25583.0,4877.2425,5336.355,5795.4725,16396.0
2024-07-07 12:00:00+02:00,20566.0,21399.5,64.14,2793.475,3723.9775,4654.48,25583.0,5359.8075,5827.6275,6295.4475,16396.0
2024-07-07 13:00:00+02:00,20059.5,20895.0,63.71,2835.165,3679.57,4523.98,25583.0,5776.16,6188.055,6599.9475,16396.0
2024-07-07 14:00:00+02:00,19687.0,20481.5,54.91,2911.66,3766.83,4622.0,25583.0,6063.735000000001,6558.5925,7053.264999999999,16396.0
2024-07-07 15:00:00+02:00,19751.0,20442.5,46.38,2939.68,3817.6825,4695.6900000000005,25583.0,5987.965,6629.155,7260.08,16396.0
2024-07-07 16:00:00+02:00,21029.5,21745.0,44.15,2936.7250000000004,3748.6725,4560.62,25583.0,5676.4425,6230.0625,6783.6875,16396.0
2024-07-07 17:00:00+02:00,23138.0,24043.5,52.88,2817.855,3594.075,4370.305,25583.0,5070.1625,5406.8724999999995,5743.575,16396.0
2024-07-07 18:00:00+02:00,24754.5,24903.0,76.85,2478.8725,3337.63,4196.39,25583.0,3929.2675,4150.2725,4371.2775,16396.0
2024-07-07 19:00:00+02:00,25300.0,24901.0,88.92,2110.195,3030.995,3951.795,25583.0,2594.675,2737.19,2879.7075,16396.0
2024-07-07 20:00:00+02:00,25234.5,25292.0,94.84,1790.7775000000001,2741.1,3691.4225,25583.0,1322.6,1393.6374999999998,1462.5625,16396.0
2024-07-07 21:00:00+02:00,24633.0,24745.0,92.65,1488.83,2514.3,3539.7625,25583.0,327.22,343.2075,386.6025,16396.0
2024-07-07 22:00:00+02:00,23667.5,23965.5,89.29,1275.8000000000002,2344.9325,3414.06,25583.0,0.0,0.0,3.6975,16396.0
2024-07-07 23:00:00+02:00,21351.0,21578.0,82.17,1343.5149999999999,2349.3075,3355.105,25583.0,0.0,0.0,0.0,16396.0
2024-07-08 00:00:00+02:00,19932.0,20189.5,72.63,1384.3175,2295.475,3206.6324999999997,25583.0,0.0,0.0,0.0,16396.0
2024-07-08 01:00:00+02:00,19242.0,19453.0,68.27,1164.6975,2050.79,2936.8825,25583.0,0.0,0.0,0.0,16398.0
2024-07-08 02:00:00+02:00,18831.0,18951.0,64.76,899.575,1799.96,2700.3475,25583.0,0.0,0.0,0.0,16398.0
2024-07-08 03:00:00+02:00,18235.5,18717.0,62.23,639.9125,1537.515,2435.12,25583.0,0.0,0.0,0.0,16398.0
2024-07-08 04:00:00+02:00,17816.0,18561.5,61.06,490.8125,1245.2,1999.585,25583.0,0.0,0.0,0.0,16398.0
2024-07-08 05:00:00+02:00,18567.0,19096.5,61.1,453.265,992.1925,1531.12,25583.0,0.0,0.0,0.75,16398.0
2024-07-08 06:00:00+02:00,21566.0,22166.5,68.53,379.13,802.355,1225.585,25583.0,147.53000000000003,192.0625,247.4075,16398.0
2024-07-08 07:00:00+02:00,24512.5,25059.5,82.59,296.325,664.205,1032.0875,25583.0,722.64,961.71,1199.9524999999999,16398.0
2024-07-08 08:00:00+02:00,25396.0,26224.0,90.28,253.585,590.7850000000001,927.985,25583.0,1785.5575,2291.0875,2796.615,16398.0
2024-07-08 09:00:00+02:00,25255.5,26278.0,93.07,244.775,559.715,874.65,25583.0,3124.49,3965.665,4806.84,16398.0
2024-07-08 10:00:00+02:00,25020.0,25484.0,90.52,249.4725,555.555,861.635,25583.0,4231.26,5370.54,6509.8225,16398.0
2024-07-08 11:00:00+02:00,25351.5,24962.0,86.81,264.01,576.235,888.47,25583.0,4911.5650000000005,6102.1625,7292.755,16398.0
2024-07-08 12:00:00+02:00,25618.5,25428.0,85.9,293.4,620.6,947.8025,25583.0,5233.9475,6471.6275,7709.3125,16398.0
2024-07-08 13:00:00+02:00,25324.5,25171.5,85.13,306.615,681.38,1056.1399999999999,25583.0,5278.7575,6597.0175,7914.77,16398.0
2024-07-08 14:00:00+02:00,25285.5,25108.5,83.21,297.20000000000005,724.625,1152.0475,25583.0,4903.2125,6392.05,7880.88,16398.0
2024-07-08 15:00:00+02:00,25781.0,25617.0,81.69,301.745,752.99,1204.235,25583.0,4262.68,5804.7300000000005,7346.7775,16398.0
2024-07-08 16:00:00+02:00,27208.5,26694.0,82.67,316.815,831.38,1345.9425,25583.0,3565.8575,4867.8,6169.735000000001,16398.0
2024-07-08 17:00:00+02:00,28369.5,28368.0,87.23,279.6175,933.89,1588.1625000000001,25583.0,2732.9025,3721.1675,4709.43,16398.0
2024-07-08 18:00:00+02:00,28612.0,28419.0,94.26,285.2425,1060.7849999999999,1836.33,25583.0,1826.21,2482.7774999999997,3139.35,16398.0
2024-07-08 19:00:00+02:00,28378.0,28618.5,99.5,295.58500000000004,1237.6525000000001,2179.7175,25583.0,1012.1775,1378.55,1745.3425,16398.0
2024-07-08 20:00:00+02:00,27660.5,28440.0,99.13,328.44,1461.8200000000002,2595.1949999999997,25583.0,469.0525,610.2775,743.825,16398.0
2024-07-08 21:00:00+02:00,26130.5,27576.5,93.52,513.845,1748.8200000000002,2983.7925,25583.0,116.55,140.995,189.13,16398.0
2024-07-08 22:00:00+02:00,24260.0,25235.5,88.38,744.515,2116.38,3488.235,25583.0,0.0,0.0,13.047500000000001,16398.0
2024-07-08 23:00:00+02:00,21495.5,21890.5,79.65,1328.8875,2552.6875,3776.49,25583.0,0.0,0.0,0.0,16398.0
2024-07-09 00:00:00+02:00,20114.0,19780.0,73.0,2022.5900000000001,3089.315,4156.035,25583.0,0.0,0.0,0.0,16398.0
2024-07-09 01:00:00+02:00,19245.0,18847.5,66.3,2414.7275,3615.56,4816.395,25583.0,0.0,0.0,0.0,16396.0
2024-07-09 02:00:00+02:00,18502.0,18203.0,59.16,2660.685,4029.965,5399.245000000001,25583.0,0.0,0.0,0.0,16396.0
2024-07-09 03:00:00+02:00,18040.5,17910.0,47.78,2917.7675,4497.02,6076.275,25583.0,0.0,0.0,0.0,16396.0
2024-07-09 04:00:00+02:00,17839.5,17627.0,40.71,3467.67,5184.09,6900.51,25583.0,0.0,0.0,0.0,16396.0
2024-07-09 05:00:00+02:00,18424.0,18165.5,37.56,4252.375,6017.235000000001,7782.1,25583.0,0.0,0.0,1.9675,16396.0
2024-07-09 06:00:00+02:00,21280.5,21134.5,42.57,5131.110000000001,6827.9275,8524.745,25583.0,47.33,57.93,77.045,16396.0
2024-07-09 07:00:00+02:00,25163.5,24430.5,56.14,6175.115,7701.335,9227.555,25583.0,227.5225,281.85,335.52750000000003,16396.0
2024-07-09 08:00:00+02:00,27270.5,25797.5,73.72,7030.6849999999995,8328.965,9627.245,25583.0,597.2674999999999,738.52,879.7675,16396.0
2024-07-09 09:00:00+02:00,27489.5,26346.5,78.15,7458.04,8675.4225,9892.805,25583.0,1089.32,1345.62,1601.9225000000001,16396.0
2024-07-09 10:00:00+02:00,27578.5,27378.5,78.35,7518.7325,8768.6725,10018.6125,25583.0,1571.29,1995.48,2419.6725,16396.0
2024-07-09 11:00:00+02:00,28040.5,27200.5,76.54,7202.16,8434.55,9666.94,25583.0,1846.375,2523.6775000000002,3200.9849999999997,16396.0
2024-07-09 12:00:00+02:00,28127.5,26946.5,75.86,6824.2,8022.3525,9225.7525,25583.0,1958.575,2888.1949999999997,3817.8175,16396.0
2024-07-09 13:00:00+02:00,27739.5,27261.0,75.22,6407.7675,7702.51,9002.494999999999,25583.0,2102.585,3203.3425,4304.095,16396.0
2024-07-09 14:00:00+02:00,27399.0,26724.5,71.44,5792.2275,7382.105,8971.9875,25583.0,2207.145,3353.2349999999997,4496.7,16396.0
2024-07-09 15:00:00+02:00,27549.0,26882.5,68.47,5343.9225,7067.895,8791.865000000002,25583.0,2118.1975,3310.525,4496.5025000000005,16396.0
2024-07-09 16:00:00+02:00,28228.0,28004.0,67.73,5379.745000000001,7019.75,8659.744999999999,25583.0,1816.2175,3041.4625,4266.7125,16396.0
2024-07-09 17:00:00+02:00,29216.5,28824.5,72.79,5523.4075,7077.99,8632.565,25583.0,1442.1775,2579.62,3717.06,16396.0
2024-07-09 18:00:00+02:00,29502.5,28834.5,82.28,5366.885,6918.08,8469.275,25583.0,988.5374999999999,1982.69,2976.8425,16396.0
2024-07-09 19:00:00+02:00,28969.0,28466.0,88.65,5061.3575,6655.13,8248.897500000001,25583.0,581.3775,1278.2350000000001,1975.0925,16396.0
2024-07-09 20:00:00+02:00,27888.5,27711.5,90.51,4808.895,6364.59,7920.285,25583.0,287.8475,601.66,913.965,16396.0
2024-07-09 21:00:00+02:00,26443.5,26333.5,85.59,4411.6425,6088.7,7765.75,25583.0,67.49,131.85,215.76999999999998,16396.0
2024-07-09 22:00:00+02:00,24937.0,24604.5,81.3,3933.065,5870.31,7807.5525,25583.0,0.0,0.0,3.495,16396.0
2024-07-09 23:00:00+02:00,22071.5,21938.0,73.08,3958.005,5720.035,7482.0675,25583.0,0.0,0.0,0.0,16396.0
2024-07-10 00:00:00+02:00,20659.5,20228.0,67.76,4143.3,5663.6825,7184.0675,25583.0,0.0,0.0,0.0,16396.0
2024-07-10 01:00:00+02:00,20028.5,19286.0,60.34,4142.6900000000005,5651.5225,7160.355,25583.0,0.0,0.0,0.0,16396.0
2024-07-10 02:00:00+02:00,19328.0,18603.5,54.86,4324.5825,5851.514999999999,7378.445,25583.0,0.0,0.0,0.0,16396.0
2024-07-10 03:00:00+02:00,18970.0,18331.5,48.77,4608.1,6166.6525,7725.21,25583.0,0.0,0.0,0.0,16396.0
2024-07-10 04:00:00+02:00,18518.5,18202.0,46.58,4721.26,6307.4625,7893.665,25583.0,0.0,0.0,0.0,16396.0
2024-07-10 05:00:00+02:00,19125.0,18785.0,46.15,4793.115,6394.3099999999995,7995.5025000000005,25583.0,0.0,0.0,1.0825,16396.0
2024-07-10 06:00:00+02:00,22131.5,21707.0,53.05,5000.280000000001,6508.85,8017.42,25583.0,58.275000000000006,74.3975,98.64,16396.0
2024-07-10 07:00:00+02:00,25425.0,24492.0,69.03,5299.605,6728.99,8158.3724999999995,25583.0,446.765,521.38,595.3775,16396.0
2024-07-10 08:00:00+02:00,26536.0,26258.0,76.93,5820.07,7115.3125,8410.555,25583.0,1278.9425,1515.5375,1752.1374999999998,16396.0
2024-07-10 09:00:00+02:00,26518.0,26374.0,78.35,6199.6325,7415.1224999999995,8630.61,25583.0,2448.0525,2826.67,3205.2825000000003,16396.0
2024-07-10 10:00:00+02:00,26024.0,25863.0,75.9,6281.02,7567.865,8854.71,25583.0,3782.03,4176.5425,4571.05,16396.0
2024-07-10 11:00:00+02:00,25771.5,24941.5,69.96,6371.005,7708.855,9046.7,25583.0,4859.985000000001,5251.88,5643.77,16396.0
2024-07-10 12:00:00+02:00,25343.5,24466.5,65.49,6425.4475,7796.8575,9168.265,25583.0,5576.94,6039.4425,6501.9475,16396.0
2024-07-10 13:00:00+02:00,24522.5,23671.0,59.99,6584.645,7999.84,9415.032500000001,25583.0,6181.4725,6734.51,7282.17,16396.0
2024-07-10 14:00:00+02:00,23786.5,23140.0,50.11,6790.0675,8271.27,9752.4775,25583.0,6470.2474999999995,6980.345,7549.81,16396.0
2024-07-10 15:00:00+02:00,23496.0,23538.0,43.46,6876.05,8429.59,9983.125,25583.0,6391.5175,6844.6925,7378.6075,16396.0
2024-07-10 16:00:00+02:00,24748.5,24678.5,43.72,6919.0,8588.8575,10258.715,25583.0,5735.3575,6180.995,6632.0975,16396.0
2024-07-10 17:00:00+02:00,26545.0,26128.0,51.59,6868.422500000001,8704.3325,10540.24,25583.0,4565.385,5022.5375,5478.8625,16396.0
2024-07-10 18:00:00+02:00,27147.0,27095.5,69.11,6549.57,8579.4175,10609.265,25583.0,3315.3424999999997,3698.86,4082.38,16396.0
2024-07-10 19:00:00+02:00,27489.5,27871.5,80.54,6121.67,8299.045,10476.42,25583.0,2049.9925,2331.4425,2612.8925,16396.0
2024-07-10 20:00:00+02:00,26141.5,26872.5,86.7,5839.655,8130.7875,10421.92,25583.0,923.5574999999999,1105.5625,1286.2275,16396.0
2024-07-10 21:00:00+02:00,24804.0,26404.0,84.54,5600.01,7981.59,10363.17,25583.0,197.945,240.60750000000002,300.705,16396.0
2024-07-10 22:00:00+02:00,24062.0,24826.5,80.59,5238.445,7644.1825,10049.915,25583.0,0.0,0.0,1.7675,16396.0
2024-07-10 23:00:00+02:00,21702.5,22136.0,73.13,4620.5725,6740.3375,8860.1075,25583.0,0.0,0.0,0.0,16396.0
2024-07-11 00:00:00+02:00,20584.5,20643.5,68.04,4020.565,5831.71,7642.855,25583.0,0.0,0.0,0.0,16396.0
2024-07-11 01:00:00+02:00,19831.5,19724.0,60.92,3441.52,5344.4325,7247.3475,25583.0,0.0,0.0,0.0,16396.0
2024-07-11 02:00:00+02:00,19160.5,19193.5,57.46,2878.81,4902.34,6925.8675,25583.0,0.0,0.0,0.0,16396.0
2024-07-11 03:00:00+02:00,18656.0,18872.5,54.93,2666.4625,4665.895,6665.33,25583.0,0.0,0.0,0.0,16396.0
2024-07-11 04:00:00+02:00,18522.0,18537.0,54.11,2491.39,4461.297500000001,6431.205,25583.0,0.0,0.0,0.0,16396.0
2024-07-11 05:00:00+02:00,19074.0,18976.0,56.75,2305.5649999999996,4230.24,6154.91,25583.0,0.0,0.0,0.3875,16396.0
2024-07-11 06:00:00+02:00,21641.5,21461.0,65.61,2332.195,4092.2225,5852.255,25583.0,78.95750000000001,112.255,151.73250000000002,16396.0
2024-07-11 07:00:00+02:00,24658.5,24536.0,79.28,2524.7675,4020.9925,5517.22,25583.0,569.545,673.76,777.5,16396.0
2024-07-11 08:00:00+02:00,26174.0,25968.5,84.94,2640.21,3933.365,5226.52,25583.0,1618.955,1819.1725000000001,2019.3874999999998,16396.0
2024-07-11 09:00:00+02:00,26271.5,25963.5,85.53,2588.09,3773.02,4957.950000000001,25583.0,2889.34,3233.3625,3577.3824999999997,16396.0
2024-07-11 10:00:00+02:00,25683.5,25465.0,82.7,2607.02,3699.1000000000004,4791.18,25583.0,3854.6975,4362.325,4869.955,16396.0
2024-07-11 11:00:00+02:00,25378.5,25107.5,79.13,2538.59,3682.305,4826.02,25583.0,4405.9775,5074.389999999999,5742.8,16396.0
2024-07-11 12:00:00+02:00,25698.0,25149.0,77.98,2397.965,3629.75,4861.5375,25583.0,4794.6075,5600.615,6406.625,16396.0
2024-07-11 13:00:00+02:00,25348.0,24712.5,76.59,2396.8199999999997,3652.63,4908.4375,25583.0,5266.975,6072.035,6877.0925,16396.0
2024-07-11 14:00:00+02:00,25174.5,24346.5,71.51,2461.555,3749.9375,5038.325,25583.0,5453.86,6224.685,6995.375,16396.0
2024-07-11 15:00:00+02:00,25227.0,24272.0,66.33,2531.825,3889.44,5247.0525,25583.0,5173.594999999999,5990.0599999999995,6806.525,16396.0
2024-07-11 16:00:00+02:00,26243.0,25573.0,66.47,2665.3125,4053.565,5441.8225,25583.0,4625.9875,5399.7074999999995,6173.4275,16396.0
2024-07-11 17:00:00+02:00,27393.0,27176.0,73.83,2820.83,4152.92,5485.01,25583.0,3753.4125,4404.2675,5055.1224999999995,16396.0
2024-07-11 18:00:00+02:00,27989.0,28137.0,84.03,2829.0825,4208.5325,5587.985,25583.0,2752.0225,3229.9,3707.7775,16396.0
2024-07-11 19:00:00+02:00,27957.5,27885.5,91.77,2819.1575000000003,4303.5025000000005,5787.845,25583.0,1772.4425,2026.1975,2279.9475,16396.0
2024-07-11 20:00:00+02:00,27325.5,27252.0,95.4,2833.285,4379.0675,5924.845,25583.0,816.1575,909.9525000000001,1001.905,16396.0
2024-07-11 21:00:00+02:00,26419.5,26380.5,91.26,2734.1875,4324.42,5914.655,25583.0,159.7175,182.895,229.95,16396.0
2024-07-11 22:00:00+02:00,24990.0,24768.5,87.02,2515.635,4149.547500000001,5783.46,25583.0,0.0,0.0,5.085,16396.0
2024-07-11 23:00:00+02:00,22264.0,22067.5,79.26,2242.4375,3722.6525,5202.865,25583.0,0.0,0.0,0.0,16396.0
2024-07-12 00:00:00+02:00,20760.5,20809.0,75.63,2116.495,3375.325,4634.155,25583.0,0.0,0.0,0.0,16396.0
2024-07-12 01:00:00+02:00,20252.5,19666.5,71.05,1996.2275,3289.885,4583.55,25583.0,0.0,0.0,0.0,16396.0
2024-07-12 02:00:00+02:00,19621.0,19014.0,67.85,1959.99,3254.1725,4548.360000000001,25583.0,0.0,0.0,0.0,16396.0
2024-07-12 03:00:00+02:00,19101.0,18566.5,64.62,2120.1,3304.215,4488.3325,25583.0,0.0,0.0,0.0,16396.0
2024-07-12 04:00:00+02:00,18931.0,18332.5,61.88,2277.35,3436.0375000000004,4594.72,25583.0,0.0,0.0,0.0,16396.0
2024-07-12 05:00:00+02:00,19362.5,18804.0,60.78,2579.0550000000003,3754.23,4929.4025,25583.0,0.0,0.0,0.65,16396.0
2024-07-12 06:00:00+02:00,22021.5,21439.5,65.66,2879.2525,4084.8050000000003,5290.360000000001,25583.0,65.17,85.4625,112.5425,16396.0
2024-07-12 07:00:00+02:00,25202.5,24752.5,79.55,3079.31,4352.655,5626.0,25583.0,397.19500000000005,507.23,616.74,16396.0
2024-07-12 08:00:00+02:00,26275.0,26163.5,84.26,3176.11,4565.9475,5955.785,25583.0,1128.33,1401.1125,1673.9,16396.0
2024-07-12 09:00:00+02:00,26786.0,26576.5,84.21,3188.14,4627.0325,6065.9225,25583.0,2130.0550000000003,2593.565,3057.0675,16396.0
2024-07-12 10:00:00+02:00,26026.0,26183.0,81.67,3166.5175,4578.665,5990.815,25583.0,3000.5325000000003,3694.185,4387.8375,16396.0
2024-07-12 11:00:00+02:00,25432.0,26136.5,77.57,3057.985,4496.78,5935.5725,25583.0,3700.7574999999997,4498.5075,5296.26,16396.0
2024-07-12 12:00:00+02:00,25059.5,26463.5,75.41,3081.7799999999997,4515.605,5949.425,25583.0,4238.48,5081.7275,5924.9725,16396.0
2024-07-12 13:00:00+02:00,24677.0,25810.0,74.48,3293.3675,4683.335,6073.297500000001,25583.0,4384.355,5373.5425,6365.1475,16396.0
2024-07-12 14:00:00+02:00,24623.0,25143.5,69.44,3461.01,4878.245,6295.4775,25583.0,4209.6125,5242.9974999999995,6276.385,16396.0
2024-07-12 15:00:00+02:00,25219.0,24921.5,64.36,3720.1949999999997,5068.115,6416.0375,25583.0,3934.0775000000003,4888.1975,5842.3175,16396.0
2024-07-12 16:00:00+02:00,26196.0,25957.5,62.62,4037.5225,5248.514999999999,6459.5125,25583.0,3510.735,4326.7675,5142.805,16396.0
2024-07-12 17:00:00+02:00,27376.5,27171.0,69.34,4169.11,5382.9775,6596.8475,25583.0,2862.895,3542.825,4222.755,16396.0
2024-07-12 18:00:00+02:00,27655.0,27795.0,80.29,4302.48,5564.215,6825.9475,25583.0,2136.8275,2688.1925,3239.5575,16396.0
2024-07-12 19:00:00+02:00,27878.0,27630.0,87.75,4373.475,5668.19,6962.915,25583.0,1373.6125000000002,1723.52,2073.425,16396.0
2024-07-12 20:00:00+02:00,27332.0,26871.5,93.69,4211.475,5606.54,7001.6025,25583.0,634.465,780.285,924.78,16396.0
2024-07-12 21:00:00+02:00,26265.0,26131.5,88.9,3907.7625,5464.3025,7020.8375,25583.0,123.49,158.82,211.415,16396.0
2024-07-12 22:00:00+02:00,24500.0,24917.5,85.58,3662.6025,5315.52,6968.435,25583.0,0.0,0.0,2.6475,16396.0
2024-07-12 23:00:00+02:00,22180.0,22379.5,78.05,3526.9075000000003,5184.205,6841.5025000000005,25583.0,0.0,0.0,0.0,16396.0
2024-07-13 00:00:00+02:00,20629.5,20736.5,70.9,3398.0175,5134.34,6870.66,25583.0,0.0,0.0,0.0,16396.0
2024-07-13 01:00:00+02:00,19727.5,19767.5,67.18,3212.7025,5083.5525,6954.405,25583.0,0.0,0.0,0.0,16396.0
2024-07-13 02:00:00+02:00,18908.5,19028.5,61.71,3168.2225,5028.93,6889.635,25583.0,0.0,0.0,0.0,16396.0
2024-07-13 03:00:00+02:00,18407.5,18299.5,56.49,3314.205,5092.775,6871.34,25583.0,0.0,0.0,0.0,16396.0
2024-07-13 04:00:00+02:00,17982.0,17854.5,51.33,3446.4624999999996,5217.71,6988.9625,25583.0,0.0,0.0,0.0,16396.0
2024-07-13 05:00:00+02:00,17604.0,17600.0,51.55,3520.6625,5327.7025,7134.7425,25583.0,0.0,0.0,0.8225,16396.0
2024-07-13 06:00:00+02:00,18441.5,18426.0,54.06,3532.645,5301.51,7070.375,25583.0,29.174999999999997,55.8525,89.44,16396.0
2024-07-13 07:00:00+02:00,19790.0,19969.5,62.79,3532.2574999999997,5253.25,6974.245,25583.0,383.865,489.435,594.4725,16396.0
2024-07-13 08:00:00+02:00,21087.5,21471.5,66.3,3294.115,5139.76,6985.4,25583.0,1208.6725000000001,1415.2225,1621.7025,16396.0
2024-07-13 09:00:00+02:00,22024.0,22334.0,68.57,2775.465,4880.585,6985.71,25583.0,2307.39,2621.82,2933.7,16396.0
2024-07-13 10:00:00+02:00,22078.5,22483.0,70.44,2448.4875,4669.7925,6891.094999999999,25583.0,3365.0175,3775.6949999999997,4233.4375,16396.0
2024-07-13 11:00:00+02:00,22049.0,22177.5,67.42,2261.0825,4488.7225,6716.365,25583.0,4154.0175,4643.2875,5178.5575,16396.0
2024-07-13 12:00:00+02:00,21936.0,22148.0,65.78,2244.855,4361.245,6477.639999999999,25583.0,4626.860000000001,5228.355,5826.3099999999995,16396.0
2024-07-13 13:00:00+02:00,21199.5,21894.0,63.69,2328.27,4327.1025,6325.9400000000005,25583.0,4990.797500000001,5639.445,6288.0925,16396.0
2024-07-13 14:00:00+02:00,20537.5,21228.5,56.89,2266.12,4287.795,6309.47,25583.0,5292.025,5837.225,6394.2525000000005,16396.0
2024-07-13 15:00:00+02:00,20961.5,21507.5,48.99,2204.67,4264.235,6323.8,25583.0,5260.0599999999995,5713.7775,6251.3025,16396.0
2024-07-13 16:00:00+02:00,22509.0,22357.0,48.12,2217.1400000000003,4294.1875,6371.24,25583.0,4808.7075,5199.005,5736.01,16396.0
2024-07-13 17:00:00+02:00,24304.0,23733.5,56.91,2171.91,4308.2775,6444.6475,25583.0,4044.0150000000003,4371.8675,4755.7825,16396.0
2024-07-13 18:00:00+02:00,25637.0,24320.5,73.26,1995.9499999999998,4221.0650000000005,6446.18,25583.0,3063.8625,3332.015,3599.8125,16396.0
2024-07-13 19:00:00+02:00,25594.0,24733.5,83.69,1917.9475,4127.745,6337.54,25583.0,1994.585,2175.2,2355.5,16396.0
2024-07-13 20:00:00+02:00,25595.0,24701.0,88.63,1888.895,4127.4025,6365.915,25583.0,939.24,1029.795,1119.2325,16396.0
2024-07-13 21:00:00+02:00,24629.0,24206.5,86.86,1833.73,4140.475,6447.225,25583.0,184.5,215.0325,260.0825,16396.0
2024-07-13 22:00:00+02:00,23228.0,23032.5,84.45,1756.8625,4145.425,6533.985000000001,25583.0,0.0,0.0,1.4,16396.0
2024-07-13 23:00:00+02:00,21031.0,20939.5,76.94,2505.665,4678.02,6850.3725,25583.0,0.0,0.0,0.0,16396.0
2024-07-14 00:00:00+02:00,19707.5,19631.5,71.07,3378.1675,5286.8724999999995,7195.58,25583.0,0.0,0.0,0.0,16396.0
2024-07-14 01:00:00+02:00,18752.0,18720.0,63.26,3536.8275,5381.675,7226.525,25583.0,0.0,0.0,0.0,16396.0
2024-07-14 02:00:00+02:00,17793.5,17870.0,55.21,3733.05,5498.3099999999995,7263.5725,25583.0,0.0,0.0,0.0,16396.0
2024-07-14 03:00:00+02:00,17091.0,17263.0,46.65,3852.16,5627.8,7403.4325,25583.0,0.0,0.0,0.0,16396.0
2024-07-14 04:00:00+02:00,16819.0,16801.5,39.26,3957.08,5673.950000000001,7390.82,25583.0,0.0,0.0,0.0,16396.0
2024-07-14 05:00:00+02:00,16374.0,16496.5,39.25,4012.7675,5695.7975,7378.825,25583.0,0.0,0.0,0.2025,16396.0
2024-07-14 06:00:00+02:00,17105.0,16684.0,37.95,3910.995,5616.7275,7322.46,25583.0,93.8325,117.05000000000001,144.765,16396.0
2024-07-14 07:00:00+02:00,17499.0,17373.5,41.57,3649.675,5415.19,7180.705,25583.0,655.465,724.4,792.9875,16396.0
2024-07-14 08:00:00+02:00,18268.5,19002.0,42.09,3378.395,5109.07,6839.74,25583.0,1800.815,1950.25,2099.6875,16396.0
2024-07-14 09:00:00+02:00,19467.5,20254.5,49.65,3311.825,4858.5375,6405.245,25583.0,3105.5675,3450.1825,3794.8025,16396.0
2024-07-14 10:00:00+02:00,20269.5,20778.5,59.08,3284.7125,4797.8825,6311.055,25583.0,4140.0375,4661.1175,5182.195,16396.0
2024-07-14 11:00:00+02:00,21111.5,21037.5,65.06,3257.62,4811.8775000000005,6366.139999999999,25583.0,4814.4400000000005,5394.047500000001,5973.655,16396.0
2024-07-14 12:00:00+02:00,21778.5,21699.0,69.01,3315.455,4725.78,6136.105,25583.0,5282.1125,5835.2925,6388.4725,16396.0
2024-07-14 13:00:00+02:00,22126.0,21702.5,69.26,3241.2125,4521.9,5802.5775,25583.0,5468.48,6075.5425,6663.4,16396.0
2024-07-14 14:00:00+02:00,21683.5,21636.5,64.55,2985.36,4319.42,5653.48,25583.0,5269.79,5934.8375,6599.8925,16396.0
2024-07-14 15:00:00+02:00,21975.5,21512.0,60.19,2711.9125,4118.29,5524.67,25583.0,4831.7225,5501.6025,6171.48,16396.0
2024-07-14 16:00:00+02:00,23206.0,22497.5,61.49,2499.0150000000003,3921.3875,5343.76,25583.0,4286.4525,4968.07,5649.6875,16396.0
2024-07-14 17:00:00+02:00,25145.0,24308.5,71.62,2322.57,3741.2875,5160.005,25583.0,3524.9049999999997,4198.8775000000005,4872.85,16396.0
2024-07-14 18:00:00+02:00,26015.5,25537.5,83.21,2068.7025,3529.24,4989.77,25583.0,2651.4325,3202.3975,3753.3625,16396.0
2024-07-14 19:00:00+02:00,26017.5,25599.5,90.96,1859.8225,3280.805,4701.7925,25583.0,1773.2549999999999,2122.6275,2472.0025,16396.0
2024-07-14 20:00:00+02:00,24706.5,25541.0,96.3,1651.9624999999999,2983.45,4314.9400000000005,25583.0,843.735,1019.44,1193.72,16396.0
2024-07-14 21:00:00+02:00,23929.0,24783.0,94.59,1390.1625,2649.6375,3909.11,25583.0,161.585,209.10500000000002,275.1175,16396.0
2024-07-14 22:00:00+02:00,23628.5,23722.0,90.98,1261.8625,2395.5275,3529.1975,25583.0,0.0,0.0,2.23,16396.0
2024-07-14 23:00:00+02:00,21424.0,21301.0,83.35,1116.6825,2077.4575,3038.2325,25583.0,0.0,0.0,0.0,16396.0
2024-07-15 00:00:00+02:00,20180.5,19986.0,73.49,940.1700000000001,1723.705,2507.235,25583.0,0.0,0.0,0.0,16396.0
2024-07-15 01:00:00+02:00,19294.5,19227.5,70.06,861.5550000000001,1512.065,2162.58,25583.0,0.0,0.0,0.0,16398.0
2024-07-15 02:00:00+02:00,18973.5,18612.0,67.81,765.085,1332.1399999999999,1899.1975,25583.0,0.0,0.0,0.0,16398.0
2024-07-15 03:00:00+02:00,18587.0,18282.5,65.67,632.9425,1135.7125,1638.48,25583.0,0.0,0.0,0.0,16398.0
2024-07-15 04:00:00+02:00,18458.5,18032.5,64.37,514.7625,946.0525,1377.3425,25583.0,0.0,0.0,0.0,16398.0
2024-07-15 05:00:00+02:00,18808.0,18645.5,64.91,418.97249999999997,807.365,1195.7649999999999,25583.0,0.0,0.0,0.13,16398.0
2024-07-15 06:00:00+02:00,21460.0,21634.0,70.91,324.36,698.905,1073.445,25583.0,104.725,122.0275,142.9425,16398.0
2024-07-15 07:00:00+02:00,24617.0,24671.5,80.39,269.66499999999996,656.365,1043.065,25583.0,654.765,728.8399999999999,802.6324999999999,16398.0
2024-07-15 08:00:00+02:00,26190.5,25975.0,84.96,293.21,676.48,1059.7525,25583.0,1704.8400000000001,1895.775,2086.7174999999997,16398.0
2024-07-15 09:00:00+02:00,26538.5,26458.5,86.25,284.8625,694.865,1104.865,25583.0,2902.865,3285.915,3668.965,16398.0
2024-07-15 10:00:00+02:00,26470.0,26212.5,83.11,270.6275,742.4124999999999,1214.2,25583.0,3850.395,4400.37,4950.3425,16398.0
2024-07-15 11:00:00+02:00,26663.0,26723.5,79.57,285.96500000000003,837.61,1389.255,25583.0,4245.2975,4946.0575,5636.5599999999995,16398.0
2024-07-15 12:00:00+02:00,27166.5,27835.5,80.29,301.195,942.5025,1583.81,25583.0,4145.6875,4990.795,5799.36,16398.0
2024-07-15 13:00:00+02:00,27381.0,27677.5,79.94,321.815,1102.595,1883.3675,25583.0,3864.4925,4688.0225,5511.55,16398.0
2024-07-15 14:00:00+02:00,27720.5,27606.0,79.1,330.535,1288.635,2246.735,25583.0,3311.9575,4095.375,4878.795,16398.0
2024-07-15 15:00:00+02:00,28167.0,27912.5,78.96,381.905,1459.0525,2536.2,25583.0,2766.3925,3509.8650000000002,4253.3375,16398.0
2024-07-15 16:00:00+02:00,29236.0,28563.5,79.47,628.475,1734.81,2841.14,25583.0,2472.25,2998.4875,3524.7200000000003,16398.0
2024-07-15 17:00:00+02:00,30131.0,29750.5,82.26,978.04,2075.98,3173.92,25583.0,2000.9325,2356.705,2712.4700000000003,16398.0
2024-07-15 18:00:00+02:00,30099.5,30249.0,89.74,1098.1775,2246.4425,3394.715,25583.0,1361.8775,1639.9325,1917.9875,16398.0
2024-07-15 19:00:00+02:00,29127.5,29124.5,95.53,1048.8375,2243.6825,3438.5299999999997,25583.0,774.8625,1002.3050000000001,1229.75,16398.0
2024-07-15 20:00:00+02:00,28032.0,28378.5,97.14,940.7125,2272.23,3603.745,25583.0,339.8875,464.9,588.8025,16398.0
2024-07-15 21:00:00+02:00,27602.5,27424.0,91.7,806.65,2340.2225,3873.7975,25583.0,75.84,94.3925,127.3375,16398.0
2024-07-15 22:00:00+02:00,25393.0,25005.0,85.92,677.04,2511.53,4346.0225,25583.0,0.0,0.0,3.4075,16398.0
2024-07-15 23:00:00+02:00,22548.0,22663.5,77.4,919.3975,2725.8875,4532.3825,25583.0,0.0,0.0,0.0,16398.0
2024-07-16 00:00:00+02:00,21254.0,21083.5,73.17,1501.09,3083.08,4665.07,25583.0,0.0,0.0,0.0,16398.0
2024-07-16 01:00:00+02:00,20351.5,20287.5,67.9,1969.0974999999999,3651.3575,5333.615,25583.0,0.0,0.0,0.0,16396.0
2024-07-16 02:00:00+02:00,19928.0,19603.0,63.57,2347.71,4096.65,5845.5875,25583.0,0.0,0.0,0.0,16396.0
2024-07-16 03:00:00+02:00,19632.5,19324.5,58.83,2539.55,4330.645,6121.74,25583.0,0.0,0.0,0.0,16396.0
2024-07-16 04:00:00+02:00,19525.5,18921.0,55.87,2739.5299999999997,4474.145,6208.755,25583.0,0.0,0.0,0.0,16396.0
2024-07-16 05:00:00+02:00,19600.5,19768.0,54.91,3052.08,4584.8725,6117.67,25583.0,0.0,0.0,0.4725,16396.0
2024-07-16 06:00:00+02:00,22075.0,22875.5,61.18,3262.8,4691.6275000000005,6120.455,25583.0,31.325000000000003,37.2525,47.045,16396.0
2024-07-16 07:00:00+02:00,25025.5,25960.0,74.25,3440.685,4841.74,6242.795,25583.0,194.54,270.5875,346.34000000000003,16396.0
2024-07-16 08:00:00+02:00,26655.5,27566.5,80.06,3558.05,4955.615,6353.185,25583.0,626.34,811.35,995.0450000000001,16396.0
2024-07-16 09:00:00+02:00,27248.0,27633.0,81.96,3643.6925,5074.72,6505.7475,25583.0,1272.21,1562.2350000000001,1868.735,16396.0
2024-07-16 10:00:00+02:00,27068.5,26886.0,79.4,3718.875,5168.8,6618.725,25583.0,2066.325,2430.9049999999997,2820.54,16396.0
2024-07-16 11:00:00+02:00,26873.5,26477.0,75.03,3872.7200000000003,5341.3099999999995,6809.8975,25583.0,2825.8925,3306.4125,3783.985,16396.0
2024-07-16 12:00:00+02:00,26603.0,26319.5,72.77,4024.7675,5603.4575,7182.1475,25583.0,3409.0075,4029.895,4774.955,16396.0
2024-07-16 13:00:00+02:00,25623.0,25322.0,71.26,4115.15,5897.0875,7679.025,25583.0,4094.465,4739.59,5509.495,16396.0
2024-07-16 14:00:00+02:00,25002.5,24580.0,66.27,4190.1575,6157.8625,8125.57,25583.0,4619.84,5293.9725,5957.297500000001,16396.0
2024-07-16 15:00:00+02:00,25549.0,24715.0,60.18,4182.8325,6267.405,8351.98,25583.0,4740.8525,5421.9574999999995,6122.7525000000005,16396.0
2024-07-16 16:00:00+02:00,26694.5,25606.0,57.24,3967.24,6111.875,8256.505,25583.0,4645.125,5255.8775000000005,5882.4125,16396.0
2024-07-16 17:00:00+02:00,27863.0,26919.0,63.25,3440.075,5623.88,7807.6849999999995,25583.0,4256.505,4756.695,5255.67,16396.0
2024-07-16 18:00:00+02:00,28436.0,27612.0,76.34,2977.8925,5124.18,7270.4725,25583.0,3384.8725,3731.53,4078.185,16396.0
2024-07-16 19:00:00+02:00,27724.5,27865.0,85.4,2666.915,4679.25,6691.585,25583.0,2187.79,2398.0775,2608.365,16396.0
2024-07-16 20:00:00+02:00,27359.0,27466.0,91.88,2375.4449999999997,4116.875,5858.3025,25583.0,1017.38,1123.35,1228.1825,16396.0
2024-07-16 21:00:00+02:00,26515.0,27009.0,89.28,2059.5875,3566.8725,5074.16,25583.0,199.8975,227.9825,270.875,16396.0
2024-07-16 22:00:00+02:00,25044.0,25214.0,84.47,1826.68,3193.74,4560.799999999999,25583.0,0.0,0.0,1.3675,16396.0
2024-07-16 23:00:00+02:00,22631.0,22321.0,75.54,1563.1399999999999,2698.23,3833.31,25583.0,0.0,0.0,0.0,16396.0
2024-07-17 00:00:00+02:00,21006.5,20869.0,72.36,1363.7275,2357.4725,3351.215,25583.0,0.0,0.0,0.0,16396.0
2024-07-17 01:00:00+02:00,20302.5,20031.0,67.82,1415.855,2403.225,3390.6,25583.0,0.0,0.0,0.0,16396.0
2024-07-17 02:00:00+02:00,19658.5,19502.5,65.1,1504.8325,2466.795,3428.75,25583.0,0.0,0.0,0.0,16396.0
2024-07-17 03:00:00+02:00,19124.0,19216.0,61.7,1553.3200000000002,2491.2925,3429.27,25583.0,0.0,0.0,0.0,16396.0
2024-07-17 04:00:00+02:00,18914.0,18968.5,60.62,1423.455,2384.78,3346.1025,25583.0,0.0,0.0,0.0,16396.0
2024-07-17 05:00:00+02:00,19383.5,19205.5,61.43,1190.4875,2148.0925,3105.6975,25583.0,0.0,0.0,0.4975,16396.0
2024-07-17 06:00:00+02:00,21957.0,21704.5,68.43,973.86,1898.1,2822.34,25583.0,131.16000000000003,138.4975,153.5975,16396.0
2024-07-17 07:00:00+02:00,24429.5,24334.0,78.43,733.1125,1615.095,2497.085,25583.0,806.9375,853.1075000000001,893.9849999999999,16396.0
2024-07-17 08:00:00+02:00,25110.5,25454.0,81.52,530.91,1348.4275,2165.94,25583.0,2187.3650000000002,2304.76,2417.1925,16396.0
2024-07-17 09:00:00+02:00,24572.0,25295.0,81.09,418.315,1226.05,2033.78,25583.0,4040.3675,4251.8575,4463.725,16396.0
2024-07-17 10:00:00+02:00,23712.0,24766.5,76.52,385.9425,1201.2975000000001,2016.6525,25583.0,5858.925,6174.97,6491.01,16396.0
2024-07-17 11:00:00+02:00,23236.5,23953.5,72.05,410.96500000000003,1211.685,2012.4075,25583.0,6996.5475,7509.9875,8023.43,16396.0
2024-07-17 12:00:00+02:00,23332.0,23881.0,70.19,502.48,1267.7575,2033.0375000000001,25583.0,7540.6224999999995,8239.002499999999,8937.3825,16396.0
2024-07-17 13:00:00+02:00,23183.0,23381.0,69.45,520.96,1361.18,2201.4025,25583.0,7895.5925,8690.7975,9485.9975,16396.0
2024-07-17 14:00:00+02:00,23123.0,23105.0,65.27,493.53,1423.085,2352.6475,25583.0,7982.327499999999,8746.355,9499.145,16396.0
2024-07-17 15:00:00+02:00,23457.0,23654.0,61.63,490.70000000000005,1483.08,2475.4575,25583.0,7660.8675,8335.8725,9010.88,16396.0
2024-07-17 16:00:00+02:00,24813.5,25106.5,61.78,484.265,1550.5325,2616.8,25583.0,6804.387500000001,7411.495,8018.6075,16396.0
2024-07-17 17:00:00+02:00,26908.5,26752.0,67.58,515.3275,1638.665,2762.005,25583.0,5479.395,5936.4425,6393.4925,16396.0
2024-07-17 18:00:00+02:00,27992.5,27375.0,78.95,620.5275,1785.7975,2951.065,25583.0,3915.225,4240.38,4565.5325,16396.0
2024-07-17 19:00:00+02:00,28135.5,27450.0,87.85,787.5450000000001,1955.815,3124.08,25583.0,2351.5025,2562.22,2772.93,16396.0
2024-07-17 20:00:00+02:00,27700.5,26906.0,94.09,985.4025,2176.62,3367.84,25583.0,972.875,1092.3175,1210.745,16396.0
2024-07-17 21:00:00+02:00,27075.5,26344.0,89.6,1233.165,2485.6499999999996,3738.135,25583.0,169.2725,201.6425,247.1825,16396.0
2024-07-17 22:00:00+02:00,25325.5,24583.5,84.17,1607.595,2922.5475,4237.4974999999995,25583.0,0.0,0.0,1.145,16396.0
2024-07-17 23:00:00+02:00,22471.5,22329.5,75.12,2107.4575,3196.3599999999997,4285.2625,25583.0,0.0,0.0,0.0,16396.0
2024-07-18 00:00:00+02:00,21058.5,21092.5,74.3,2485.79,3363.21,4240.635,25583.0,0.0,0.0,0.0,16396.0
2024-07-18 01:00:00+02:00,20281.5,20084.5,69.32,2800.28,3674.1400000000003,4548.0075,25583.0,0.0,0.0,0.0,16396.0
2024-07-18 02:00:00+02:00,19880.0,19501.5,66.21,2933.395,3740.29,4547.1900000000005,25583.0,0.0,0.0,0.0,16396.0
2024-07-18 03:00:00+02:00,19441.0,19031.0,63.21,2718.115,3556.9674999999997,4395.8225,25583.0,0.0,0.0,0.0,16396.0
2024-07-18 04:00:00+02:00,18945.5,18889.5,61.61,2452.81,3422.6175,4392.43,25583.0,0.0,0.0,0.0,16396.0
2024-07-18 05:00:00+02:00,19447.0,19464.5,62.38,2237.2225,3261.3175,4285.4125,25583.0,0.0,0.0,0.5725,16396.0
2024-07-18 06:00:00+02:00,22238.0,22058.0,68.04,2036.23,3132.7075,4229.1900000000005,25583.0,27.6325,58.0975,94.7175,16396.0
2024-07-18 07:00:00+02:00,25122.0,24684.0,77.81,1940.85,3215.785,4490.72,25583.0,313.735,490.91999999999996,667.63,16396.0
2024-07-18 08:00:00+02:00,25210.0,24944.0,82.42,2052.7275,3474.715,4896.7,25583.0,988.125,1494.23,2000.34,16396.0
2024-07-18 09:00:00+02:00,24389.5,24022.0,83.77,2182.6025,3638.005,5093.415,25583.0,2108.8975,2933.355,3757.8224999999998,16396.0
2024-07-18 10:00:00+02:00,22788.0,22826.0,78.95,2062.6375,3551.005,5039.3724999999995,25583.0,3694.715,4669.700000000001,5644.6875,16396.0
2024-07-18 11:00:00+02:00,21755.5,21990.0,73.31,1987.7725,3449.645,4911.514999999999,25583.0,5415.615,6380.865,7346.115,16396.0
2024-07-18 12:00:00+02:00,21441.5,21743.0,69.72,2103.21,3478.3275,4853.445,25583.0,6780.8225,7709.5275,8638.23,16396.0
2024-07-18 13:00:00+02:00,21637.0,21389.5,67.9,2151.5425,3550.545,4949.547500000001,25583.0,7635.3125,8466.92,9297.744999999999,16396.0
2024-07-18 14:00:00+02:00,21722.5,21265.5,62.94,2189.9675,3586.2425000000003,4982.52,25583.0,7883.2525,8577.3475,9257.0725,16396.0
2024-07-18 15:00:00+02:00,22050.5,21925.5,58.81,2224.25,3521.5675,4818.8875,25583.0,7467.2575,8069.3525,8671.4425,16396.0
2024-07-18 16:00:00+02:00,24349.0,23583.5,60.03,2043.13,3354.4325,4665.7325,25583.0,6424.75,6983.365,7541.975,16396.0
2024-07-18 17:00:00+02:00,26251.0,25977.5,67.68,1835.4625,3176.585,4517.71,25583.0,5017.6725,5539.9925,6062.31,16396.0
2024-07-18 18:00:00+02:00,27761.0,27513.5,78.84,1754.41,2972.935,4191.46,25583.0,3578.66,3953.1725,4327.685,16396.0
2024-07-18 19:00:00+02:00,28112.5,27723.0,88.67,1590.005,2692.5950000000003,3795.1825,25583.0,2173.5375,2402.5675,2631.5924999999997,16396.0
2024-07-18 20:00:00+02:00,27448.5,27419.0,94.89,1445.93,2511.325,3576.7225,25583.0,889.77,1036.015,1180.915,16396.0
2024-07-18 21:00:00+02:00,27274.5,26988.0,91.89,1432.4,2576.6800000000003,3720.9575,25583.0,144.4225,188.0725,249.2025,16396.0
2024-07-18 22:00:00+02:00,25712.5,25452.5,87.27,1497.2425,2805.6549999999997,4114.0675,25583.0,0.0,0.0,2.1475,16396.0
2024-07-18 23:00:00+02:00,23404.0,22797.5,78.14,1894.795,3243.365,4591.94,25583.0,0.0,0.0,0.0,16396.0
2024-07-19 00:00:00+02:00,21676.5,21460.0,73.97,2217.4049999999997,3573.4825,4929.5575,25583.0,0.0,0.0,0.0,16396.0
2024-07-19 01:00:00+02:00,20668.5,20576.0,69.04,2249.6925,3601.7,4953.705,25583.0,0.0,0.0,0.0,16396.0
2024-07-19 02:00:00+02:00,19706.5,19865.0,65.34,2341.89,3620.695,4899.4975,25583.0,0.0,0.0,0.0,16396.0
2024-07-19 03:00:00+02:00,19425.0,19537.0,63.01,2381.4675,3604.4725,4827.47,25583.0,0.0,0.0,0.0,16396.0
2024-07-19 04:00:00+02:00,19075.5,19184.5,62.41,2411.6499999999996,3535.42,4659.1849999999995,25583.0,0.0,0.0,0.0,16396.0
2024-07-19 05:00:00+02:00,19437.5,19565.0,63.91,2273.5950000000003,3321.715,4369.835,25583.0,0.0,0.0,0.0,16396.0
2024-07-19 06:00:00+02:00,21818.0,22107.0,70.08,2031.625,3070.145,4108.6675,25583.0,35.3175,56.0275,76.74,16396.0
2024-07-19 07:00:00+02:00,24245.0,24505.5,79.9,1949.6399999999999,3049.465,4149.29,25583.0,542.6375,604.025,665.41,16396.0
2024-07-19 08:00:00+02:00,24976.5,25178.5,83.07,2029.215,3204.585,4379.9575,25583.0,1806.6950000000002,1916.1174999999998,2025.415,16396.0
2024-07-19 09:00:00+02:00,24310.0,24249.0,82.18,2226.3925,3404.6875,4582.9825,25583.0,3534.1675,3727.0525,3921.6125,16396.0
2024-07-19 10:00:00+02:00,22923.0,22962.5,76.76,2625.9025,3730.31,4834.719999999999,25583.0,5379.9475,5697.5225,6016.775,16396.0
2024-07-19 11:00:00+02:00,21986.5,22085.5,70.23,3133.9674999999997,4107.5525,5081.135,25583.0,7025.8175,7484.7675,7943.5875,16396.0
2024-07-19 12:00:00+02:00,21597.5,21663.5,62.62,3524.43,4367.375,5210.32,25583.0,8373.075,8889.84,9406.605,16396.0
2024-07-19 13:00:00+02:00,21041.0,21172.5,54.38,3820.835,4612.9025,5404.9675,25583.0,9271.970000000001,9782.77,10293.575,16396.0
2024-07-19 14:00:00+02:00,21327.5,21118.5,43.45,3965.7825000000003,4820.094999999999,5674.4025,25583.0,9421.7725,9934.3775,10446.985,16396.0
2024-07-19 15:00:00+02:00,21807.0,21411.0,34.33,4039.3599999999997,5021.27,6003.18,25583.0,8891.6375,9375.285,9858.9325,16396.0
2024-07-19 16:00:00+02:00,22927.0,22839.5,40.58,4174.805,5304.0225,6433.2425,25583.0,7709.165,8158.4475,8607.7275,16396.0
2024-07-19 17:00:00+02:00,25265.5,25124.5,52.59,4405.7675,5653.555,6901.345,25583.0,6040.8625,6415.5325,6788.18,16396.0
2024-07-19 18:00:00+02:00,26557.5,26213.5,70.83,4552.9725,5851.195,7149.4175,25583.0,4223.3150000000005,4473.2225,4749.335,16396.0
2024-07-19 19:00:00+02:00,26872.0,26700.0,81.21,4586.345,5911.8,7237.2575,25583.0,2463.005,2632.11,2826.6125,16396.0
2024-07-19 20:00:00+02:00,26703.5,26507.5,88.14,4681.2925,6091.87,7502.4525,25583.0,987.67,1088.91,1197.6175,16396.0
2024-07-19 21:00:00+02:00,26654.0,26060.5,84.95,4899.33,6258.8150000000005,7618.305,25583.0,157.965,183.46,233.5475,16396.0
2024-07-19 22:00:00+02:00,25609.5,25169.0,81.62,5003.74,6254.51,7505.28,25583.0,0.0,0.0,1.3825,16396.0
2024-07-19 23:00:00+02:00,23244.0,22813.5,74.48,5046.145,6210.74,7375.342500000001,25583.0,0.0,0.0,0.0,16396.0
2024-07-20 00:00:00+02:00,21761.0,21205.0,74.3,4997.63,6076.4175,7155.21,25583.0,0.0,0.0,0.0,16396.0
2024-07-20 01:00:00+02:00,20905.5,19752.5,71.29,4648.385,5661.485000000001,6674.585,25583.0,0.0,0.0,0.0,16398.0
2024-07-20 02:00:00+02:00,19858.0,18785.0,68.42,4003.285,4978.4025,5953.52,25583.0,0.0,0.0,0.0,16398.0
2024-07-20 03:00:00+02:00,19269.0,18493.5,66.23,3160.29,4198.1325,5235.975,25583.0,0.0,0.0,0.0,16398.0
2024-07-20 04:00:00+02:00,18918.0,18425.5,64.5,2409.6975,3484.935,4560.17,25583.0,0.0,0.0,0.0,16398.0
2024-07-20 05:00:00+02:00,18775.0,18375.0,65.4,1856.2325,2924.605,3992.9775,25583.0,0.0,0.0,0.525,16398.0
2024-07-20 06:00:00+02:00,19652.5,19617.5,69.01,1455.35,2589.5925,3723.835,25583.0,22.9775,40.685,51.6425,16398.0
2024-07-20 07:00:00+02:00,21020.0,21326.0,75.35,1231.0475000000001,2406.8725,3582.6949999999997,25583.0,317.7925,391.295,453.2275,16398.0
2024-07-20 08:00:00+02:00,22490.0,22719.5,78.6,1081.5425,2295.075,3508.605,25583.0,1072.4875,1256.2075,1440.79,16398.0
2024-07-20 09:00:00+02:00,23271.0,23651.0,82.76,923.355,2165.895,3408.435,25583.0,2072.3425,2403.4049999999997,2734.4675,16398.0
2024-07-20 10:00:00+02:00,23229.0,23255.5,83.21,851.42,2015.9625,3180.51,25583.0,3082.56,3489.9175,3897.28,16398.0
2024-07-20 11:00:00+02:00,23014.5,23038.0,80.27,813.425,1955.315,3097.2075,25583.0,3948.25,4330.7325,4713.2125,16398.0
2024-07-20 12:00:00+02:00,22903.5,22969.5,78.71,829.4425,2003.095,3176.75,25583.0,4480.8175,4838.495,5196.17,16398.0
2024-07-20 13:00:00+02:00,22611.5,22721.5,77.54,836.4575,2043.3925,3250.325,25583.0,4785.4974999999995,5145.9475,5506.2,16398.0
2024-07-20 14:00:00+02:00,22863.5,22608.0,73.96,847.9275,2068.46,3288.985,25583.0,4685.41,5169.7475,5633.69,16398.0
2024-07-20 15:00:00+02:00,22953.5,23002.0,70.8,922.69,2110.66,3298.6225,25583.0,4227.3025,4845.7325,5464.165,16398.0
2024-07-20 16:00:00+02:00,24269.5,24156.0,70.63,957.81,2127.87,3297.9325,25583.0,3597.1075,4229.0125,4860.9225,16398.0
2024-07-20 17:00:00+02:00,25593.5,25450.5,75.8,1041.805,2149.2275,3256.65,25583.0,2735.5925,3303.5575,3871.5225,16398.0
2024-07-20 18:00:00+02:00,26374.0,26159.0,85.57,1152.395,2249.8275,3347.2650000000003,25583.0,1814.685,2303.92,2793.16,16398.0
2024-07-20 19:00:00+02:00,25872.0,25976.5,94.26,1147.915,2308.075,3468.2349999999997,25583.0,1031.1,1359.4099999999999,1687.72,16398.0
2024-07-20 20:00:00+02:00,25804.0,25714.0,98.14,1048.115,2242.885,3437.6549999999997,25583.0,401.6925,525.7425000000001,648.04,16398.0
2024-07-20 21:00:00+02:00,25173.0,25357.0,94.54,870.7325000000001,2222.44,3574.145,25583.0,38.1625,70.7625,126.155,16398.0
2024-07-20 22:00:00+02:00,23650.5,24037.0,89.84,741.28,2376.635,4011.985,25583.0,0.0,0.0,11.31,16398.0
2024-07-20 23:00:00+02:00,21697.5,21759.0,81.84,1493.01,3008.5225,4524.04,25583.0,0.0,0.0,0.0,16398.0
2024-07-21 00:00:00+02:00,20049.0,20134.0,74.54,2587.34,3767.52,4947.695,25583.0,0.0,0.0,0.0,16398.0
2024-07-21 01:00:00+02:00,19145.5,19112.0,65.0,2988.1,4112.5725,5237.045,25583.0,0.0,0.0,0.0,16398.0
2024-07-21 02:00:00+02:00,18117.5,18196.5,58.09,3203.1400000000003,4305.285,5407.4275,25583.0,0.0,0.0,0.0,16398.0
2024-07-21 03:00:00+02:00,17266.0,17552.0,50.65,3331.3,4492.725,5654.15,25583.0,0.0,0.0,0.0,16398.0
2024-07-21 04:00:00+02:00,16842.5,17365.5,42.19,3102.535,4359.7225,5616.9075,25583.0,0.0,0.0,0.0,16398.0
2024-07-21 05:00:00+02:00,16446.0,16981.5,40.96,2757.135,4006.815,5256.4925,25583.0,0.0,0.0,0.515,16398.0
2024-07-21 06:00:00+02:00,17120.5,17432.5,40.48,2446.6800000000003,3773.3199999999997,5099.9625,25583.0,27.9825,38.6875,54.1875,16398.0
2024-07-21 07:00:00+02:00,17892.5,17401.5,45.91,1974.7350000000001,3622.0699999999997,5269.4025,25583.0,413.9325,500.5875,586.8774999999999,16398.0
2024-07-21 08:00:00+02:00,18962.5,17887.0,48.8,1506.3075,3463.695,5421.08,25583.0,1194.4925,1497.335,1800.1875,16398.0
2024-07-21 09:00:00+02:00,19472.5,19174.0,57.42,1396.2275,3441.295,5486.3675,25583.0,2357.225,2939.3625,3521.5,16398.0
2024-07-21 10:00:00+02:00,19568.5,19763.0,60.69,1560.385,3504.575,5448.765,25583.0,3699.19,4518.8099999999995,5338.43,16398.0
2024-07-21 11:00:00+02:00,19721.5,19955.0,59.76,1668.275,3345.4525000000003,5022.625,25583.0,4708.610000000001,5651.9875,6595.3625,16398.0
2024-07-21 12:00:00+02:00,19706.0,20298.0,63.89,1717.5875,3153.325,4589.0675,25583.0,5456.7474999999995,6378.645,7300.545,16398.0
2024-07-21 13:00:00+02:00,19406.0,19995.5,66.02,1901.5900000000001,3229.415,4557.235000000001,25583.0,5850.115,6725.825,7599.900000000001,16398.0
2024-07-21 14:00:00+02:00,18792.5,19628.0,63.42,2095.4700000000003,3416.08,4736.6900000000005,25583.0,5664.8125,6664.095,7646.8125,16398.0
2024-07-21 15:00:00+02:00,18983.0,19890.0,59.15,2088.6675,3428.7225,4768.775,25583.0,5324.3775000000005,6346.7125,7369.047500000001,16398.0
2024-07-21 16:00:00+02:00,20988.0,21622.5,57.91,2040.6100000000001,3307.535,4574.465,25583.0,5007.715,5820.4625,6633.21,16398.0
2024-07-21 17:00:00+02:00,22863.0,24475.0,64.26,1950.1625,3124.5150000000003,4298.865,25583.0,4309.9325,4962.0925,5614.25,16398.0
2024-07-21 18:00:00+02:00,24683.5,25374.0,76.34,1765.745,2853.91,3942.0699999999997,25583.0,3234.4425,3687.3575,4140.2725,16398.0
2024-07-21 19:00:00+02:00,25064.5,25243.0,86.77,1485.535,2518.2,3550.8625,25583.0,2001.1475,2240.72,2480.295,16398.0
2024-07-21 20:00:00+02:00,25141.5,25009.0,92.98,1096.56,2105.6150000000002,3114.67,25583.0,873.175,973.415,1072.1525000000001,16398.0
2024-07-21 21:00:00+02:00,24762.0,24549.5,91.38,748.8625,1773.8925,2798.925,25583.0,170.9275,193.805,236.225,16398.0
2024-07-21 22:00:00+02:00,23459.5,23409.0,88.21,641.975,1707.7350000000001,2773.49,25583.0,0.0,0.0,3.0,16398.0
2024-07-21 23:00:00+02:00,21152.0,21020.0,80.32,668.1700000000001,1587.425,2506.6875,25583.0,0.0,0.0,0.0,16398.0
2024-07-22 00:00:00+02:00,19756.0,19063.0,76.67,650.54,1476.19,2301.8375,25583.0,0.0,0.0,0.0,16398.0
2024-07-22 01:00:00+02:00,19015.5,18308.0,71.9,518.865,1560.1175,2601.375,25583.0,0.0,0.0,0.0,16398.0
2024-07-22 02:00:00+02:00,18548.5,17726.0,67.18,531.715,1744.15,2956.585,25583.0,0.0,0.0,0.0,16398.0
2024-07-22 03:00:00+02:00,18070.5,17877.0,62.15,870.605,2074.7125,3278.82,25583.0,0.0,0.0,0.0,16398.0
2024-07-22 04:00:00+02:00,17997.5,18000.0,58.78,1175.2,2420.7,3666.1949999999997,25583.0,0.0,0.0,0.0,16398.0
2024-07-22 05:00:00+02:00,18538.0,18564.0,59.03,1361.9525,2666.56,3971.17,25583.0,0.0,0.0,0.7825,16398.0
2024-07-22 06:00:00+02:00,20905.0,21256.5,66.17,1602.845,2845.815,4088.785,25583.0,15.55,45.6,52.08,16398.0
2024-07-22 07:00:00+02:00,23896.0,23950.0,76.63,1869.96,3109.3025,4348.645,25583.0,333.67499999999995,418.96000000000004,474.8575,16398.0
2024-07-22 08:00:00+02:00,25576.5,26387.0,81.88,2256.9975,3608.6425,4960.2825,25583.0,1089.4275,1250.4724999999999,1413.75,16398.0
2024-07-22 09:00:00+02:00,26095.0,26750.0,83.68,2774.525,4121.18,5467.8425,25583.0,2111.9674999999997,2345.96,2579.96,16398.0
2024-07-22 10:00:00+02:00,25890.0,26210.5,81.61,3143.57,4551.745,5959.925,25583.0,3209.1675,3505.4674999999997,3801.7650000000003,16398.0
2024-07-22 11:00:00+02:00,25966.0,26187.0,77.78,3612.0425,5154.514999999999,6696.99,25583.0,4117.9475,4571.7474999999995,5025.545,16398.0
2024-07-22 12:00:00+02:00,25913.0,25526.5,74.92,4244.145,5767.045,7289.9475,25583.0,4791.065,5448.217500000001,6105.37,16398.0
2024-07-22 13:00:00+02:00,24811.5,25049.0,72.48,4637.4400000000005,6151.475,7665.512500000001,25583.0,5399.4475,6229.78,7060.1175,16398.0
2024-07-22 14:00:00+02:00,23989.0,24603.5,65.94,4798.8625,6308.555,7818.245,25583.0,5875.0925,6719.4800000000005,7558.32,16398.0
2024-07-22 15:00:00+02:00,23827.5,24789.5,59.68,4829.860000000001,6274.325,7718.7925,25583.0,5906.4425,6719.7825,7533.1275,16398.0
2024-07-22 16:00:00+02:00,24492.5,25500.0,57.5,4678.32,6090.9625,7503.605,25583.0,5392.5375,6203.7125,7014.8875,16398.0
2024-07-22 17:00:00+02:00,26370.5,26820.0,63.01,4516.8925,5804.695,7092.495,25583.0,4432.592500000001,5108.5925,5784.5925,16398.0
2024-07-22 18:00:00+02:00,27787.5,27794.0,75.78,4364.9125,5491.84,6618.77,25583.0,3260.4075000000003,3697.545,4134.68,16398.0
2024-07-22 19:00:00+02:00,27462.0,28150.0,86.06,4061.2250000000004,5170.025,6278.827499999999,25583.0,1923.1125000000002,2213.7875,2504.4575,16398.0
2024-07-22 20:00:00+02:00,26830.0,27749.0,91.02,3604.4,4705.9400000000005,5807.48,25583.0,730.4325,920.47,1108.3775,16398.0
2024-07-22 21:00:00+02:00,26471.0,26615.5,88.7,3265.135,4280.34,5295.5425,25583.0,128.0375,170.4125,240.4375,16398.0
2024-07-22 22:00:00+02:00,24561.5,24883.5,85.18,3083.4025,4019.2599999999998,4955.115,25583.0,0.0,0.0,6.6975,16398.0
2024-07-22 23:00:00+02:00,22467.0,22445.0,76.91,2934.8475,3789.21,4643.575,25583.0,0.0,0.0,0.0,16398.0
2024-07-23 00:00:00+02:00,21027.0,21039.5,76.34,2619.61,3402.1949999999997,4184.78,25583.0,0.0,0.0,0.0,16398.0
2024-07-23 01:00:00+02:00,20270.5,20262.5,72.88,2177.8424999999997,2957.565,3737.285,25583.0,0.0,0.0,0.0,16396.0
2024-07-23 02:00:00+02:00,19701.5,19593.5,70.33,1951.335,2683.61,3415.89,25583.0,0.0,0.0,0.0,16396.0
2024-07-23 03:00:00+02:00,19158.0,19264.0,67.76,1845.33,2529.9275,3214.53,25583.0,0.0,0.0,0.0,16396.0
2024-07-23 04:00:00+02:00,18961.5,19095.0,65.38,1669.97,2414.1,3158.2275,25583.0,0.0,0.0,0.0,16396.0
2024-07-23 05:00:00+02:00,19498.0,19604.5,66.04,1448.255,2304.9975,3161.74,25583.0,0.0,0.0,0.975,16396.0
2024-07-23 06:00:00+02:00,21802.0,22501.5,71.53,1415.8,2352.5299999999997,3289.255,25583.0,22.7275,28.59,40.1,16396.0
2024-07-23 07:00:00+02:00,24331.0,25221.0,81.61,1399.755,2381.855,3363.955,25583.0,437.0825,475.765,514.015,16396.0
2024-07-23 08:00:00+02:00,25733.0,26665.0,85.27,1395.9,2395.575,3395.2525,25583.0,1358.9975,1495.3899999999999,1631.785,16396.0
2024-07-23 09:00:00+02:00,25906.5,26085.5,86.84,1537.78,2529.2725,3520.765,25583.0,2589.6575000000003,2852.83,3116.005,16396.0
2024-07-23 10:00:00+02:00,25312.5,25263.5,83.89,1707.79,2713.69,3719.5924999999997,25583.0,3877.0875,4278.985,4680.88,16396.0
2024-07-23 11:00:00+02:00,24981.0,24773.0,79.53,1898.6025,2933.85,3969.0975,25583.0,5017.555,5525.9575,6034.365,16396.0
2024-07-23 12:00:00+02:00,24756.0,24994.0,76.65,2075.805,3203.395,4330.987499999999,25583.0,5957.264999999999,6566.282499999999,7175.2975,16396.0
2024-07-23 13:00:00+02:00,24291.5,24428.5,74.37,2216.245,3529.09,4841.9375,25583.0,6716.2925,7324.8,7933.3025,16396.0
2024-07-23 14:00:00+02:00,24053.0,23899.5,69.6,2445.775,3902.64,5359.51,25583.0,7025.12,7540.139999999999,8037.9925,16396.0
2024-07-23 15:00:00+02:00,23979.5,23983.0,64.24,2802.2875,4220.112499999999,5637.9375,25583.0,6966.04,7399.4225,7832.807500000001,16396.0
2024-07-23 16:00:00+02:00,25034.5,24705.0,62.34,2898.1525,4250.2175,5602.285,25583.0,6412.6775,6829.1525,7245.6225,16396.0
2024-07-23 17:00:00+02:00,26763.5,26675.5,68.65,2608.715,3946.835,5284.95,25583.0,5263.2575,5654.995,6046.73,16396.0
2024-07-23 18:00:00+02:00,27952.0,28203.0,80.47,2172.035,3515.9775,4859.925,25583.0,3806.04,4098.6425,4391.245,16396.0
2024-07-23 19:00:00+02:00,27867.0,28287.0,90.02,1873.745,3210.84,4547.9400000000005,25583.0,2215.3575,2390.025,2564.6925,16396.0
2024-07-23 20:00:00+02:00,27754.5,27737.5,96.73,1507.925,2791.325,4074.7225,25583.0,839.87,940.2025,1038.9625,16396.0
2024-07-23 21:00:00+02:00,26884.5,27368.5,94.78,954.9599999999999,2218.865,3482.775,25583.0,120.7825,151.98749999999998,203.6,16396.0
2024-07-23 22:00:00+02:00,25195.0,25404.5,90.55,546.4549999999999,1752.0900000000001,2957.7200000000003,25583.0,0.0,0.0,3.8575,16396.0
2024-07-23 23:00:00+02:00,23083.5,23225.5,82.84,393.88,1219.2925,2044.705,25583.0,0.0,0.0,0.0,16396.0
2024-07-24 00:00:00+02:00,21721.5,21592.0,77.75,372.83,804.0925,1235.3525,25583.0,0.0,0.0,0.0,16396.0
2024-07-24 01:00:00+02:00,20858.0,20675.5,74.77,350.0225,688.915,1027.81,25583.0,0.0,0.0,0.0,16398.0
2024-07-24 02:00:00+02:00,19857.5,20049.0,72.22,360.44,662.5575,964.6800000000001,25583.0,0.0,0.0,0.0,16398.0
2024-07-24 03:00:00+02:00,19794.5,19482.5,68.66,351.895,652.69,953.4825000000001,25583.0,0.0,0.0,0.0,16398.0
2024-07-24 04:00:00+02:00,19619.0,19226.5,67.32,358.7825,652.9625,947.14,25583.0,0.0,0.0,0.0,16398.0
2024-07-24 05:00:00+02:00,19746.5,19545.0,67.51,377.335,653.2,929.0675,25583.0,0.0,0.0,0.345,16398.0
2024-07-24 06:00:00+02:00,22050.5,21607.5,73.67,374.35249999999996,647.26,920.1724999999999,25583.0,36.9125,45.5675,58.39,16398.0
2024-07-24 07:00:00+02:00,24165.0,23883.5,82.78,351.35,674.9175,998.49,25583.0,541.535,590.3425,638.835,16398.0
2024-07-24 08:00:00+02:00,25346.5,25434.0,85.79,322.31,717.28,1112.25,25583.0,1743.3700000000001,1876.0149999999999,2008.6550000000002,16398.0
2024-07-24 09:00:00+02:00,25494.5,25804.0,85.48,318.515,771.0875,1223.66,25583.0,3251.8,3538.745,3825.69,16398.0
2024-07-24 10:00:00+02:00,24957.5,25106.0,81.27,378.925,885.215,1391.505,25583.0,4639.695,5143.055,5646.4175,16398.0
2024-07-24 11:00:00+02:00,24672.0,24681.0,75.76,468.03,1086.4775,1704.925,25583.0,5796.05,6445.7525,7095.4575,16398.0
2024-07-24 12:00:00+02:00,24959.5,24499.5,73.78,604.1424999999999,1411.71,2219.2725,25583.0,6516.0025000000005,7267.8925,8019.79,16398.0
2024-07-24 13:00:00+02:00,25167.0,24435.5,72.8,914.015,1904.7425,2895.4700000000003,25583.0,6891.3375,7756.8775000000005,8622.4175,16398.0
2024-07-24 14:00:00+02:00,25444.5,24420.5,68.51,1413.31,2475.195,3537.085,25583.0,6961.1025,7820.2125,8679.23,16398.0
2024-07-24 15:00:00+02:00,26005.5,24411.5,64.56,1887.8725,2994.035,4100.195,25583.0,6450.3,7246.5825,8042.8625,16398.0
2024-07-24 16:00:00+02:00,27120.0,25357.5,63.74,2425.075,3575.475,4725.8775000000005,25583.0,5403.4375,6140.52,6877.5975,16398.0
2024-07-24 17:00:00+02:00,28514.0,26963.0,67.68,3241.0924999999997,4300.95,5360.8075,25583.0,3990.2225,4642.8475,5295.4775,16398.0
2024-07-24 18:00:00+02:00,28606.5,28042.0,77.44,4099.305,5177.639999999999,6255.9775,25583.0,2588.435,3134.77,3681.1,16398.0
2024-07-24 19:00:00+02:00,27629.0,27454.5,86.16,4740.3525,5948.172500000001,7155.995,25583.0,1424.1825,1763.0225,2101.8625,16398.0
2024-07-24 20:00:00+02:00,26347.5,26831.0,90.44,5244.514999999999,6460.12,7675.7275,25583.0,503.64,648.6425,793.475,16398.0
2024-07-24 21:00:00+02:00,25807.0,25625.5,86.05,5762.635,7036.325,8310.02,25583.0,46.8775,89.11999999999999,133.6025,16398.0
2024-07-24 22:00:00+02:00,23657.0,23678.0,80.46,6252.3375,7634.135,9015.935000000001,25583.0,0.0,0.0,0.05,16398.0
2024-07-24 23:00:00+02:00,21751.5,21372.5,70.41,6406.4425,7710.9775,9015.5125,25583.0,0.0,0.0,0.0,16398.0
2024-07-25 00:00:00+02:00,20119.0,19839.5,58.56,6264.9400000000005,7484.407499999999,8703.8675,25583.0,0.0,0.0,0.0,16398.0
2024-07-25 01:00:00+02:00,19938.5,19097.5,48.98,6020.780000000001,7269.64,8518.502499999999,25583.0,0.0,0.0,0.0,16398.0
2024-07-25 02:00:00+02:00,19219.0,18829.0,44.28,5803.635,7090.9400000000005,8378.25,25583.0,0.0,0.0,0.0,16398.0
2024-07-25 03:00:00+02:00,18421.0,18571.5,40.31,5669.085,6975.28,8281.477499999999,25583.0,0.0,0.0,0.0,16398.0
2024-07-25 04:00:00+02:00,18165.5,18318.5,38.56,5270.335,6604.9075,7939.48,25583.0,0.0,0.0,0.0,16398.0
2024-07-25 05:00:00+02:00,18691.5,18955.0,41.81,4767.4125,6135.6175,7503.8225,25583.0,0.0,0.0,0.0,16398.0
2024-07-25 06:00:00+02:00,21187.0,21866.0,50.87,4406.12,5752.605,7099.0925,25583.0,15.627500000000001,18.25,20.165,16398.0
2024-07-25 07:00:00+02:00,24694.5,24622.0,69.8,4356.1775,5618.23,6880.2825,25583.0,151.96,187.905,223.135,16398.0
2024-07-25 08:00:00+02:00,27034.0,26936.5,77.26,4351.639999999999,5602.22,6852.8025,25583.0,570.5275,694.3925,818.3125,16398.0
2024-07-25 09:00:00+02:00,27722.0,27242.5,80.83,4285.514999999999,5649.605,7013.695,25583.0,1217.7575000000002,1457.185,1696.6175,16398.0
2024-07-25 10:00:00+02:00,27473.0,26918.5,80.37,4462.94,5749.295,7035.6525,25583.0,1931.705,2316.7574999999997,2701.8125,16398.0
2024-07-25 11:00:00+02:00,27446.5,27145.0,76.78,4656.555,5792.18,6927.805,25583.0,2543.0950000000003,3121.5299999999997,3699.965,16398.0
2024-07-25 12:00:00+02:00,27009.5,27140.0,74.24,4741.525,5855.375,6976.695,25583.0,2970.86,3695.8650000000002,4420.8675,16398.0
2024-07-25 13:00:00+02:00,26882.0,26646.0,73.47,4730.8025,5890.8625,7090.74,25583.0,3283.94,4042.4775,4801.0125,16398.0
2024-07-25 14:00:00+02:00,26922.5,26267.0,70.41,4665.79,5894.8175,7212.8375,25583.0,3326.7525,4121.335,4909.235,16398.0
2024-07-25 15:00:00+02:00,27053.0,26280.5,67.49,4795.095,5982.75,7258.345,25583.0,3079.17,3948.54,4817.905,16398.0
2024-07-25 16:00:00+02:00,27624.0,26754.0,67.41,5001.575,6198.4625,7426.665,25583.0,2658.3675000000003,3558.6549999999997,4458.9425,16398.0
2024-07-25 17:00:00+02:00,28844.5,27852.5,70.61,4832.98,6157.895,7482.8099999999995,25583.0,2107.8625,2942.9049999999997,3777.9475,16398.0
2024-07-25 18:00:00+02:00,28232.5,28573.5,79.16,4559.54,6025.035,7490.5275,25583.0,1450.02,2165.3775,2880.745,16398.0
2024-07-25 19:00:00+02:00,28014.5,28309.5,84.85,4583.36,6141.005,7698.65,25583.0,787.2475,1340.26,1893.27,16398.0
2024-07-25 20:00:00+02:00,27519.5,27597.0,87.56,4797.235000000001,6377.41,7957.5825,25583.0,297.15999999999997,563.9875,830.6525,16398.0
2024-07-25 21:00:00+02:00,26684.0,26376.5,83.82,5021.245,6565.9875,8110.725,25583.0,46.894999999999996,89.26,133.7475,16398.0
2024-07-25 22:00:00+02:00,24655.5,24557.5,79.18,4853.3125,6460.8775000000005,8068.4425,25583.0,0.0,0.0,0.045,16398.0
2024-07-25 23:00:00+02:00,21925.0,22058.5,70.22,4599.202499999999,6034.969999999999,7470.74,25583.0,0.0,0.0,0.0,16398.0
2024-07-26 00:00:00+02:00,20438.5,20522.5,68.98,4346.3525,5573.567499999999,6800.785,25583.0,0.0,0.0,0.0,16398.0
2024-07-26 01:00:00+02:00,19906.0,19600.5,62.91,3929.7799999999997,5244.215,6558.645,25583.0,0.0,0.0,0.0,16398.0
2024-07-26 02:00:00+02:00,19258.0,18862.0,60.23,3644.0550000000003,4993.3425,6342.6325,25583.0,0.0,0.0,0.0,16398.0
2024-07-26 03:00:00+02:00,18869.0,18402.0,56.99,3357.1375,4813.452499999999,6269.764999999999,25583.0,0.0,0.0,0.0,16398.0
2024-07-26 04:00:00+02:00,18480.5,18201.5,55.43,3072.87,4683.465,6294.0575,25583.0,0.0,0.0,0.0,16398.0
2024-07-26 05:00:00+02:00,18730.0,18773.5,56.99,2784.26,4547.125,6309.9925,25583.0,0.0,0.0,0.0,16398.0
2024-07-26 06:00:00+02:00,20751.0,20992.0,64.32,2528.225,4384.615,6241.005,25583.0,16.6675,25.240000000000002,34.18,16398.0
2024-07-26 07:00:00+02:00,22575.5,22868.0,75.97,2290.065,4136.6475,5983.235,25583.0,529.675,572.6800000000001,615.6825,16398.0
2024-07-26 08:00:00+02:00,23400.5,23885.0,80.57,2029.88,3848.91,5667.9400000000005,25583.0,1847.0275,1977.565,2108.0975,16398.0
2024-07-26 09:00:00+02:00,22922.0,23315.0,80.9,1987.6125,3695.755,5403.9,25583.0,3608.8925,3875.0474999999997,4141.2025,16398.0
2024-07-26 10:00:00+02:00,22160.0,22592.5,78.33,2086.17,3590.16,5094.15,25583.0,5259.9725,5674.6475,6089.325,16398.0
2024-07-26 11:00:00+02:00,22246.5,22477.5,73.89,2162.3050000000003,3467.49,4772.68,25583.0,6712.9349999999995,7180.3975,7647.862499999999,16398.0
2024-07-26 12:00:00+02:00,22055.0,22540.5,70.25,2249.795,3378.3125,4506.827499999999,25583.0,7675.202499999999,8258.895,8842.592499999999,16398.0
2024-07-26 13:00:00+02:00,21262.0,22048.5,68.43,2312.83,3343.1850000000004,4373.535,25583.0,7843.3675,8504.932499999999,9163.925,16398.0
2024-07-26 14:00:00+02:00,20796.5,21829.0,63.16,2301.395,3295.5625,4289.7325,25583.0,7568.62,8179.7225,8790.82,16398.0
2024-07-26 15:00:00+02:00,21267.0,21988.0,59.64,2145.2125,3159.3050000000003,4173.395,25583.0,7127.0425,7675.9575,8224.869999999999,16398.0
2024-07-26 16:00:00+02:00,21818.5,23052.5,58.44,2086.5425,3140.82,4195.0925,25583.0,6376.42,6845.9800000000005,7315.54,16398.0
2024-07-26 17:00:00+02:00,23811.5,24611.0,66.05,2182.4375,3218.965,4255.495,25583.0,5128.3475,5618.342500000001,6108.3375,16398.0
2024-07-26 18:00:00+02:00,25146.0,25829.0,77.58,2138.3025,3182.9425,4227.58,25583.0,3687.7574999999997,4099.83,4511.9075,16398.0
2024-07-26 19:00:00+02:00,26193.5,25767.5,88.65,1881.3075,3013.165,4145.0225,25583.0,2199.8375,2456.14,2712.4375,16398.0
2024-07-26 20:00:00+02:00,26043.0,25565.5,93.98,1592.4475,2759.5125,3926.58,25583.0,909.9325,1038.695,1167.085,16398.0
2024-07-26 21:00:00+02:00,25234.0,25385.0,90.93,1354.5149999999999,2476.5525,3598.59,25583.0,167.43,195.635,228.665,16398.0
2024-07-26 22:00:00+02:00,24025.0,23425.0,88.21,1224.1125,2302.48,3380.8450000000003,25583.0,0.0,0.0,0.15,16398.0
2024-07-26 23:00:00+02:00,22205.5,21602.5,80.88,1271.43,2130.0725,2988.715,25583.0,0.0,0.0,0.0,16398.0
2024-07-27 00:00:00+02:00,20451.5,20394.0,77.85,1207.46,1900.1475,2592.8325,25583.0,0.0,0.0,0.0,16398.0
2024-07-27 01:00:00+02:00,19621.5,19572.5,75.03,1006.6324999999999,1714.605,2422.58,25583.0,0.0,0.0,0.0,16398.0
2024-07-27 02:00:00+02:00,18893.0,18824.5,71.58,801.62,1484.7649999999999,2167.915,25583.0,0.0,0.0,0.0,16398.0
2024-07-27 03:00:00+02:00,18080.5,18240.0,68.02,622.3199999999999,1235.185,1848.045,25583.0,0.0,0.0,0.0,16398.0
2024-07-27 04:00:00+02:00,17698.0,17783.5,66.0,523.04,1058.0625,1593.0875,25583.0,0.0,0.0,0.0,16398.0
2024-07-27 05:00:00+02:00,17524.5,17672.0,65.95,439.4925,933.6375,1427.78,25583.0,0.0,0.0,0.0,16398.0
2024-07-27 06:00:00+02:00,18353.0,18192.5,69.43,365.96,839.7975,1313.635,25583.0,18.29,30.6125,42.7325,16398.0
2024-07-27 07:00:00+02:00,19480.0,19242.5,75.12,340.14,794.7375,1249.335,25583.0,541.1475,588.565,635.98,16398.0
2024-07-27 08:00:00+02:00,20182.5,20342.5,75.85,356.875,779.79,1202.71,25583.0,1878.135,1984.585,2091.0375,16398.0
2024-07-27 09:00:00+02:00,19950.0,20571.5,78.12,375.36,780.2775,1185.1950000000002,25583.0,3572.2225,3764.01,3955.7974999999997,16398.0
2024-07-27 10:00:00+02:00,19499.0,20524.5,78.51,388.7625,798.0899999999999,1207.4099999999999,25583.0,5050.422500000001,5323.03,5595.6325,16398.0
2024-07-27 11:00:00+02:00,19206.0,20268.0,74.04,391.76,821.89,1252.0225,25583.0,6065.0125,6419.475,6773.9400000000005,16398.0
2024-07-27 12:00:00+02:00,19435.0,20058.0,72.24,397.23,832.81,1268.39,25583.0,6693.43,7183.7125,7673.9974999999995,16398.0
2024-07-27 13:00:00+02:00,19195.0,18905.5,72.1,411.2975,843.85,1276.3975,25583.0,6863.9075,7445.2575,8020.755,16398.0
2024-07-27 14:00:00+02:00,18960.0,18308.0,67.77,437.4475,860.665,1283.8899999999999,25583.0,6681.005,7254.5325,7828.0625,16398.0
2024-07-27 15:00:00+02:00,19371.5,18636.5,63.52,455.37,908.49,1361.6100000000001,25583.0,6262.0125,6783.2125,7304.4125,16398.0
2024-07-27 16:00:00+02:00,20634.5,20059.5,61.47,445.755,985.515,1525.275,25583.0,5631.72,6065.3725,6499.0225,16398.0
2024-07-27 17:00:00+02:00,22706.5,22700.5,64.94,446.57,1060.325,1674.08,25583.0,4706.31,5041.0475,5375.785,16398.0
2024-07-27 18:00:00+02:00,23824.0,24297.0,76.72,435.68,1106.535,1777.3925,25583.0,3483.5175,3732.29,3981.06,16398.0
2024-07-27 19:00:00+02:00,24437.0,24775.5,86.99,421.52,1112.915,1804.31,25583.0,2173.335,2305.3975,2437.4575,16398.0
2024-07-27 20:00:00+02:00,24333.0,24737.5,93.66,448.58,1084.8975,1721.2150000000001,25583.0,926.4525,985.0025,1043.0225,16398.0
2024-07-27 21:00:00+02:00,24491.0,24618.5,92.2,457.1425,1036.885,1616.6275,25583.0,160.69,181.9825,210.14,16398.0
2024-07-27 22:00:00+02:00,23276.5,23121.5,89.17,463.635,1016.395,1569.155,25583.0,0.0,0.0,0.3425,16398.0
2024-07-27 23:00:00+02:00,20991.0,21204.5,80.48,461.0875,996.87,1532.645,25583.0,0.0,0.0,0.0,16398.0
2024-07-28 00:00:00+02:00,19611.0,19834.5,78.64,454.26,1022.4649999999999,1590.665,25583.0,0.0,0.0,0.0,16398.0
2024-07-28 01:00:00+02:00,18799.5,18673.0,73.12,435.17,1094.7225,1754.27,25583.0,0.0,0.0,0.0,16398.0
2024-07-28 02:00:00+02:00,18037.0,17909.5,68.89,453.15,1189.995,1926.845,25583.0,0.0,0.0,0.0,16398.0
2024-07-28 03:00:00+02:00,17302.0,17485.5,63.65,547.7025,1300.6825,2053.665,25583.0,0.0,0.0,0.0,16398.0
2024-07-28 04:00:00+02:00,17059.5,17170.5,60.19,641.4525,1340.225,2038.995,25583.0,0.0,0.0,0.0,16398.0
2024-07-28 05:00:00+02:00,16825.5,16913.5,59.92,662.51,1267.9225000000001,1873.3400000000001,25583.0,0.0,0.0,0.0,16398.0
2024-07-28 06:00:00+02:00,17103.5,17074.5,60.3,616.735,1120.2625,1623.795,25583.0,19.3925,20.490000000000002,24.6325,16398.0
2024-07-28 07:00:00+02:00,17340.0,17257.0,65.22,564.4425,969.9725,1375.5025,25583.0,627.08,665.7025,701.41,16398.0
2024-07-28 08:00:00+02:00,16930.0,17501.5,63.31,506.66,842.6800000000001,1178.7,25583.0,2156.6,2272.35,2381.0175,16398.0
2024-07-28 09:00:00+02:00,16968.0,17582.5,66.17,457.2675,759.4449999999999,1061.6175,25583.0,4188.3925,4404.4225,4620.975,16398.0
2024-07-28 10:00:00+02:00,16873.5,17363.0,70.46,420.03,725.5074999999999,1030.9825,25583.0,6226.945,6555.12,6883.295,16398.0
2024-07-28 11:00:00+02:00,16837.5,16993.5,61.55,408.8075,723.735,1038.6625,25583.0,8045.387500000001,8469.869999999999,8894.355,16398.0
2024-07-28 12:00:00+02:00,16953.0,16975.0,54.23,445.165,776.03,1106.895,25583.0,9430.5225,9968.2675,10506.0125,16398.0
2024-07-28 13:00:00+02:00,16892.5,17060.5,50.09,484.68,861.21,1237.74,25583.0,9735.56,10488.12,11347.355,16398.0
2024-07-28 14:00:00+02:00,16866.5,17213.0,45.23,488.0575,960.8125,1433.57,25583.0,9283.192500000001,10321.0425,11358.8875,16398.0
2024-07-28 15:00:00+02:00,17467.5,17725.0,45.03,485.2,1061.075,1636.955,25583.0,8501.105,9629.4075,10757.71,16398.0
2024-07-28 16:00:00+02:00,19232.5,19734.0,53.01,519.73,1176.9524999999999,1834.1825,25583.0,7306.1175,8334.835,9363.55,16398.0
2024-07-28 17:00:00+02:00,21821.5,22330.5,62.63,641.9275,1377.145,2112.365,25583.0,5790.155,6544.895,7299.63,16398.0
2024-07-28 18:00:00+02:00,23723.0,24340.0,75.83,890.475,1696.3075,2502.14,25583.0,4070.495,4556.8325,5043.1675,16398.0
2024-07-28 19:00:00+02:00,24874.5,25000.0,85.04,1266.5125,2109.01,2951.51,25583.0,2405.98,2663.74,2921.5,16398.0
2024-07-28 20:00:00+02:00,24950.5,24718.0,91.9,1693.135,2487.205,3281.2725,25583.0,975.585,1078.125,1180.28,16398.0
2024-07-28 21:00:00+02:00,25058.0,24400.0,89.12,2055.5825,2839.955,3624.3199999999997,25583.0,158.2825,171.535,189.79,16398.0
2024-07-28 22:00:00+02:00,23428.5,22998.5,84.98,2390.5525,3261.065,4131.5825,25583.0,0.0,0.0,0.1825,16398.0
2024-07-28 23:00:00+02:00,20878.0,20799.0,77.55,2898.235,3774.205,4650.175,25583.0,0.0,0.0,0.0,16398.0
2024-07-29 00:00:00+02:00,19424.5,19484.5,71.98,3353.7,4160.215,4966.73,25583.0,0.0,0.0,0.0,16398.0
2024-07-29 01:00:00+02:00,18868.0,18689.0,67.79,3532.325,4318.1925,5104.0575,25583.0,0.0,0.0,0.0,16398.0
2024-07-29 02:00:00+02:00,18394.0,18295.0,63.35,3617.4175,4404.8225,5192.225,25583.0,0.0,0.0,0.0,16398.0
2024-07-29 03:00:00+02:00,17972.0,17926.0,59.79,3537.7225,4361.1575,5184.59,25583.0,0.0,0.0,0.0,16398.0
2024-07-29 04:00:00+02:00,17845.0,17920.0,59.02,3307.3,4176.91,5046.5225,25583.0,0.0,0.0,0.0,16398.0
2024-07-29 05:00:00+02:00,18514.0,18457.0,60.87,2989.835,3849.6175000000003,4709.4,25583.0,0.0,0.0,0.0,16398.0
2024-07-29 06:00:00+02:00,20738.5,20766.5,68.54,2698.4700000000003,3489.4,4280.33,25583.0,12.0175,13.3725,14.7525,16398.0
2024-07-29 07:00:00+02:00,23001.0,22970.5,76.75,2507.77,3278.7200000000003,4049.6625,25583.0,572.635,603.845,635.055,16398.0
2024-07-29 08:00:00+02:00,23858.5,23651.0,81.32,2223.7825000000003,3056.32,3888.8525,25583.0,2051.835,2158.5025,2265.165,16398.0
2024-07-29 09:00:00+02:00,23132.5,22959.0,81.31,2187.6949999999997,3019.4449999999997,3851.1949999999997,25583.0,4040.925,4251.7725,4462.62,16398.0
2024-07-29 10:00:00+02:00,21582.5,21894.0,79.5,2340.54,3165.3575,3990.175,25583.0,6083.615,6400.235,6716.8475,16398.0
2024-07-29 11:00:00+02:00,20512.0,21171.5,72.93,2407.5675,3253.435,4099.3,25583.0,7892.83,8307.1675,8721.5025,16398.0
2024-07-29 12:00:00+02:00,20311.0,20929.5,63.87,2398.1549999999997,3293.0625,4187.9675,25583.0,9325.095,9817.6325,10310.175,16398.0
2024-07-29 13:00:00+02:00,19999.0,20559.5,54.95,2335.435,3262.495,4189.5575,25583.0,10024.5025,10555.612500000001,11086.6325,16398.0
2024-07-29 14:00:00+02:00,20201.0,20194.5,47.35,2430.8599999999997,3353.81,4276.7575,25583.0,9942.6075,10497.2675,11051.93,16398.0
2024-07-29 15:00:00+02:00,21197.5,20970.0,44.8,2521.2200000000003,3446.6549999999997,4372.094999999999,25583.0,9223.9,9823.057499999999,10422.210000000001,16398.0
2024-07-29 16:00:00+02:00,23014.5,22700.0,55.17,2493.7475,3422.385,4351.02,25583.0,7935.195,8481.3675,9027.539999999999,16398.0
2024-07-29 17:00:00+02:00,25432.0,25301.0,63.3,2502.41,3423.3475,4344.285,25583.0,6200.0575,6633.592500000001,7067.1275000000005,16398.0
2024-07-29 18:00:00+02:00,27371.5,27180.0,76.52,2567.26,3512.035,4456.8099999999995,25583.0,4246.3375,4553.345,4860.35,16398.0
2024-07-29 19:00:00+02:00,27832.0,27811.5,87.26,2750.7975,3688.5225,4626.2474999999995,25583.0,2427.1349999999998,2590.035,2752.765,16398.0
2024-07-29 20:00:00+02:00,27445.0,27877.0,92.86,2993.58,3901.495,4809.41,25583.0,918.7574999999999,993.8325,1071.13,16398.0
2024-07-29 21:00:00+02:00,27201.5,27439.5,90.43,3252.5875,4239.094999999999,5225.605,25583.0,117.035,133.9075,154.4,16398.0
2024-07-29 22:00:00+02:00,25431.5,25469.5,86.21,3610.69,4685.53,5760.3675,25583.0,0.0,0.0,0.015,16398.0
2024-07-29 23:00:00+02:00,22833.0,22940.5,77.48,4066.5474999999997,5052.4625,6038.3775000000005,25583.0,0.0,0.0,0.0,16398.0
2024-07-30 00:00:00+02:00,21364.0,21313.5,72.07,4134.5475,4960.79,5787.035,25583.0,0.0,0.0,0.0,16398.0
2024-07-30 01:00:00+02:00,20360.5,20454.5,68.58,3423.8875,4276.68,5129.475,25583.0,0.0,0.0,0.0,16398.0
2024-07-30 02:00:00+02:00,19666.5,19741.0,66.44,2750.985,3606.96,4462.9400000000005,25583.0,0.0,0.0,0.0,16398.0
2024-07-30 03:00:00+02:00,19041.0,19346.0,64.66,2381.7025,3139.075,3896.4425,25583.0,0.0,0.0,0.0,16398.0
2024-07-30 04:00:00+02:00,18830.5,19182.5,64.58,1955.345,2759.66,3563.98,25583.0,0.0,0.0,0.0,16398.0
2024-07-30 05:00:00+02:00,19204.0,19637.0,65.67,1548.185,2499.765,3451.35,25583.0,0.0,0.0,0.0,16398.0
2024-07-30 06:00:00+02:00,21325.5,21796.5,71.79,1311.575,2312.245,3312.925,25583.0,8.7075,11.55,13.7875,16398.0
2024-07-30 07:00:00+02:00,23440.5,23733.5,80.93,1184.49,2195.4175,3206.34,25583.0,529.53,563.4725,595.2175,16398.0
2024-07-30 08:00:00+02:00,24251.5,24979.0,84.02,1085.63,2147.615,3209.6025,25583.0,1855.925,1958.5475000000001,2067.46,16398.0
2024-07-30 09:00:00+02:00,23953.5,24364.5,83.13,1186.1399999999999,2234.37,3282.5950000000003,25583.0,3651.5550000000003,3852.7650000000003,4058.1099999999997,16398.0
2024-07-30 10:00:00+02:00,23051.0,22895.0,80.07,1315.9850000000001,2315.79,3315.59,25583.0,5510.9125,5816.33,6143.1425,16398.0
2024-07-30 11:00:00+02:00,22236.0,21725.5,76.25,1372.6125,2392.96,3413.3050000000003,25583.0,7129.9175000000005,7530.0175,7999.265,16398.0
2024-07-30 12:00:00+02:00,21733.5,21769.5,74.29,1461.5,2512.05,3562.6075,25583.0,8362.4525,8840.7725,9567.385,16398.0
2024-07-30 13:00:00+02:00,21134.5,21541.0,72.19,1568.76,2620.5575,3672.355,25583.0,8991.9625,9510.06,10387.465,16398.0
2024-07-30 14:00:00+02:00,21268.5,21547.0,66.79,1670.105,2721.42,3772.7349999999997,25583.0,9030.157500000001,9567.960000000001,10320.5675,16398.0
2024-07-30 15:00:00+02:00,22186.0,22322.5,63.76,1705.3899999999999,2760.275,3815.1575000000003,25583.0,8522.9,9072.8125,9673.7475,16398.0
2024-07-30 16:00:00+02:00,23954.0,23930.0,63.12,1738.47,2786.495,3834.5225,25583.0,7315.895,7852.275,8383.7625,16398.0
2024-07-30 17:00:00+02:00,25966.0,26060.5,68.44,1713.125,2764.685,3816.2375,25583.0,5684.84,6113.415,6541.9925,16398.0
2024-07-30 18:00:00+02:00,27712.5,27720.0,80.12,1655.355,2681.1099999999997,3706.8675000000003,25583.0,3957.215,4218.1075,4479.0,16398.0
2024-07-30 19:00:00+02:00,27765.0,28100.0,91.18,1593.5149999999999,2544.6949999999997,3495.87,25583.0,2198.1675,2349.9975,2501.825,16398.0
2024-07-30 20:00:00+02:00,28089.5,27635.0,97.47,1436.005,2332.575,3229.14,25583.0,777.4300000000001,850.87,924.315,16398.0
2024-07-30 21:00:00+02:00,27301.5,27184.5,94.44,1278.365,2135.63,2992.9,25583.0,94.2825,110.53999999999999,126.80250000000001,16398.0
2024-07-30 22:00:00+02:00,25822.0,25275.0,90.63,1217.085,2021.82,2826.55,25583.0,0.0,0.0,0.0,16398.0
2024-07-30 23:00:00+02:00,23372.0,22512.0,81.52,1188.1775,2035.06,2881.945,25583.0,0.0,0.0,0.0,16398.0
2024-07-31 00:00:00+02:00,21712.0,21622.0,78.59,1150.25,2081.88,3013.515,25583.0,0.0,0.0,0.0,16398.0
2024-07-31 01:00:00+02:00,20808.5,20519.5,74.38,1140.335,2043.235,2946.13,25583.0,0.0,0.0,0.0,16398.0
2024-07-31 02:00:00+02:00,20280.5,19843.5,71.78,1128.0375,1975.9625,2823.8824999999997,25583.0,0.0,0.0,0.0,16398.0
2024-07-31 03:00:00+02:00,19673.0,19245.0,69.04,1138.06,1921.5949999999998,2705.13,25583.0,0.0,0.0,0.0,16398.0
2024-07-31 04:00:00+02:00,19541.5,19031.5,67.47,1116.62,1886.7775,2656.93,25583.0,0.0,0.0,0.0,16398.0
2024-07-31 05:00:00+02:00,19879.0,19458.0,68.28,1064.6,1901.445,2738.2875,25583.0,0.0,0.0,0.0,16398.0
2024-07-31 06:00:00+02:00,22106.5,21686.5,74.28,1190.0925,2010.3400000000001,2830.585,25583.0,4.1575,8.525,9.9375,16398.0
2024-07-31 07:00:00+02:00,24611.5,23985.0,82.08,1356.4524999999999,2095.52,2834.5875,25583.0,425.8525,476.45500000000004,517.6875,16398.0
2024-07-31 08:00:00+02:00,25746.0,24864.5,85.55,1365.9,2117.205,2868.5,25583.0,1608.755,1740.0075,1885.295,16398.0
2024-07-31 09:00:00+02:00,25014.0,24965.5,85.32,1297.545,2078.605,2859.66,25583.0,3081.395,3359.2475,3650.4875,16398.0
2024-07-31 10:00:00+02:00,23499.0,24558.0,81.57,1295.99,2048.4625,2800.9300000000003,25583.0,4489.8025,4985.797500000001,5480.76,16398.0
2024-07-31 11:00:00+02:00,22836.5,24203.0,77.73,1360.52,2090.06,2819.6000000000004,25583.0,5717.0575,6430.045,7143.032499999999,16398.0
2024-07-31 12:00:00+02:00,22529.0,24081.5,74.67,1420.995,2142.0550000000003,2863.11,25583.0,6462.305,7456.7175,8451.1375,16398.0
2024-07-31 13:00:00+02:00,22392.5,23607.0,73.07,1516.83,2277.6475,3038.4700000000003,25583.0,6776.4175,7974.780000000001,9173.1475,16398.0
2024-07-31 14:00:00+02:00,22464.0,23508.0,68.93,1677.6925,2459.29,3240.885,25583.0,6903.35,8085.03,9288.71,16398.0
2024-07-31 15:00:00+02:00,23218.0,24085.5,65.17,1877.335,2626.27,3375.205,25583.0,6746.5075,7857.285,8968.067500000001,16398.0
2024-07-31 16:00:00+02:00,24429.0,25567.5,64.7,2081.7625,2840.5975,3599.435,25583.0,6091.415,6926.4974999999995,7761.5824999999995,16398.0
2024-07-31 17:00:00+02:00,26654.5,27201.0,69.59,2251.5950000000003,3015.0175,3778.44,25583.0,4899.0075,5437.1849999999995,5975.3675,16398.0
2024-07-31 18:00:00+02:00,28027.0,28441.5,81.37,2335.6,3120.1775,3904.76,25583.0,3437.3875,3798.6575000000003,4159.9349999999995,16398.0
2024-07-31 19:00:00+02:00,28174.5,28241.0,91.52,2382.045,3191.34,4000.63,25583.0,1956.46,2170.6,2384.735,16398.0
2024-07-31 20:00:00+02:00,28599.5,28422.0,97.32,2397.9475,3221.7075,4045.4674999999997,25583.0,687.71,786.205,884.36,16398.0
2024-07-31 21:00:00+02:00,28171.0,27390.5,94.02,2325.435,3220.525,4115.615,25583.0,76.655,100.2375,128.2475,16398.0
2024-07-31 22:00:00+02:00,26156.5,25781.0,89.28,2159.4224999999997,3155.385,4151.3525,25583.0,0.0,0.0,0.205,16398.0
2024-07-31 23:00:00+02:00,23638.0,23373.5,79.89,1916.2175,2911.0625,3905.9049999999997,25583.0,0.0,0.0,0.0,16398.0
2024-08-01 00:00:00+02:00,22033.0,21922.5,78.73,1744.175,2681.5725,3618.965,25583.0,0.0,0.0,0.0,16398.0
2024-08-01 01:00:00+02:00,21273.0,20927.5,74.59,1766.0225,2661.2525,3556.4849999999997,25583.0,0.0,0.0,0.0,17193.0
2024-08-01 02:00:00+02:00,20584.5,20226.5,71.52,1717.065,2610.7200000000003,3504.38,25583.0,0.0,0.0,0.0,17193.0
2024-08-01 03:00:00+02:00,20091.5,19580.0,68.81,1508.655,2485.8675000000003,3463.08,25583.0,0.0,0.0,0.0,17193.0
2024-08-01 04:00:00+02:00,19715.5,19338.0,67.67,1285.4524999999999,2301.6775,3317.9,25583.0,0.0,0.0,0.0,17193.0
2024-08-01 05:00:00+02:00,20149.0,19973.5,68.38,1157.405,2111.9025,3066.3975,25583.0,0.0,0.0,0.0,17193.0
2024-08-01 06:00:00+02:00,22576.0,22566.0,74.51,1030.94,1947.7350000000001,2864.535,25583.0,0.9675,3.5125,4.9425,17193.0
2024-08-01 07:00:00+02:00,24873.0,24926.5,83.63,815.61,1715.315,2615.0249999999996,25583.0,305.38,364.21999999999997,416.6975,17193.0
2024-08-01 08:00:00+02:00,26593.0,26357.0,87.02,625.0375,1435.53,2246.0225,25583.0,1324.78,1521.435,1718.5825,17193.0
2024-08-01 09:00:00+02:00,25799.0,26338.0,87.91,518.8525,1233.2525,1947.6525000000001,25583.0,2805.455,3128.7375,3452.02,17193.0
2024-08-01 10:00:00+02:00,24524.5,25446.5,84.68,499.27,1122.615,1745.96,25583.0,4371.785,4792.9375,5214.095,17193.0
2024-08-01 11:00:00+02:00,24008.5,24663.5,79.2,478.72249999999997,1039.7350000000001,1600.7525,25583.0,5836.0575,6407.2225,6978.3925,17193.0
2024-08-01 12:00:00+02:00,22949.0,24216.5,76.94,430.46,985.025,1539.5875,25583.0,6975.41,7715.84,8456.265,17193.0
2024-08-01 13:00:00+02:00,22980.5,23639.0,75.94,418.48,1029.275,1640.075,25583.0,7637.675,8445.645,9253.6175,17193.0
2024-08-01 14:00:00+02:00,23180.5,23505.5,71.85,506.575,1174.8525,1843.125,25583.0,7810.0525,8604.95,9395.49,17193.0
2024-08-01 15:00:00+02:00,23979.0,24090.5,69.04,625.955,1314.5375,2003.12,25583.0,7569.8225,8312.605,9055.3825,17193.0
2024-08-01 16:00:00+02:00,25152.5,25502.5,69.82,712.26,1426.525,2140.7925,25583.0,6632.0325,7190.51,7748.985000000001,17193.0
2024-08-01 17:00:00+02:00,26969.0,27067.5,74.28,816.095,1549.925,2283.755,25583.0,5099.35,5464.635,5829.9225,17193.0
2024-08-01 18:00:00+02:00,28131.0,28310.0,84.56,850.745,1681.7649999999999,2512.785,25583.0,3464.0724999999998,3721.7925,3979.5125,17193.0
2024-08-01 19:00:00+02:00,28348.0,27909.0,95.13,785.7475,1779.875,2773.9975,25583.0,1975.335,2127.7325,2280.1325,17193.0
2024-08-01 20:00:00+02:00,28358.0,27924.0,100.09,794.21,1838.225,2882.24,25583.0,745.8149999999999,788.3475,830.8775,17193.0
2024-08-01 21:00:00+02:00,27713.5,27115.0,95.86,860.9275,1891.945,2922.9624999999996,25583.0,88.9225,97.875,106.825,17193.0
2024-08-01 22:00:00+02:00,26015.5,25602.0,91.05,870.265,1918.8525,2967.4425,25583.0,0.0,0.0,0.0,17193.0
2024-08-01 23:00:00+02:00,23429.0,23095.5,82.04,878.9775,1753.6925,2628.41,25583.0,0.0,0.0,0.0,17193.0
2024-08-02 00:00:00+02:00,21895.5,21824.5,79.89,855.605,1569.2675,2282.93,25583.0,0.0,0.0,0.0,17193.0
2024-08-02 01:00:00+02:00,20955.5,20838.5,76.65,775.245,1548.1375,2321.0275,25583.0,0.0,0.0,0.0,16398.0
2024-08-02 02:00:00+02:00,20295.0,20232.0,72.81,723.885,1577.005,2430.115,25583.0,0.0,0.0,0.0,16398.0
2024-08-02 03:00:00+02:00,19713.5,19737.5,69.88,734.885,1661.82,2588.755,25583.0,0.0,0.0,0.0,16398.0
2024-08-02 04:00:00+02:00,19432.5,19421.0,67.67,860.9275,1807.58,2754.235,25583.0,0.0,0.0,0.0,16398.0
2024-08-02 05:00:00+02:00,19380.5,19790.0,67.54,1107.6575,2036.1925,2964.725,25583.0,0.0,0.0,0.0,16398.0
2024-08-02 06:00:00+02:00,21825.5,22015.5,72.41,1448.3600000000001,2375.915,3303.465,25583.0,1.2925,3.8775,5.1175,16398.0
2024-08-02 07:00:00+02:00,23858.0,24307.5,80.02,2014.0974999999999,2913.575,3813.0425,25583.0,344.38,399.0275,446.86,16398.0
2024-08-02 08:00:00+02:00,25359.5,25694.0,83.37,2627.1775,3531.42,4435.665,25583.0,1505.525,1678.1625,1851.3274999999999,16398.0
2024-08-02 09:00:00+02:00,24937.0,25089.5,83.2,3155.3450000000003,4069.1949999999997,4983.05,25583.0,3189.555,3503.075,3816.595,16398.0
2024-08-02 10:00:00+02:00,23616.5,23879.0,79.82,3829.1575000000003,4654.665,5480.175,25583.0,4950.0650000000005,5383.3525,5816.64,16398.0
2024-08-02 11:00:00+02:00,22868.0,22956.5,72.74,4547.27,5227.115,5906.9575,25583.0,6579.33,7115.530000000001,7651.73,16398.0
2024-08-02 12:00:00+02:00,22225.5,22539.0,65.33,5037.95,5623.2125,6208.475,25583.0,7801.03,8374.09,8947.1525,16398.0
2024-08-02 13:00:00+02:00,21618.0,22283.0,51.62,5328.3150000000005,5955.1125,6581.91,25583.0,8544.6725,9085.692500000001,9626.7075,16398.0
2024-08-02 14:00:00+02:00,21336.0,21604.0,35.71,5640.7575,6310.385,6980.015,25583.0,8588.045,9140.545,9693.045,16398.0
2024-08-02 15:00:00+02:00,21965.5,22030.5,27.18,5974.3525,6725.885,7477.415,25583.0,7768.985000000001,8406.1725,9043.3625,16398.0
2024-08-02 16:00:00+02:00,23276.5,23002.5,39.94,6223.0225,7113.055,8003.09,25583.0,6398.4025,7009.610000000001,7620.8125,16398.0
2024-08-02 17:00:00+02:00,25466.5,24516.0,54.96,6359.6775,7373.32,8386.965,25583.0,4801.865,5275.4225,5748.9825,16398.0
2024-08-02 18:00:00+02:00,26444.5,25894.0,67.06,6228.62,7521.83,8815.045,25583.0,3263.3775,3578.7650000000003,3892.5024999999996,16398.0
2024-08-02 19:00:00+02:00,26430.0,26300.0,80.17,5943.395,7413.8125,8884.23,25583.0,1760.465,1932.6925,2126.355,16398.0
2024-08-02 20:00:00+02:00,26047.0,25978.5,86.71,5534.38,7135.37,8736.36,25583.0,552.4725,631.5725,731.435,16398.0
2024-08-02 21:00:00+02:00,25581.5,26440.5,83.77,4979.219999999999,6679.4375,8379.654999999999,25583.0,47.5825,64.275,87.9675,16398.0
2024-08-02 22:00:00+02:00,23747.5,24638.0,81.83,4462.05,6084.45,7706.8475,25583.0,0.0,0.0,1.2375,16398.0
2024-08-02 23:00:00+02:00,21883.0,22556.0,74.2,4045.3424999999997,5479.5725,6913.805,25583.0,0.0,0.0,0.0,16398.0
2024-08-03 00:00:00+02:00,20484.5,20900.0,73.13,3714.2,4959.24,6204.285,25583.0,0.0,0.0,0.0,16398.0
2024-08-03 01:00:00+02:00,19651.5,19990.5,71.34,3385.825,4555.297500000001,5724.764999999999,25583.0,0.0,0.0,0.0,16398.0
2024-08-03 02:00:00+02:00,19037.0,19353.5,68.09,3005.6375,4143.805,5281.9775,25583.0,0.0,0.0,0.0,16398.0
2024-08-03 03:00:00+02:00,18440.0,18375.0,64.95,2534.06,3735.8725,4937.68,25583.0,0.0,0.0,0.0,16398.0
2024-08-03 04:00:00+02:00,18130.0,18078.5,62.59,2097.19,3376.835,4656.48,25583.0,0.0,0.0,0.0,16398.0
2024-08-03 05:00:00+02:00,18041.0,18183.5,62.5,1873.0025,3199.0675,4525.135,25583.0,0.0,0.0,0.0,16398.0
2024-08-03 06:00:00+02:00,18880.0,19322.0,66.27,1869.6275,3175.455,4481.28,25583.0,1.2375,5.1225000000000005,5.405,16398.0
2024-08-03 07:00:00+02:00,20341.5,20748.5,71.67,1930.4450000000002,3160.755,4391.075,25583.0,197.85500000000002,256.91499999999996,305.8425,16398.0
2024-08-03 08:00:00+02:00,21164.0,21777.5,74.92,1879.08,3035.8199999999997,4192.5650000000005,25583.0,859.5725,1003.12,1147.445,16398.0
2024-08-03 09:00:00+02:00,21404.5,21958.5,78.39,1731.555,2893.5,4055.45,25583.0,1825.4875000000002,2152.465,2479.4449999999997,16398.0
2024-08-03 10:00:00+02:00,21061.0,21184.5,80.47,1761.9975,2918.8875,4075.7775,25583.0,2928.62,3538.325,4148.025,16398.0
2024-08-03 11:00:00+02:00,20176.5,20469.0,77.6,1979.1175,3001.88,4024.64,25583.0,4023.3550000000005,4938.674999999999,5853.9925,16398.0
2024-08-03 12:00:00+02:00,19422.5,19964.0,74.32,2079.2,3079.8475,4080.4975,25583.0,4842.015,6008.055,7174.092500000001,16398.0
2024-08-03 13:00:00+02:00,18796.0,18967.5,69.96,2208.355,3241.5175,4274.6825,25583.0,5389.695,6699.49,8009.29,16398.0
2024-08-03 14:00:00+02:00,18260.0,18553.0,60.75,2447.1725,3420.49,4393.8099999999995,25583.0,5789.7325,7278.305,8766.872500000001,16398.0
2024-08-03 15:00:00+02:00,18114.5,18575.0,52.96,2595.355,3606.6025,4617.85,25583.0,5830.7025,7344.9775,8859.255000000001,16398.0
2024-08-03 16:00:00+02:00,19085.5,20022.5,51.49,2761.3175,3792.95,4824.58,25583.0,5469.57,6677.7675,7885.969999999999,16398.0
2024-08-03 17:00:00+02:00,21237.5,22429.0,58.88,2792.215,3835.925,4879.63,25583.0,4718.79,5584.8099999999995,6450.835,16398.0
2024-08-03 18:00:00+02:00,23007.5,23989.0,71.31,2808.42,3851.6025,4894.785,25583.0,3532.455,4069.6825,4606.9175,16398.0
2024-08-03 19:00:00+02:00,23872.5,24653.0,82.75,2810.6425,3762.89,4715.14,25583.0,2101.3075,2343.5975,2585.8849999999998,16398.0
2024-08-03 20:00:00+02:00,24104.0,24717.0,89.27,2405.81,3382.765,4359.715,25583.0,774.4525,853.925,933.0849999999999,16398.0
2024-08-03 21:00:00+02:00,24067.0,24453.5,88.4,2007.8275,3067.65,4127.4725,25583.0,91.965,99.995,112.085,16398.0
2024-08-03 22:00:00+02:00,22825.0,22968.0,85.31,1894.125,2915.925,3937.725,25583.0,0.0,0.0,0.1825,16398.0
2024-08-03 23:00:00+02:00,21027.5,21196.5,76.8,1774.185,2661.085,3547.99,25583.0,0.0,0.0,0.0,16398.0
2024-08-04 00:00:00+02:00,19813.0,19904.0,81.17,1652.205,2484.32,3316.435,25583.0,0.0,0.0,0.0,16398.0
2024-08-04 01:00:00+02:00,18846.0,18967.0,74.83,1711.9450000000002,2513.42,3314.895,25583.0,0.0,0.0,0.0,16398.0
2024-08-04 02:00:00+02:00,17996.5,18226.0,71.21,1750.28,2541.2825000000003,3332.285,25583.0,0.0,0.0,0.0,16398.0
2024-08-04 03:00:00+02:00,17283.5,17841.0,67.96,1726.9325,2503.3224999999998,3279.715,25583.0,0.0,0.0,0.0,16398.0
2024-08-04 04:00:00+02:00,17073.0,17462.5,63.97,1628.545,2375.4700000000003,3122.3975,25583.0,0.0,0.0,0.0,16398.0
2024-08-04 05:00:00+02:00,16980.0,17152.5,65.0,1363.04,2158.92,2954.8025,25583.0,0.0,0.0,0.0,16398.0
2024-08-04 06:00:00+02:00,17191.0,17858.0,65.51,1141.3375,1947.5874999999999,2753.835,25583.0,1.97,6.135,6.135,16398.0
2024-08-04 07:00:00+02:00,17899.5,19088.5,70.48,1026.595,1824.255,2621.92,25583.0,207.1825,283.37,348.8425,16398.0
2024-08-04 08:00:00+02:00,19113.5,19954.0,72.12,948.51,1822.56,2696.605,25583.0,833.25,1003.6324999999999,1174.835,16398.0
2024-08-04 09:00:00+02:00,19781.0,21280.0,77.29,935.97,1987.825,3039.675,25583.0,1715.2424999999998,2055.5875,2395.9300000000003,16398.0
2024-08-04 10:00:00+02:00,19888.5,20589.5,82.48,1298.19,2439.955,3581.7200000000003,25583.0,2625.5875,3201.0675,3776.5475,16398.0
2024-08-04 11:00:00+02:00,20087.5,20405.0,80.54,1931.185,3172.04,4412.895,25583.0,3443.9875,4112.325,4780.6625,16398.0
2024-08-04 12:00:00+02:00,19907.0,20482.0,79.22,2694.62,3989.38,5284.139999999999,25583.0,3992.6025,4761.955,5531.3025,16398.0
2024-08-04 13:00:00+02:00,19019.0,20397.0,73.04,3605.5550000000003,4758.6075,5911.66,25583.0,4338.4275,5191.3175,6044.2075,16398.0
2024-08-04 14:00:00+02:00,18722.0,19448.5,56.65,4312.275,5449.82,6587.365,25583.0,4616.344999999999,5467.1175,6317.895,16398.0
2024-08-04 15:00:00+02:00,18907.5,19525.5,40.85,4840.75,6022.8375,7204.9275,25583.0,4621.99,5495.3475,6368.315,16398.0
2024-08-04 16:00:00+02:00,20424.0,20887.5,40.66,5282.3575,6444.7875,7607.215,25583.0,4269.765,4988.125,5711.6325,16398.0
2024-08-04 17:00:00+02:00,22634.0,23201.0,55.92,5572.3,6711.66,7851.0175,25583.0,3490.825,4032.6625000000004,4579.6375,16398.0
2024-08-04 18:00:00+02:00,23890.0,24207.5,68.46,5869.155,6924.915,7980.672500000001,25583.0,2340.8450000000003,2810.5425,3279.8475,16398.0
2024-08-04 19:00:00+02:00,23900.5,24150.0,81.15,6015.195,7048.4975,8081.8,25583.0,1277.5725,1545.3875,1813.205,16398.0
2024-08-04 20:00:00+02:00,23514.5,23380.0,85.85,6058.965,7166.975,8274.9875,25583.0,440.9325,510.9125,580.6425,16398.0
2024-08-04 21:00:00+02:00,23098.0,22768.5,81.8,6234.8675,7385.58,8536.295,25583.0,17.15,28.087500000000002,42.317499999999995,16398.0
2024-08-04 22:00:00+02:00,21099.0,20931.5,77.6,6434.415,7644.5225,8854.630000000001,25583.0,0.0,0.0,0.26,16398.0
2024-08-04 23:00:00+02:00,19022.0,18762.0,66.68,6688.175,7752.595,8817.01,25583.0,0.0,0.0,0.0,16398.0
2024-08-05 00:00:00+02:00,17688.0,17847.0,59.99,6938.085,7762.2125,8586.34,25583.0,0.0,0.0,0.0,16398.0
2024-08-05 01:00:00+02:00,17179.5,17148.5,52.02,7011.54,7782.49,8553.435,25583.0,0.0,0.0,0.0,16398.0
2024-08-05 02:00:00+02:00,16826.5,16583.0,47.64,6940.075000000001,7724.325,8508.575,25583.0,0.0,0.0,0.0,16398.0
2024-08-05 03:00:00+02:00,16202.0,16250.0,42.94,6916.445,7725.0925,8533.7375,25583.0,0.0,0.0,0.0,16398.0
2024-08-05 04:00:00+02:00,16139.0,16439.5,40.76,6863.77,7702.03,8540.285,25583.0,0.0,0.0,0.0,16398.0
2024-08-05 05:00:00+02:00,16777.0,17247.0,43.06,6777.2475,7647.835,8518.425,25583.0,0.0,0.0,0.0,16398.0
2024-08-05 06:00:00+02:00,19354.0,19531.5,53.54,6797.4375,7677.76,8558.0875,25583.0,0.5475,3.5175,3.91,16398.0
2024-08-05 07:00:00+02:00,22169.0,21705.5,67.41,6860.55,7764.5650000000005,8668.585,25583.0,318.4825,373.47,415.22249999999997,16398.0
2024-08-05 08:00:00+02:00,24228.0,23352.5,74.89,6931.18,7896.5275,8861.8775,25583.0,1366.4425,1525.0475000000001,1684.675,16398.0
2024-08-05 09:00:00+02:00,24716.5,23485.5,76.28,7047.6875,8072.4349999999995,9097.18,25583.0,2741.3125,3057.7025,3374.0924999999997,16398.0
2024-08-05 10:00:00+02:00,24296.5,23308.5,73.97,7243.6,8212.15,9180.692500000001,25583.0,4125.530000000001,4582.345,5039.1625,16398.0
2024-08-05 11:00:00+02:00,23860.5,22969.0,65.5,7310.4475,8249.775000000001,9189.105,25583.0,5223.1775,5812.1625,6401.150000000001,16398.0
2024-08-05 12:00:00+02:00,23922.5,22997.5,62.51,7283.98,8278.89,9273.8025,25583.0,5803.99,6488.045,7172.1025,16398.0
2024-08-05 13:00:00+02:00,23599.5,22603.5,58.96,7460.27,8457.0025,9453.735,25583.0,6004.375,6688.745,7368.39,16398.0
2024-08-05 14:00:00+02:00,23532.0,22859.5,52.88,7616.129999999999,8614.765,9613.395,25583.0,5985.6575,6597.05,7208.4475,16398.0
2024-08-05 15:00:00+02:00,23918.5,23037.5,48.24,7691.605,8658.465,9625.32,25583.0,5653.9675,6212.5925,6771.215,16398.0
2024-08-05 16:00:00+02:00,25103.0,24107.0,52.01,7587.755,8522.240000000002,9456.720000000001,25583.0,4957.4025,5482.9725,6008.5425,16398.0
2024-08-05 17:00:00+02:00,26999.5,26345.0,60.58,7221.69,8246.74,9271.79,25583.0,4026.6200000000003,4392.7725,4758.925,16398.0
2024-08-05 18:00:00+02:00,27960.0,27694.0,74.98,6959.39,7996.165,9032.939999999999,25583.0,2831.3225,3073.58,3315.835,16398.0
2024-08-05 19:00:00+02:00,28296.5,27699.5,85.85,6490.48,7526.3875,8562.29,25583.0,1534.2275,1690.3375,1846.445,16398.0
2024-08-05 20:00:00+02:00,27620.5,27297.5,91.45,5917.88,7091.005,8264.13,25583.0,485.705,543.7025,601.145,16398.0
2024-08-05 21:00:00+02:00,26365.5,26502.0,88.49,5816.175,7055.717500000001,8295.26,25583.0,27.425,39.0775,57.955,16398.0
2024-08-05 22:00:00+02:00,24053.0,24005.5,85.0,5863.014999999999,7126.4075,8389.805,25583.0,0.0,0.0,1.23,16398.0
2024-08-05 23:00:00+02:00,21543.5,21589.5,75.35,5178.615,6583.3099999999995,7988.005,25583.0,0.0,0.0,0.0,16398.0
2024-08-06 00:00:00+02:00,20072.5,20268.5,71.42,4667.6224999999995,6156.825000000001,7646.0275,25583.0,0.0,0.0,0.0,16398.0
2024-08-06 01:00:00+02:00,19289.5,19571.5,65.07,4781.11,6164.4275,7547.7425,25583.0,0.0,0.0,0.0,16398.0
2024-08-06 02:00:00+02:00,18808.0,19093.5,60.25,4597.455,5962.700000000001,7327.945,25583.0,0.0,0.0,0.0,16398.0
2024-08-06 03:00:00+02:00,18541.5,18649.0,57.25,4429.860000000001,5785.97,7142.0825,25583.0,0.0,0.0,0.0,16398.0
2024-08-06 04:00:00+02:00,18188.0,18544.0,56.64,4374.77,5548.7,6722.6325,25583.0,0.0,0.0,0.0,16398.0
2024-08-06 05:00:00+02:00,18768.5,19168.5,58.96,4139.175,5224.525,6309.87,25583.0,0.0,0.0,0.0,16398.0
2024-08-06 06:00:00+02:00,21357.5,21558.5,68.24,3898.915,4975.5825,6052.25,25583.0,0.2425,1.175,1.295,16398.0
2024-08-06 07:00:00+02:00,24019.0,24244.0,79.93,3757.915,4772.5425,5787.175,25583.0,208.82,248.73,282.85,16398.0
2024-08-06 08:00:00+02:00,25389.5,25698.0,85.35,3515.96,4465.75,5415.545,25583.0,893.3075,1049.405,1205.9475,16398.0
2024-08-06 09:00:00+02:00,25376.5,25753.0,87.86,3386.615,4340.465,5294.3099999999995,25583.0,1998.7925,2290.065,2581.3325,16398.0
2024-08-06 10:00:00+02:00,25171.0,24700.5,84.66,3545.495,4511.9375,5478.38,25583.0,3318.765,3719.2925,4119.8150000000005,16398.0
2024-08-06 11:00:00+02:00,24804.5,24293.0,81.1,3774.315,4743.965,5713.6125,25583.0,4500.495,5060.219999999999,5619.9400000000005,16398.0
2024-08-06 12:00:00+02:00,24408.5,24207.0,79.09,4048.0775,5094.327499999999,6140.575000000001,25583.0,5263.855,6072.6875,6881.5225,16398.0
2024-08-06 13:00:00+02:00,23478.5,23544.0,75.61,4427.625,5538.8075,6649.99,25583.0,5689.5425,6704.795,7720.0475,16398.0
2024-08-06 14:00:00+02:00,22944.0,23758.5,67.75,4604.0525,5890.9075,7177.7625,25583.0,6164.355,7179.1075,8192.7875,16398.0
2024-08-06 15:00:00+02:00,22511.5,23618.0,58.32,4715.515,6203.5925,7691.6675,25583.0,6293.425,7170.5725,8047.3525,16398.0
2024-08-06 16:00:00+02:00,23150.0,24522.5,54.63,5122.04,6577.7425,8033.445,25583.0,5850.5625,6524.4625,7198.365,16398.0
2024-08-06 17:00:00+02:00,24633.5,26101.5,60.95,5496.29,6848.452499999999,8200.61,25583.0,4981.9625,5414.8275,5847.6900000000005,16398.0
2024-08-06 18:00:00+02:00,25904.0,27147.0,74.55,5624.139999999999,6878.58,8133.0175,25583.0,3585.41,3867.135,4148.8675,16398.0
2024-08-06 19:00:00+02:00,26519.5,26950.0,86.15,5431.3099999999995,6696.8675,7962.4275,25583.0,2024.6,2180.6125,2336.6275,16398.0
2024-08-06 20:00:00+02:00,26808.0,26360.5,91.72,5085.5275,6416.2375,7746.95,25583.0,687.8125,725.455,762.77,16398.0
2024-08-06 21:00:00+02:00,26332.0,25303.5,90.18,4805.6475,6185.110000000001,7564.57,25583.0,44.52,50.22,60.1325,16398.0
2024-08-06 22:00:00+02:00,23996.5,23490.0,86.56,4703.2075,6083.885,7464.5650000000005,25583.0,0.0,0.0,0.3125,16398.0
2024-08-06 23:00:00+02:00,21372.0,21305.0,77.06,5170.01,6274.8825,7379.755,25583.0,0.0,0.0,0.0,16398.0
2024-08-07 00:00:00+02:00,19634.0,19670.0,71.62,5532.155,6467.55,7402.95,25583.0,0.0,0.0,0.0,16398.0
2024-08-07 01:00:00+02:00,18768.0,18784.5,63.97,5272.0075,6332.03,7392.055,25583.0,0.0,0.0,0.0,16398.0
2024-08-07 02:00:00+02:00,18368.0,18120.5,58.11,5088.5725,6158.4325,7228.295,25583.0,0.0,0.0,0.0,16398.0
2024-08-07 03:00:00+02:00,17468.5,17620.0,52.24,5034.76,6085.485,7136.21,25583.0,0.0,0.0,0.0,16398.0
2024-08-07 04:00:00+02:00,17250.0,17435.5,48.96,5086.2775,6196.7575,7307.2375,25583.0,0.0,0.0,0.0,16398.0
2024-08-07 05:00:00+02:00,17845.5,17802.5,48.98,5462.845,6566.202499999999,7669.5575,25583.0,0.0,0.0,0.0,16398.0
2024-08-07 06:00:00+02:00,20118.5,19951.5,53.84,5891.4,7011.5,8131.6025,25583.0,2.3175,4.5125,4.5975,16398.0
2024-08-07 07:00:00+02:00,22244.5,22171.5,66.27,6252.4375,7371.37,8490.3025,25583.0,438.6625,470.02750000000003,493.025,16398.0
2024-08-07 08:00:00+02:00,23354.5,23357.5,70.94,6684.59,7678.775,8672.9625,25583.0,1782.77,1875.415,1968.7,16398.0
2024-08-07 09:00:00+02:00,23422.0,23318.5,67.3,7152.21,8089.945,9027.682499999999,25583.0,3470.8824999999997,3662.4049999999997,3853.9225,16398.0
2024-08-07 10:00:00+02:00,22913.5,22935.0,61.45,7448.005,8489.35,9530.692500000001,25583.0,4723.3150000000005,5083.515,5443.71,16398.0
2024-08-07 11:00:00+02:00,23193.0,22917.0,51.07,7663.57,8933.17,10202.7725,25583.0,5390.1975,5963.1325,6536.0650000000005,16398.0
2024-08-07 12:00:00+02:00,23280.5,23263.5,49.6,8099.225,9537.4825,10975.740000000002,25583.0,5714.0825,6368.725,7020.7675,16398.0
2024-08-07 13:00:00+02:00,22982.5,23017.0,47.66,8553.355,9905.325,11257.2925,25583.0,5680.01,6294.3225,6908.6375,16398.0
2024-08-07 14:00:00+02:00,22787.5,22910.5,40.35,8625.55,9924.675,11223.8025,25583.0,5399.5825,5889.5325,6379.48,16398.0
2024-08-07 15:00:00+02:00,23165.0,23174.5,34.31,8587.880000000001,9956.0275,11324.1775,25583.0,5048.1575,5438.5,5828.845,16398.0
2024-08-07 16:00:00+02:00,24128.0,24348.0,37.12,8719.5825,10029.94,11340.3,25583.0,4423.0525,4820.5875,5218.1224999999995,16398.0
2024-08-07 17:00:00+02:00,25760.0,26149.5,49.89,8700.5525,9942.6975,11184.845000000001,25583.0,3483.2875,3898.8625,4314.4275,16398.0
2024-08-07 18:00:00+02:00,26617.5,27279.5,64.53,8352.380000000001,9662.0,10971.6275,25583.0,2295.77,2705.7725,3115.775,16398.0
2024-08-07 19:00:00+02:00,26412.5,27650.0,79.93,7913.7225,9244.0525,10574.380000000001,25583.0,1165.8675,1488.5325,1811.2024999999999,16398.0
2024-08-07 20:00:00+02:00,25966.5,27176.5,86.79,7175.1025,8600.994999999999,10026.8925,25583.0,409.395,535.1625,660.615,16398.0
2024-08-07 21:00:00+02:00,25161.5,25800.0,84.8,6287.6,7947.27,9606.945,25583.0,48.4925,50.385,54.8125,16398.0
2024-08-07 22:00:00+02:00,22891.0,23687.0,81.1,5876.18,7655.4175,9434.655,25583.0,0.0,0.0,0.345,16398.0
2024-08-07 23:00:00+02:00,20711.5,21238.0,71.16,6273.74,7884.387500000001,9495.029999999999,25583.0,0.0,0.0,0.0,16398.0
2024-08-08 00:00:00+02:00,19201.0,19556.0,59.99,6507.9375,7984.985000000001,9462.0375,25583.0,0.0,0.0,0.0,16398.0
2024-08-08 01:00:00+02:00,18545.5,18812.0,49.98,6177.885,7787.16,9396.4325,25583.0,0.0,0.0,0.0,16398.0
2024-08-08 02:00:00+02:00,17910.5,18247.5,42.97,5983.245,7666.015,9348.782500000001,25583.0,0.0,0.0,0.0,16398.0
2024-08-08 03:00:00+02:00,17476.0,17933.5,38.92,5873.7825,7461.205,9048.625,25583.0,0.0,0.0,0.0,16398.0
2024-08-08 04:00:00+02:00,17387.0,17617.0,38.35,5782.82,7149.085,8515.35,25583.0,0.0,0.0,0.0,16398.0
2024-08-08 05:00:00+02:00,18197.5,18050.5,42.29,5605.9725,6727.11,7848.245,25583.0,0.0,0.0,0.0,16398.0
2024-08-08 06:00:00+02:00,20456.5,20477.0,53.26,5098.825,6158.525,7218.225,25583.0,2.38,3.485,3.485,16398.0
2024-08-08 07:00:00+02:00,23244.5,23193.5,71.89,4495.91,5600.06,6704.215,25583.0,343.78,390.795,432.9675,16398.0
2024-08-08 08:00:00+02:00,24682.5,25609.5,77.35,4184.8099999999995,5222.139999999999,6259.47,25583.0,1311.6025,1543.645,1776.055,16398.0
2024-08-08 09:00:00+02:00,24677.0,26540.5,79.55,4021.3875,5021.165,6020.9400000000005,25583.0,2518.8275,3013.4325,3508.04,16398.0
2024-08-08 10:00:00+02:00,24691.5,26458.0,77.64,3876.945,4964.2725,6051.6025,25583.0,3375.11,4145.2025,4915.2925,16398.0
2024-08-08 11:00:00+02:00,25367.0,26285.5,74.14,3944.5275,5091.3175,6238.110000000001,25583.0,3631.3025,4519.26,5403.79,16398.0
2024-08-08 12:00:00+02:00,26144.5,26633.0,73.43,4388.445,5674.105,6959.76,25583.0,3493.515,4397.865,5302.2125,16398.0
2024-08-08 13:00:00+02:00,26178.5,26443.0,73.63,5382.035,6825.835,8269.6325,25583.0,3160.27,4007.9225,4855.58,16398.0
2024-08-08 14:00:00+02:00,26316.0,26182.5,69.85,6409.0,7935.2175,9461.435,25583.0,2824.5425,3516.4275,4208.3125,16398.0
2024-08-08 15:00:00+02:00,26467.5,26196.0,65.21,6932.860000000001,8594.86,10256.869999999999,25583.0,2464.1525,3040.6475,3617.14,16398.0
2024-08-08 16:00:00+02:00,26949.0,26737.0,64.07,7283.135,9170.055,11056.9725,25583.0,1997.6775,2435.0575,2871.95,16398.0
2024-08-08 17:00:00+02:00,28114.0,27984.5,68.98,7767.99,9799.945,11831.905,25583.0,1419.7425,1724.6174999999998,2035.805,16398.0
2024-08-08 18:00:00+02:00,27925.0,28198.5,76.77,8571.605,10504.955,12438.305,25583.0,870.5925,1101.7325,1339.175,16398.0
2024-08-08 19:00:00+02:00,27620.0,27820.0,81.23,9272.655,11159.135,13045.61,25583.0,404.2175,552.3575,700.0125,16398.0
2024-08-08 20:00:00+02:00,26816.0,26621.5,79.55,9933.04,11762.255000000001,13591.47,25583.0,110.095,170.34750000000003,230.54,16398.0
2024-08-08 21:00:00+02:00,25328.0,25161.5,71.63,10636.165,12269.99,13903.814999999999,25583.0,14.0825,20.66,27.9575,16398.0
2024-08-08 22:00:00+02:00,22806.5,22719.5,61.14,11247.875,12609.3,13970.725,25583.0,0.0,0.0,0.0225,16398.0
2024-08-08 23:00:00+02:00,20059.0,20373.5,43.62,11568.98,12658.5175,13748.0525,25583.0,0.0,0.0,0.0,16398.0
2024-08-09 00:00:00+02:00,18417.5,18366.5,23.4,11695.119999999999,12667.75,13640.377499999999,25583.0,0.0,0.0,0.0,16398.0
2024-08-09 01:00:00+02:00,17309.5,17415.0,5.56,11820.3225,12755.26,13690.2,25583.0,0.0,0.0,0.0,16398.0
2024-08-09 02:00:00+02:00,16618.5,16953.5,-3.75,11901.015,12831.557499999999,13762.095000000001,25583.0,0.0,0.0,0.0,16398.0
2024-08-09 03:00:00+02:00,16117.0,16597.5,-12.21,12162.755000000001,13070.67,13978.5875,25583.0,0.0,0.0,0.0,16398.0
2024-08-09 04:00:00+02:00,16275.0,16288.0,-15.03,12464.21,13290.045,14115.89,25583.0,0.0,0.0,0.0,16398.0
2024-08-09 05:00:00+02:00,16755.5,16819.0,-13.13,12620.21,13382.9,14145.5925,25583.0,0.0,0.0,0.0,16398.0
2024-08-09 06:00:00+02:00,19042.0,19180.0,-4.83,12549.915,13328.84,14107.7625,25583.0,0.9475,1.1175,1.2025,16398.0
2024-08-09 07:00:00+02:00,21816.5,21720.0,19.56,12347.5,13181.945,14016.39,25583.0,154.745,240.53,325.71,16398.0
2024-08-09 08:00:00+02:00,23235.5,22863.5,39.6,12214.32,13037.97,13861.619999999999,25583.0,989.0725,1263.7150000000001,1538.4075,16398.0
2024-08-09 09:00:00+02:00,22759.0,22375.0,37.52,12121.8675,12971.31,13820.7575,25583.0,2715.3525,3005.0825,3294.81,16398.0
2024-08-09 10:00:00+02:00,21176.0,21274.0,17.31,11749.83,12723.189999999999,13696.55,25583.0,4681.745,4949.4,5217.06,16398.0
2024-08-09 11:00:00+02:00,19912.0,20258.0,0.16,11175.365000000002,12251.855,13328.3475,25583.0,6301.907499999999,6736.11,7170.3075,16398.0
2024-08-09 12:00:00+02:00,18912.0,19597.0,1.04,10516.945,11743.67,12970.3975,25583.0,7510.055,8126.032499999999,8742.01,16398.0
2024-08-09 13:00:00+02:00,17892.5,18784.0,0.64,9913.565,11346.085,12778.6,25583.0,8258.63,9018.4975,9778.3675,16398.0
2024-08-09 14:00:00+02:00,17408.5,17654.5,-1.62,9433.41,10979.235,12525.055,25583.0,8547.695,9376.9475,10206.189999999999,16398.0
2024-08-09 15:00:00+02:00,17827.0,18316.5,-5.22,9007.85,10608.064999999999,12208.275,25583.0,8226.8825,9062.175,9897.467499999999,16398.0
2024-08-09 16:00:00+02:00,19245.0,19776.5,-5.06,8717.68,10291.305,11864.9225,25583.0,7140.875,7866.1175,8591.3575,16398.0
2024-08-09 17:00:00+02:00,21819.5,21772.0,-0.38,8596.494999999999,10079.599999999999,11562.71,25583.0,5698.595,6191.555,6684.512500000001,16398.0
2024-08-09 18:00:00+02:00,23694.0,23585.5,28.78,8569.305,9971.8925,11374.475,25583.0,4021.3775,4286.2525000000005,4551.125,16398.0
2024-08-09 19:00:00+02:00,24685.0,24640.0,57.13,8484.275,9863.425,11242.5775,25583.0,2187.86,2300.0575,2412.0724999999998,16398.0
2024-08-09 20:00:00+02:00,24532.0,24471.5,72.74,8358.835,9703.225,11047.615,25583.0,664.0625,703.9775,745.9825000000001,16398.0
2024-08-09 21:00:00+02:00,24123.0,24596.5,71.74,8113.775,9466.85,10819.93,25583.0,22.475,27.5,37.41,16398.0
2024-08-09 22:00:00+02:00,22752.5,22700.0,68.3,7767.5075,9337.7825,10908.0625,25583.0,0.0,0.0,0.18,16398.0
2024-08-09 23:00:00+02:00,19987.0,20677.0,55.86,7625.285,9134.61,10643.9375,25583.0,0.0,0.0,0.0,16398.0
2024-08-10 00:00:00+02:00,18682.5,18748.5,45.53,7605.995,8915.505000000001,10225.015,25583.0,0.0,0.0,0.0,16398.0
2024-08-10 01:00:00+02:00,17833.0,17802.0,35.75,7563.21,8879.7025,10196.1975,25583.0,0.0,0.0,0.0,16398.0
2024-08-10 02:00:00+02:00,17054.0,17120.0,26.82,7684.0575,8919.127499999999,10154.2,25583.0,0.0,0.0,0.0,16398.0
2024-08-10 03:00:00+02:00,16475.0,16653.5,23.1,7768.5675,8877.615,9986.665,25583.0,0.0,0.0,0.0,16398.0
2024-08-10 04:00:00+02:00,16302.5,16300.5,19.14,7515.195,8616.6425,9718.09,25583.0,0.0,0.0,0.0,16398.0
2024-08-10 05:00:00+02:00,16354.5,16354.5,22.68,7071.8325,8308.945,9546.0625,25583.0,0.0,0.0,0.0,16398.0
2024-08-10 06:00:00+02:00,17265.5,17313.5,26.98,6814.6425,8066.84,9319.04,25583.0,1.715,2.515,2.515,16398.0
2024-08-10 07:00:00+02:00,18717.0,18821.5,32.1,6716.3325,7933.66,9150.99,25583.0,193.96,263.45,328.7475,16398.0
2024-08-10 08:00:00+02:00,20209.0,20221.0,36.44,6608.985000000001,7930.73,9252.4825,25583.0,802.2974999999999,1098.8625,1395.7475,16398.0
2024-08-10 09:00:00+02:00,21136.5,20616.5,45.17,6543.035,7944.5425,9346.0525,25583.0,1685.48,2300.0625,2914.645,16398.0
2024-08-10 10:00:00+02:00,21208.5,20661.5,46.33,6507.345,7995.0075,9482.67,25583.0,2640.115,3461.2175,4282.325,16398.0
2024-08-10 11:00:00+02:00,21332.0,20702.0,41.18,6454.7625,7949.295,9443.83,25583.0,3474.8325,4309.5,5144.1625,16398.0
2024-08-10 12:00:00+02:00,20826.0,20534.0,41.23,6381.625,7839.57,9297.5225,25583.0,4091.2974999999997,4797.3175,5503.3325,16398.0
2024-08-10 13:00:00+02:00,20002.0,19657.5,37.82,6347.1849999999995,7788.4,9229.615,25583.0,4433.325,5049.5175,5665.7125,16398.0
2024-08-10 14:00:00+02:00,18970.5,19338.0,27.42,6258.82,7697.275,9135.7275,25583.0,4450.592500000001,5187.5824999999995,5924.565,16398.0
2024-08-10 15:00:00+02:00,18219.5,19470.5,18.88,6170.15,7563.4349999999995,8956.7225,25583.0,4244.5875,5202.445,6155.6525,16398.0
2024-08-10 16:00:00+02:00,19319.0,20548.0,18.3,6097.05,7369.835,8642.619999999999,25583.0,3890.91,4943.0375,5995.1625,16398.0
2024-08-10 17:00:00+02:00,21607.5,22806.5,31.14,5815.7575,7048.7775,8281.795,25583.0,3296.3424999999997,4326.29,5356.235,16398.0
2024-08-10 18:00:00+02:00,23594.5,23802.0,55.38,5475.46,6672.6425,7869.8275,25583.0,2452.9375,3266.4875,4080.04,16398.0
2024-08-10 19:00:00+02:00,24184.0,24154.0,76.07,4839.865,6156.4875,7473.11,25583.0,1492.0275000000001,1904.0425,2315.9925000000003,16398.0
2024-08-10 20:00:00+02:00,24881.0,24274.0,86.95,3985.63,5501.8375,7018.045,25583.0,540.145,649.8625,760.2075,16398.0
2024-08-10 21:00:00+02:00,24616.5,24401.0,86.21,3331.3125,4920.6900000000005,6510.07,25583.0,36.5975,38.339999999999996,42.935,16398.0
2024-08-10 22:00:00+02:00,22563.5,23088.0,83.03,2823.735,4383.205,5942.68,25583.0,0.0,0.0,0.27,16398.0
2024-08-10 23:00:00+02:00,20960.5,21327.5,75.56,2988.0249999999996,4254.83,5521.637500000001,25583.0,0.0,0.0,0.0,16398.0
2024-08-11 00:00:00+02:00,19515.0,19625.0,68.63,3194.88,4149.5675,5104.255,25583.0,0.0,0.0,0.0,16398.0
2024-08-11 01:00:00+02:00,18936.5,18735.0,63.0,2711.0075,3605.295,4499.58,25583.0,0.0,0.0,0.0,16398.0
2024-08-11 02:00:00+02:00,18182.0,17958.0,59.93,2196.1425,3073.8275000000003,3951.515,25583.0,0.0,0.0,0.0,16398.0
2024-08-11 03:00:00+02:00,17552.0,17288.0,56.05,1813.6925,2699.675,3585.655,25583.0,0.0,0.0,0.0,16398.0
2024-08-11 04:00:00+02:00,17055.0,17111.5,51.85,1515.3075000000001,2462.8375,3410.3675,25583.0,0.0,0.0,0.0,16398.0
2024-08-11 05:00:00+02:00,16950.0,16945.5,51.51,1332.405,2271.235,3210.06,25583.0,0.0,0.0,0.0,16398.0
2024-08-11 06:00:00+02:00,17176.0,17564.0,52.01,1175.095,2076.73,2978.3625,25583.0,1.565,2.065,2.255,16398.0
2024-08-11 07:00:00+02:00,18003.5,18155.0,54.54,990.9475,1875.9,2760.85,25583.0,281.25,381.9575,481.12750000000005,16398.0
2024-08-11 08:00:00+02:00,19062.5,18036.5,53.89,783.065,1603.2725,2423.48,25583.0,1306.295,1639.175,1972.165,16398.0
2024-08-11 09:00:00+02:00,19233.0,18306.0,55.35,634.7225,1385.76,2136.795,25583.0,2946.055,3499.995,4053.9375,16398.0
2024-08-11 10:00:00+02:00,18922.0,19208.5,52.77,538.38,1283.1100000000001,2027.8400000000001,25583.0,4707.09,5479.48,6251.8675,16398.0
2024-08-11 11:00:00+02:00,18167.5,19005.0,42.55,450.22,1187.2475,1924.275,25583.0,6243.75,7279.360000000001,8314.9675,16398.0
2024-08-11 12:00:00+02:00,17456.0,18977.5,38.41,308.4525,1104.535,1900.62,25583.0,7158.49,8535.53,9912.5775,16398.0
2024-08-11 13:00:00+02:00,16932.0,18614.0,33.12,215.6575,1103.655,1991.655,25583.0,7564.547500000001,9060.435,10533.6625,16398.0
2024-08-11 14:00:00+02:00,16609.5,18204.5,26.95,326.21000000000004,1232.4425,2138.6725,25583.0,7790.6675000000005,9116.28,10436.557499999999,16398.0
2024-08-11 15:00:00+02:00,16941.0,18509.0,22.08,473.72499999999997,1426.6100000000001,2379.495,25583.0,7516.9775,8674.585,9832.195,16398.0
2024-08-11 16:00:00+02:00,18609.0,20039.5,29.46,653.985,1734.82,2815.655,25583.0,6678.68,7579.24,8479.8,16398.0
2024-08-11 17:00:00+02:00,21428.0,22381.5,46.67,969.2875,2215.655,3462.025,25583.0,5405.9175,5986.8225,6567.7225,16398.0
2024-08-11 18:00:00+02:00,23564.5,24008.0,67.75,1608.505,2883.95,4159.3949999999995,25583.0,3780.9025,4129.7675,4478.63,16398.0
2024-08-11 19:00:00+02:00,24597.5,24685.0,81.37,2466.58,3804.14,5141.6975,25583.0,2088.64,2237.565,2386.495,16398.0
2024-08-11 20:00:00+02:00,24727.0,24270.5,86.9,3466.0175,4983.4075,6500.797500000001,25583.0,641.7925,680.1025,718.3425,16398.0
2024-08-11 21:00:00+02:00,24399.0,24003.5,81.13,4950.095,6460.6900000000005,7971.285,25583.0,18.38,24.0975,33.475,16398.0
2024-08-11 22:00:00+02:00,22451.0,22112.0,70.45,6382.745,7923.885,9465.029999999999,25583.0,0.0,0.0,0.0175,16398.0
2024-08-11 23:00:00+02:00,19742.5,19393.0,52.17,7918.71,9339.0875,10759.465,25583.0,0.0,0.0,0.0,16398.0
2024-08-12 00:00:00+02:00,18487.5,17967.0,59.33,9282.885,10387.315,11491.755000000001,25583.0,0.0,0.0,0.0,16398.0
2024-08-12 01:00:00+02:00,18052.0,17349.0,47.86,9683.4375,10726.805,11770.1775,25583.0,0.0,0.0,0.0,16398.0
2024-08-12 02:00:00+02:00,17239.5,16760.5,41.24,9806.12,10880.6725,11955.2275,25602.0,0.0,0.0,0.0,16398.0
2024-08-12 03:00:00+02:00,16906.5,16375.5,33.92,10018.8025,11026.775,12034.74,25602.0,0.0,0.0,0.0,16398.0
2024-08-12 04:00:00+02:00,16617.5,16555.0,29.57,10228.2125,11138.91,12049.6125,25602.0,0.0,0.0,0.0,16398.0
2024-08-12 05:00:00+02:00,17477.5,17475.5,28.5,10484.102499999999,11323.75,12163.404999999999,25602.0,0.0,0.0,0.0,16398.0
2024-08-12 06:00:00+02:00,20189.0,19912.5,39.8,10689.045,11520.06,12351.0775,25602.0,0.2075,0.725,0.7875,16398.0
2024-08-12 07:00:00+02:00,22872.5,22264.0,54.15,10710.035,11533.34,12356.65,25602.0,292.515,324.2525,351.195,16398.0
2024-08-12 08:00:00+02:00,24847.5,23936.0,66.7,10657.06,11443.465,12229.87,25602.0,1354.5875,1458.245,1562.2675,16398.0
2024-08-12 09:00:00+02:00,25049.0,24064.0,70.43,10224.36,11147.3475,12070.335,25602.0,2975.8975,3155.565,3335.2275,16398.0
2024-08-12 10:00:00+02:00,24225.0,23988.5,67.6,9204.654999999999,10490.84,11777.02,25602.0,4799.7825,5060.2699999999995,5320.7525,16398.0
2024-08-12 11:00:00+02:00,24865.0,23493.0,53.2,7874.29,9376.6175,10878.95,25602.0,6398.7625,6750.12,7098.64,16398.0
2024-08-12 12:00:00+02:00,24622.5,23340.5,48.63,6721.85,8169.8875,9617.9325,25602.0,7485.055,7916.1849999999995,8375.415,16398.0
2024-08-12 13:00:00+02:00,24609.5,23162.0,47.71,6241.3775000000005,7525.045,8808.715,25602.0,7970.0650000000005,8455.645,9083.885,16398.0
2024-08-12 14:00:00+02:00,24114.5,23791.5,49.98,5999.5975,7277.135,8554.675,25602.0,7911.4925,8426.4325,9135.34,16398.0
2024-08-12 15:00:00+02:00,24285.5,23732.5,52.43,5766.9325,7119.1925,8471.455,25602.0,7428.2325,7972.4575,8730.1125,16398.0
2024-08-12 16:00:00+02:00,25033.0,24704.0,63.2,5603.46,6837.165,8070.8725,25602.0,6686.4125,7159.4825,7754.5425000000005,16398.0
2024-08-12 17:00:00+02:00,26585.0,26857.0,73.91,5325.82,6407.29,7488.76,25602.0,5486.3025,5855.07,6213.9,16398.0
2024-08-12 18:00:00+02:00,28007.5,27857.5,85.66,5041.485000000001,5991.335,6941.1849999999995,25602.0,3798.6275,4087.6825,4376.615,16398.0
2024-08-12 19:00:00+02:00,28629.5,28350.5,96.77,4665.7125,5579.055,6492.4,25602.0,2059.5375,2205.0275,2352.175,16398.0
2024-08-12 20:00:00+02:00,28372.0,28380.5,101.92,4194.24,5184.3825,6174.53,25602.0,610.1899999999999,651.3325,694.0,16398.0
2024-08-12 21:00:00+02:00,27804.0,27525.0,99.22,3633.6,4788.05,5942.4925,25602.0,12.615,18.875,29.4925,16398.0
2024-08-12 22:00:00+02:00,25564.5,24782.0,95.01,3104.9674999999997,4445.6375,5786.305,25602.0,0.0,0.0,0.0675,16398.0
2024-08-12 23:00:00+02:00,22612.0,22211.0,86.36,3536.52,4840.077499999999,6143.635,25602.0,0.0,0.0,0.0,16398.0
2024-08-13 00:00:00+02:00,20858.0,20666.0,77.6,4249.6025,5291.1849999999995,6332.765,25602.0,0.0,0.0,0.0,16398.0
2024-08-13 01:00:00+02:00,20248.0,19728.0,71.94,4246.06,5122.4725,5998.885,25602.0,0.0,0.0,0.0,16398.0
2024-08-13 02:00:00+02:00,19356.0,18939.0,68.45,4148.0875,5015.195,5882.3125,25602.0,0.0,0.0,0.0,16398.0
2024-08-13 03:00:00+02:00,19113.0,18390.0,64.12,4000.8199999999997,4817.7,5634.575,25602.0,0.0,0.0,0.0,16398.0
2024-08-13 04:00:00+02:00,18728.0,18101.5,61.5,3754.9049999999997,4561.3,5367.685,25602.0,0.0,0.0,0.0,16398.0
2024-08-13 05:00:00+02:00,19338.0,18644.5,62.96,3621.545,4457.0875,5292.63,25602.0,0.0,0.0,0.0,16398.0
2024-08-13 06:00:00+02:00,21271.5,21041.0,69.69,3633.8375,4432.145,5230.445,25602.0,0.2375,0.78,0.8575,16398.0
2024-08-13 07:00:00+02:00,23424.5,23074.5,78.95,3779.6400000000003,4553.82,5328.0,25602.0,323.85749999999996,346.67999999999995,363.63,16398.0
2024-08-13 08:00:00+02:00,24416.0,24340.0,82.71,4097.87,4849.69,5601.51,25602.0,1519.5525,1609.9,1712.79,16398.0
2024-08-13 09:00:00+02:00,24242.5,24072.5,81.42,4352.3975,5097.165,5841.9275,25602.0,3253.505,3444.115,3646.88,16398.0
2024-08-13 10:00:00+02:00,23009.0,23194.0,71.06,4691.842500000001,5378.6975,6065.5525,25602.0,4962.5225,5299.175,5634.89,16398.0
2024-08-13 11:00:00+02:00,22184.5,22603.5,48.53,5151.1125,5849.13,6547.145,25602.0,6206.2474999999995,6796.8675,7387.4825,16398.0
2024-08-13 12:00:00+02:00,21763.0,22490.0,38.14,5442.7325,6313.705,7184.6825,25602.0,6837.2275,7629.0225,8420.82,16398.0
2024-08-13 13:00:00+02:00,21337.0,22310.0,31.41,5656.985000000001,6703.02,7749.055,25602.0,6881.610000000001,7781.385,8649.81,16398.0
2024-08-13 14:00:00+02:00,21381.0,22412.5,28.43,5807.87,6938.9349999999995,8069.9974999999995,25602.0,6540.9375,7414.4400000000005,8287.939999999999,16398.0
2024-08-13 15:00:00+02:00,22093.5,23310.5,31.45,5840.1825,6966.585,8092.9925,25602.0,5909.875,6639.92,7369.965,16398.0
2024-08-13 16:00:00+02:00,24359.0,24413.0,40.56,5722.555,6900.195,8077.845,25602.0,4876.7325,5489.98,6103.2275,16398.0
2024-08-13 17:00:00+02:00,26788.0,26642.5,57.79,5394.4275,6617.995000000001,7841.57,25602.0,3625.085,4105.59,4586.0925,16398.0
2024-08-13 18:00:00+02:00,27776.5,27806.5,81.52,4899.215,6066.9525,7234.6875,25602.0,2320.965,2719.6375,3118.3125,16398.0
2024-08-13 19:00:00+02:00,27892.0,27879.0,93.24,4346.1075,5521.905000000001,6697.7025,25602.0,1116.5974999999999,1387.775,1658.2025,16398.0
2024-08-13 20:00:00+02:00,27978.5,27251.5,98.24,3970.1475,5181.64,6393.135,25602.0,306.6225,392.29,487.5075,16398.0
2024-08-13 21:00:00+02:00,26938.5,26844.5,95.69,3833.48,4949.264999999999,6065.05,25602.0,19.6875,21.75,36.6975,16398.0
2024-08-13 22:00:00+02:00,24606.0,24629.5,90.39,3631.6875,4673.24,5714.7925000000005,25602.0,0.0,0.0,0.3375,16398.0
2024-08-13 23:00:00+02:00,22371.5,22329.5,80.18,3748.605,4672.737499999999,5596.8675,25602.0,0.0,0.0,0.0,16398.0
2024-08-14 00:00:00+02:00,20971.5,20734.5,73.92,3626.19,4508.635,5391.075,25602.0,0.0,0.0,0.0,16398.0
2024-08-14 01:00:00+02:00,20231.0,19876.0,67.81,3072.345,4041.4049999999997,5010.465,25602.0,0.0,0.0,0.0,16398.0
2024-08-14 02:00:00+02:00,19543.0,19345.0,63.82,2812.3475,3752.475,4692.6,25602.0,0.0,0.0,0.0,16398.0
2024-08-14 03:00:00+02:00,18890.5,19011.5,60.77,2539.9049999999997,3476.005,4412.1075,25602.0,0.0,0.0,0.0,16398.0
2024-08-14 04:00:00+02:00,18662.0,18632.5,59.96,2098.8675,3147.44,4196.01,25602.0,0.0,0.0,0.0,16398.0
2024-08-14 05:00:00+02:00,19489.0,19207.0,63.5,1533.825,2764.5525000000002,3995.2825000000003,25602.0,0.0,0.0,0.0,16398.0
2024-08-14 06:00:00+02:00,22193.0,21860.5,73.22,1137.4825,2439.5550000000003,3741.625,25602.0,0.885,1.7775,2.0375,16398.0
2024-08-14 07:00:00+02:00,25004.5,24651.0,85.82,869.2025,2151.795,3434.385,25602.0,134.125,161.03750000000002,185.5425,16398.0
2024-08-14 08:00:00+02:00,26879.0,26589.5,92.98,612.425,1897.2024999999999,3181.9825,25602.0,733.6875,829.2975,925.085,16398.0
2024-08-14 09:00:00+02:00,26813.5,27086.0,94.83,483.79,1730.69,2977.585,25602.0,1699.76,1917.4074999999998,2135.06,16398.0
2024-08-14 10:00:00+02:00,25836.5,26683.5,91.49,455.7875,1614.8174999999999,2773.85,25602.0,2871.925,3210.8275000000003,3549.7375,16398.0
2024-08-14 11:00:00+02:00,24630.5,26297.0,86.71,407.08000000000004,1484.975,2562.87,25602.0,4068.26,4520.08,4965.8925,16398.0
2024-08-14 12:00:00+02:00,24727.0,25900.5,82.31,470.7025,1438.4625,2406.2174999999997,25602.0,4873.0075,5468.49,6129.585,16398.0
2024-08-14 13:00:00+02:00,24278.0,24994.5,79.58,655.1175000000001,1528.545,2401.9674999999997,25602.0,5499.21,6125.4225,6983.5275,16398.0
2024-08-14 14:00:00+02:00,24293.0,24499.0,75.27,846.965,1736.385,2625.8050000000003,25602.0,5884.1925,6577.7675,7537.765,16398.0
2024-08-14 15:00:00+02:00,24193.0,24076.0,69.82,1131.97,2051.4825,2970.99,25602.0,5878.5375,6626.587500000001,7556.775,16398.0
2024-08-14 16:00:00+02:00,25230.0,24728.5,69.25,1682.8625,2543.385,3403.91,25602.0,5680.7375,6310.9175000000005,7008.3525,16398.0
2024-08-14 17:00:00+02:00,26721.5,26303.0,75.42,2341.7925,3090.105,3838.4225,25602.0,4909.32,5416.105,5941.719999999999,16398.0
2024-08-14 18:00:00+02:00,27745.0,27647.0,87.0,2708.035,3432.4300000000003,4156.835,25602.0,3475.525,3881.61,4312.54,16398.0
2024-08-14 19:00:00+02:00,28182.0,27831.0,97.24,2857.66,3752.9175,4648.1725,25602.0,1858.5500000000002,2085.255,2310.0525,16398.0
2024-08-14 20:00:00+02:00,28172.0,27606.0,102.36,3108.4225,4265.275,5422.125,25602.0,520.46,568.7125,616.93,16398.0
2024-08-14 21:00:00+02:00,26922.0,26972.0,98.18,3822.3900000000003,4998.91,6175.43,25602.0,3.635,5.665,8.0275,16398.0
2024-08-14 22:00:00+02:00,24060.5,24456.5,91.15,4764.535,5714.2375,6663.945,25602.0,0.0,0.0,0.0,16398.0
2024-08-14 23:00:00+02:00,21379.0,21642.5,79.55,5408.5,6085.745,6762.99,25602.0,0.0,0.0,0.0,16398.0
2024-08-15 00:00:00+02:00,19800.5,19732.5,71.6,5763.18,6352.362499999999,6941.545,25602.0,0.0,0.0,0.0,16398.0
2024-08-15 01:00:00+02:00,18689.5,18602.5,56.26,5926.32,6661.2125,7396.105,25602.0,0.0,0.0,0.0,16398.0
2024-08-15 02:00:00+02:00,17745.5,18153.0,45.91,6113.015,6913.07,7713.1175,25602.0,0.0,0.0,0.0,16398.0
2024-08-15 03:00:00+02:00,17368.0,17256.5,34.73,6358.405000000001,7196.1025,8033.8,25602.0,0.0,0.0,0.0,16398.0
2024-08-15 04:00:00+02:00,16955.5,17039.5,28.87,6484.4625,7446.67,8408.8775,25602.0,0.0,0.0,0.0,16398.0
2024-08-15 05:00:00+02:00,17557.0,17770.0,28.02,6677.26,7616.7,8556.1375,25602.0,0.0,0.0,0.0,16398.0
2024-08-15 06:00:00+02:00,19888.0,20245.0,36.68,6819.5625,7733.915,8648.27,25602.0,0.06,0.4775,0.4875,16398.0
2024-08-15 07:00:00+02:00,22707.0,22691.0,57.35,6806.01,7753.485000000001,8700.955,25602.0,180.98499999999999,222.4525,259.14,16398.0
2024-08-15 08:00:00+02:00,24198.5,24382.0,72.39,7030.535,7941.1849999999995,8851.835,25602.0,960.5174999999999,1124.5025,1288.8575,16398.0
2024-08-15 09:00:00+02:00,24088.5,24807.0,73.07,7308.780000000001,8277.99,9247.2,25602.0,2186.185,2483.8175,2781.4525,16398.0
2024-08-15 10:00:00+02:00,23910.0,23762.5,68.61,7468.45,8725.685,9982.925,25602.0,3286.0325,3645.0825,4004.13,16398.0
2024-08-15 11:00:00+02:00,23845.5,23535.5,60.64,7899.5575,9443.91,10988.2575,25602.0,4015.2525,4461.66,4908.0650000000005,16398.0
2024-08-15 12:00:00+02:00,23696.5,23233.0,56.73,8726.195,10213.695,11701.1975,25602.0,4399.6025,4970.1900000000005,5540.7775,16398.0
2024-08-15 13:00:00+02:00,23704.5,22858.0,54.56,9561.73,10927.255000000001,12292.779999999999,25602.0,4469.3075,5147.15,5823.2675,16398.0
2024-08-15 14:00:00+02:00,23129.5,22625.0,48.92,9943.275,11335.130000000001,12726.98,25602.0,4313.4025,5104.755,5885.0525,16398.0
2024-08-15 15:00:00+02:00,23681.5,23227.5,47.09,9942.18,11357.0275,12771.875,25602.0,4005.455,4796.745,5588.035,16398.0
2024-08-15 16:00:00+02:00,25442.0,24367.5,51.52,9951.25,11355.29,12759.3275,25602.0,3405.6025,4071.9700000000003,4738.33,16398.0
2024-08-15 17:00:00+02:00,27177.5,26275.0,63.69,9683.175,11148.41,12613.6475,25602.0,2514.8050000000003,3083.5375,3652.2725,16398.0
2024-08-15 18:00:00+02:00,28013.5,27438.5,80.28,8758.7375,10399.7075,12040.6775,25602.0,1678.585,2063.8575,2449.1275,16398.0
2024-08-15 19:00:00+02:00,28123.0,27560.5,90.71,7794.795,9522.695,11250.5975,25602.0,877.3225,1050.665,1223.4375,16398.0
2024-08-15 20:00:00+02:00,27538.5,27091.0,95.1,6925.8075,8734.0425,10542.2775,25602.0,247.9925,304.1875,367.76,16398.0
2024-08-15 21:00:00+02:00,26401.5,26296.5,93.57,6133.797500000001,8006.07,9878.34,25602.0,18.87,20.2825,28.915000000000003,16398.0
2024-08-15 22:00:00+02:00,23834.0,23967.0,89.18,5651.6224999999995,7413.72,9175.82,25602.0,0.0,0.0,0.0,16398.0
2024-08-15 23:00:00+02:00,21839.5,21778.5,79.37,5837.8675,7396.0375,8954.2075,25602.0,0.0,0.0,0.0,16398.0
2024-08-16 00:00:00+02:00,20612.5,20419.5,69.93,6126.45,7405.2325,8684.0175,25602.0,0.0,0.0,0.0,16398.0
2024-08-16 01:00:00+02:00,19874.5,19766.5,62.17,5822.0925,6978.9525,8135.8075,25602.0,0.0,0.0,0.0,16398.0
2024-08-16 02:00:00+02:00,19036.5,19247.0,57.51,5389.0975,6607.12,7825.1425,25602.0,0.0,0.0,0.0,16398.0
2024-08-16 03:00:00+02:00,18616.0,18748.0,53.34,4934.115,6129.110000000001,7324.105,25602.0,0.0,0.0,0.0,16398.0
2024-08-16 04:00:00+02:00,18381.0,18552.0,51.17,4498.2075,5628.3925,6758.58,25602.0,0.0,0.0,0.0,16398.0
2024-08-16 05:00:00+02:00,18986.0,18593.0,53.98,4166.955,5228.1325,6289.3099999999995,25602.0,0.0,0.0,0.0,16398.0
2024-08-16 06:00:00+02:00,21207.5,21250.0,63.51,3786.435,4804.595,5822.755,25602.0,1.035,1.035,1.035,16398.0
2024-08-16 07:00:00+02:00,23439.0,23630.0,78.26,3396.995,4383.715,5370.435,25602.0,208.0925,292.0625,376.03999999999996,16398.0
2024-08-16 08:00:00+02:00,24279.5,24376.0,84.65,3170.16,4114.155,5058.155,25602.0,1189.3325,1529.9175,1870.5075,16398.0
2024-08-16 09:00:00+02:00,23241.5,23980.0,84.32,3148.915,4080.2725,5011.635,25602.0,2937.4674999999997,3476.3725,4015.2825,16398.0
2024-08-16 10:00:00+02:00,21695.0,22661.0,76.21,3342.2725,4184.6425,5027.015,25602.0,5056.99,5608.3225,6159.6525,16398.0
2024-08-16 11:00:00+02:00,21239.0,21635.5,59.37,3655.2200000000003,4385.575,5115.93,25602.0,6909.91,7500.5075,8091.1025,16398.0
2024-08-16 12:00:00+02:00,20443.0,20412.0,41.77,3895.1400000000003,4578.0875,5261.03,25602.0,8025.8075,8746.8975,9467.9825,16398.0
2024-08-16 13:00:00+02:00,19651.0,19693.0,30.51,4031.21,4738.06,5444.907499999999,25602.0,8548.7375,9367.785,10186.825,16398.0
2024-08-16 14:00:00+02:00,19207.5,19509.5,20.88,4163.445,4899.5175,5635.59,25602.0,8602.545,9494.5525,10399.755,16398.0
2024-08-16 15:00:00+02:00,19490.0,19844.5,17.89,4260.5875,5027.395,5794.1975,25602.0,8019.9925,8997.005000000001,9974.0175,16398.0
2024-08-16 16:00:00+02:00,21032.0,21086.0,21.19,4382.4825,5204.32,6026.1625,25602.0,6972.88,7847.3225,8721.765,16398.0
2024-08-16 17:00:00+02:00,23363.0,23596.5,41.03,4466.46,5361.9974999999995,6257.535,25602.0,5515.1449999999995,6217.2575,6919.3724999999995,16398.0
2024-08-16 18:00:00+02:00,25586.0,25307.5,71.38,4544.5575,5506.2775,6468.0025000000005,25602.0,3747.3125,4250.7025,4754.0825,16398.0
2024-08-16 19:00:00+02:00,26310.0,25986.0,88.73,4428.985000000001,5616.0975,6803.215,25602.0,1958.5375,2190.58,2422.6275,16398.0
2024-08-16 20:00:00+02:00,26580.5,25836.0,95.91,4253.425,5688.0375,7122.6525,25602.0,507.0175,549.6675,592.3149999999999,16398.0
2024-08-16 21:00:00+02:00,25736.5,25535.5,93.17,4391.215,5912.09,7432.955,25602.0,5.7325,6.6075,7.4925,16398.0
2024-08-16 22:00:00+02:00,24010.5,24249.0,88.78,4730.8875,6200.93,7670.965,25602.0,0.0,0.0,0.0,16398.0
2024-08-16 23:00:00+02:00,21354.0,21404.0,79.0,5143.2875,6251.735000000001,7360.18,25602.0,0.0,0.0,0.0,16398.0
2024-08-17 00:00:00+02:00,19885.0,19550.5,70.03,5287.005,6151.155,7015.299999999999,25602.0,0.0,0.0,0.0,16398.0
2024-08-17 01:00:00+02:00,18985.5,18804.5,62.82,5026.25,5876.09,6725.922500000001,25602.0,0.0,0.0,0.0,16398.0
2024-08-17 02:00:00+02:00,18097.0,17870.0,57.26,4777.215,5565.1275,6353.035,25602.0,0.0,0.0,0.0,16398.0
2024-08-17 03:00:00+02:00,17278.5,17262.0,52.96,4550.375,5373.5925,6196.8099999999995,25602.0,0.0,0.0,0.0,16398.0
2024-08-17 04:00:00+02:00,17092.0,16975.5,50.52,4223.71,5123.7125,6023.7125,25602.0,0.0,0.0,0.0,16398.0
2024-08-17 05:00:00+02:00,17189.5,16961.0,52.14,3876.645,4803.985,5731.325000000001,25602.0,0.0,0.0,0.0,16398.0
2024-08-17 06:00:00+02:00,18043.5,17864.5,61.15,3617.86,4530.545,5443.2325,25602.0,0.335,0.625,0.64,16398.0
2024-08-17 07:00:00+02:00,19171.0,19012.5,66.08,3471.74,4406.5625,5341.3875,25602.0,304.4275,324.5075,343.225,16398.0
2024-08-17 08:00:00+02:00,20198.5,19457.0,65.33,3390.66,4382.415,5374.17,25602.0,1622.9650000000001,1709.9975,1798.6925,16398.0
2024-08-17 09:00:00+02:00,19632.5,19377.5,56.46,3585.7749999999996,4495.3875,5405.0025,25602.0,3561.12,3748.915,3936.6025,16398.0
2024-08-17 10:00:00+02:00,18624.5,18662.5,33.75,3794.5550000000003,4586.5775,5378.5975,25602.0,5471.0175,5752.135,6033.2525000000005,16398.0
2024-08-17 11:00:00+02:00,18484.0,18094.0,11.3,3803.5625,4576.8099999999995,5350.055,25602.0,6995.3,7433.6275000000005,7871.955,16398.0
2024-08-17 12:00:00+02:00,18439.0,17938.0,6.4,3753.675,4567.63,5381.5875,25602.0,7878.92,8484.6025,9090.285,16398.0
2024-08-17 13:00:00+02:00,18333.5,17323.0,2.74,3725.9475,4550.925,5375.8975,25602.0,8127.24,8878.797499999999,9627.2825,16398.0
2024-08-17 14:00:00+02:00,18230.0,17066.5,-0.39,3708.9700000000003,4545.2075,5381.45,25602.0,7839.21,8647.81,9456.412499999999,16398.0
2024-08-17 15:00:00+02:00,18883.0,17449.5,-0.29,3715.275,4589.98,5464.6900000000005,25602.0,7041.3075,7878.595,8715.8875,16398.0
2024-08-17 16:00:00+02:00,20735.5,19225.0,7.84,3767.76,4677.62,5587.475,25602.0,5822.9825,6593.305,7363.63,16398.0
2024-08-17 17:00:00+02:00,23394.5,22020.0,35.39,3772.43,4787.61,5802.785,25602.0,4315.6175,4865.6875,5415.755,16398.0
2024-08-17 18:00:00+02:00,25104.5,24212.5,68.13,3841.6075,4911.4400000000005,5981.27,25602.0,2654.205,3076.12,3498.0325,16398.0
2024-08-17 19:00:00+02:00,25323.5,25156.0,85.96,3904.385,4971.610000000001,6038.8375,25602.0,1209.7450000000001,1485.5375,1761.325,16398.0
2024-08-17 20:00:00+02:00,24855.0,25139.5,93.25,3992.9975,4964.12,5935.2425,25602.0,313.3125,380.3675,447.425,16398.0
2024-08-17 21:00:00+02:00,24420.5,24504.0,91.2,4149.68,5057.115,5964.547500000001,25602.0,2.3075,2.98,3.655,16398.0
2024-08-17 22:00:00+02:00,22635.5,22637.0,87.15,4302.47,5282.23,6261.99,25602.0,0.0,0.0,0.0,16398.0
2024-08-17 23:00:00+02:00,20413.5,20797.5,76.97,4416.1224999999995,5269.905,6123.6875,25602.0,0.0,0.0,0.0,16398.0
2024-08-18 00:00:00+02:00,18871.5,18918.0,77.92,4459.375,5195.3375,5931.305,25602.0,0.0,0.0,0.0,16398.0
2024-08-18 01:00:00+02:00,17948.5,18144.0,69.22,4350.23,5255.51,6160.79,25602.0,0.0,0.0,0.0,16398.0
2024-08-18 02:00:00+02:00,17296.0,17362.0,63.52,4341.07,5397.5325,6453.9925,25602.0,0.0,0.0,0.0,16398.0
2024-08-18 03:00:00+02:00,16501.0,16689.0,57.09,4695.9125,5588.585,6481.255,25602.0,0.0,0.0,0.0,16398.0
2024-08-18 04:00:00+02:00,15982.5,16168.0,51.55,4966.255,5789.3125,6612.37,25602.0,0.0,0.0,0.0,16398.0
2024-08-18 05:00:00+02:00,16078.5,16005.0,48.88,5102.0025,5977.4625,6852.925,25602.0,0.0,0.0,0.0,16398.0
2024-08-18 06:00:00+02:00,16524.5,16183.5,50.66,5152.125,6069.625,6987.1275000000005,25602.0,0.0,0.0825,0.0825,16398.0
2024-08-18 07:00:00+02:00,17473.0,16921.0,47.85,5267.3125,6220.195,7173.0825,25602.0,242.60750000000002,265.385,284.2625,16398.0
2024-08-18 08:00:00+02:00,18189.5,17768.0,44.84,5428.1900000000005,6370.37,7312.545,25602.0,1420.02,1495.7475,1574.13,16398.0
2024-08-18 09:00:00+02:00,18268.0,17885.5,44.54,5646.265,6616.28,7586.2925,25602.0,3084.9700000000003,3266.0175,3416.4375,16398.0
2024-08-18 10:00:00+02:00,18052.5,18326.5,39.39,5994.33,6926.467500000001,7858.605,25602.0,4672.135,4972.63,5242.49,16398.0
2024-08-18 11:00:00+02:00,17625.5,18108.0,33.22,6095.625,7055.17,8014.717500000001,25602.0,6009.1925,6530.47,7054.1025,16398.0
2024-08-18 12:00:00+02:00,16976.5,17771.0,39.1,6017.96,7117.53,8217.095,25602.0,6851.5375,7739.3875,8627.235,16398.0
2024-08-18 13:00:00+02:00,16330.0,17106.0,37.67,5941.295,7149.64,8357.98,25602.0,7420.11,8585.2625,9750.415,16398.0
2024-08-18 14:00:00+02:00,15459.0,16607.0,33.8,5738.65,6998.99,8259.325,25602.0,7635.96,8928.8175,10232.285,16398.0
2024-08-18 15:00:00+02:00,16379.5,16966.0,30.67,5423.21,6725.514999999999,8027.8175,25602.0,7368.0625,8644.0175,9919.97,16398.0
2024-08-18 16:00:00+02:00,18878.5,18742.5,29.89,5056.9375,6425.965,7794.99,25602.0,6381.5875,7489.215,8596.842499999999,16398.0
2024-08-18 17:00:00+02:00,21609.5,21723.5,44.43,4827.2474999999995,6140.18,7453.110000000001,25602.0,4934.9375,5740.2525000000005,6545.5725,16398.0
2024-08-18 18:00:00+02:00,24000.0,24121.0,68.42,4623.495,5811.780000000001,7000.0650000000005,25602.0,3403.8824999999997,3888.85,4373.8150000000005,16398.0
2024-08-18 19:00:00+02:00,24913.0,24636.5,89.81,4194.7075,5378.675,6562.6425,25602.0,1775.5275,1975.62,2175.8675,16398.0
2024-08-18 20:00:00+02:00,25113.0,24729.5,99.05,3662.575,4888.26,6113.950000000001,25602.0,446.57,471.7725,495.0375,16398.0
2024-08-18 21:00:00+02:00,24850.5,24829.0,99.39,3334.66,4491.157499999999,5647.655,25602.0,2.1925,3.3975,4.2675,16398.0
2024-08-18 22:00:00+02:00,22533.0,23300.5,95.82,3203.375,4276.35,5349.33,25602.0,0.0,0.0,0.0,16398.0
2024-08-18 23:00:00+02:00,20384.5,20866.5,87.88,3163.8875,4006.9975,4850.105,25602.0,0.0,0.0,0.0,16398.0
2024-08-19 00:00:00+02:00,19216.0,19271.0,79.78,3099.795,3679.255,4258.705,25602.0,0.0,0.0,0.0,16398.0
2024-08-19 01:00:00+02:00,18768.0,18687.0,76.9,2838.9625,3428.815,4018.665,25602.0,0.0,0.0,0.0,16398.0
2024-08-19 02:00:00+02:00,18069.0,17953.5,73.73,2481.9625,3096.815,3711.6725,25602.0,0.0,0.0,0.0,16398.0
2024-08-19 03:00:00+02:00,17621.0,17385.0,72.14,2108.77,2734.21,3359.6475,25602.0,0.0,0.0,0.0,16398.0
2024-08-19 04:00:00+02:00,17740.0,17467.0,71.86,1745.45,2460.5225,3175.595,25602.0,0.0,0.0,0.0,16398.0
2024-08-19 05:00:00+02:00,18471.0,18187.5,73.38,1555.5175,2372.7,3189.885,25602.0,0.0,0.0,0.0,16398.0
2024-08-19 06:00:00+02:00,20815.5,20526.0,79.51,1771.8575,2566.555,3361.2574999999997,25602.0,0.0,0.0,0.0,16398.0
2024-08-19 07:00:00+02:00,23330.5,23555.5,88.83,2154.0,2886.555,3619.11,25602.0,153.90499999999997,174.94,195.785,16398.0
2024-08-19 08:00:00+02:00,25628.5,25211.0,92.85,2541.9625,3265.075,3988.19,25602.0,971.2225000000001,1108.8475,1246.4875,16398.0
2024-08-19 09:00:00+02:00,25818.0,24998.5,92.06,2955.9425,3736.51,4517.077499999999,25602.0,2369.275,2629.87,2890.4675,16398.0
2024-08-19 10:00:00+02:00,25129.0,24633.0,86.89,3440.605,4336.295,5231.9925,25602.0,3698.015,4081.1850000000004,4464.365,16398.0
2024-08-19 11:00:00+02:00,25223.5,24123.5,78.94,3986.415,4982.34,5978.264999999999,25602.0,4564.9,5089.645,5614.385,16398.0
2024-08-19 12:00:00+02:00,25465.0,24217.0,74.54,4465.545,5519.8099999999995,6574.0725,25602.0,4959.41,5620.875,6282.34,16398.0
2024-08-19 13:00:00+02:00,24939.0,23539.0,71.68,4979.955,6095.05,7210.15,25602.0,5030.49,5739.9625,6433.264999999999,16398.0
2024-08-19 14:00:00+02:00,24762.0,23519.5,67.79,5316.7425,6612.32,7907.9025,25602.0,4825.205,5480.25,6135.29,16398.0
2024-08-19 15:00:00+02:00,24937.0,23485.0,64.53,5615.815,7111.0925,8606.369999999999,25602.0,4229.9825,4883.0125,5536.04,16398.0
2024-08-19 16:00:00+02:00,25733.5,24545.5,65.03,6295.485,7935.24,9574.9975,25602.0,3446.445,4004.895,4563.3425,16398.0
2024-08-19 17:00:00+02:00,26797.5,26073.5,71.56,7100.085,8883.994999999999,10667.9025,25602.0,2508.16,2937.8,3367.435,16398.0
2024-08-19 18:00:00+02:00,27128.5,27178.5,82.57,7724.785,9672.615,11620.445,25602.0,1467.0974999999999,1803.325,2139.55,16398.0
2024-08-19 19:00:00+02:00,26474.5,27259.5,89.87,8295.265,10396.775,12498.29,25602.0,544.615,759.2925,974.2075,16398.0
2024-08-19 20:00:00+02:00,25499.0,26957.0,90.29,9018.555,11050.875,13083.2,25602.0,67.715,129.52,188.2225,16398.0
2024-08-19 21:00:00+02:00,23987.5,25429.5,83.58,9889.810000000001,11512.9125,13136.015,25602.0,0.0,0.11,0.11,16398.0
2024-08-19 22:00:00+02:00,21753.0,22414.5,69.01,10637.99,11897.0875,13156.1825,25602.0,0.0,0.0,0.0,16398.0
2024-08-19 23:00:00+02:00,19207.5,19568.0,47.84,11042.8875,12137.0,13231.1175,25602.0,0.0,0.0,0.0,16398.0
2024-08-20 00:00:00+02:00,18455.0,18268.5,24.22,11025.78,12029.41,13033.0425,25602.0,0.0,0.0,0.0,16398.0
2024-08-20 01:00:00+02:00,18024.5,17723.5,16.77,10759.0275,11796.154999999999,12833.2775,25602.0,0.0,0.0,0.0,16398.0
2024-08-20 02:00:00+02:00,17679.0,17145.0,14.96,10591.04,11747.97,12904.91,25602.0,0.0,0.0,0.0,16398.0
2024-08-20 03:00:00+02:00,17684.0,17194.0,12.63,10480.985,11786.875,13092.759999999998,25602.0,0.0,0.0,0.0,16398.0
2024-08-20 04:00:00+02:00,17260.5,17084.5,12.99,10383.41,11771.615,13159.825,25602.0,0.0,0.0,0.0,16398.0
2024-08-20 05:00:00+02:00,18231.5,18040.5,17.16,10187.355,11534.9525,12882.55,25602.0,0.0,0.0,0.0,16398.0
2024-08-20 06:00:00+02:00,20873.5,20343.5,32.49,9486.325,10863.84,12241.355,25602.0,0.03,0.13,0.2625,16398.0
2024-08-20 07:00:00+02:00,23252.0,23002.5,57.43,8430.925,9923.535,11416.14,25602.0,95.51499999999999,136.73250000000002,177.95,16398.0
2024-08-20 08:00:00+02:00,24857.0,24334.5,77.31,7601.8225,9221.99,10842.154999999999,25602.0,860.78,1034.3899999999999,1208.0,16398.0
2024-08-20 09:00:00+02:00,24943.0,23993.5,80.68,7039.3099999999995,8836.0825,10632.852499999999,25602.0,2308.6975,2599.5325000000003,2890.37,16398.0
2024-08-20 10:00:00+02:00,23591.0,22580.5,74.02,6709.0125,8625.57,10542.125,25602.0,3649.1425,4129.9175,4610.7,16398.0
2024-08-20 11:00:00+02:00,22454.5,22227.5,59.8,6688.23,8626.21,10564.1875,25602.0,4713.7425,5515.895,6318.0525,16398.0
2024-08-20 12:00:00+02:00,21767.0,21564.5,43.36,6913.35,8855.29,10797.2275,25602.0,5803.1675000000005,6790.085,7777.0025000000005,16398.0
2024-08-20 13:00:00+02:00,19888.5,20283.0,27.92,7336.9875,9265.0225,11193.055,25602.0,6925.592500000001,7898.2425,8870.89,16398.0
2024-08-20 14:00:00+02:00,18870.0,19643.5,15.92,7938.9875,9774.105,11609.2275,25602.0,7704.18,8486.630000000001,9254.2425,16398.0
2024-08-20 15:00:00+02:00,18846.5,20361.5,8.07,8354.9925,10164.2475,11973.5,25602.0,7751.9625,8320.6525,8940.5025,16398.0
2024-08-20 16:00:00+02:00,20155.5,22449.5,9.54,8412.380000000001,10205.5475,11998.715,25602.0,7041.2025,7465.895,7991.975,16398.0
2024-08-20 17:00:00+02:00,22743.0,24843.5,23.36,8191.365,10019.1375,11846.915,25602.0,5632.0925,5945.82,6301.98,16398.0
2024-08-20 18:00:00+02:00,24778.5,25899.0,46.78,7976.67,10099.8775,12223.085,25602.0,3843.285,4084.21,4321.5475,16398.0
2024-08-20 19:00:00+02:00,25718.5,25997.0,68.55,8130.13,10509.8125,12889.495,25602.0,1936.845,2068.175,2199.51,16398.0
2024-08-20 20:00:00+02:00,25788.5,25958.5,79.0,8732.92,10981.475,13230.0325,25602.0,461.2725,488.8875,516.505,16398.0
2024-08-20 21:00:00+02:00,24685.0,24713.0,77.58,9359.4375,11426.5375,13493.635,25602.0,3.1675,4.3725,5.7275,16398.0
2024-08-20 22:00:00+02:00,22611.5,22274.5,65.41,9834.925,11804.869999999999,13774.82,25602.0,0.0,0.0,0.0,16398.0
2024-08-20 23:00:00+02:00,19859.0,19938.0,44.22,10836.55,12274.535,13712.522500000001,25602.0,0.0,0.0,0.0,16398.0
2024-08-21 00:00:00+02:00,18405.0,18725.0,38.83,11751.69,12692.925,13634.1575,25602.0,0.0,0.0,0.0,16398.0
2024-08-21 01:00:00+02:00,17541.0,17728.0,24.5,11967.845,12873.97,13780.095,25602.0,0.0,0.0,0.0,16398.0
2024-08-21 02:00:00+02:00,17131.5,17033.5,19.95,12026.98,12956.9025,13886.8275,25602.0,0.0,0.0,0.0,16398.0
2024-08-21 03:00:00+02:00,16937.5,16901.5,17.94,12035.775,13011.425,13987.08,25602.0,0.0,0.0,0.0,16398.0
2024-08-21 04:00:00+02:00,16939.5,16728.0,17.55,11778.5925,12838.12,13897.6525,25602.0,0.0,0.0,0.0,16398.0
2024-08-21 05:00:00+02:00,18066.0,17372.5,20.03,11402.220000000001,12490.8,13579.385,25602.0,0.0,0.0,0.0,16398.0
2024-08-21 06:00:00+02:00,20505.5,19682.5,30.82,11025.665,12096.11,13166.555,25602.0,0.2175,0.6425,0.69,16398.0
2024-08-21 07:00:00+02:00,23164.5,22577.0,53.85,10564.4825,11627.2875,12690.09,25602.0,202.23250000000002,218.6775,231.60500000000002,16398.0
2024-08-21 08:00:00+02:00,24432.0,23776.5,69.0,10062.2325,11198.965,12335.6975,25602.0,1252.46,1321.9625,1391.7375000000002,16398.0
2024-08-21 09:00:00+02:00,23237.0,23500.0,66.88,9641.09,10935.8325,12230.575,25602.0,2997.84,3149.805,3301.7675,16398.0
2024-08-21 10:00:00+02:00,22116.5,23197.0,53.1,9434.99,10848.925,12262.855,25602.0,4660.2474999999995,4941.535,5222.8175,16398.0
2024-08-21 11:00:00+02:00,22018.5,23097.0,43.34,9306.79,10844.325,12381.855,25602.0,5715.0175,6254.3925,6793.77,16398.0
2024-08-21 12:00:00+02:00,22135.5,22903.0,46.81,9109.585,10798.65,12487.7125,25602.0,5959.0225,6871.82,7771.0175,16398.0
2024-08-21 13:00:00+02:00,22720.5,22924.5,45.76,9055.585,10763.3225,12471.06,25602.0,5703.5775,6808.5650000000005,7912.2225,16398.0
2024-08-21 14:00:00+02:00,22785.0,22389.5,45.76,9085.49,10850.5475,12615.6075,25602.0,5153.8675,6242.625,7331.375,16398.0
2024-08-21 15:00:00+02:00,23797.5,22737.5,47.13,9158.39,10941.775,12725.16,25602.0,4562.1175,5452.6175,6343.1224999999995,16398.0
2024-08-21 16:00:00+02:00,25035.0,24288.5,54.55,9042.26,11023.009999999998,13003.7625,25602.0,3895.25,4485.6775,5076.1,16398.0
2024-08-21 17:00:00+02:00,26597.0,25831.5,64.73,9037.46,11341.9225,13646.380000000001,25602.0,2852.9975,3326.23,3799.4625,16398.0
2024-08-21 18:00:00+02:00,27147.0,26493.5,80.89,9538.6675,11762.605,13986.55,25602.0,1734.135,2091.1775000000002,2448.22,16398.0
2024-08-21 19:00:00+02:00,26678.0,26015.5,92.41,9869.4375,11938.525,14007.6175,25602.0,715.99,903.6475,1091.4875,16398.0
2024-08-21 20:00:00+02:00,25824.0,25192.0,95.0,10277.9125,12235.59,14193.27,25602.0,86.9525,159.1175,228.89499999999998,16398.0
2024-08-21 21:00:00+02:00,24341.0,23930.5,90.68,11102.585,12785.32,14468.055,25602.0,0.0075,0.1325,0.135,16398.0
2024-08-21 22:00:00+02:00,21747.5,21371.0,76.76,11841.41,13207.8125,14574.2125,25602.0,0.0,0.0,0.0,16398.0
2024-08-21 23:00:00+02:00,19429.5,19343.5,57.0,12105.445,13271.42,14437.39,25602.0,0.0,0.0,0.0,16398.0
2024-08-22 00:00:00+02:00,17826.5,17845.0,25.63,12241.8,13247.2575,14252.71,25602.0,0.0,0.0,0.0,16398.0
2024-08-22 01:00:00+02:00,16682.0,16788.0,12.79,12443.4575,13335.8725,14228.2875,25602.0,0.0,0.0,0.0,16398.0
2024-08-22 02:00:00+02:00,16007.5,15866.0,8.03,12579.345000000001,13390.145,14200.942500000001,25602.0,0.0,0.0,0.0,16398.0
2024-08-22 03:00:00+02:00,15497.5,15434.0,5.21,12702.64,13458.279999999999,14213.925,25602.0,0.0,0.0,0.0,16398.0
2024-08-22 04:00:00+02:00,15082.5,14978.5,2.35,12774.24,13479.26,14184.279999999999,25602.0,0.0,0.0,0.0,16398.0
2024-08-22 05:00:00+02:00,15715.5,15756.5,1.87,12790.115,13463.279999999999,14136.439999999999,25602.0,0.0,0.0,0.0,16398.0
2024-08-22 06:00:00+02:00,18410.0,18337.0,5.8,12759.36,13430.905,14102.45,25602.0,0.0,0.06,0.06,16398.0
2024-08-22 07:00:00+02:00,21776.5,21603.0,22.42,12798.217499999999,13486.625,14175.035,25602.0,18.5875,36.225,52.485,16398.0
2024-08-22 08:00:00+02:00,24418.0,24495.0,42.52,12872.11,13581.195,14290.285,25602.0,273.15999999999997,385.37,497.68499999999995,16398.0
2024-08-22 09:00:00+02:00,25285.0,24439.5,49.25,12878.07,13594.4175,14310.7675,25602.0,871.6275,1075.7975000000001,1279.9775,16398.0
2024-08-22 10:00:00+02:00,24732.0,23887.0,44.47,12806.11,13647.69,14489.2725,25602.0,1536.965,1837.325,2137.685,16398.0
2024-08-22 11:00:00+02:00,24510.0,23664.0,37.01,12611.085,13690.029999999999,14768.975,25602.0,2133.8925,2553.5775,2973.2675,16398.0
2024-08-22 12:00:00+02:00,24522.5,23370.0,36.5,12220.475,13521.5,14822.5275,25602.0,2693.8975,3127.87,3561.8475,16398.0
2024-08-22 13:00:00+02:00,24054.5,23184.0,33.89,11952.545,13439.485,14926.42,25602.0,3134.71,3584.8175,4034.9224999999997,16398.0
2024-08-22 14:00:00+02:00,23520.5,22440.5,26.22,11780.8575,13380.9925,14981.125,25602.0,3397.625,4083.7625,4769.9025,16398.0
2024-08-22 15:00:00+02:00,23786.5,22927.5,24.94,11409.182499999999,13118.265,14827.35,25602.0,3493.27,4401.0525,5304.61,16398.0
2024-08-22 16:00:00+02:00,24928.0,24719.5,31.84,10810.307499999999,12516.5875,14222.869999999999,25602.0,3254.9375,4224.665,5194.3975,16398.0
2024-08-22 17:00:00+02:00,26491.0,26502.0,46.83,10144.735,11745.1275,13345.52,25602.0,2594.6975,3526.3875,4459.85,16398.0
2024-08-22 18:00:00+02:00,26970.0,27436.0,70.99,9436.9125,10953.135,12469.355,25602.0,1765.0124999999998,2395.895,3003.675,16398.0
2024-08-22 19:00:00+02:00,26915.0,28081.5,85.2,8348.415,9734.03,11119.6475,25602.0,791.8100000000001,1090.095,1365.6125,16398.0
2024-08-22 20:00:00+02:00,27211.5,26681.0,92.65,7104.5,8552.885,10001.265,25602.0,133.3625,221.2275,306.5975,16398.0
2024-08-22 21:00:00+02:00,26134.5,25555.0,94.56,6076.5225,7745.3075,9414.0875,25602.0,0.665,1.7,1.7725,16398.0
2024-08-22 22:00:00+02:00,23276.5,23013.5,88.97,5406.625,7233.5175,9060.41,25602.0,0.0,0.0,0.0,16398.0
2024-08-22 23:00:00+02:00,20875.0,21008.0,80.08,5422.842500000001,6978.0875,8533.3325,25602.0,0.0,0.0,0.0,16398.0
2024-08-23 00:00:00+02:00,19628.5,19617.5,71.53,5437.115,6761.335,8085.5525,25602.0,0.0,0.0,0.0,16398.0
2024-08-23 01:00:00+02:00,18781.5,18594.0,59.68,5259.797500000001,6686.975,8114.155,25602.0,0.0,0.0,0.0,16398.0
2024-08-23 02:00:00+02:00,17805.0,17494.0,51.3,5165.1849999999995,6687.035,8208.89,25602.0,0.0,0.0,0.0,16398.0
2024-08-23 03:00:00+02:00,17228.0,16768.0,41.72,5213.17,6948.9925,8684.815,25602.0,0.0,0.0,0.0,16398.0
2024-08-23 04:00:00+02:00,17015.0,16247.5,31.91,6033.075,7681.389999999999,9329.7075,25602.0,0.0,0.0,0.0,16398.0
2024-08-23 05:00:00+02:00,17124.5,17121.5,26.38,7235.195,8551.615,9868.029999999999,25602.0,0.0,0.0,0.0,16398.0
2024-08-23 06:00:00+02:00,19216.5,19516.5,29.72,8385.085,9437.615,10490.135,25602.0,0.01,0.245,0.2775,16398.0
2024-08-23 07:00:00+02:00,21920.0,22012.0,46.21,9178.125,10178.36,11178.595,25602.0,25.585,45.3575,55.92,16398.0
2024-08-23 08:00:00+02:00,22945.0,22513.0,55.81,9629.0825,10749.0325,11868.985,25602.0,519.3575,708.26,890.3175,16398.0
2024-08-23 09:00:00+02:00,21232.5,21945.0,38.24,10172.365,11300.8025,12429.2425,25602.0,2078.64,2432.5325000000003,2786.9625,16398.0
2024-08-23 10:00:00+02:00,19467.0,20621.5,5.98,10743.505,11813.305,12883.105,25602.0,4284.83,4642.0425,4999.2525000000005,16398.0
2024-08-23 11:00:00+02:00,18175.5,19089.5,-11.79,11155.595000000001,12204.0125,13252.43,25602.0,6276.172500000001,6730.9625,7185.755,16398.0
2024-08-23 12:00:00+02:00,17597.5,17815.0,-12.7,11375.64,12405.599999999999,13435.5625,25602.0,7709.860000000001,8346.82,8983.782500000001,16398.0
2024-08-23 13:00:00+02:00,17424.0,17739.5,-12.98,11329.44,12420.985,13512.5225,25602.0,8608.782500000001,9355.7875,10102.7925,16398.0
2024-08-23 14:00:00+02:00,17412.0,17701.0,-14.15,10858.345000000001,12140.225,13422.105,25602.0,8809.1975,9606.795,10402.6575,16398.0
2024-08-23 15:00:00+02:00,18584.5,18167.0,-14.33,10015.0175,11526.57,13038.125,25602.0,8209.8225,8971.2925,9732.7625,16398.0
2024-08-23 16:00:00+02:00,20587.0,20324.0,-11.47,9150.965,10758.115,12365.265,25602.0,6792.6475,7509.57,8226.4925,16398.0
2024-08-23 17:00:00+02:00,23384.0,23179.5,11.02,8231.05,9841.165,11451.275000000001,25602.0,4939.4175,5508.8825,6078.3475,16398.0
2024-08-23 18:00:00+02:00,24933.5,25296.5,58.29,7191.1125,8769.5,10347.89,25602.0,3008.715,3407.115,3805.5125,16398.0
2024-08-23 19:00:00+02:00,25725.0,25637.0,85.65,6322.125,7835.335,9348.545,25602.0,1213.225,1501.125,1789.2725,16398.0
2024-08-23 20:00:00+02:00,25815.0,25907.5,96.92,5866.285,7366.09,8865.8925,25602.0,219.01250000000002,309.1075,395.9925,16398.0
2024-08-23 21:00:00+02:00,24698.0,24721.0,94.43,5772.5425,7246.0025000000005,8719.465,25602.0,0.9975,1.5225,1.5225,16398.0
2024-08-23 22:00:00+02:00,22938.5,22604.5,87.19,5953.355,7360.0275,8766.6975,25602.0,0.0,0.0,0.0,16398.0
2024-08-23 23:00:00+02:00,20548.0,20320.5,75.5,6630.715,7995.5175,9360.3175,25602.0,0.0,0.0,0.0,16398.0
2024-08-24 00:00:00+02:00,19358.0,19238.0,54.71,7194.28,8703.317500000001,10212.35,25602.0,0.0,0.0,0.0,16398.0
2024-08-24 01:00:00+02:00,18470.5,18398.5,43.75,7222.75,8890.4075,10558.064999999999,25602.0,0.0,0.0,0.0,16398.0
2024-08-24 02:00:00+02:00,18010.5,17622.5,37.69,6819.7775,8530.49,10241.2025,25602.0,0.0,0.0,0.0,16398.0
2024-08-24 03:00:00+02:00,17371.0,17282.5,33.99,6013.8525,7862.885,9711.9175,25602.0,0.0,0.0,0.0,16398.0
2024-08-24 04:00:00+02:00,17058.0,17038.0,33.33,5381.2375,7225.3099999999995,9069.3825,25602.0,0.0,0.0,0.0,16398.0
2024-08-24 05:00:00+02:00,17189.0,17270.5,35.22,4793.2475,6439.95,8086.65,25602.0,0.0,0.0,0.0,16398.0
2024-08-24 06:00:00+02:00,18017.5,18472.0,42.54,4240.62,5716.3825,7192.14,25602.0,1.1575,1.1875,4.0825,16398.0
2024-08-24 07:00:00+02:00,20191.0,20742.0,50.23,3913.44,5310.115,6706.79,25602.0,44.27,52.45,59.515,16398.0
2024-08-24 08:00:00+02:00,22614.0,22719.5,61.62,3511.83,5124.6025,6737.3724999999995,25602.0,266.355,322.6775,358.3625,16398.0
2024-08-24 09:00:00+02:00,23253.0,23589.0,67.27,3458.945,5070.92,6682.8925,25602.0,694.34,825.115,941.625,16398.0
2024-08-24 10:00:00+02:00,23176.5,23420.5,69.85,3563.875,4930.32,6296.765,25602.0,1275.1925,1553.2075,1832.355,16398.0
2024-08-24 11:00:00+02:00,22684.5,22580.0,65.57,3426.64,4777.985000000001,6129.33,25602.0,1940.9724999999999,2452.21,2963.45,16398.0
2024-08-24 12:00:00+02:00,21558.0,22423.0,63.0,3438.8375,4873.3,6307.77,25602.0,2483.565,3269.185,4054.8125,16398.0
2024-08-24 13:00:00+02:00,20024.5,20902.0,57.35,3524.43,5075.09,6625.745,25602.0,2954.0,3988.5025,5023.0075,16398.0
2024-08-24 14:00:00+02:00,18869.0,19617.5,44.05,3442.0299999999997,5250.3375,7058.65,25602.0,3299.8375,4591.73,5882.9375,16398.0
2024-08-24 15:00:00+02:00,18165.0,19782.0,31.63,3192.315,5432.4825,7672.65,25602.0,3207.8925,4770.1075,6333.9275,16398.0
2024-08-24 16:00:00+02:00,18871.0,21074.0,29.49,3057.55,5656.8325,8256.115,25602.0,3025.55,4596.3775,6167.202499999999,16398.0
2024-08-24 17:00:00+02:00,21048.5,23136.0,32.26,3207.495,5914.63,8621.765,25602.0,2705.9475,3971.0924999999997,5236.24,16398.0
2024-08-24 18:00:00+02:00,22733.5,24184.5,49.85,3406.375,6188.280000000001,8970.1875,25602.0,1964.5774999999999,2789.0425,3613.5075,16398.0
2024-08-24 19:00:00+02:00,23613.5,24111.0,68.07,3692.8275000000003,6630.31,9567.79,25602.0,1044.5725,1395.3525,1746.1100000000001,16398.0
2024-08-24 20:00:00+02:00,24169.0,23524.5,78.21,4199.91,7238.379999999999,10276.85,25602.0,263.675,324.645,385.8575,16398.0
2024-08-24 21:00:00+02:00,23196.0,23018.5,75.4,5131.335,8173.4775,11215.625,25602.0,0.94,1.2475,1.6,16398.0
2024-08-24 22:00:00+02:00,21222.0,21263.0,60.1,6473.4,9346.744999999999,12220.09,25602.0,0.0,0.0,0.0,16398.0
2024-08-24 23:00:00+02:00,19121.0,19171.0,37.66,8696.04,10843.2475,12990.4525,25602.0,0.0,0.0,0.0,16398.0
2024-08-25 00:00:00+02:00,18042.0,17444.5,37.94,10160.7475,11752.23,13343.715,25602.0,0.0,0.0,0.0,16398.0
2024-08-25 01:00:00+02:00,17257.5,16826.0,27.45,10091.115,11655.0125,13218.91,25602.0,0.0,0.0,0.0,16398.0
2024-08-25 02:00:00+02:00,16406.5,16208.0,20.61,10085.845000000001,11563.192500000001,13040.54,25602.0,0.0,0.0,0.0,16398.0
2024-08-25 03:00:00+02:00,15909.0,15657.0,13.06,10007.665,11484.25,12960.83,25602.0,0.0,0.0,0.0,16398.0
2024-08-25 04:00:00+02:00,15333.0,15310.0,9.34,9607.244999999999,11167.942500000001,12728.64,25602.0,0.0,0.0,0.0,16398.0
2024-08-25 05:00:00+02:00,15329.5,15378.0,10.82,9184.7225,10763.975,12343.2325,25602.0,0.0,0.0,0.0,16398.0
2024-08-25 06:00:00+02:00,15668.0,15548.5,11.09,8866.255000000001,10420.6625,11975.07,25602.0,0.4025,0.485,0.705,16398.0
2024-08-25 07:00:00+02:00,16438.0,16317.0,8.93,8682.365,10233.869999999999,11785.375,25602.0,148.01999999999998,171.7525,190.13,16398.0
2024-08-25 08:00:00+02:00,16686.0,17158.0,6.47,8677.2375,10202.5875,11727.935,25602.0,1131.7325,1257.6599999999999,1377.3274999999999,16398.0
2024-08-25 09:00:00+02:00,16257.0,17418.0,3.85,8465.2125,9939.2525,11413.295,25602.0,2900.075,3109.6675,3319.7374999999997,16398.0
2024-08-25 10:00:00+02:00,15632.0,17373.0,3.94,8344.3375,9817.9725,11291.61,25602.0,4439.8375,4797.705,5155.575,16398.0
2024-08-25 11:00:00+02:00,15682.0,16723.5,6.76,8848.32,10320.175,11792.035,25602.0,5317.4,5820.7825,6324.1625,16398.0
2024-08-25 12:00:00+02:00,16742.0,15594.5,10.25,9625.43,11013.935,12402.44,25602.0,5424.06,5983.47,6537.6175,16398.0
2024-08-25 13:00:00+02:00,17091.5,15610.5,10.8,10301.4275,11560.105,12818.7825,25602.0,5040.889999999999,5673.96,6307.0275,16398.0
2024-08-25 14:00:00+02:00,16945.0,17996.0,8.34,10816.185000000001,11912.8225,13009.46,25602.0,4489.035,5125.135,5761.2375,16398.0
2024-08-25 15:00:00+02:00,17780.5,18959.0,7.1,11127.119999999999,12077.1575,13027.195,25602.0,3952.445,4508.7300000000005,5065.0125,16398.0
2024-08-25 16:00:00+02:00,20015.5,20095.0,9.4,11322.785,12169.9175,13017.0525,25602.0,3482.9075,3902.4700000000003,4322.03,16398.0
2024-08-25 17:00:00+02:00,22348.0,21873.5,17.87,11383.705,12174.29,12964.875,25602.0,2676.4125,3036.88,3397.3475,16398.0
2024-08-25 18:00:00+02:00,22903.0,22448.0,42.4,11296.5375,12122.525,12948.52,25602.0,1730.1725,2002.4075,2274.6375,16398.0
2024-08-25 19:00:00+02:00,23063.0,22801.0,63.4,11127.085,12007.31,12887.535,25602.0,752.5725,896.0,1039.615,16398.0
2024-08-25 20:00:00+02:00,22704.5,22864.0,70.21,11021.8825,11904.935,12787.99,25602.0,90.6375,147.755,202.495,16398.0
2024-08-25 21:00:00+02:00,21830.5,21557.5,73.2,11032.5825,11921.83,12811.077500000001,25602.0,0.035,0.3025,0.385,16398.0
2024-08-25 22:00:00+02:00,20180.5,20331.0,62.05,11095.5225,11902.635,12709.745,25602.0,0.0,0.0,0.0,16398.0
2024-08-25 23:00:00+02:00,18561.5,18254.5,44.83,11107.3125,11901.965,12696.6125,25602.0,0.0,0.0,0.0,16398.0
2024-08-26 00:00:00+02:00,17439.0,17195.0,18.38,10982.235,11854.78,12727.33,25602.0,0.0,0.0,0.0,16398.0
2024-08-26 01:00:00+02:00,17009.0,16691.0,5.93,10804.605,11651.895,12499.1875,25602.0,0.0,0.0,0.0,16398.0
2024-08-26 02:00:00+02:00,16866.5,16067.0,4.53,10621.08,11470.04,12319.0,25602.0,0.0,0.0,0.0,16398.0
2024-08-26 03:00:00+02:00,16631.5,15644.0,1.65,10406.82,11265.605,12124.39,25602.0,0.0,0.0,0.0,16398.0
2024-08-26 04:00:00+02:00,16217.0,15424.5,1.96,10015.36,10891.615,11767.8775,25602.0,0.0,0.0,0.0,16398.0
2024-08-26 05:00:00+02:00,16632.0,15738.0,6.26,9451.4725,10413.560000000001,11375.65,25602.0,0.0,0.0,0.0,16398.0
2024-08-26 06:00:00+02:00,18357.5,17150.5,15.54,8956.645,9957.25,10957.852499999999,25602.0,0.005,0.0225,0.1075,16398.0
2024-08-26 07:00:00+02:00,19229.0,18537.5,24.09,8202.285,9328.725,10455.155,25602.0,91.3525,105.29,115.7725,16398.0
2024-08-26 08:00:00+02:00,19911.5,19211.0,31.12,7195.04,8596.6,9998.1625,25602.0,950.1899999999999,1007.4749999999999,1060.3375,16398.0
2024-08-26 09:00:00+02:00,19975.0,19606.5,34.53,6447.365,8074.615,9701.8675,25602.0,2577.42,2706.1575000000003,2835.2275,16398.0
2024-08-26 10:00:00+02:00,19701.5,19138.5,24.4,5682.84,7510.5075,9338.1775,25602.0,4203.855,4458.185,4712.514999999999,16398.0
2024-08-26 11:00:00+02:00,19432.5,18546.0,18.18,5025.92,6882.2075,8738.497500000001,25602.0,5441.025,5873.0650000000005,6305.1050000000005,16398.0
2024-08-26 12:00:00+02:00,19817.0,18106.0,18.88,4802.215,6406.0175,8009.822499999999,25602.0,6241.755,6753.2725,7264.79,16398.0
2024-08-26 13:00:00+02:00,19020.5,17734.5,18.11,4501.887500000001,5898.95,7296.01,25602.0,6701.400000000001,7199.7,7697.9974999999995,16398.0
2024-08-26 14:00:00+02:00,18432.5,17534.5,14.44,4202.545,5429.465,6656.3825,25602.0,6768.005,7238.41,7708.0875,16398.0
2024-08-26 15:00:00+02:00,19672.0,18586.0,13.51,4161.625,5246.74,6331.855,25602.0,6335.3275,6830.8475,7326.3625,16398.0
2024-08-26 16:00:00+02:00,21236.5,20605.5,24.29,3861.445,5016.5650000000005,6171.6849999999995,25602.0,5443.29,5944.1975,6445.1075,16398.0
2024-08-26 17:00:00+02:00,23944.0,23263.0,53.91,3439.3025,4681.555,5923.8099999999995,25602.0,4280.0425,4623.8575,4967.67,16398.0
2024-08-26 18:00:00+02:00,25690.0,25512.5,87.4,3185.89,4427.73,5669.565,25602.0,2755.115,2996.0675,3235.4325,16398.0
2024-08-26 19:00:00+02:00,26048.5,26145.0,102.65,2922.075,4223.8625,5525.65,25602.0,1163.2975000000001,1306.6100000000001,1470.7849999999999,16398.0
2024-08-26 20:00:00+02:00,26230.0,26433.0,108.97,3016.18,4340.93,5665.68,25602.0,220.7925,246.4575,290.265,16398.0
2024-08-26 21:00:00+02:00,24510.0,24770.0,106.92,3586.3575,4900.445,6214.5275,25602.0,0.1225,0.6825,1.085,16398.0
2024-08-26 22:00:00+02:00,22235.0,22088.0,100.62,4139.785,5510.205,6880.62,25602.0,0.0,0.0,0.0,16398.0
2024-08-26 23:00:00+02:00,19926.0,19454.0,90.81,4887.9075,6294.405000000001,7700.9025,25602.0,0.0,0.0,0.0,16398.0
2024-08-27 00:00:00+02:00,18587.0,18138.0,72.75,5757.8975,7129.98,8502.07,25602.0,0.0,0.0,0.0,16398.0
2024-08-27 01:00:00+02:00,17982.5,17234.0,62.76,6267.245,7616.625,8966.005000000001,25602.0,0.0,0.0,0.0,16396.0
2024-08-27 02:00:00+02:00,16910.0,16495.0,54.76,6727.715,8117.0025,9506.285,25602.0,0.0,0.0,0.0,16396.0
2024-08-27 03:00:00+02:00,16200.5,15828.0,45.17,7239.6175,8561.012499999999,9882.405,25602.0,0.0,0.0,0.0,16396.0
2024-08-27 04:00:00+02:00,16081.5,15768.0,42.04,7444.965,8696.285,9947.605,25602.0,0.0,0.0,0.0,16396.0
2024-08-27 05:00:00+02:00,16847.5,16822.5,40.69,7414.2275,8783.76,10153.29,25602.0,0.0,0.0,0.0,16396.0
2024-08-27 06:00:00+02:00,19472.5,19587.0,48.69,7656.5475,9074.69,10492.835,25602.0,0.0,0.0,0.0,16396.0
2024-08-27 07:00:00+02:00,21958.0,22467.0,61.95,8247.8,9487.23,10726.6625,25602.0,46.6125,57.7175,68.82499999999999,16396.0
2024-08-27 08:00:00+02:00,23642.0,24427.5,74.14,8806.035,9797.135,10788.235,25602.0,606.01,687.2475,768.485,16396.0
2024-08-27 09:00:00+02:00,23898.0,23960.0,72.07,9184.1775,9992.2275,10800.275,25602.0,1761.7925,1968.1325000000002,2174.3450000000003,16396.0
2024-08-27 10:00:00+02:00,23549.0,22787.0,63.24,9409.19,10198.182499999999,10987.18,25602.0,2880.515,3259.57,3633.4700000000003,16396.0
2024-08-27 11:00:00+02:00,23577.0,22394.0,51.34,9460.9875,10390.3125,11319.635,25602.0,3717.8675,4285.905,4924.775,16396.0
2024-08-27 12:00:00+02:00,23589.5,21956.5,38.74,9456.467499999999,10446.6725,11436.880000000001,25602.0,4464.5225,5168.6225,6188.1900000000005,16396.0
2024-08-27 13:00:00+02:00,23116.5,21498.5,31.41,9455.705,10435.625,11415.55,25602.0,4972.0725,5765.3099999999995,7111.264999999999,16396.0
2024-08-27 14:00:00+02:00,22644.0,21479.5,26.18,9212.32,10245.005000000001,11277.685,25602.0,5100.87,5902.4275,7468.1925,16396.0
2024-08-27 15:00:00+02:00,22995.0,22236.5,28.62,8703.8375,9859.2225,11014.61,25602.0,4942.1,5666.8425,7224.055,16396.0
2024-08-27 16:00:00+02:00,24001.5,24656.5,46.07,8076.797500000001,9431.7675,10786.735,25602.0,4307.0625,4954.73,6277.5275,16396.0
2024-08-27 17:00:00+02:00,27114.5,26727.5,66.63,7506.9875,8948.775,10390.560000000001,25602.0,3215.6675,3805.37,4750.4625,16396.0
2024-08-27 18:00:00+02:00,28291.5,27830.0,86.7,7213.4625,8541.585,9869.705,25602.0,1894.3275,2371.91,2931.955,16396.0
2024-08-27 19:00:00+02:00,27893.5,28086.0,98.62,6917.7825,8177.25,9436.72,25602.0,716.51,968.085,1246.4875,16396.0
2024-08-27 20:00:00+02:00,27811.0,28052.5,103.52,6605.025,7904.1475,9203.27,25602.0,102.005,161.29749999999999,225.4375,16396.0
2024-08-27 21:00:00+02:00,26340.5,26422.5,101.56,6451.045,7675.575,8900.1,25602.0,0.755,1.37,1.945,16396.0
2024-08-27 22:00:00+02:00,23896.0,23974.0,95.28,6363.34,7477.0075,8590.6775,25602.0,0.0,0.0,0.0,16396.0
2024-08-27 23:00:00+02:00,21287.0,21507.5,85.31,6235.545,7301.07,8366.595000000001,25602.0,0.0,0.0,0.0,16396.0
2024-08-28 00:00:00+02:00,20010.5,20314.0,78.01,5910.1849999999995,6966.4325,8022.675,25602.0,0.0,0.0,0.0,16396.0
2024-08-28 01:00:00+02:00,19264.0,19472.0,67.52,5433.98,6510.76,7587.54,25602.0,0.0,0.0,0.0,16398.0
2024-08-28 02:00:00+02:00,18428.0,18994.5,64.55,5048.389999999999,6057.845,7067.3025,25602.0,0.0,0.0,0.0,16398.0
2024-08-28 03:00:00+02:00,18157.5,18939.0,63.1,4625.9275,5574.2625,6522.595,25602.0,0.0,0.0,0.0,16398.0
2024-08-28 04:00:00+02:00,18060.0,18442.5,63.82,4187.385,5145.285,6103.1875,25602.0,0.0,0.0,0.0,16398.0
2024-08-28 05:00:00+02:00,18891.5,19451.5,67.89,3971.0525,4851.8,5732.55,25602.0,0.0,0.0,0.0,16398.0
2024-08-28 06:00:00+02:00,21306.5,22272.5,78.44,3741.745,4514.0175,5286.29,25602.0,0.0,0.0,0.0,16398.0
2024-08-28 07:00:00+02:00,23973.0,24922.0,89.81,3496.655,4234.629999999999,4972.610000000001,25602.0,56.222500000000004,71.375,86.525,16398.0
2024-08-28 08:00:00+02:00,26289.5,26580.5,95.8,3363.3625,4155.139999999999,4946.92,25602.0,645.565,740.005,834.4425,16398.0
2024-08-28 09:00:00+02:00,26600.0,26746.5,94.67,3347.0475,4173.65,5000.255,25602.0,1755.7475,2098.2725,2440.7975,16398.0
2024-08-28 10:00:00+02:00,26412.0,25895.0,90.65,3330.68,4205.735,5080.7875,25602.0,2968.09,3529.4175,4090.745,16398.0
2024-08-28 11:00:00+02:00,26045.0,25173.0,86.15,3376.95,4374.7175,5372.485000000001,25602.0,3887.4925,4583.435,5279.3825,16398.0
2024-08-28 12:00:00+02:00,25528.5,25193.5,81.8,3537.5325,4560.5575,5583.5825,25602.0,4424.88,5291.11,6157.3375,16398.0
2024-08-28 13:00:00+02:00,24938.0,24328.0,78.11,3604.79,4646.33,5687.875,25602.0,4744.262500000001,5697.2225,6649.1575,16398.0
2024-08-28 14:00:00+02:00,24976.0,24168.5,72.0,3698.2875,4807.865,5917.4425,25602.0,4857.7025,5728.9375,6591.2475,16398.0
2024-08-28 15:00:00+02:00,25237.0,24439.0,69.74,3691.4775,4895.64,6099.805,25602.0,4511.0275,5383.1975,6268.6925,16398.0
2024-08-28 16:00:00+02:00,26123.5,25142.5,73.95,3565.135,4908.355,6251.5725,25602.0,3735.0775000000003,4669.577499999999,5603.05,16398.0
2024-08-28 17:00:00+02:00,27983.0,27340.5,82.93,3521.1875,4872.2075,6223.225,25602.0,2875.755,3644.815,4413.87,16398.0
2024-08-28 18:00:00+02:00,28780.5,28734.5,94.77,3389.09,4703.735000000001,6018.3775000000005,25602.0,1836.0875,2353.27,2870.4475,16398.0
2024-08-28 19:00:00+02:00,29015.5,29027.0,105.38,3092.7775,4419.68,5746.5775,25602.0,786.24,1017.5825,1248.8875,16398.0
2024-08-28 20:00:00+02:00,28701.0,28843.0,110.17,2808.8599999999997,4115.1075,5421.355,25602.0,129.6125,185.48499999999999,241.76749999999998,16398.0
2024-08-28 21:00:00+02:00,27111.0,27507.5,107.56,2722.625,3984.765,5246.9,25602.0,0.71,0.8975,1.1625,16398.0
2024-08-28 22:00:00+02:00,24746.0,25069.5,100.56,2642.46,3913.36,5184.26,25602.0,0.0,0.0,0.0,16398.0
2024-08-28 23:00:00+02:00,22141.0,21890.5,92.34,2533.83,3672.105,4810.38,25602.0,0.0,0.0,0.0,16398.0
2024-08-29 00:00:00+02:00,20294.0,20415.0,86.02,2671.195,3661.785,4652.375,25602.0,0.0,0.0,0.0,16398.0
2024-08-29 01:00:00+02:00,19700.0,19737.0,81.54,2870.8025,3912.065,4953.327499999999,25602.0,0.0,0.0,0.0,16396.0
2024-08-29 02:00:00+02:00,19175.0,19067.5,77.33,2971.4375,4064.6025,5157.77,25602.0,0.0,0.0,0.0,16396.0
2024-08-29 03:00:00+02:00,18434.0,18457.5,74.65,3013.0475,4120.985000000001,5228.9175,25602.0,0.0,0.0,0.0,16396.0
2024-08-29 04:00:00+02:00,18271.5,18305.5,73.88,2960.395,4123.424999999999,5286.4475,25602.0,0.0,0.0,0.0,16396.0
2024-08-29 05:00:00+02:00,18812.5,18929.0,74.72,2939.37,4185.58,5431.79,25602.0,0.0,0.0,0.0,16396.0
2024-08-29 06:00:00+02:00,20938.5,21131.0,82.13,2973.75,4213.325,5452.9025,25602.0,0.0,0.0,0.0,16396.0
2024-08-29 07:00:00+02:00,23680.5,23635.5,90.76,2951.0225,4200.275,5449.5275,25602.0,92.2125,98.245,104.2775,16396.0
2024-08-29 08:00:00+02:00,25204.0,24675.0,94.96,3060.6,4298.16,5535.72,25602.0,1101.9375,1162.8375,1223.74,16396.0
2024-08-29 09:00:00+02:00,24370.0,24652.0,91.79,3179.6800000000003,4360.2525000000005,5540.825,25602.0,2965.4875,3117.0225,3268.5575,16396.0
2024-08-29 10:00:00+02:00,22914.0,23716.0,84.51,3339.21,4460.6125,5582.014999999999,25602.0,4764.7875,5069.6775,5374.5675,16396.0
2024-08-29 11:00:00+02:00,22043.0,22849.5,71.86,3663.5575,4747.5025000000005,5831.445,25602.0,6368.09,6788.2175,7208.3475,16396.0
2024-08-29 12:00:00+02:00,21605.0,22347.0,59.09,3979.95,5068.965,6157.9825,25602.0,7429.62,7997.675,8565.73,16396.0
2024-08-29 13:00:00+02:00,21033.0,21767.0,52.8,4235.1625,5294.885,6354.6075,25602.0,7774.285,8561.5525,9347.5175,16396.0
2024-08-29 14:00:00+02:00,21308.0,21648.0,47.82,4271.8325,5333.195,6394.56,25602.0,7708.625,8527.3275,9346.03,16396.0
2024-08-29 15:00:00+02:00,21830.0,22355.0,47.2,4123.57,5196.129999999999,6268.6900000000005,25602.0,7188.1475,7859.0275,8529.9075,16396.0
2024-08-29 16:00:00+02:00,23073.0,24554.0,56.42,3934.025,4959.6775,5985.327499999999,25602.0,6226.22,6754.7625,7283.3025,16396.0
2024-08-29 17:00:00+02:00,25574.0,27071.5,73.56,3654.4875,4653.895,5653.295,25602.0,4875.245,5269.8150000000005,5664.3825,16396.0
2024-08-29 18:00:00+02:00,27954.0,28116.5,90.93,3314.1325,4327.265,5340.39,25602.0,3107.7575,3370.34,3631.035,16396.0
2024-08-29 19:00:00+02:00,28433.0,28242.0,103.65,2991.2799999999997,4050.025,5108.7675,25602.0,1294.935,1426.9525,1583.625,16396.0
2024-08-29 20:00:00+02:00,28711.5,28267.0,111.0,2812.745,3884.295,4955.8525,25602.0,216.51,236.35750000000002,280.85,16396.0
2024-08-29 21:00:00+02:00,26836.0,26992.5,108.05,2852.575,3825.04,4797.495,25602.0,0.16,0.4175,0.7175,16396.0
2024-08-29 22:00:00+02:00,24545.0,24404.5,101.39,2896.72,3777.42,4658.1224999999995,25602.0,0.0,0.0,0.0,16396.0
2024-08-29 23:00:00+02:00,21899.0,21914.0,91.63,3083.025,3922.95,4762.8825,25602.0,0.0,0.0,0.0,16396.0
2024-08-30 00:00:00+02:00,20488.0,20557.5,90.24,3263.4375,4017.105,4770.775,25602.0,0.0,0.0,0.0,16396.0
2024-08-30 01:00:00+02:00,19869.5,20210.0,85.05,3181.9425,3857.4375,4532.9325,25602.0,0.0,0.0,0.0,16396.0
2024-08-30 02:00:00+02:00,19465.0,19661.5,82.14,3044.56,3705.5,4366.4375,25602.0,0.0,0.0,0.0,16396.0
2024-08-30 03:00:00+02:00,19019.0,18761.0,80.42,2878.415,3563.745,4249.0725,25602.0,0.0,0.0,0.0,16396.0
2024-08-30 04:00:00+02:00,18702.5,18483.5,79.45,2736.0550000000003,3441.015,4145.975,25602.0,0.0,0.0,0.0,16396.0
2024-08-30 05:00:00+02:00,19384.0,18994.5,80.98,2557.2174999999997,3284.7174999999997,4012.2125,25602.0,0.0,0.0,0.0,16396.0
2024-08-30 06:00:00+02:00,21504.0,21096.5,88.05,2339.035,3116.645,3894.2525,25602.0,0.0,0.0,0.0,16396.0
2024-08-30 07:00:00+02:00,24158.5,23896.5,97.7,2176.895,2984.825,3792.7574999999997,25602.0,99.275,104.1875,109.10000000000001,16396.0
2024-08-30 08:00:00+02:00,25225.5,25065.5,101.29,1970.2875000000001,2787.7125,3605.1375,25602.0,1126.6100000000001,1186.915,1247.22,16396.0
2024-08-30 09:00:00+02:00,23931.0,24541.0,96.21,1673.7,2580.1800000000003,3486.6549999999997,25602.0,3180.0950000000003,3347.895,3515.6949999999997,16396.0
2024-08-30 10:00:00+02:00,22328.0,23277.0,88.86,1482.825,2480.795,3478.77,25602.0,5408.92,5694.8150000000005,5980.7075,16396.0
2024-08-30 11:00:00+02:00,21619.5,22557.0,81.52,1349.28,2371.8925,3394.505,25602.0,7261.38,7646.1525,8030.925000000001,16396.0
2024-08-30 12:00:00+02:00,21904.5,22363.0,73.57,1233.7075,2223.31,3212.915,25602.0,8473.5325,8910.1875,9346.8425,16396.0
2024-08-30 13:00:00+02:00,21914.5,21874.5,72.43,1105.07,2060.37,3015.67,25602.0,8891.115,9466.375,10008.085,16396.0
2024-08-30 14:00:00+02:00,21646.0,21978.0,71.05,934.94,1859.24,2783.545,25602.0,8615.6875,9338.09,10060.4925,16396.0
2024-08-30 15:00:00+02:00,22089.5,22265.0,72.88,894.9449999999999,1707.6025,2520.2575,25602.0,7782.15,8540.6325,9299.115,16396.0
2024-08-30 16:00:00+02:00,23066.0,23200.0,78.95,947.89,1681.9625,2416.0299999999997,25602.0,6409.49,7146.675,7883.855,16396.0
2024-08-30 17:00:00+02:00,25302.5,25425.0,86.3,1040.7625,1777.8449999999998,2514.93,25602.0,4770.41,5376.32,5982.23,16396.0
2024-08-30 18:00:00+02:00,26819.5,27518.0,99.05,1184.07,1949.085,2714.1025,25602.0,2936.295,3339.54,3742.785,16396.0
2024-08-30 19:00:00+02:00,27643.0,27859.0,110.05,1389.475,2166.5875,2943.7025,25602.0,1088.465,1320.285,1552.035,16396.0
2024-08-30 20:00:00+02:00,27866.0,27981.5,114.12,1645.1599999999999,2423.74,3202.3199999999997,25602.0,141.6875,189.9375,239.0025,16396.0
2024-08-30 21:00:00+02:00,26308.5,26512.5,110.25,1913.9075,2719.315,3524.7225,25602.0,0.12,0.4425,1.005,16396.0
2024-08-30 22:00:00+02:00,23916.0,24617.5,102.59,2070.615,2941.0475,3811.475,25602.0,0.0,0.0,0.0,16396.0
2024-08-30 23:00:00+02:00,21462.5,21855.0,93.69,2058.39,2871.07,3683.7525,25602.0,0.0,0.0,0.0,16396.0
2024-08-31 00:00:00+02:00,20122.0,20318.0,91.69,2047.6325000000002,2757.77,3467.905,25602.0,0.0,0.0,0.0,16396.0
2024-08-31 01:00:00+02:00,19149.0,19687.5,85.93,2125.94,2830.135,3534.33,25602.0,0.0,0.0,0.0,16398.0
2024-08-31 02:00:00+02:00,18307.5,18851.5,82.74,2267.6375,2979.9675,3692.3025,25602.0,0.0,0.0,0.0,16398.0
2024-08-31 03:00:00+02:00,17516.0,17958.5,80.37,2438.3075,3187.415,3936.52,25602.0,0.0,0.0,0.0,16398.0
2024-08-31 04:00:00+02:00,17287.5,17752.0,77.74,2623.4875,3385.9849999999997,4148.48,25602.0,0.0,0.0,0.0,16398.0
2024-08-31 05:00:00+02:00,17444.5,17778.5,78.43,2838.59,3555.56,4272.532499999999,25602.0,0.0,0.0,0.0,16398.0
2024-08-31 06:00:00+02:00,18232.0,18554.0,83.96,3043.925,3742.98,4442.0275,25602.0,0.0,0.0,0.0,16398.0
2024-08-31 07:00:00+02:00,19517.5,19670.5,89.9,3219.8925,3943.5074999999997,4667.125,25602.0,63.222500000000004,78.075,92.9325,16398.0
2024-08-31 08:00:00+02:00,20688.5,20697.5,90.82,3432.01,4141.4,4850.795,25602.0,914.9275,1013.05,1111.1725000000001,16398.0
2024-08-31 09:00:00+02:00,20597.5,20144.0,83.79,3548.225,4298.5875,5048.950000000001,25602.0,2634.925,2898.24,3161.56,16398.0
2024-08-31 10:00:00+02:00,20484.0,19151.0,72.41,3578.6949999999997,4389.605,5200.5125,25602.0,4293.95,4812.7125,5331.475,16398.0
2024-08-31 11:00:00+02:00,19930.5,19021.0,59.41,3604.4125,4518.42,5432.4349999999995,25602.0,5439.4575,6319.565,7199.672500000001,16398.0
2024-08-31 12:00:00+02:00,19710.0,18944.5,48.13,3494.4625,4657.54,5820.615,25602.0,6152.5625,7433.282499999999,8713.997500000001,16398.0
2024-08-31 13:00:00+02:00,19639.5,18704.0,37.01,3526.5975,4817.485000000001,6108.375,25602.0,6492.6975,8010.615,9528.5325,16398.0
2024-08-31 14:00:00+02:00,19537.5,18692.0,29.75,3706.7125,5016.575,6326.445,25602.0,6399.9425,7916.5175,9433.09,16398.0
2024-08-31 15:00:00+02:00,20209.5,19393.0,29.72,3987.415,5252.24,6517.0650000000005,25602.0,5975.8099999999995,7337.8425,8699.8725,16398.0
2024-08-31 16:00:00+02:00,21998.5,21198.0,39.95,4369.07,5577.870000000001,6786.665,25602.0,5180.1425,6247.6675,7315.195,16398.0
2024-08-31 17:00:00+02:00,24146.5,23693.0,59.83,4735.745,6047.11,7358.4775,25602.0,3809.1274999999996,4569.48,5329.8325,16398.0
2024-08-31 18:00:00+02:00,24909.0,25258.0,84.12,5284.9275,6695.805,8106.68,25602.0,2204.625,2686.7675,3168.915,16398.0
2024-08-31 19:00:00+02:00,25152.5,25630.5,97.01,5966.4275,7482.424999999999,8998.425,25602.0,831.2049999999999,1038.1025,1244.9975,16398.0
2024-08-31 20:00:00+02:00,25689.5,25488.5,99.7,6811.61,8284.0975,9756.5825,25602.0,100.755,143.2575,185.7625,16398.0
2024-08-31 21:00:00+02:00,24118.0,24264.5,94.12,7773.2625,9019.71,10315.1475,25602.0,0.01,0.1675,0.445,16398.0
2024-08-31 22:00:00+02:00,21943.5,22233.5,82.99,8422.4275,9522.455,10688.9375,25602.0,0.0,0.0,0.0,16398.0
2024-08-31 23:00:00+02:00,19905.5,19972.5,70.66,8219.539999999999,9293.310000000001,10384.55,25602.0,0.0,0.0,0.0,16398.0
2024-09-01 00:00:00+02:00,18828.0,18589.5,62.73,7885.965,8903.485,9920.997500000001,25602.0,0.0,0.0,0.0,16398.0
2024-09-01 01:00:00+02:00,18031.0,17876.5,52.2,7946.615,8862.94,9779.265,25602.0,0.0,0.0,0.0,16398.0
2024-09-01 02:00:00+02:00,17482.0,16983.0,45.42,7884.375,8744.41,9604.45,25602.0,0.0,0.0,0.0,16398.0
2024-09-01 03:00:00+02:00,16621.0,16382.0,39.89,7722.495,8606.105,9489.715,25602.0,0.0,0.0,0.0,16398.0
2024-09-01 04:00:00+02:00,16537.0,16140.5,38.46,7594.015,8500.21,9406.4075,25602.0,0.0,0.0,0.0,16398.0
2024-09-01 05:00:00+02:00,16812.5,16191.5,40.18,7544.19,8515.755000000001,9487.32,25602.0,0.0,0.0,0.0,16398.0
2024-09-01 06:00:00+02:00,17314.5,16893.0,44.8,7419.015,8507.315,9595.615,25602.0,0.0,0.0,0.0,16398.0
2024-09-01 07:00:00+02:00,18513.5,18141.0,48.72,7330.51,8470.315,9610.119999999999,25602.0,25.9375,32.93,39.92,16398.0
2024-09-01 08:00:00+02:00,20306.0,19576.0,51.22,7204.84,8429.0175,9653.19,25602.0,486.24,596.255,706.2675,16398.0
2024-09-01 09:00:00+02:00,21883.0,20641.5,53.11,6856.4725,8187.75,9519.0275,25602.0,1410.1025,1745.0425,2079.9825,16398.0
2024-09-01 10:00:00+02:00,21727.0,21249.5,52.84,6582.5599999999995,7997.2675,9411.975,25602.0,2451.7025,3045.3875,3639.075,16398.0
2024-09-01 11:00:00+02:00,21304.5,21263.0,44.3,6233.3975,7831.2125,9429.029999999999,25602.0,3384.0299999999997,4213.55,5043.0725,16398.0
2024-09-01 12:00:00+02:00,21129.0,21286.5,44.44,5773.455,7503.63,9233.8025,25602.0,4074.795,5050.695,6026.5975,16398.0
2024-09-01 13:00:00+02:00,21178.0,21218.5,42.8,5560.05,7228.09,8896.1325,25602.0,4184.4775,5323.285,6503.8550000000005,16398.0
2024-09-01 14:00:00+02:00,21301.5,21246.5,41.24,5272.225,7072.025,8871.825,25602.0,3847.065,5096.3125,6345.5625,16398.0
2024-09-01 15:00:00+02:00,22670.5,22290.0,43.13,4911.4025,6949.63,8987.8625,25602.0,3552.95,4659.265,5765.58,16398.0
2024-09-01 16:00:00+02:00,25064.0,23979.0,54.11,4814.1,6824.125,8834.145,25602.0,3118.975,3996.99,4875.005,16398.0
2024-09-01 17:00:00+02:00,27057.5,25964.5,73.29,4785.2725,6589.805,8394.335,25602.0,2393.7799999999997,3035.85,3677.9225,16398.0
2024-09-01 18:00:00+02:00,27336.5,27133.5,92.08,4587.8099999999995,6315.455,8043.1,25602.0,1440.9075,1847.0675,2253.225,16398.0
2024-09-01 19:00:00+02:00,27552.5,27283.5,103.05,4417.8,6189.285,7960.775,25602.0,507.63,664.215,820.8149999999999,16398.0
2024-09-01 20:00:00+02:00,27785.0,27095.0,106.16,4328.3025,6193.5375,8058.7775,25602.0,38.214999999999996,61.3725,84.3175,16398.0
2024-09-01 21:00:00+02:00,25765.5,25527.0,102.41,4164.8425,6242.8575,8320.869999999999,25602.0,0.0,0.0,0.0,16398.0
2024-09-01 22:00:00+02:00,23947.0,23576.5,95.79,4130.8025,6293.725,8456.65,25602.0,0.0,0.0,0.0,16398.0
2024-09-01 23:00:00+02:00,21420.5,21336.0,86.85,4017.7325,5867.04,7716.355,25602.0,0.0,0.0,0.0,16398.0
2024-09-02 00:00:00+02:00,20102.0,19492.0,90.42,3691.4075000000003,5250.625,6809.84,25602.0,0.0,0.0,0.0,16398.0
2024-09-02 01:00:00+02:00,19794.5,19034.0,86.46,3353.2574999999997,4850.3525,6347.450000000001,25602.0,0.0,0.0,0.0,16396.0
2024-09-02 02:00:00+02:00,19467.0,18521.0,84.84,2805.8725,4306.5075,5807.1425,25602.0,0.0,0.0,0.0,16396.0
2024-09-02 03:00:00+02:00,19034.0,18269.5,84.89,2252.4025,3826.125,5399.85,25602.0,0.0,0.0,0.0,16396.0
2024-09-02 04:00:00+02:00,18743.0,18225.0,85.71,1946.25,3534.2125,5122.1775,25602.0,0.0,0.0,0.0,16396.0
2024-09-02 05:00:00+02:00,19671.5,19215.0,84.36,1745.56,3298.045,4850.53,25602.0,0.0,0.0,0.0,16396.0
2024-09-02 06:00:00+02:00,22518.5,22946.0,85.88,1706.3249999999998,3190.76,4675.195,25602.0,0.0,0.0,0.0,16396.0
2024-09-02 07:00:00+02:00,25605.0,26374.0,91.86,1763.095,3213.7375,4664.385,25602.0,8.6175,16.355,24.0925,16396.0
2024-09-02 08:00:00+02:00,29143.0,28646.5,96.2,1708.495,3185.9475,4663.4,25602.0,217.04000000000002,348.8475,480.65250000000003,16396.0
2024-09-02 09:00:00+02:00,30016.5,29146.0,94.88,1666.705,3125.9575,4585.2075,25602.0,726.8975,1087.7325,1448.5625,16396.0
2024-09-02 10:00:00+02:00,29963.0,28846.0,89.56,1567.8400000000001,3052.45,4537.0625,25602.0,1321.6399999999999,1878.1175,2430.7,16396.0
2024-09-02 11:00:00+02:00,30249.5,28616.5,84.26,1756.655,3163.515,4570.3724999999995,25602.0,1965.8400000000001,2631.9825,3343.895,16396.0
2024-09-02 12:00:00+02:00,30452.0,28958.5,81.07,2205.8275000000003,3516.44,4827.0525,25602.0,2586.3450000000003,3294.6425,4117.297500000001,16396.0
2024-09-02 13:00:00+02:00,29761.0,28603.5,79.28,2501.2325,3855.58,5209.925,25602.0,3072.46,3780.69,4548.7075,16396.0
2024-09-02 14:00:00+02:00,29066.5,28056.5,76.69,2706.55,4216.395,5726.24,25602.0,3291.7225,4015.2799999999997,4733.5075,16396.0
2024-09-02 15:00:00+02:00,28840.0,28297.5,77.36,2924.3,4671.635,6418.97,25602.0,3186.2200000000003,3870.8375,4555.4525,16396.0
2024-09-02 16:00:00+02:00,29393.5,29202.0,78.14,3066.94,5052.0075,7037.075000000001,25602.0,2761.935,3344.045,3926.155,16396.0
2024-09-02 17:00:00+02:00,30519.5,30672.0,84.58,2996.78,5271.0525,7545.33,25602.0,2041.2775000000001,2497.0025,2952.7275,16396.0
2024-09-02 18:00:00+02:00,30597.5,31162.5,101.18,2942.5275,5342.3099999999995,7742.085,25602.0,1196.81,1481.725,1766.645,16396.0
2024-09-02 19:00:00+02:00,29891.5,30464.0,112.75,3054.69,5403.6125,7752.5325,25602.0,427.145,541.4575,655.77,16396.0
2024-09-02 20:00:00+02:00,29766.5,30485.5,117.35,3185.175,5534.4425,7883.7075,25602.0,39.6025,55.855000000000004,72.07,16396.0
2024-09-02 21:00:00+02:00,27361.0,28871.5,112.77,3214.745,5614.5599999999995,8014.3724999999995,25602.0,1.42,1.4749999999999999,1.5225,16396.0
2024-09-02 22:00:00+02:00,24432.5,25825.0,105.91,3237.29,5543.585,7849.88,25602.0,0.0,0.0,0.0,16396.0
2024-09-02 23:00:00+02:00,21736.5,22683.0,95.61,3456.4325,5259.0525,7061.675,25602.0,0.0,0.0,0.0,16396.0
2024-09-03 00:00:00+02:00,20880.0,20668.5,85.69,3482.0225,4757.175,6032.327499999999,25602.0,0.0,0.0,0.0,16396.0
2024-09-03 01:00:00+02:00,20133.5,19949.0,80.4,3058.6400000000003,4219.9675,5381.297500000001,25602.0,0.0,0.0,0.0,16396.0
2024-09-03 02:00:00+02:00,19560.5,19128.0,77.88,2683.525,3838.185,4992.85,25602.0,0.0,0.0,0.0,16396.0
2024-09-03 03:00:00+02:00,18891.0,18867.5,76.8,2321.02,3490.51,4659.995,25602.0,0.0,0.0,0.0,16396.0
2024-09-03 04:00:00+02:00,18824.5,18781.0,78.53,1711.025,2993.125,4275.225,25602.0,0.0,0.0,0.0,16396.0
2024-09-03 05:00:00+02:00,19749.0,19736.0,81.8,1090.415,2427.995,3765.57,25602.0,0.0,0.0,0.0,16396.0
2024-09-03 06:00:00+02:00,22809.5,22327.5,87.17,736.875,2037.9825,3339.0875,25602.0,0.0,0.0,0.0,16396.0
2024-09-03 07:00:00+02:00,26311.5,25285.0,97.45,637.745,1827.9525,3018.165,25602.0,11.627500000000001,16.47,21.4675,16396.0
2024-09-03 08:00:00+02:00,28401.0,27687.0,100.94,668.625,1773.125,2877.625,25602.0,357.7,430.745,503.795,16396.0
2024-09-03 09:00:00+02:00,28842.5,28130.0,99.38,718.7375,1802.37,2885.995,25602.0,1171.7925,1440.375,1708.9575,16396.0
2024-09-03 10:00:00+02:00,28077.5,27921.5,91.91,755.39,1787.9675,2820.54,25602.0,2214.5874999999996,2714.7125,3214.835,16396.0
2024-09-03 11:00:00+02:00,27234.5,27355.0,83.92,783.62,1838.51,2893.4049999999997,25602.0,3272.1549999999997,3947.9000000000005,4623.6425,16396.0
2024-09-03 12:00:00+02:00,26717.0,26618.0,77.97,857.01,1989.475,3121.94,25602.0,4208.415,4971.9,5735.39,16396.0
2024-09-03 13:00:00+02:00,26017.5,25790.5,75.06,1044.2150000000001,2192.025,3339.8375,25602.0,4865.5075,5714.1775,6562.844999999999,16396.0
2024-09-03 14:00:00+02:00,25690.0,25649.5,71.69,1328.2375,2501.6325,3675.0275,25602.0,5284.3325,6151.3625,7011.085,16396.0
2024-09-03 15:00:00+02:00,25797.5,25990.0,70.8,1590.165,2781.985,3973.8025,25602.0,5237.29,6008.6025,6779.915,16396.0
2024-09-03 16:00:00+02:00,27018.5,26920.0,75.04,1940.8075000000001,2999.26,4057.7125,25602.0,4635.76,5281.795,5927.8275,16396.0
2024-09-03 17:00:00+02:00,28741.5,28928.5,85.21,2093.475,3087.245,4081.0075,25602.0,3620.91,4120.035,4619.16,16396.0
2024-09-03 18:00:00+02:00,29877.5,29849.0,100.17,1953.2075,2980.11,4007.0074999999997,25602.0,2239.8075,2564.4175,2889.0275,16396.0
2024-09-03 19:00:00+02:00,30393.0,29993.0,114.55,1686.145,2757.8175,3829.49,25602.0,863.815,982.4275,1101.09,16396.0
2024-09-03 20:00:00+02:00,30185.0,29390.0,117.66,1540.7,2629.81,3718.9225,25602.0,96.425,108.27,119.4525,16396.0
2024-09-03 21:00:00+02:00,28034.0,27044.0,112.73,1422.1925,2603.4925000000003,3784.7925,25602.0,0.0875,0.1775,0.2175,16396.0
2024-09-03 22:00:00+02:00,24970.5,24877.5,105.57,1105.53,2475.5325,3845.5299999999997,25602.0,0.0,0.0,0.0,16396.0
2024-09-03 23:00:00+02:00,22366.0,22084.5,96.56,1006.5,2135.455,3264.41,25602.0,0.0,0.0,0.0,16396.0
2024-09-04 00:00:00+02:00,20834.5,21081.0,94.52,1037.3525,1831.425,2625.4975,25602.0,0.0,0.0,0.0,16396.0
2024-09-04 01:00:00+02:00,20071.0,20330.0,90.55,950.42,1686.44,2422.455,25602.0,0.0,0.0,0.0,16396.0
2024-09-04 02:00:00+02:00,19686.5,19669.0,87.31,822.3625,1544.85,2267.335,25602.0,0.0,0.0,0.0,16396.0
2024-09-04 03:00:00+02:00,19275.5,19199.0,86.18,750.0699999999999,1412.095,2074.115,25602.0,0.0,0.0,0.0,16396.0
2024-09-04 04:00:00+02:00,19086.5,19064.0,86.19,700.6025,1278.17,1855.74,25602.0,0.0,0.0,0.0,16396.0
2024-09-04 05:00:00+02:00,19963.0,20053.5,87.28,624.81,1182.04,1739.275,25602.0,0.0,0.0,0.0,16396.0
2024-09-04 06:00:00+02:00,23116.5,23336.5,92.68,560.5,1125.585,1690.67,25602.0,0.0,0.0,0.0,16396.0
2024-09-04 07:00:00+02:00,26479.0,27055.0,101.44,498.4225,1111.655,1724.885,25602.0,19.509999999999998,23.900000000000002,29.64,16396.0
2024-09-04 08:00:00+02:00,27960.0,28012.5,106.9,483.615,1111.7075,1739.8,25602.0,699.665,751.7625,803.86,16396.0
2024-09-04 09:00:00+02:00,27331.0,27743.5,103.12,505.83500000000004,1110.93,1716.025,25602.0,2120.435,2253.685,2386.9325,16396.0
2024-09-04 10:00:00+02:00,26018.5,27271.5,93.97,480.76,1120.15,1759.5349999999999,25602.0,3525.0074999999997,3786.305,4047.605,16396.0
2024-09-04 11:00:00+02:00,25917.0,26227.5,84.7,415.7825,1136.55,1857.3175,25602.0,4566.9425,4939.7375,5312.5275,16396.0
2024-09-04 12:00:00+02:00,25956.0,25817.5,80.52,437.805,1184.605,1931.41,25602.0,5209.85,5671.035,6132.2175,16396.0
2024-09-04 13:00:00+02:00,26360.0,25357.0,78.52,510.46500000000003,1273.8600000000001,2037.25,25602.0,5535.1075,6098.7975,6662.485000000001,16396.0
2024-09-04 14:00:00+02:00,25988.0,25245.0,77.11,544.0475,1365.7625,2187.475,25602.0,5605.6,6201.4925,6796.7725,16396.0
2024-09-04 15:00:00+02:00,26390.5,25505.0,78.18,576.77,1443.575,2310.375,25602.0,5277.68,5811.9400000000005,6358.5,16396.0
2024-09-04 16:00:00+02:00,27245.0,26827.5,82.35,600.165,1546.1599999999999,2492.15,25602.0,4399.55,4839.915,5347.2025,16396.0
2024-09-04 17:00:00+02:00,28819.0,28666.0,91.57,750.025,1745.2075,2740.3875,25602.0,3152.855,3554.1875,4004.9925000000003,16396.0
2024-09-04 18:00:00+02:00,29799.5,29948.0,107.17,998.025,2010.0349999999999,3022.05,25602.0,1869.375,2135.0275,2396.7775,16396.0
2024-09-04 19:00:00+02:00,30776.5,30344.5,117.72,1253.865,2281.705,3309.545,25602.0,712.7375,795.7125000000001,878.6875,16396.0
2024-09-04 20:00:00+02:00,30132.0,30044.5,120.33,1612.775,2700.5825,3788.39,25602.0,56.535,70.255,83.9825,16396.0
2024-09-04 21:00:00+02:00,27364.5,27852.0,115.18,1946.385,3226.3125,4506.24,25602.0,0.2125,0.2225,0.2325,16396.0
2024-09-04 22:00:00+02:00,24512.5,24711.0,106.82,2160.985,3632.4674999999997,5103.952499999999,25602.0,0.0,0.0,0.0,16396.0
2024-09-04 23:00:00+02:00,21721.0,22024.5,95.26,2138.79,3605.1875,5071.585,25602.0,0.0,0.0,0.0,16396.0
2024-09-05 00:00:00+02:00,20207.0,20218.5,89.79,2238.5775,3564.885,4891.195,25602.0,0.0,0.0,0.0,16396.0
2024-09-05 01:00:00+02:00,19482.5,19356.0,83.96,2531.55,3819.155,5106.764999999999,25602.0,0.0,0.0,0.0,16396.0
2024-09-05 02:00:00+02:00,18780.5,18806.0,79.23,2802.785,4135.1525,5467.5225,26438.0,0.0,0.0,0.0,16396.0
2024-09-05 03:00:00+02:00,18128.5,18416.0,74.11,3231.4775,4603.79,5976.105,26438.0,0.0,0.0,0.0,16396.0
2024-09-05 04:00:00+02:00,17943.5,17984.0,70.24,3463.45,4978.635,6493.825,26438.0,0.0,0.0,0.0,16396.0
2024-09-05 05:00:00+02:00,18659.0,18611.5,68.19,3664.685,5256.805,6848.92,26438.0,0.0,0.0,0.0,16396.0
2024-09-05 06:00:00+02:00,21879.5,21877.5,73.93,3881.76,5508.74,7135.72,26438.0,0.0,0.0,0.0,16396.0
2024-09-05 07:00:00+02:00,25812.5,25638.0,87.82,4081.755,5781.78,7481.805,26438.0,20.835,23.6425,26.447499999999998,16396.0
2024-09-05 08:00:00+02:00,27938.5,27583.5,94.63,4583.145,6233.1900000000005,7883.2375,26438.0,247.75,319.68,391.6075,16396.0
2024-09-05 09:00:00+02:00,28850.5,28303.0,91.53,5171.5650000000005,6785.07,8398.57,26438.0,674.635,886.4275,1098.22,16396.0
2024-09-05 10:00:00+02:00,28567.5,28795.0,86.2,5825.4349999999995,7446.74,9068.045,26438.0,1113.1075,1491.3975,1869.685,16396.0
2024-09-05 11:00:00+02:00,28808.5,28655.0,81.83,6373.530000000001,8020.65,9667.77,26438.0,1484.3175,2016.3274999999999,2548.34,16396.0
2024-09-05 12:00:00+02:00,28840.5,28604.5,79.47,6449.9625,8249.075,10048.185,26438.0,1794.7575000000002,2405.9125,3017.0625,16396.0
2024-09-05 13:00:00+02:00,28360.5,28199.5,77.87,6494.91,8346.76,10198.605,26438.0,2018.9075,2612.615,3195.425,16396.0
2024-09-05 14:00:00+02:00,28147.0,27895.5,75.94,6816.335,8577.9375,10339.545,26438.0,2057.4075000000003,2594.2825000000003,3130.565,16396.0
2024-09-05 15:00:00+02:00,28246.5,27900.5,77.19,7322.9400000000005,8965.505000000001,10608.07,26438.0,1883.3075,2409.7975,2936.29,16396.0
2024-09-05 16:00:00+02:00,28958.0,28818.0,80.47,7781.955,9265.1425,10748.3275,26438.0,1505.2350000000001,2052.6475,2600.0575,16396.0
2024-09-05 17:00:00+02:00,29894.0,29688.5,85.62,7844.629999999999,9244.57,10644.51,26438.0,1094.0025,1582.8874999999998,2071.77,16396.0
2024-09-05 18:00:00+02:00,29625.5,29485.0,97.73,7652.7474999999995,9073.84,10494.935,26438.0,706.1374999999999,1037.6950000000002,1369.2525,16396.0
2024-09-05 19:00:00+02:00,28959.0,29703.0,106.16,7515.34,8970.15,10424.955,26438.0,288.5725,414.21,539.9175,16396.0
2024-09-05 20:00:00+02:00,28158.0,28838.5,107.37,7471.215,8895.11,10319.0,26438.0,38.125,43.435,47.8525,16396.0
2024-09-05 21:00:00+02:00,26206.5,26759.0,102.91,7338.005,8791.285,10244.575,26438.0,0.0,0.0225,0.0225,16396.0
2024-09-05 22:00:00+02:00,23609.5,23815.5,94.26,7105.205,8654.75,10204.2925,26438.0,0.0,0.0,0.0,16396.0
2024-09-05 23:00:00+02:00,20980.0,21287.0,83.66,7398.945,8732.63,10066.305,26438.0,0.0,0.0,0.0,16396.0
2024-09-06 00:00:00+02:00,20031.0,19820.0,59.77,7605.415,8740.02,9874.6275,26438.0,0.0,0.0,0.0,16396.0
2024-09-06 01:00:00+02:00,19527.5,19185.0,48.86,7287.725,8522.06,9756.3925,26438.0,0.0,0.0,0.0,16398.0
2024-09-06 02:00:00+02:00,19083.0,18624.0,46.08,7167.365,8366.195,9565.0325,26438.0,0.0,0.0,0.0,16398.0
2024-09-06 03:00:00+02:00,18845.0,18212.5,43.07,7080.165,8202.485,9324.805,26438.0,0.0,0.0,0.0,16398.0
2024-09-06 04:00:00+02:00,18438.5,18051.5,42.01,7004.139999999999,8058.4425,9112.7425,26438.0,0.0,0.0,0.0,16398.0
2024-09-06 05:00:00+02:00,19175.0,19133.5,44.6,6970.34,7938.6475,8906.9575,26438.0,0.0,0.0,0.0,16398.0
2024-09-06 06:00:00+02:00,22758.5,22566.5,56.64,6951.6849999999995,7869.4325,8787.18,26438.0,0.0,0.0,0.0,16398.0
2024-09-06 07:00:00+02:00,26500.5,26072.0,78.66,6942.505,7865.5875,8788.67,26438.0,7.9125,10.6,13.477500000000001,16398.0
2024-09-06 08:00:00+02:00,27985.5,27090.5,88.89,6809.25,7802.35,8795.45,26438.0,483.435,543.8475000000001,604.2674999999999,16398.0
2024-09-06 09:00:00+02:00,27977.0,27766.0,84.31,6572.360000000001,7628.014999999999,8683.6725,26438.0,1723.1775,1865.9425,2008.7024999999999,16398.0
2024-09-06 10:00:00+02:00,27289.5,27578.5,78.11,6362.215,7480.42,8598.619999999999,26438.0,3174.3575,3434.9125,3695.465,16398.0
2024-09-06 11:00:00+02:00,26659.0,27019.0,69.04,6184.99,7325.115,8465.24,26438.0,4371.9775,4767.89,5155.045,16398.0
2024-09-06 12:00:00+02:00,25918.0,26067.5,64.19,5921.7474999999995,7089.8225,8257.8925,26438.0,5088.2625,5549.725,6113.1,16398.0
2024-09-06 13:00:00+02:00,25060.5,25440.5,63.75,5682.21,6852.0,8021.795,26438.0,5312.959999999999,5877.025,6692.1525,16398.0
2024-09-06 14:00:00+02:00,24689.0,25148.5,62.31,5510.0325,6640.855,7771.674999999999,26438.0,5247.262500000001,5947.1825,6941.95,16398.0
2024-09-06 15:00:00+02:00,25089.5,25471.5,61.22,5309.365,6484.125,7658.88,26438.0,4858.275,5634.3625,6664.9225,16398.0
2024-09-06 16:00:00+02:00,26506.0,26967.5,68.47,5083.799999999999,6335.11,7586.415,26438.0,4108.7875,4787.98,5719.0599999999995,16398.0
2024-09-06 17:00:00+02:00,28450.5,28353.0,78.82,4826.32,6141.0225,7455.725,26438.0,2969.86,3482.49,4280.415,16398.0
2024-09-06 18:00:00+02:00,29306.0,28570.0,93.39,4625.995,5964.295,7302.6025,26438.0,1696.3375,1999.83,2488.2125,16398.0
2024-09-06 19:00:00+02:00,29133.5,28995.0,107.34,4473.37,5847.715,7222.055,26438.0,614.2725,700.715,840.84,16398.0
2024-09-06 20:00:00+02:00,29259.0,28571.5,111.75,4324.1875,5730.665,7137.145,26438.0,53.7325,63.122499999999995,66.16250000000001,16398.0
2024-09-06 21:00:00+02:00,26591.5,26851.5,106.69,4036.71,5396.04,6755.3675,26438.0,0.0,0.11,0.11,16398.0
2024-09-06 22:00:00+02:00,24382.5,24429.0,98.47,3687.2875,4967.6975,6248.105,26438.0,0.0,0.0,0.0,16398.0
2024-09-06 23:00:00+02:00,22322.5,22025.5,89.84,3155.8975,4323.8775000000005,5491.8575,26438.0,0.0,0.0,0.0,16398.0
2024-09-07 00:00:00+02:00,21015.0,20691.5,86.68,2541.6475,3562.54,4583.4400000000005,26438.0,0.0,0.0,0.0,16398.0
2024-09-07 01:00:00+02:00,20125.5,19828.0,83.29,2177.9825,3108.4575,4038.93,26438.0,0.0,0.0,0.0,16398.0
2024-09-07 02:00:00+02:00,19598.5,19019.0,80.0,2020.54,2879.505,3738.47,26438.0,0.0,0.0,0.0,16398.0
2024-09-07 03:00:00+02:00,18917.0,18451.0,78.9,1901.035,2708.985,3516.9350000000004,26438.0,0.0,0.0,0.0,16398.0
2024-09-07 04:00:00+02:00,18585.5,18169.5,78.77,1652.455,2507.42,3362.39,26438.0,0.0,0.0,0.0,16398.0
2024-09-07 05:00:00+02:00,18815.0,18479.0,79.8,1468.525,2435.145,3401.7625,26438.0,0.0,0.0,0.0,16398.0
2024-09-07 06:00:00+02:00,20033.0,19933.0,84.9,1427.1399999999999,2456.0625,3484.9825,26438.0,0.0,0.0,0.0,16398.0
2024-09-07 07:00:00+02:00,22005.0,21844.0,92.2,1371.0625,2442.74,3514.4125,26438.0,0.52,1.5575,2.2,16398.0
2024-09-07 08:00:00+02:00,24276.0,24052.5,95.67,1275.4524999999999,2377.9300000000003,3480.4049999999997,26438.0,309.7475,384.89,456.69500000000005,16398.0
2024-09-07 09:00:00+02:00,25008.0,24774.5,93.94,1182.855,2281.1525,3379.4475,26438.0,1143.38,1409.3525,1675.5875,16398.0
2024-09-07 10:00:00+02:00,25038.5,24658.5,89.5,1068.1125,2181.44,3294.7675,26438.0,2141.505,2642.4175,3143.3225,16398.0
2024-09-07 11:00:00+02:00,25022.5,24361.0,83.79,1063.5549999999998,2032.5149999999999,3001.4725,26438.0,2975.3475,3630.1425,4282.2699999999995,16398.0
2024-09-07 12:00:00+02:00,25084.5,24523.5,80.63,1059.855,1849.165,2638.475,26438.0,3559.8675000000003,4262.195,4988.34,16398.0
2024-09-07 13:00:00+02:00,24769.0,24196.5,78.62,947.46,1727.48,2507.4975,26438.0,3978.8625,4641.9525,5475.764999999999,16398.0
2024-09-07 14:00:00+02:00,24694.5,23732.5,76.41,833.29,1660.055,2486.825,26438.0,4130.55,4769.305,5611.42,16398.0
2024-09-07 15:00:00+02:00,24925.5,23914.0,76.14,789.62,1649.1599999999999,2508.705,26438.0,3963.3925,4557.04,5264.345,16398.0
2024-09-07 16:00:00+02:00,26355.0,25185.5,78.06,901.3,1764.3375,2627.3775,26438.0,3305.8775,3835.715,4486.795,16398.0
2024-09-07 17:00:00+02:00,27402.5,27102.5,84.58,1089.0475000000001,1941.955,2794.865,26438.0,2272.8825,2744.39,3273.9775,16398.0
2024-09-07 18:00:00+02:00,27241.0,28022.0,98.04,1207.2775,2078.7075,2950.14,26438.0,1212.6225,1505.035,1808.29,16398.0
2024-09-07 19:00:00+02:00,27648.0,28464.5,108.76,1352.73,2217.42,3082.1099999999997,26438.0,377.85,467.765,572.1325,16398.0
2024-09-07 20:00:00+02:00,27767.5,27950.5,111.48,1540.85,2404.2650000000003,3267.6800000000003,26438.0,10.389999999999999,14.725,18.525000000000002,16398.0
2024-09-07 21:00:00+02:00,25681.5,25898.0,105.87,1718.8775,2630.205,3541.5375,26438.0,0.0,0.0,0.0,16398.0
2024-09-07 22:00:00+02:00,23778.0,23905.5,98.39,1744.695,2750.3199999999997,3755.94,26438.0,0.0,0.0,0.0,16398.0
2024-09-07 23:00:00+02:00,21868.0,21806.5,88.66,1412.995,2410.4825,3407.9725,26438.0,0.0,0.0,0.0,16398.0
2024-09-08 00:00:00+02:00,20337.5,20504.0,85.55,1201.6675,2119.31,3036.95,26438.0,0.0,0.0,0.0,16398.0
2024-09-08 01:00:00+02:00,19681.5,19562.5,80.72,1269.1725000000001,2282.84,3296.5125,26438.0,0.0,0.0,0.0,16398.0
2024-09-08 02:00:00+02:00,18977.0,18974.5,77.11,1385.105,2569.0699999999997,3753.0299999999997,26438.0,0.0,0.0,0.0,16398.0
2024-09-08 03:00:00+02:00,18204.0,18012.5,73.52,1617.4099999999999,2869.915,4122.42,26438.0,0.0,0.0,0.0,16398.0
2024-09-08 04:00:00+02:00,17872.5,17896.0,71.53,1772.585,3138.7125,4504.84,26438.0,0.0,0.0,0.0,16398.0
2024-09-08 05:00:00+02:00,17913.0,17895.0,70.58,1966.425,3510.3500000000004,5054.2725,26438.0,0.0,0.0,0.0,16398.0
2024-09-08 06:00:00+02:00,18681.0,18698.0,73.42,2368.9625,3921.87,5474.775,26438.0,0.0,0.0,0.0,16398.0
2024-09-08 07:00:00+02:00,20010.5,19972.5,79.58,2807.8075,4222.075,5636.344999999999,26438.0,0.3875,1.475,2.27,16398.0
2024-09-08 08:00:00+02:00,22080.5,21952.5,82.21,3047.75,4348.217500000001,5648.6849999999995,26438.0,191.6675,279.5775,365.0625,16398.0
2024-09-08 09:00:00+02:00,23501.5,23072.5,82.35,3151.92,4350.35,5548.78,26438.0,855.515,1160.6725000000001,1466.0149999999999,16398.0
2024-09-08 10:00:00+02:00,24004.0,23789.5,82.16,3168.2075,4301.76,5435.3099999999995,26438.0,1787.9175,2306.905,2825.89,16398.0
2024-09-08 11:00:00+02:00,24490.5,23862.5,79.27,3032.04,4288.51,5544.98,26438.0,2641.7574999999997,3281.4825,3921.205,16398.0
2024-09-08 12:00:00+02:00,24496.5,24397.5,76.74,2936.9775,4362.325,5787.665,26438.0,3223.995,3989.8624999999997,4755.735000000001,16398.0
2024-09-08 13:00:00+02:00,24181.0,23971.0,73.65,3041.99,4573.3825,6104.775,26438.0,3662.9075000000003,4512.6175,5362.3275,16398.0
2024-09-08 14:00:00+02:00,23908.5,23453.5,69.81,3251.4625,4954.7725,6658.085,26438.0,3907.1625,4741.0225,5573.93,16398.0
2024-09-08 15:00:00+02:00,24729.5,24137.0,66.99,3544.7675,5304.455,7064.139999999999,26438.0,3742.4225,4507.79,5273.1525,16398.0
2024-09-08 16:00:00+02:00,25983.5,25445.5,69.38,3960.7725,5792.57,7624.365,26438.0,3114.4325,3747.3425,4380.2474999999995,16398.0
2024-09-08 17:00:00+02:00,27929.5,27004.0,76.97,4334.22,6286.4625,8238.7,26438.0,2296.335,2781.84,3267.3425,16398.0
2024-09-08 18:00:00+02:00,28471.5,27667.5,90.14,4480.1900000000005,6471.7225,8463.255,26438.0,1341.9075,1614.17,1886.43,16398.0
2024-09-08 19:00:00+02:00,28266.0,27786.5,99.76,4593.785,6486.2675,8378.75,26438.0,385.46500000000003,466.93,548.3425,16398.0
2024-09-08 20:00:00+02:00,27272.0,27548.0,101.15,4847.3475,6407.297500000001,7967.2474999999995,26438.0,2.695,5.6275,9.21,16398.0
2024-09-08 21:00:00+02:00,24833.5,25454.0,96.04,4808.705,6147.2625,7485.8150000000005,26438.0,0.0,0.0,0.0,16398.0
2024-09-08 22:00:00+02:00,22498.5,23056.0,88.96,4550.6325,5823.78,7096.925,26438.0,0.0,0.0,0.0,16398.0
2024-09-08 23:00:00+02:00,20065.0,20472.0,80.4,4534.005,5585.3825,6636.76,26438.0,0.0,0.0,0.0,16398.0
2024-09-09 00:00:00+02:00,18592.5,18730.5,75.64,4618.925,5439.695,6260.465,26438.0,0.0,0.0,0.0,16398.0
2024-09-09 01:00:00+02:00,17883.5,18150.0,66.33,4522.91,5344.26,6165.6125,26438.0,0.0,0.0,0.0,16398.0
2024-09-09 02:00:00+02:00,17165.0,17707.5,61.67,4501.9,5326.7075,6151.5125,26438.0,0.0,0.0,0.0,16398.0
2024-09-09 03:00:00+02:00,16888.0,17312.0,57.0,4609.2325,5400.32,6191.4025,26438.0,0.0,0.0,0.0,16398.0
2024-09-09 04:00:00+02:00,16873.5,17032.0,54.0,4672.9775,5456.99,6241.01,26438.0,0.0,0.0,0.0,16398.0
2024-09-09 05:00:00+02:00,18059.0,18000.5,52.33,4781.17,5587.54,6393.9125,26438.0,0.0,0.0,0.0,16398.0
2024-09-09 06:00:00+02:00,21576.5,21488.5,58.09,4950.7525000000005,5854.29,6757.8325,26438.0,0.0,0.0,0.0,16398.0
2024-09-09 07:00:00+02:00,25444.5,25143.5,77.91,5019.82,6261.655,7503.4925,26438.0,0.455,2.5925,3.15,16398.0
2024-09-09 08:00:00+02:00,27342.0,27262.0,86.01,5446.0875,6937.89,8429.695,26438.0,276.3225,330.90000000000003,376.4425,16398.0
2024-09-09 09:00:00+02:00,28091.5,27488.5,85.78,6589.275,7889.6900000000005,9190.105,26438.0,1066.8025,1246.3025,1426.4975,16398.0
2024-09-09 10:00:00+02:00,27295.5,26700.5,84.71,7600.96,8706.115,9811.275000000001,26438.0,2012.26,2341.0125,2669.7675,16398.0
2024-09-09 11:00:00+02:00,26528.0,26520.0,76.19,8144.219999999999,9309.275,10474.33,26438.0,2879.5975,3383.9575,3888.3125,16398.0
2024-09-09 12:00:00+02:00,25656.0,26567.5,66.42,8316.192500000001,9656.0475,10995.905,26438.0,3616.935,4334.5525,5052.1725,16398.0
2024-09-09 13:00:00+02:00,24291.0,25859.0,58.02,8334.945,9789.5325,11244.12,26438.0,4254.3525,5126.7925,5999.235000000001,16398.0
2024-09-09 14:00:00+02:00,23069.5,24655.5,45.93,8501.99,9909.65,11317.310000000001,26438.0,4742.4025,5685.3625,6628.32,16398.0
2024-09-09 15:00:00+02:00,23218.0,24143.5,38.88,8304.2925,9723.185,11142.075,26438.0,4741.0125,5720.3375,6699.45,16398.0
2024-09-09 16:00:00+02:00,25379.5,25452.5,45.72,7626.02,9077.845,10529.675,26438.0,4165.0925,5074.8099999999995,5984.53,16398.0
2024-09-09 17:00:00+02:00,27781.5,27791.5,65.82,6785.3675,8204.4625,9623.56,26438.0,3171.8,3865.845,4559.8925,16398.0
2024-09-09 18:00:00+02:00,29256.5,29097.5,85.52,5932.9225,7409.0875,8885.2525,26438.0,1821.9875,2186.0275,2550.075,16398.0
2024-09-09 19:00:00+02:00,29996.0,30006.0,100.1,5413.5025000000005,6814.0875,8214.68,26438.0,534.3925,621.0275,707.6625,16398.0
2024-09-09 20:00:00+02:00,29112.0,28530.0,104.8,5417.735000000001,6591.1900000000005,7764.6425,26438.0,5.9725,9.97,14.5275,16398.0
2024-09-09 21:00:00+02:00,26246.0,26172.5,101.32,5718.2075,6952.79,8187.3724999999995,26438.0,0.0,0.0,0.0,16398.0
2024-09-09 22:00:00+02:00,22763.0,23361.0,91.66,6441.005,7876.6925,9312.380000000001,26438.0,0.0,0.0,0.0,16398.0
2024-09-09 23:00:00+02:00,19943.5,20458.0,78.84,7594.7325,8815.07,10035.405,26438.0,0.0,0.0,0.0,16398.0
2024-09-10 00:00:00+02:00,18326.0,18939.5,68.71,8285.942500000001,9357.715,10429.485,26438.0,0.0,0.0,0.0,16398.0
2024-09-10 01:00:00+02:00,17604.5,18075.0,52.42,8595.545,9764.869999999999,10934.195,26438.0,0.0,0.0,0.0,16398.0
2024-09-10 02:00:00+02:00,16998.0,17156.5,43.7,9182.51,10293.2575,11404.005000000001,26438.0,0.0,0.0,0.0,16398.0
2024-09-10 03:00:00+02:00,16275.0,16433.0,33.83,9856.675,10925.5075,11994.335,26438.0,0.0,0.0,0.0,16398.0
2024-09-10 04:00:00+02:00,15999.5,16232.0,27.42,10447.9625,11509.2875,12570.61,26438.0,0.0,0.0,0.0,16398.0
2024-09-10 05:00:00+02:00,17243.0,17291.5,24.14,10966.8525,11976.7225,12986.59,26438.0,0.0,0.0,0.0,16398.0
2024-09-10 06:00:00+02:00,20752.5,20216.0,32.02,11326.7175,12276.654999999999,13226.5975,26438.0,0.0,0.0,0.0,16398.0
2024-09-10 07:00:00+02:00,24369.0,23645.5,52.95,11627.315,12517.115,13406.915,26438.0,0.0625,1.9975,2.2925,16398.0
2024-09-10 08:00:00+02:00,26126.0,25336.0,74.9,11963.69,12767.6,13571.51,26438.0,239.2275,324.71500000000003,384.09749999999997,16398.0
2024-09-10 09:00:00+02:00,26183.5,25997.0,77.13,12191.9,12933.075,13674.2475,26438.0,959.06,1183.01,1394.3875,16398.0
2024-09-10 10:00:00+02:00,25495.5,25428.0,72.76,12383.3425,13076.025,13768.7075,26438.0,1917.97,2199.5325,2482.1425,16398.0
2024-09-10 11:00:00+02:00,25009.0,24925.0,60.66,12513.895,13173.7825,13833.67,26438.0,2820.4975,3181.725,3542.9575,16398.0
2024-09-10 12:00:00+02:00,24952.5,24428.5,56.05,12449.6275,13106.835,13764.045,26438.0,3409.55,3972.05,4534.547500000001,16398.0
2024-09-10 13:00:00+02:00,24486.0,23658.5,50.63,12382.74,13043.8575,13704.9725,26438.0,3542.0924999999997,4285.485000000001,5026.577499999999,16398.0
2024-09-10 14:00:00+02:00,24413.5,22959.5,42.09,12354.1475,13081.39,13808.63,26438.0,3513.8625,4406.3625,5298.8625,16398.0
2024-09-10 15:00:00+02:00,25148.5,23375.0,40.25,12286.1425,13105.175,13924.21,26438.0,3365.115,4373.84,5382.18,16398.0
2024-09-10 16:00:00+02:00,26943.0,25309.0,48.22,12231.4725,13120.2775,14009.085,26438.0,2634.785,3711.5175,4788.25,16398.0
2024-09-10 17:00:00+02:00,28388.0,27448.5,63.12,12062.2275,13046.1525,14030.08,26438.0,1661.225,2646.615,3632.0025,16398.0
2024-09-10 18:00:00+02:00,29246.0,28656.0,83.81,11771.705,12858.8875,13946.07,26438.0,887.8000000000001,1502.97,2118.1349999999998,16398.0
2024-09-10 19:00:00+02:00,29490.5,29565.0,94.55,11433.4,12585.897500000001,13738.39,26438.0,275.16,456.7375,638.3125,16398.0
2024-09-10 20:00:00+02:00,28692.0,29106.0,97.02,11064.605,12243.92,13423.2325,26438.0,4.62,6.4425,8.3275,16398.0
2024-09-10 21:00:00+02:00,26358.0,26507.0,92.73,10776.665,11975.685,13174.695,26438.0,0.0,0.0,0.0,16398.0
2024-09-10 22:00:00+02:00,23062.5,23224.5,83.11,10582.2075,11797.39,13012.5725,26438.0,0.0,0.0,0.0,16398.0
2024-09-10 23:00:00+02:00,20717.0,20415.0,68.6,10545.977499999999,11801.16,13056.345000000001,26438.0,0.0,0.0,0.0,16398.0
2024-09-11 00:00:00+02:00,19355.5,18708.0,26.55,10735.4175,11992.535,13249.654999999999,26438.0,0.0,0.0,0.0,16398.0
2024-09-11 01:00:00+02:00,18556.0,18100.0,10.37,10916.545,12131.59,13346.6325,26438.0,0.0,0.0,0.0,16398.0
2024-09-11 02:00:00+02:00,18113.5,17734.5,5.84,10983.11,12208.612500000001,13434.115,26438.0,0.0,0.0,0.0,16398.0
2024-09-11 03:00:00+02:00,17443.5,17368.5,0.45,11096.532500000001,12269.1075,13441.68,26438.0,0.0,0.0,0.0,16398.0
2024-09-11 04:00:00+02:00,17338.0,17286.0,-0.99,11228.825,12306.8675,13384.915,26438.0,0.0,0.0,0.0,16398.0
2024-09-11 05:00:00+02:00,18304.0,18285.5,1.36,11314.43,12356.6375,13398.84,26438.0,0.0,0.0,0.0,16398.0
2024-09-11 06:00:00+02:00,21893.0,21620.0,10.41,11475.185,12452.744999999999,13430.305,26438.0,0.0,0.0,0.0,16398.0
2024-09-11 07:00:00+02:00,25482.0,25151.0,42.72,11637.384999999998,12547.0075,13456.630000000001,26438.0,1.8675,3.0875,3.69,16398.0
2024-09-11 08:00:00+02:00,25923.5,25846.5,61.79,11690.91,12598.27,13505.6275,26438.0,599.8675000000001,639.73,677.25,16398.0
2024-09-11 09:00:00+02:00,24671.5,24826.0,48.33,11687.255,12610.355,13533.46,26438.0,2284.865,2409.69,2530.11,16398.0
2024-09-11 10:00:00+02:00,23328.0,23567.0,22.49,11624.435,12584.42,13544.4025,26438.0,3993.7799999999997,4213.2225,4494.3025,16398.0
2024-09-11 11:00:00+02:00,22894.0,23257.5,1.77,11353.619999999999,12449.33,13545.0425,26438.0,5129.360000000001,5478.0525,6115.94,16398.0
2024-09-11 12:00:00+02:00,22802.0,23097.0,-2.07,10784.185000000001,12134.564999999999,13484.945,26438.0,5655.4725,6194.255,7407.3625,16398.0
2024-09-11 13:00:00+02:00,22315.5,22555.0,-3.92,10171.69,11723.060000000001,13274.425,26438.0,5827.8099999999995,6496.42,8085.635,16398.0
2024-09-11 14:00:00+02:00,21802.0,22529.0,-4.36,9613.5225,11287.7025,12961.880000000001,26438.0,5979.2525,6601.65,8203.48,16398.0
2024-09-11 15:00:00+02:00,22243.0,23792.0,-2.79,9186.225,10981.6575,12777.0875,26438.0,5769.2375,6256.335,7594.925,16398.0
2024-09-11 16:00:00+02:00,24557.0,26108.5,4.64,9113.905,10871.75,12629.595000000001,26438.0,4910.88,5261.5175,6197.165,16398.0
2024-09-11 17:00:00+02:00,27639.0,28190.0,37.37,9032.27,10710.84,12389.415,26438.0,3604.48,3872.2675,4521.3,16398.0
2024-09-11 18:00:00+02:00,29614.5,29742.0,74.06,8757.71,10401.7975,12045.884999999998,26438.0,2066.73,2227.1075,2550.9375,16398.0
2024-09-11 19:00:00+02:00,30577.0,30147.0,89.91,8731.615,10198.505000000001,11665.397500000001,26438.0,613.18,654.3299999999999,706.9525,16398.0
2024-09-11 20:00:00+02:00,30099.0,29413.5,93.87,8820.8775,10107.7325,11394.59,26438.0,4.045,5.5975,7.075,16398.0
2024-09-11 21:00:00+02:00,27407.5,27100.0,89.02,8802.529999999999,10073.0325,11343.5375,26438.0,0.0,0.0,0.0,16398.0
2024-09-11 22:00:00+02:00,24466.0,23772.0,79.54,8707.545,10126.18,11544.814999999999,26438.0,0.0,0.0,0.0,16398.0
2024-09-11 23:00:00+02:00,21908.5,21440.5,63.16,8380.310000000001,9796.5975,11212.89,26438.0,0.0,0.0,0.0,16398.0
2024-09-12 00:00:00+02:00,20502.5,20323.5,67.2,8113.8325,9537.6525,10961.470000000001,26438.0,0.0,0.0,0.0,16398.0
2024-09-12 01:00:00+02:00,19943.0,19705.0,55.25,7967.44,9549.83,11132.2225,26438.0,0.0,0.0,0.0,16398.0
2024-09-12 02:00:00+02:00,19551.0,19370.5,51.38,7773.8,9445.91,11118.0175,26438.0,0.0,0.0,0.0,16398.0
2024-09-12 03:00:00+02:00,19115.5,18759.0,47.08,7647.325,9379.6975,11112.067500000001,26438.0,0.0,0.0,0.0,16398.0
2024-09-12 04:00:00+02:00,18953.5,18701.0,46.24,7608.555,9337.1425,11065.73,26438.0,0.0,0.0,0.0,16398.0
2024-09-12 05:00:00+02:00,20017.5,19610.5,48.68,7453.23,9222.95,10992.6725,26438.0,0.0,0.0,0.0,16398.0
2024-09-12 06:00:00+02:00,23618.5,23310.0,63.44,7335.99,9076.3375,10816.682499999999,26438.0,0.0,0.0,0.0,16398.0
2024-09-12 07:00:00+02:00,26909.0,27043.0,91.47,7244.045,8993.23,10742.4175,26438.0,1.1025,1.3225,1.555,16398.0
2024-09-12 08:00:00+02:00,28165.5,27573.5,102.01,6940.3425,8792.75,10645.1575,26438.0,654.3975,688.8925,723.39,16398.0
2024-09-12 09:00:00+02:00,26481.0,26448.0,98.36,6737.925,8434.95,10131.975,26438.0,2512.4725,2646.575,2780.6725,16398.0
2024-09-12 10:00:00+02:00,25088.5,25212.0,89.06,6421.3225,8078.745000000001,9736.165,26438.0,4570.4625,4818.3475,5058.63,16398.0
2024-09-12 11:00:00+02:00,24862.0,25280.5,73.56,5974.9275,7766.285,9557.645,26438.0,6093.8175,6433.745,6860.155000000001,16398.0
2024-09-12 12:00:00+02:00,25070.0,25870.5,61.39,5787.1849999999995,7624.4400000000005,9461.6975,26438.0,7092.8425,7500.045,8147.55,16398.0
2024-09-12 13:00:00+02:00,24560.5,25320.5,56.68,5867.635,7756.8150000000005,9645.994999999999,26438.0,7454.33,7905.34,8765.932499999999,16398.0
2024-09-12 14:00:00+02:00,24081.0,24496.0,53.61,6103.639999999999,7969.18,9834.7175,26438.0,7080.95,7621.37,8558.515,16398.0
2024-09-12 15:00:00+02:00,24246.0,24664.0,55.03,6538.53,8320.0075,10101.49,26438.0,6089.085,6696.8825,7511.4325,16398.0
2024-09-12 16:00:00+02:00,26622.0,26675.5,65.93,7043.605,8765.3275,10487.05,26438.0,4958.26,5419.2575,6057.6875,16398.0
2024-09-12 17:00:00+02:00,29113.0,29438.5,82.8,7241.9,8999.369999999999,10756.84,26438.0,3634.8424999999997,3961.7725,4402.8975,16398.0
2024-09-12 18:00:00+02:00,30288.5,30971.0,94.65,7301.21,9014.54,10727.87,26438.0,2101.6875,2282.2475,2454.755,16398.0
2024-09-12 19:00:00+02:00,31473.0,31768.5,106.86,7291.9175,8858.1875,10424.4575,26438.0,626.65,674.9875,708.4275,16398.0
2024-09-12 20:00:00+02:00,31280.5,31469.5,110.44,7105.28,8523.3575,9941.43,26438.0,1.9225,6.6525,8.395,16398.0
2024-09-12 21:00:00+02:00,29236.5,28817.5,105.63,6730.735,8062.34,9393.94,26438.0,0.0,0.0,0.0,16398.0
2024-09-12 22:00:00+02:00,26070.5,25839.5,98.56,6197.25,7562.28,8927.31,26438.0,0.0,0.0,0.0,16398.0
2024-09-12 23:00:00+02:00,23048.5,23204.5,88.45,5111.3175,6641.7074999999995,8172.105,26438.0,0.0,0.0,0.0,16398.0
2024-09-13 00:00:00+02:00,21834.0,21807.0,86.47,4248.969999999999,5869.025,7489.085,26438.0,0.0,0.0,0.0,16398.0
2024-09-13 01:00:00+02:00,21288.0,21035.0,80.65,4071.46,5733.9425,7396.424999999999,26438.0,0.0,0.0,0.0,16398.0
2024-09-13 02:00:00+02:00,20787.0,20398.5,78.57,3754.0150000000003,5500.0175,7246.025,26438.0,0.0,0.0,0.0,16398.0
2024-09-13 03:00:00+02:00,20208.5,20024.5,78.06,3514.915,5243.9175,6972.92,26438.0,0.0,0.0,0.0,16398.0
2024-09-13 04:00:00+02:00,20092.0,19913.0,79.52,3552.3199999999997,5186.6275000000005,6820.9349999999995,26438.0,0.0,0.0,0.0,16398.0
2024-09-13 05:00:00+02:00,21136.5,20742.0,83.53,3574.42,5090.555,6606.695,26438.0,0.0,0.0,0.0,16398.0
2024-09-13 06:00:00+02:00,24617.0,24199.0,91.72,3408.6800000000003,4909.0,6409.32,26438.0,0.0,0.0,0.0,16398.0
2024-09-13 07:00:00+02:00,27684.5,27462.5,105.79,3297.955,4775.1175,6252.2775,26438.0,0.86,1.2875,1.3975,16398.0
2024-09-13 08:00:00+02:00,28557.0,28800.5,112.0,3128.7225,4551.7275,5974.735,26438.0,647.8299999999999,685.0425,719.215,16398.0
2024-09-13 09:00:00+02:00,27147.0,27477.5,107.6,2735.59,4179.21,5622.8325,26438.0,2563.855,2702.17,2840.7174999999997,16398.0
2024-09-13 10:00:00+02:00,24969.0,26045.5,98.88,2296.635,3761.61,5226.585,26438.0,4843.6075,5099.2225,5354.84,16398.0
2024-09-13 11:00:00+02:00,23840.0,25011.5,93.36,2051.165,3469.74,4888.3150000000005,26438.0,6796.5925,7147.8225,7499.0525,16398.0
2024-09-13 12:00:00+02:00,23452.5,24613.5,88.48,1877.1399999999999,3196.93,4516.72,26438.0,8066.84,8482.885,8898.932499999999,16398.0
2024-09-13 13:00:00+02:00,22969.5,24306.5,87.83,1646.615,2874.96,4103.305,26438.0,8197.815,8806.055,9445.605,16398.0
2024-09-13 14:00:00+02:00,22455.0,24040.5,86.92,1403.4675,2556.9049999999997,3710.3450000000003,26438.0,7360.375,8285.485,9210.5975,16398.0
2024-09-13 15:00:00+02:00,23088.0,24252.5,87.29,1143.4625,2276.87,3410.2799999999997,26438.0,6192.8,7183.7675,8174.735,16398.0
2024-09-13 16:00:00+02:00,25430.5,26179.5,91.15,976.8625,2085.1099999999997,3193.355,26438.0,4910.4775,5782.36,6654.24,16398.0
2024-09-13 17:00:00+02:00,28152.5,28488.0,98.92,897.915,1948.4475,2998.9775,26438.0,3357.425,4100.0975,4842.77,16398.0
2024-09-13 18:00:00+02:00,29784.5,29871.0,111.74,799.58,1823.0175,2846.4575,26438.0,1794.7849999999999,2223.99,2653.315,16398.0
2024-09-13 19:00:00+02:00,30233.0,30815.5,121.94,682.435,1764.7225,2847.0125,26438.0,527.2275,608.6,688.495,16398.0
2024-09-13 20:00:00+02:00,29976.5,30058.0,122.53,696.2325,1945.0025,3193.775,26438.0,0.97,1.695,2.2725,16398.0
2024-09-13 21:00:00+02:00,27736.0,27497.0,115.92,837.0550000000001,2261.8025,3686.5525,26438.0,0.0,0.0,0.0,16398.0
2024-09-13 22:00:00+02:00,24815.5,24783.5,107.65,1087.87,2680.075,4272.285,26438.0,0.0,0.0,0.0,16398.0
2024-09-13 23:00:00+02:00,21733.0,22213.0,95.47,2080.75,3409.3125,4737.88,26438.0,0.0,0.0,0.0,16398.0
2024-09-14 00:00:00+02:00,19953.5,20412.5,83.56,3180.1175000000003,4140.1375,5100.1525,26438.0,0.0,0.0,0.0,16398.0
2024-09-14 01:00:00+02:00,19164.0,19445.0,77.86,3731.065,4574.15,5417.2375,26438.0,0.0,0.0,0.0,16398.0
2024-09-14 02:00:00+02:00,18564.5,18833.5,74.44,4009.8,4834.8724999999995,5659.9400000000005,26438.0,0.0,0.0,0.0,16398.0
2024-09-14 03:00:00+02:00,17895.0,18016.0,71.9,4161.3175,5007.9349999999995,5854.5525,26438.0,0.0,0.0,0.0,16398.0
2024-09-14 04:00:00+02:00,17659.0,17739.5,71.57,4378.1675,5161.045,5943.92,26438.0,0.0,0.0,0.0,16398.0
2024-09-14 05:00:00+02:00,17848.0,18244.5,71.93,4504.950000000001,5315.525,6126.1,26438.0,0.0,0.0,0.0,16398.0
2024-09-14 06:00:00+02:00,19264.5,19745.5,77.4,4659.295,5531.25,6403.2075,26438.0,0.0,0.0,0.0,16398.0
2024-09-14 07:00:00+02:00,20970.0,21600.5,84.72,4862.4375,5762.5025,6662.5650000000005,26438.0,0.4575,0.7825,1.17,16398.0
2024-09-14 08:00:00+02:00,21660.0,22434.0,87.66,5152.7725,6007.1224999999995,6861.4675,26438.0,515.6524999999999,555.4625,595.265,16398.0
2024-09-14 09:00:00+02:00,21036.5,21972.5,83.18,5410.26,6237.74,7065.22,26438.0,2149.92,2306.0125,2462.1025,16398.0
2024-09-14 10:00:00+02:00,19490.0,20717.5,75.55,5607.92,6445.62,7283.3175,26438.0,4077.4700000000003,4387.3225,4697.172500000001,16398.0
2024-09-14 11:00:00+02:00,18018.0,19703.0,55.62,5838.780000000001,6641.47,7444.16,26438.0,5774.33,6172.7975,6571.26,16398.0
2024-09-14 12:00:00+02:00,17405.0,19434.5,39.36,6056.67,6833.365,7610.0650000000005,26438.0,6973.0175,7433.6475,7894.275,16398.0
2024-09-14 13:00:00+02:00,16898.5,18957.0,38.2,6263.94,7067.8775000000005,7877.35,26438.0,7236.3125,7824.83,8488.7075,16398.0
2024-09-14 14:00:00+02:00,16100.5,18564.0,38.56,6414.135,7251.5675,8096.6575,26438.0,6747.8724999999995,7600.2625,8452.6525,16398.0
2024-09-14 15:00:00+02:00,16424.0,19001.5,40.75,6447.385,7287.335,8134.38,26438.0,5918.77,6854.6925,7790.6075,16398.0
2024-09-14 16:00:00+02:00,18904.0,20847.5,50.75,6392.32,7221.51,8055.665,26438.0,4684.7075,5526.28,6367.85,16398.0
2024-09-14 17:00:00+02:00,22783.0,23822.0,70.99,6340.87,7148.805,7977.719999999999,26438.0,3053.2275,3845.8025,4638.3724999999995,16398.0
2024-09-14 18:00:00+02:00,25323.5,25275.0,83.67,6262.51,7121.405,8001.28,26438.0,1534.295,2042.685,2551.7349999999997,16398.0
2024-09-14 19:00:00+02:00,26100.0,26274.5,94.4,6186.4875,7149.8,8113.115,26438.0,393.26,503.09250000000003,604.41,16398.0
2024-09-14 20:00:00+02:00,25437.0,25587.5,97.73,6179.51,7125.2625,8094.8775,26438.0,0.0975,0.8325,0.9175,16398.0
2024-09-14 21:00:00+02:00,23685.5,23971.5,91.84,6131.51,7082.3925,8057.135,26438.0,0.0,0.0,0.0,16398.0
2024-09-14 22:00:00+02:00,21671.0,21841.0,84.25,6051.7275,7178.605,8305.4825,26438.0,0.0,0.0,0.0,16398.0
2024-09-14 23:00:00+02:00,19489.5,19971.5,74.23,6454.775,7627.5525,8800.335,26438.0,0.0,0.0,0.0,16398.0
2024-09-15 00:00:00+02:00,18732.0,18600.5,59.26,6713.17,7860.1025,9007.035,26438.0,0.0,0.0,0.0,16398.0
2024-09-15 01:00:00+02:00,18227.5,17995.0,52.79,6419.1675,7509.174999999999,8599.182499999999,26438.0,0.0,0.0,0.0,16399.0
2024-09-15 02:00:00+02:00,17715.0,17411.0,52.05,6102.495,7086.625,8070.7525000000005,26438.0,0.0,0.0,0.0,16399.0
2024-09-15 03:00:00+02:00,16999.0,16771.5,51.67,5750.21,6677.145,7604.075,26438.0,0.0,0.0,0.0,16399.0
2024-09-15 04:00:00+02:00,16511.0,16504.0,53.16,5432.43,6307.11,7181.79,26438.0,0.0,0.0,0.0,16399.0
2024-09-15 05:00:00+02:00,16894.0,16517.0,56.58,5113.610000000001,5956.3375,6799.0599999999995,26438.0,0.0,0.0,0.0,16399.0
2024-09-15 06:00:00+02:00,17851.5,17430.5,64.68,4780.82,5634.4,6487.985,26438.0,0.0,0.0,0.0,16399.0
2024-09-15 07:00:00+02:00,19097.5,18488.5,76.31,4492.45,5395.17,6297.8875,26438.0,0.2575,0.65,1.185,16399.0
2024-09-15 08:00:00+02:00,20298.5,20236.0,80.55,4286.7825,5235.48,6184.18,26438.0,439.03999999999996,480.72749999999996,522.4200000000001,16399.0
2024-09-15 09:00:00+02:00,20593.0,20975.5,77.6,4077.6450000000004,5108.365,6139.09,26438.0,1805.0825,1988.9225000000001,2172.765,16399.0
2024-09-15 10:00:00+02:00,20752.0,20597.0,73.41,4057.165,5097.95,6138.735,26438.0,3318.2375,3614.8725,3911.5074999999997,16399.0
2024-09-15 11:00:00+02:00,20986.5,20544.5,66.56,4161.4325,5267.045,6372.6625,26438.0,4344.3150000000005,4739.885,5135.455,16399.0
2024-09-15 12:00:00+02:00,21856.5,21057.5,61.28,4229.842500000001,5440.8975,6651.955,26438.0,4859.7025,5420.307500000001,5980.0025000000005,16399.0
2024-09-15 13:00:00+02:00,22030.0,21564.0,58.3,4256.78,5482.435,6708.085,26438.0,4751.495,5430.58,6108.485,16399.0
2024-09-15 14:00:00+02:00,22958.0,21933.0,57.57,4117.16,5412.425,6707.6975,26438.0,4015.5175,4794.455,5573.395,16399.0
2024-09-15 15:00:00+02:00,24673.5,22824.0,59.57,4102.5125,5398.4400000000005,6694.365,26438.0,3169.665,3955.7475,4741.8275,16399.0
2024-09-15 16:00:00+02:00,26992.5,25085.0,68.58,4258.935,5472.105,6685.2775,26438.0,2387.0550000000003,2981.4025,3575.7525,16399.0
2024-09-15 17:00:00+02:00,28578.0,27612.5,79.77,4175.625,5366.83,6558.03,26438.0,1606.3175,1921.0149999999999,2235.7075,16399.0
2024-09-15 18:00:00+02:00,29040.5,28778.0,92.43,3510.6,4908.530000000001,6306.4625,26438.0,875.31,1031.9125,1189.9225000000001,16399.0
2024-09-15 19:00:00+02:00,29018.0,28985.0,101.36,2832.6925,4462.695,6092.6975,26438.0,233.07,317.2425,383.0975,16399.0
2024-09-15 20:00:00+02:00,28182.5,27775.0,103.26,2630.285,4197.29,5764.295,26438.0,0.0675,3.935,4.12,16399.0
2024-09-15 21:00:00+02:00,25516.5,25883.0,98.21,2432.425,3889.325,5346.225,26438.0,0.0,0.0,0.0,16399.0
2024-09-15 22:00:00+02:00,23280.0,23348.0,91.29,2243.495,3535.61,4827.725,26438.0,0.0,0.0,0.0,16399.0
2024-09-15 23:00:00+02:00,20837.0,21102.0,83.11,2249.76,3298.8424999999997,4347.922500000001,26438.0,0.0,0.0,0.0,16399.0
2024-09-16 00:00:00+02:00,19672.5,19993.5,81.97,2218.605,3154.765,4090.93,26438.0,0.0,0.0,0.0,16399.0
2024-09-16 01:00:00+02:00,19291.5,19549.0,77.94,2001.3274999999999,2981.545,3961.7625,26438.0,0.0,0.0,0.0,17194.0
2024-09-16 02:00:00+02:00,18999.5,19059.5,75.79,1763.2975000000001,2834.46,3905.6225,26438.0,0.0,0.0,0.0,17194.0
2024-09-16 03:00:00+02:00,18483.0,18569.0,74.46,1616.775,2756.7675,3896.755,26438.0,0.0,0.0,0.0,17194.0
2024-09-16 04:00:00+02:00,18310.0,18439.5,75.91,1508.505,2682.0550000000003,3855.6,26438.0,0.0,0.0,0.0,17194.0
2024-09-16 05:00:00+02:00,19383.0,19431.0,77.53,1321.745,2549.39,3777.045,26438.0,0.0,0.0,0.0,17194.0
2024-09-16 06:00:00+02:00,23073.0,22846.0,85.47,1036.54,2379.14,3721.7375,26438.0,0.0,0.0,0.0,17194.0
2024-09-16 07:00:00+02:00,26242.0,26605.5,99.18,760.38,2163.1000000000004,3565.8199999999997,26438.0,0.13,0.3225,0.57,17194.0
2024-09-16 08:00:00+02:00,27672.0,27741.0,106.24,548.1800000000001,1955.925,3363.67,26438.0,497.52,593.8599999999999,690.2075,17194.0
2024-09-16 09:00:00+02:00,27227.0,27732.5,103.12,537.755,1890.5275000000001,3243.3,26438.0,2193.435,2464.7825,2736.135,17194.0
2024-09-16 10:00:00+02:00,25260.5,26765.0,93.47,596.5925,1904.2425,3211.895,26438.0,4315.6224999999995,4719.17,5122.715,17194.0
2024-09-16 11:00:00+02:00,23752.5,25310.0,85.5,616.47,1952.815,3289.165,26438.0,6076.15,6637.8025,7199.452499999999,17194.0
2024-09-16 12:00:00+02:00,22876.5,24209.0,81.16,653.6,1997.51,3341.42,26438.0,7413.955,8170.575,8927.1975,17194.0
2024-09-16 13:00:00+02:00,22091.5,23608.0,78.97,722.14,1980.0925,3238.05,26438.0,8244.985,9082.875,9920.7625,17194.0
2024-09-16 14:00:00+02:00,21863.5,23766.5,75.33,849.2850000000001,2000.925,3152.57,26438.0,8321.135,9185.375,10043.49,17194.0
2024-09-16 15:00:00+02:00,22702.5,24679.5,74.14,974.005,2072.155,3170.3050000000003,26438.0,7649.4925,8387.135,9124.7775,17194.0
2024-09-16 16:00:00+02:00,25079.5,26754.5,76.46,1191.48,2194.9700000000003,3198.4575,26438.0,6313.4825,6796.8075,7280.1375,17194.0
2024-09-16 17:00:00+02:00,28296.0,29489.0,84.77,1505.53,2413.34,3321.1425,26438.0,4506.235000000001,4871.3475,5234.6625,17194.0
2024-09-16 18:00:00+02:00,30415.5,30842.5,99.02,1762.4875,2634.7325,3506.98,26438.0,2389.555,2584.4075,2803.215,17194.0
2024-09-16 19:00:00+02:00,31085.5,31432.5,109.91,2013.33,2876.12,3738.91,26438.0,573.6899999999999,611.355,665.5024999999999,17194.0
2024-09-16 20:00:00+02:00,30620.0,31227.5,110.43,2401.6875,3225.95,4050.21,26438.0,0.0925,0.645,0.8425,17194.0
2024-09-16 21:00:00+02:00,28206.5,28899.0,103.6,2675.625,3451.005,4226.385,26438.0,0.0,0.0,0.0,17194.0
2024-09-16 22:00:00+02:00,25158.5,25621.0,96.8,2723.6575000000003,3482.1725,4240.6900000000005,26438.0,0.0,0.0,0.0,17194.0
2024-09-16 23:00:00+02:00,22301.0,22513.5,86.76,2706.375,3442.7125,4179.0525,26438.0,0.0,0.0,0.0,17194.0
2024-09-17 00:00:00+02:00,20981.5,20762.0,81.06,2463.5975,3252.2775,4040.955,26438.0,0.0,0.0,0.0,17194.0
2024-09-17 01:00:00+02:00,20407.0,20215.0,76.73,2176.76,3030.3875,3884.02,26438.0,0.0,0.0,0.0,17196.0
2024-09-17 02:00:00+02:00,19976.0,19878.0,75.05,2055.465,2928.995,3802.515,26438.0,0.0,0.0,0.0,17196.0
2024-09-17 03:00:00+02:00,19401.0,19141.0,73.4,2010.2024999999999,2894.6725,3779.1400000000003,26438.0,0.0,0.0,0.0,17196.0
2024-09-17 04:00:00+02:00,19209.0,19004.0,74.48,2122.9775,2936.41,3749.845,26438.0,0.0,0.0,0.0,17196.0
2024-09-17 05:00:00+02:00,20210.5,19940.5,75.26,2270.2,3040.0725,3809.94,26438.0,0.0,0.0,0.0,17196.0
2024-09-17 06:00:00+02:00,23869.5,23716.5,81.75,2350.2650000000003,3144.61,3938.955,26438.0,0.0,0.0,0.0,17196.0
2024-09-17 07:00:00+02:00,26717.5,27532.5,94.02,2444.2799999999997,3242.6625,4041.045,26438.0,0.245,0.71,0.9825,17196.0
2024-09-17 08:00:00+02:00,28208.5,27265.0,101.64,2523.4525,3263.6549999999997,4003.8625,26438.0,552.1375,588.9549999999999,622.1775,17196.0
2024-09-17 09:00:00+02:00,26468.0,27119.5,96.98,2602.795,3242.105,3881.42,26438.0,2393.7425,2520.76,2648.0525,17196.0
2024-09-17 10:00:00+02:00,24305.0,25412.0,88.08,2564.68,3171.665,3778.6425,26438.0,4609.0325,4849.055,5089.075,17196.0
2024-09-17 11:00:00+02:00,22997.5,24141.0,80.98,2522.1,3129.715,3737.3325,26438.0,6421.045,6749.92,7078.795,17196.0
2024-09-17 12:00:00+02:00,22049.5,23427.0,73.53,2585.92,3178.535,3771.1549999999997,26438.0,7668.389999999999,8057.4275,8446.4625,17196.0
2024-09-17 13:00:00+02:00,21389.0,22714.0,72.1,2637.2925,3226.4700000000003,3815.6475,26438.0,8226.7725,8683.4575,9140.137499999999,17196.0
2024-09-17 14:00:00+02:00,21517.5,22502.5,68.04,2665.215,3262.5150000000003,3859.815,26438.0,8186.6525,8649.57,9112.485,17196.0
2024-09-17 15:00:00+02:00,22550.5,23242.5,69.06,2655.3525,3265.12,3874.8875,26438.0,7625.8099999999995,8026.1425,8426.475,17196.0
2024-09-17 16:00:00+02:00,25162.5,25572.5,71.24,2741.41,3330.8824999999997,3920.3525,26438.0,6413.1725,6753.4575,7090.605,17196.0
2024-09-17 17:00:00+02:00,28053.0,28738.0,81.01,2953.8325,3522.89,4091.9449999999997,26438.0,4624.345,4879.7525000000005,5173.4875,17196.0
2024-09-17 18:00:00+02:00,29815.5,30802.5,95.59,3124.9224999999997,3715.7200000000003,4306.5175,26438.0,2421.775,2560.1,2771.695,17196.0
2024-09-17 19:00:00+02:00,31158.0,31549.5,108.34,3249.6724999999997,3867.935,4486.1975,26438.0,557.91,598.515,662.7275,17196.0
2024-09-17 20:00:00+02:00,30341.5,31213.5,110.52,3412.46,4067.5675,4722.675,26438.0,0.2,0.77,0.99,17196.0
2024-09-17 21:00:00+02:00,28015.0,28792.5,102.14,3505.9049999999997,4242.3525,4978.8025,26438.0,0.0,0.0,0.0,17196.0
2024-09-17 22:00:00+02:00,24937.5,25720.0,92.53,3568.6375,4343.345,5118.0599999999995,26438.0,0.0,0.0,0.0,17196.0
2024-09-17 23:00:00+02:00,22139.5,22804.0,82.23,3623.865,4273.952499999999,4924.045,26438.0,0.0,0.0,0.0,17196.0
2024-09-18 00:00:00+02:00,20787.0,20736.0,78.66,3594.6525,4181.915,4769.18,26438.0,0.0,0.0,0.0,17196.0
2024-09-18 01:00:00+02:00,20199.0,20050.0,73.71,3555.2775,4149.5650000000005,4743.8475,26438.0,0.0,0.0,0.0,17196.0
2024-09-18 02:00:00+02:00,19541.5,19691.5,71.97,3460.285,4003.19,4546.105,26438.0,0.0,0.0,0.0,17196.0
2024-09-18 03:00:00+02:00,19067.0,18973.5,70.73,3224.715,3802.44,4380.155,26438.0,0.0,0.0,0.0,17196.0
2024-09-18 04:00:00+02:00,18814.0,18821.5,72.34,2981.145,3610.645,4240.15,26438.0,0.0,0.0,0.0,17196.0
2024-09-18 05:00:00+02:00,19780.5,19616.5,73.27,2893.66,3533.3875,4173.112499999999,26438.0,0.0,0.0,0.0,17196.0
2024-09-18 06:00:00+02:00,23199.5,23162.0,79.94,2940.96,3590.33,4239.700000000001,26438.0,0.0,0.0,0.0,17196.0
2024-09-18 07:00:00+02:00,26896.5,26693.0,93.03,3075.96,3723.0825,4370.205,26438.0,0.0875,0.5775,0.9875,17196.0
2024-09-18 08:00:00+02:00,28243.5,27181.5,99.07,3173.205,3847.055,4520.91,26438.0,474.0375,540.045,602.4725000000001,17196.0
2024-09-18 09:00:00+02:00,28334.5,25700.0,95.55,3233.91,3909.42,4584.9349999999995,26438.0,1845.5725,2148.0625,2450.83,17196.0
2024-09-18 10:00:00+02:00,26513.5,24149.5,88.56,3227.09,3890.985,4554.88,26438.0,3495.07,4121.8375,4748.605,17196.0
2024-09-18 11:00:00+02:00,25335.5,23540.5,81.54,3094.4425,3789.105,4483.7675,26438.0,5009.5425,5919.1,6828.657499999999,17196.0
2024-09-18 12:00:00+02:00,23514.0,23249.5,75.83,2911.385,3656.425,4401.46,26438.0,6286.9875,7439.9575,8592.93,17196.0
2024-09-18 13:00:00+02:00,22288.0,22263.0,71.82,2819.5975,3562.0625,4304.525,26438.0,7407.995,8588.535,9769.067500000001,17196.0
2024-09-18 14:00:00+02:00,21504.0,22123.5,67.67,2875.8275,3573.6324999999997,4271.4349999999995,26438.0,7855.83,8961.9,10070.17,17196.0
2024-09-18 15:00:00+02:00,22313.0,22997.0,66.14,2996.335,3679.065,4361.8,26438.0,7486.41,8399.16,9311.907500000001,17196.0
2024-09-18 16:00:00+02:00,24876.0,25424.5,69.38,3179.0575,3835.3525,4491.645,26438.0,6285.3175,6857.235,7429.1525,17196.0
2024-09-18 17:00:00+02:00,27911.5,28166.5,77.47,3382.185,4049.32,4716.455,26438.0,4531.39,4898.415,5265.4425,17196.0
2024-09-18 18:00:00+02:00,29663.0,29904.5,91.33,3614.2275,4311.66,5009.09,26438.0,2393.91,2581.565,2769.2225,17196.0
2024-09-18 19:00:00+02:00,30228.0,30869.5,104.55,3899.365,4668.545,5437.7275,26438.0,584.3125,612.61,640.8225,17196.0
2024-09-18 20:00:00+02:00,29537.5,30322.0,106.02,4157.88,5038.22,5918.555,26438.0,0.4625,0.55,0.6325,17196.0
2024-09-18 21:00:00+02:00,27127.0,27529.0,97.88,4371.96,5283.43,6211.9625,26438.0,0.0,0.0,0.0,17196.0
2024-09-18 22:00:00+02:00,24111.0,24471.0,87.88,4525.9425,5419.2375,6329.594999999999,26438.0,0.0,0.0,0.0,17196.0
2024-09-18 23:00:00+02:00,21633.5,21831.0,79.13,4461.235,5277.3625,6093.4925,26438.0,0.0,0.0,0.0,17196.0
2024-09-19 00:00:00+02:00,20230.5,20569.0,74.61,4188.6525,4912.9075,5637.1625,26438.0,0.0,0.0,0.0,17196.0
2024-09-19 01:00:00+02:00,19642.5,20025.0,71.51,3711.84,4404.53,5097.23,26438.0,0.0,0.0,0.0,17196.0
2024-09-19 02:00:00+02:00,18697.5,19559.0,70.54,3165.415,3826.21,4487.005,26438.0,0.0,0.0,0.0,17196.0
2024-09-19 03:00:00+02:00,18323.0,18939.0,70.14,2766.7200000000003,3432.355,4097.995,26438.0,0.0,0.0,0.0,17196.0
2024-09-19 04:00:00+02:00,18334.0,18720.0,71.66,2541.4475,3218.8475,3896.25,26438.0,0.0,0.0,0.0,17196.0
2024-09-19 05:00:00+02:00,19303.0,19755.0,73.04,2456.755,3137.6375,3818.515,26438.0,0.0,0.0,0.0,17196.0
2024-09-19 06:00:00+02:00,22770.5,23406.5,79.51,2472.41,3168.465,3864.5125,26438.0,0.0,0.0,0.0,17196.0
2024-09-19 07:00:00+02:00,26075.5,26336.5,93.81,2630.22,3324.285,4018.3500000000004,26438.0,0.0,0.12,0.12,17196.0
2024-09-19 08:00:00+02:00,28825.0,28442.0,99.44,2844.9275,3506.08,4167.235,26438.0,302.99,410.6825,512.86,17196.0
2024-09-19 09:00:00+02:00,28454.5,27347.5,98.51,2776.38,3474.625,4172.875,26438.0,1324.8700000000001,1635.155,1945.8675,17196.0
2024-09-19 10:00:00+02:00,27003.5,25691.0,89.17,2583.59,3285.8100000000004,3988.035,26438.0,2700.9675,3293.565,3886.16,17196.0
2024-09-19 11:00:00+02:00,25320.0,24850.5,80.77,2408.2925,3072.5,3736.71,26438.0,4372.175,5142.3175,5912.4575,17196.0
2024-09-19 12:00:00+02:00,24147.5,24155.5,75.31,2268.675,2910.8725,3553.07,26438.0,6022.922500000001,6834.3775,7645.8375,17196.0
2024-09-19 13:00:00+02:00,22678.0,23212.5,71.67,2235.8875,2836.0699999999997,3436.245,26438.0,7281.9325,8023.1975,8764.460000000001,17196.0
2024-09-19 14:00:00+02:00,22560.0,23095.5,68.34,2212.4300000000003,2823.51,3434.59,26438.0,7837.1675,8383.76,8980.567500000001,17196.0
2024-09-19 15:00:00+02:00,23636.0,23865.5,68.09,2309.26,2923.33,3537.4,26438.0,7385.5825,7835.3,8285.02,17196.0
2024-09-19 16:00:00+02:00,26028.0,26228.0,71.38,2518.985,3144.08,3769.1800000000003,26438.0,5975.595,6343.485,6711.3775,17196.0
2024-09-19 17:00:00+02:00,28610.5,28879.0,79.62,2834.215,3505.7825000000003,4177.35,26438.0,4074.6525,4401.0675,4724.78,17196.0
2024-09-19 18:00:00+02:00,29921.0,30287.5,93.94,3273.31,3971.13,4668.96,26438.0,2037.5625,2230.9925000000003,2459.7325,17196.0
2024-09-19 19:00:00+02:00,30830.5,31018.5,103.71,3767.625,4491.1775,5214.7275,26438.0,485.53499999999997,517.01,582.4675,17196.0
2024-09-19 20:00:00+02:00,29643.0,30097.5,105.5,4132.717500000001,4912.165,5691.612499999999,26438.0,0.3275,0.5475,0.65,17196.0
2024-09-19 21:00:00+02:00,27190.0,27768.0,97.02,4267.585,5096.1825,5924.78,26438.0,0.0,0.0,0.0,17196.0
2024-09-19 22:00:00+02:00,24337.0,24682.5,86.75,4171.9275,5075.725,5979.525,26438.0,0.0,0.0,0.0,17196.0
2024-09-19 23:00:00+02:00,21756.5,21858.0,78.37,3785.8900000000003,4600.2925,5414.6900000000005,26438.0,0.0,0.0,0.0,17196.0
2024-09-20 00:00:00+02:00,20474.5,20291.0,73.95,3428.805,4092.15,4755.495,26438.0,0.0,0.0,0.0,17196.0
2024-09-20 01:00:00+02:00,19485.0,19680.0,70.27,3162.8325,3818.71,4474.59,26438.0,0.0,0.0,0.0,17196.0
2024-09-20 02:00:00+02:00,19172.0,19034.5,68.77,2780.5625,3520.965,4261.375,26438.0,0.0,0.0,0.0,17196.0
2024-09-20 03:00:00+02:00,18699.5,18691.0,67.14,2620.4925000000003,3414.005,4207.52,26438.0,0.0,0.0,0.0,17196.0
2024-09-20 04:00:00+02:00,18486.0,18198.5,67.46,2796.51,3535.4849999999997,4274.4625,26438.0,0.0,0.0,0.0,17196.0
2024-09-20 05:00:00+02:00,19137.5,18902.0,68.44,3164.5875,3889.0299999999997,4613.47,26438.0,0.0,0.0,0.0,17196.0
2024-09-20 06:00:00+02:00,22601.5,22485.0,76.37,3557.875,4288.855,5019.83,26438.0,0.0,0.0,0.0,17196.0
2024-09-20 07:00:00+02:00,26930.5,26301.0,89.09,3832.895,4586.465,5340.03,26438.0,0.0,0.2875,0.2875,17196.0
2024-09-20 08:00:00+02:00,29174.0,27961.5,95.7,4034.8424999999997,4877.21,5719.58,26438.0,171.45999999999998,316.0975,377.0325,17196.0
2024-09-20 09:00:00+02:00,28986.5,27889.5,96.13,4280.485000000001,5196.5425,6112.605,26438.0,959.775,1368.3725,1598.1775,17196.0
2024-09-20 10:00:00+02:00,27764.0,27447.0,88.82,4441.545,5376.055,6310.57,26438.0,2289.9775,2872.0924999999997,3365.4475,17196.0
2024-09-20 11:00:00+02:00,26713.0,27057.0,81.57,4516.095,5469.75,6423.405,26438.0,3720.465,4480.757500000001,5248.37,17196.0
2024-09-20 12:00:00+02:00,26155.5,26287.0,75.9,4590.67,5553.915,6517.1575,26438.0,4912.9425,5885.3375,6857.7275,17196.0
2024-09-20 13:00:00+02:00,25457.0,25155.5,72.24,4586.885,5567.12,6547.365,26438.0,5702.4925,6758.455,7814.4225,17196.0
2024-09-20 14:00:00+02:00,25029.0,24639.0,67.82,4580.82,5586.75,6592.685,26438.0,5905.66,6960.955,8015.3625,17196.0
2024-09-20 15:00:00+02:00,24999.0,25068.0,63.76,4588.657499999999,5609.235000000001,6629.8150000000005,26438.0,5448.6,6480.0599999999995,7511.52,17196.0
2024-09-20 16:00:00+02:00,26237.0,26510.0,66.72,4733.0175,5702.96,6672.9025,26438.0,4585.9875,5338.77,6091.5525,17196.0
2024-09-20 17:00:00+02:00,28118.5,28522.5,73.39,5063.969999999999,6002.84,6941.71,26438.0,3400.335,3867.1025,4333.8625,17196.0
2024-09-20 18:00:00+02:00,28977.5,29451.0,87.16,5296.305,6299.04,7301.78,26438.0,1797.4125,2043.6325000000002,2290.25,17196.0
2024-09-20 19:00:00+02:00,29574.5,30051.0,95.95,5552.375,6664.3150000000005,7776.26,26438.0,430.2475,479.47249999999997,523.59,17196.0
2024-09-20 20:00:00+02:00,28478.0,29302.0,97.45,5992.3025,7162.2,8332.1,26438.0,0.2975,0.89,1.0325,17196.0
2024-09-20 21:00:00+02:00,26085.0,27231.5,87.88,6208.755,7336.1625,8463.57,26438.0,0.0,0.0,0.0,17196.0
2024-09-20 22:00:00+02:00,23525.5,24499.5,80.44,5966.375,7102.7125,8239.05,26438.0,0.0,0.0,0.0,17196.0
2024-09-20 23:00:00+02:00,21455.5,21932.5,71.8,5924.49,6940.875,7957.2575,26438.0,0.0,0.0,0.0,17196.0
2024-09-21 00:00:00+02:00,20281.0,20282.0,66.56,5748.635,6579.9175,7411.2,26438.0,0.0,0.0,0.0,17196.0
2024-09-21 01:00:00+02:00,19326.0,19475.0,61.76,4986.355,5794.1175,6601.88,26438.0,0.0,0.0,0.0,17197.0
2024-09-21 02:00:00+02:00,18449.0,18644.0,60.07,4305.764999999999,5088.75,5871.735,26438.0,0.0,0.0,0.0,17197.0
2024-09-21 03:00:00+02:00,17702.5,17940.5,58.87,3879.17,4618.52,5357.865,26438.0,0.0,0.0,0.0,17197.0
2024-09-21 04:00:00+02:00,17488.0,17548.5,61.09,3570.58,4347.4125,5124.245,26438.0,0.0,0.0,0.0,17197.0
2024-09-21 05:00:00+02:00,17516.5,17877.0,63.71,3358.955,4270.0225,5181.09,26438.0,0.0,0.0,0.0,17197.0
2024-09-21 06:00:00+02:00,19194.5,19369.5,70.1,3479.1975,4402.264999999999,5325.3375,26438.0,0.0,0.0,0.0,17197.0
2024-09-21 07:00:00+02:00,21442.0,21321.5,79.8,3615.1175000000003,4507.77,5400.415,26438.0,0.0,0.2825,0.2825,17197.0
2024-09-21 08:00:00+02:00,23292.5,23217.0,84.88,3652.74,4571.055,5489.3725,26438.0,276.3625,344.315,404.4975,17197.0
2024-09-21 09:00:00+02:00,23826.5,23521.5,85.1,3807.3175,4654.49,5501.6625,26438.0,1260.35,1486.26,1712.77,17197.0
2024-09-21 10:00:00+02:00,23144.5,22969.0,79.32,3728.3975,4572.43,5416.4625,26438.0,2652.6125,3035.77,3418.925,17197.0
2024-09-21 11:00:00+02:00,22499.0,22248.5,72.8,3573.49,4404.4775,5235.465,26438.0,4089.2375,4568.764999999999,5048.295,17197.0
2024-09-21 12:00:00+02:00,22300.5,21974.5,65.84,3520.6825,4306.945,5100.9675,26438.0,5212.157499999999,5800.9175,6389.68,17197.0
2024-09-21 13:00:00+02:00,21728.0,21617.5,56.5,3442.4925,4247.925,5087.21,26438.0,5809.5599999999995,6525.535,7241.51,17197.0
2024-09-21 14:00:00+02:00,21119.5,21227.5,48.64,3394.6925,4213.97,5059.3375,26438.0,5878.02,6698.1475,7525.4925,17197.0
2024-09-21 15:00:00+02:00,21747.0,21829.5,50.76,3287.205,4162.8,5038.389999999999,26438.0,5197.0125,6118.035,7039.06,17197.0
2024-09-21 16:00:00+02:00,23483.5,23458.5,62.65,3335.295,4297.945,5260.59,26438.0,4054.845,4819.705,5584.5625,17197.0
2024-09-21 17:00:00+02:00,25505.0,25669.5,73.67,3444.3450000000003,4491.85,5539.35,26438.0,2707.04,3206.7475,3706.455,17197.0
2024-09-21 18:00:00+02:00,27038.5,26915.0,88.03,3504.7675,4658.2525000000005,5811.735000000001,26438.0,1274.35,1509.8474999999999,1746.1725000000001,17197.0
2024-09-21 19:00:00+02:00,27484.0,27468.0,96.66,3768.41,4974.345,6180.28,26438.0,286.59000000000003,337.5125,377.6975,17197.0
2024-09-21 20:00:00+02:00,26977.5,26927.0,97.48,4011.5575,5234.195,6456.84,26438.0,0.0075,0.8325,0.8775,17197.0
2024-09-21 21:00:00+02:00,25046.5,24888.0,89.94,4118.01,5357.4925,6596.9725,26438.0,0.0,0.0,0.0,17197.0
2024-09-21 22:00:00+02:00,22570.0,23012.5,82.2,4238.422500000001,5379.635,6520.85,26438.0,0.0,0.0,0.0,17197.0
2024-09-21 23:00:00+02:00,20534.0,20973.0,73.73,4126.42,5000.285,5874.15,26438.0,0.0,0.0,0.0,17197.0
2024-09-22 00:00:00+02:00,19348.0,19385.5,73.94,3803.3050000000003,4488.9525,5174.6,26438.0,0.0,0.0,0.0,17197.0
2024-09-22 01:00:00+02:00,18556.5,18800.0,70.98,3447.17,4130.9875,4814.8025,26438.0,0.0,0.0,0.0,17194.0
2024-09-22 02:00:00+02:00,17930.0,18129.5,68.37,3041.8875,3740.915,4439.945,26438.0,0.0,0.0,0.0,17194.0
2024-09-22 03:00:00+02:00,17255.0,17329.5,66.32,2692.485,3469.115,4245.745,26438.0,0.0,0.0,0.0,17194.0
2024-09-22 04:00:00+02:00,16703.5,16952.5,67.09,2443.2425,3337.5,4231.76,26438.0,0.0,0.0,0.0,17194.0
2024-09-22 05:00:00+02:00,16982.5,17153.0,68.5,2355.5025,3311.465,4267.43,26438.0,0.0,0.0,0.0,17194.0
2024-09-22 06:00:00+02:00,18023.5,18144.0,74.16,2385.89,3372.35,4358.81,26438.0,0.0,0.0,0.0,17194.0
2024-09-22 07:00:00+02:00,19590.5,19683.0,81.38,2496.6625,3500.9700000000003,4505.275,26438.0,0.0,0.11,0.11,17194.0
2024-09-22 08:00:00+02:00,22256.0,21966.5,85.58,2683.375,3670.105,4656.83,26438.0,43.1525,135.8325,153.695,17194.0
2024-09-22 09:00:00+02:00,24020.5,23563.0,86.25,2809.4674999999997,3750.58,4691.6875,26438.0,369.7325,676.5475,756.175,17194.0
2024-09-22 10:00:00+02:00,25111.5,24303.0,85.59,2776.035,3702.035,4628.0375,26438.0,1033.1375,1510.4524999999999,1681.8575,17194.0
2024-09-22 11:00:00+02:00,25816.0,25228.5,82.26,2679.38,3596.38,4513.3775,26438.0,1792.185,2288.4625,2574.0275,17194.0
2024-09-22 12:00:00+02:00,26204.0,25459.5,80.07,2546.37,3445.5975,4344.8275,26438.0,2375.36,2815.275,3205.88,17194.0
2024-09-22 13:00:00+02:00,26263.5,25373.0,78.62,2357.31,3263.4350000000004,4169.55,26438.0,2708.7275,3152.5475,3601.1125,17194.0
2024-09-22 14:00:00+02:00,26252.5,25222.0,78.07,2159.175,3055.075,3950.9775,26438.0,2775.1775,3264.135,3763.1475,17194.0
2024-09-22 15:00:00+02:00,26552.0,25848.0,79.15,2016.0475,2901.5075,3786.97,26438.0,2597.26,3130.5825,3663.9,17194.0
2024-09-22 16:00:00+02:00,27733.0,26923.0,81.74,1978.2875000000001,2844.5825,3710.875,26438.0,2111.57,2580.34,3049.1099999999997,17194.0
2024-09-22 17:00:00+02:00,29409.5,28724.0,88.48,2047.5425,2882.1,3716.66,26438.0,1376.05,1664.3225,1952.5900000000001,17194.0
2024-09-22 18:00:00+02:00,29619.5,28969.5,98.87,2172.765,3012.6975,3852.635,26438.0,635.9525,759.5799999999999,883.6600000000001,17194.0
2024-09-22 19:00:00+02:00,29614.5,29092.5,105.79,2345.5725,3241.71,4137.85,26438.0,124.175,165.21249999999998,200.3725,17194.0
2024-09-22 20:00:00+02:00,27986.5,28253.0,104.83,2488.54,3381.91,4275.28,26438.0,0.0,0.3525,0.3525,17194.0
2024-09-22 21:00:00+02:00,25652.0,25872.0,95.69,2437.305,3279.87,4122.43,26438.0,0.0,0.0,0.0,17194.0
2024-09-22 22:00:00+02:00,23450.0,23561.0,88.1,2283.395,3117.7725,3952.1499999999996,26438.0,0.0,0.0,0.0,17194.0
2024-09-22 23:00:00+02:00,21088.5,21122.0,79.94,1923.5425,2827.665,3731.79,26438.0,0.0,0.0,0.0,17194.0
2024-09-23 00:00:00+02:00,20076.5,19843.0,78.52,1555.4650000000001,2531.0675,3506.67,26438.0,0.0,0.0,0.0,17194.0
2024-09-23 01:00:00+02:00,19910.0,19350.0,74.21,1332.5349999999999,2317.9425,3303.345,26438.0,0.0,0.0,0.0,17194.0
2024-09-23 02:00:00+02:00,18972.0,18571.0,73.2,1104.0475000000001,2131.5525,3159.0575,26438.0,0.0,0.0,0.0,17194.0
2024-09-23 03:00:00+02:00,18825.0,18270.0,71.71,992.81,2045.785,3098.75,26438.0,0.0,0.0,0.0,17194.0
2024-09-23 04:00:00+02:00,18712.5,18148.5,72.96,943.395,1999.875,3056.36,26438.0,0.0,0.0,0.0,17194.0
2024-09-23 05:00:00+02:00,19488.0,19329.5,74.36,950.0875,2050.29,3150.4925,26438.0,0.0,0.0,0.0,17194.0
2024-09-23 06:00:00+02:00,23930.5,23376.5,80.6,1048.1025,2183.7775,3319.455,26438.0,0.0,0.0,0.0,17194.0
2024-09-23 07:00:00+02:00,27848.0,27558.0,93.92,1215.37,2394.635,3573.9,26438.0,0.0,0.05,0.05,17194.0
2024-09-23 08:00:00+02:00,30322.5,30195.5,102.73,1462.0349999999999,2634.795,3807.55,26438.0,71.29,98.3275,123.52250000000001,17194.0
2024-09-23 09:00:00+02:00,31172.0,31052.0,102.59,1566.1425,2755.815,3945.4875,26438.0,491.8075,582.4549999999999,673.235,17194.0
2024-09-23 10:00:00+02:00,31333.0,30913.0,98.53,1462.855,2769.2175,4075.58,26438.0,1232.0925,1458.0825,1684.075,17194.0
2024-09-23 11:00:00+02:00,30996.5,30656.0,93.87,1461.9025,2766.0475,4070.1925,26438.0,1965.8400000000001,2333.4275,2701.0075,17194.0
2024-09-23 12:00:00+02:00,30791.5,30906.0,90.84,1490.6275,2750.6175000000003,4010.61,26438.0,2428.8725,2986.7875,3544.7,17194.0
2024-09-23 13:00:00+02:00,30757.5,30243.0,89.24,1560.9375,2836.4725,4112.005,26438.0,2659.785,3361.135,4062.4849999999997,17194.0
2024-09-23 14:00:00+02:00,30365.5,30246.5,86.54,1713.1725000000001,3101.4750000000004,4489.78,26438.0,2730.925,3392.8025,4047.6775,17194.0
2024-09-23 15:00:00+02:00,30166.0,30603.0,85.0,1887.8200000000002,3272.87,4657.925,26438.0,2535.9925000000003,3167.705,3799.415,17194.0
2024-09-23 16:00:00+02:00,31135.0,31850.0,85.97,1951.96,3281.8999999999996,4611.845,26438.0,1980.2250000000001,2599.74,3219.255,17194.0
2024-09-23 17:00:00+02:00,32837.5,32936.5,91.78,1796.03,3299.0975,4802.1675,26438.0,1287.4875,1706.275,2125.0675,17194.0
2024-09-23 18:00:00+02:00,33100.0,32891.0,102.04,1688.0625,3311.395,4934.73,26438.0,587.885,752.255,916.625,17194.0
2024-09-23 19:00:00+02:00,32727.0,32759.5,108.59,1640.745,3355.85,5070.95,26438.0,99.45,138.1925,176.93,17194.0
2024-09-23 20:00:00+02:00,30929.5,30972.0,107.71,1709.0925,3488.9700000000003,5268.85,26438.0,0.1825,0.4,0.64,17194.0
2024-09-23 21:00:00+02:00,28133.5,28648.5,99.41,1758.915,3556.8,5354.6875,26438.0,0.0,0.0,0.0,17194.0
2024-09-23 22:00:00+02:00,24914.5,25625.0,90.81,1803.55,3609.3325,5415.115,26438.0,0.0,0.0,0.0,17194.0
2024-09-23 23:00:00+02:00,21931.5,22688.0,80.92,2810.79,4285.63,5760.47,26438.0,0.0,0.0,0.0,17194.0
2024-09-24 00:00:00+02:00,20836.5,20719.5,78.05,3726.935,4868.325,6009.715,26438.0,0.0,0.0,0.0,17194.0
2024-09-24 01:00:00+02:00,20171.5,20197.5,72.97,3537.9525,4707.765,5877.577499999999,26438.0,0.0,0.0,0.0,17194.0
2024-09-24 02:00:00+02:00,19914.0,19854.0,70.59,3260.23,4514.6975,5769.165,26438.0,0.0,0.0,0.0,17194.0
2024-09-24 03:00:00+02:00,19631.0,19347.5,68.36,3017.75,4361.1275000000005,5704.5075,26438.0,0.0,0.0,0.0,17194.0
2024-09-24 04:00:00+02:00,19195.0,19069.0,68.69,2704.005,4218.65,5733.2925,26438.0,0.0,0.0,0.0,17194.0
2024-09-24 05:00:00+02:00,20498.0,20141.0,69.71,2502.83,4177.922500000001,5853.014999999999,26438.0,0.0,0.0,0.0,17194.0
2024-09-24 06:00:00+02:00,24451.0,24308.5,76.24,2511.1825,4212.965,5914.7474999999995,26438.0,0.0,0.0,0.0,17194.0
2024-09-24 07:00:00+02:00,27887.0,28498.0,87.67,2721.065,4437.0675,6153.07,26438.0,0.0,0.0425,0.15,17194.0
2024-09-24 08:00:00+02:00,30357.0,30090.0,95.21,3074.1,4791.1275,6508.16,26438.0,81.4925,145.53,210.0025,17194.0
2024-09-24 09:00:00+02:00,30512.0,30202.0,95.09,3519.795,5230.7,6941.610000000001,26438.0,579.5825,863.745,1147.8700000000001,17194.0
2024-09-24 10:00:00+02:00,30309.5,29578.0,88.96,4080.4725,5678.1875,7275.9,26438.0,1666.0075,2170.375,2674.7425000000003,17194.0
2024-09-24 11:00:00+02:00,29332.5,29274.0,82.59,4554.6725,5941.4475,7328.22,26438.0,2944.8424999999997,3537.845,4130.85,17194.0
2024-09-24 12:00:00+02:00,28830.5,29358.5,78.54,4878.555,6192.575,7506.594999999999,26438.0,3896.5675,4531.1075,5165.6525,17194.0
2024-09-24 13:00:00+02:00,28199.0,28378.5,76.99,4985.905000000001,6279.01,7572.105,26438.0,4562.925,5117.3925,5671.855,17194.0
2024-09-24 14:00:00+02:00,27688.5,28007.0,76.56,4969.275,6136.93,7304.585,26438.0,4797.0075,5272.575,5745.62,17194.0
2024-09-24 15:00:00+02:00,27764.5,28174.0,76.94,5030.9025,6050.0,7069.1,26438.0,4266.745,4770.955,5275.16,17194.0
2024-09-24 16:00:00+02:00,29218.0,29714.5,79.97,4925.9400000000005,5928.32,6930.7025,26438.0,3106.75,3649.13,4191.5075,17194.0
2024-09-24 17:00:00+02:00,31248.0,31222.0,87.51,4541.9,5763.77,6985.6425,26438.0,1932.0675,2337.145,2742.2200000000003,17194.0
2024-09-24 18:00:00+02:00,32376.0,32047.5,100.14,4072.525,5651.4225,7230.32,26438.0,873.8275,1038.7225,1203.6125,17194.0
2024-09-24 19:00:00+02:00,32918.5,32330.5,110.08,3915.125,5727.865,7540.6,26438.0,150.4725,200.5725,250.68,17194.0
2024-09-24 20:00:00+02:00,31231.5,30413.0,110.22,4122.799999999999,6009.8275,7896.855,26438.0,0.0,0.0425,0.135,17194.0
2024-09-24 21:00:00+02:00,28448.0,28216.5,99.69,4346.745,6292.5375,8238.335,26438.0,0.0,0.0,0.0,17194.0
2024-09-24 22:00:00+02:00,25011.0,25303.5,90.65,4341.112499999999,6328.110000000001,8315.1075,26438.0,0.0,0.0,0.0,17194.0
2024-09-24 23:00:00+02:00,22445.0,22515.5,81.3,4618.035,6267.025,7916.014999999999,26438.0,0.0,0.0,0.0,17194.0
2024-09-25 00:00:00+02:00,21435.0,20964.5,73.51,4806.465,6171.035,7535.6025,26438.0,0.0,0.0,0.0,17194.0
2024-09-25 01:00:00+02:00,20966.0,20408.5,68.98,4426.985,5806.985,7186.985000000001,26438.0,0.0,0.0,0.0,17196.0
2024-09-25 02:00:00+02:00,20252.0,20059.0,68.41,3990.4425,5395.85,6801.25,26438.0,0.0,0.0,0.0,17196.0
2024-09-25 03:00:00+02:00,19771.0,19649.0,68.15,3575.9700000000003,4987.29,6398.610000000001,26438.0,0.0,0.0,0.0,17196.0
2024-09-25 04:00:00+02:00,19506.5,19667.5,70.94,3176.0950000000003,4529.0825,5882.07,26438.0,0.0,0.0,0.0,17196.0
2024-09-25 05:00:00+02:00,20889.0,20462.0,73.63,2728.81,4007.915,5287.02,26438.0,0.0,0.0,0.0,17196.0
2024-09-25 06:00:00+02:00,25055.0,24607.0,81.8,2148.075,3359.96,4571.8375,26438.0,0.0,0.0,0.0,17196.0
2024-09-25 07:00:00+02:00,29739.5,29471.5,96.51,1473.375,2665.8900000000003,3858.405,26438.0,0.05,0.115,0.235,17196.0
2024-09-25 08:00:00+02:00,31106.5,31052.0,106.13,843.825,1998.045,3152.255,26438.0,135.5275,210.82999999999998,286.89,17196.0
2024-09-25 09:00:00+02:00,31221.5,31373.5,106.23,452.02500000000003,1411.3,2370.58,26438.0,894.0025,1161.1925,1428.3225,17196.0
2024-09-25 10:00:00+02:00,30403.5,31202.0,97.5,352.37,1005.9399999999999,1659.51,26438.0,2044.8825000000002,2534.0299999999997,3023.1725,17196.0
2024-09-25 11:00:00+02:00,29263.0,30838.5,91.67,356.9875,784.4275,1211.87,26438.0,2846.235,3526.17,4206.110000000001,17196.0
2024-09-25 12:00:00+02:00,29100.5,30545.5,86.6,349.7,680.095,1010.4875,26438.0,3213.9325,3940.4825,4666.66,17196.0
2024-09-25 13:00:00+02:00,28815.0,30515.0,86.0,328.81,662.02,995.23,26438.0,3088.59,3845.3875,4602.1849999999995,17196.0
2024-09-25 14:00:00+02:00,28969.5,30140.5,85.61,307.1275,717.23,1127.335,26438.0,2597.545,3412.2174999999997,4226.8875,17196.0
2024-09-25 15:00:00+02:00,29323.0,29937.0,88.55,239.7425,790.0675,1340.3899999999999,26438.0,1891.3975,2697.215,3503.035,17196.0
2024-09-25 16:00:00+02:00,30659.5,30967.0,92.27,99.33,870.305,1641.27,26438.0,1170.0725,1828.5275,2486.9849999999997,17196.0
2024-09-25 17:00:00+02:00,31675.0,32738.0,101.15,4.59,998.155,2206.715,26438.0,659.3975,1076.055,1492.71,17196.0
2024-09-25 18:00:00+02:00,32554.5,33050.0,110.56,0.0,1301.0825,3156.31,26438.0,259.3825,443.585,627.6925,17196.0
2024-09-25 19:00:00+02:00,32915.5,32563.5,116.33,0.0,1990.04,4565.28,26438.0,50.2975,76.3975,103.75,17196.0
2024-09-25 20:00:00+02:00,31010.5,30779.0,111.36,149.15,3016.1400000000003,6129.195,26438.0,0.0,0.08,0.425,17196.0
2024-09-25 21:00:00+02:00,28142.0,27974.0,100.59,843.995,4130.7975,7417.6,26438.0,0.0,0.0,0.0,17196.0
2024-09-25 22:00:00+02:00,24943.5,24749.0,89.54,1747.3875,5048.5275,8349.665,26438.0,0.0,0.0,0.0,17196.0
2024-09-25 23:00:00+02:00,21944.0,21763.5,77.91,4300.8925,6815.79,9330.689999999999,26438.0,0.0,0.0,0.0,17196.0
2024-09-26 00:00:00+02:00,20533.0,20090.0,68.29,6307.407499999999,8020.37,9733.3325,26438.0,0.0,0.0,0.0,17196.0
2024-09-26 01:00:00+02:00,19973.0,19400.0,60.94,5905.62,7571.6925,9237.765,26438.0,0.0,0.0,0.0,17196.0
2024-09-26 02:00:00+02:00,19351.5,18696.5,57.82,5583.8925,7228.965,8874.04,26438.0,0.0,0.0,0.0,17196.0
2024-09-26 03:00:00+02:00,18674.0,18046.0,54.51,5479.1325,7141.4125,8803.695,26438.0,0.0,0.0,0.0,17196.0
2024-09-26 04:00:00+02:00,18730.5,17943.0,54.77,5588.615,7105.4400000000005,8622.2675,26438.0,0.0,0.0,0.0,17196.0
2024-09-26 05:00:00+02:00,19706.5,19170.0,55.95,5675.7175,7081.17,8486.6275,26438.0,0.0,0.0,0.0,17196.0
2024-09-26 06:00:00+02:00,23361.5,23090.0,63.91,5520.9400000000005,7071.8099999999995,8622.685,26438.0,0.0,0.0,0.0,17196.0
2024-09-26 07:00:00+02:00,27426.0,27512.5,80.56,5382.665,7122.385,8862.1,26438.0,0.015,0.08,0.1725,17196.0
2024-09-26 08:00:00+02:00,28809.0,29303.0,89.41,5288.1425,7218.465,9148.7825,26438.0,73.2475,142.2975,211.5825,17196.0
2024-09-26 09:00:00+02:00,28538.5,28922.5,88.45,5201.19,7297.375,9393.56,26438.0,586.845,850.185,1113.51,17196.0
2024-09-26 10:00:00+02:00,27636.0,28954.0,82.68,5351.7225,7425.345,9498.9675,26438.0,1703.0375,2137.4925000000003,2571.9474999999998,17196.0
2024-09-26 11:00:00+02:00,26841.5,28101.5,77.62,5566.7925,7575.415,9584.04,26438.0,2978.1549999999997,3504.77,4031.3799999999997,17196.0
2024-09-26 12:00:00+02:00,26759.5,27631.5,73.2,5692.765,7685.6875,9678.6075,26438.0,3845.2974999999997,4483.7375,5122.174999999999,17196.0
2024-09-26 13:00:00+02:00,26768.0,26933.0,70.75,5930.855,7835.045,9739.2325,26438.0,4255.9575,4957.9025,5659.6825,17196.0
2024-09-26 14:00:00+02:00,26736.0,26351.5,67.5,6181.1075,8017.52,9853.93,26438.0,4194.1775,4873.495,5552.8150000000005,17196.0
2024-09-26 15:00:00+02:00,27278.5,26321.0,66.02,6375.1900000000005,8266.165,10157.14,26438.0,3686.925,4265.8425,4844.76,17196.0
2024-09-26 16:00:00+02:00,28690.5,27760.0,69.61,6397.9025,8450.115,10502.325,26438.0,2692.605,3191.86,3691.1150000000002,17196.0
2024-09-26 17:00:00+02:00,30585.5,29767.5,78.46,6347.735000000001,8566.42,10785.1,26438.0,1464.075,1845.21,2226.345,17196.0
2024-09-26 18:00:00+02:00,31344.0,30957.0,92.1,6521.505,8786.6775,11051.8475,26438.0,531.29,696.3875,861.49,17196.0
2024-09-26 19:00:00+02:00,31798.0,31472.5,100.28,6967.6025,9098.279999999999,11228.95,26438.0,68.8625,104.9825,141.10750000000002,17196.0
2024-09-26 20:00:00+02:00,29515.0,29679.5,96.84,7577.795,9648.045,11718.2975,26438.0,0.035,0.1625,0.3275,17196.0
2024-09-26 21:00:00+02:00,26610.0,26849.0,87.45,8141.6475,10111.02,12080.39,26438.0,0.0,0.0,0.0,17196.0
2024-09-26 22:00:00+02:00,23866.5,23420.0,78.19,8651.3525,10464.01,12276.665,26438.0,0.0,0.0,0.0,17196.0
2024-09-26 23:00:00+02:00,21185.0,20818.0,64.2,8745.5175,10565.01,12384.5025,26438.0,0.0,0.0,0.0,17196.0
2024-09-27 00:00:00+02:00,19723.0,18868.0,53.55,8597.08,10470.0,12342.9225,26438.0,0.0,0.0,0.0,17196.0
2024-09-27 01:00:00+02:00,18947.0,18450.0,38.85,8695.8725,10631.925,12567.977499999999,26438.0,0.0,0.0,0.0,17196.0
2024-09-27 02:00:00+02:00,18432.5,17752.0,33.56,8950.525,10892.7475,12834.97,26438.0,0.0,0.0,0.0,17196.0
2024-09-27 03:00:00+02:00,17690.5,17081.0,25.2,9322.6025,11214.375,13106.15,26438.0,0.0,0.0,0.0,17196.0
2024-09-27 04:00:00+02:00,17463.0,17087.5,21.59,10009.745,11749.43,13489.12,26438.0,0.0,0.0,0.0,17196.0
2024-09-27 05:00:00+02:00,18122.5,18215.5,18.09,10666.285,12266.355,13866.425,26438.0,0.0,0.0,0.0,17196.0
2024-09-27 06:00:00+02:00,21915.5,22234.0,27.77,11133.005000000001,12465.715,13798.425,26438.0,0.0,0.0,0.0,17196.0
2024-09-27 07:00:00+02:00,26810.0,26870.0,62.99,11679.375,12786.27,13893.1625,26438.0,0.0875,0.1675,0.5225,17196.0
2024-09-27 08:00:00+02:00,28126.0,28617.5,81.78,11977.895,13065.11,14152.32,26438.0,56.292500000000004,73.7025,92.83,17196.0
2024-09-27 09:00:00+02:00,28145.0,28454.5,82.74,11838.7925,12963.9825,14089.1675,26438.0,365.225,529.0799999999999,692.8025,17196.0
2024-09-27 10:00:00+02:00,28002.0,27613.0,77.87,11708.1525,12914.66,14121.1575,26438.0,1026.97,1521.5825,2016.2024999999999,17196.0
2024-09-27 11:00:00+02:00,27183.0,26488.0,70.24,11726.3025,13026.42,14326.535,26438.0,1994.2125,2765.3275000000003,3536.445,17196.0
2024-09-27 12:00:00+02:00,26260.0,25592.5,63.33,11678.265,13088.634999999998,14499.0,26438.0,2875.7775,3753.2799999999997,4630.7825,17196.0
2024-09-27 13:00:00+02:00,25014.5,24374.0,57.54,11645.8775,13111.915,14577.955,26438.0,3412.665,4352.3625,5292.0625,17196.0
2024-09-27 14:00:00+02:00,23812.0,23781.5,47.99,11654.08,13100.95,14547.82,26438.0,3815.535,4787.487499999999,5759.4375,17196.0
2024-09-27 15:00:00+02:00,23935.0,23824.0,41.16,11645.7025,13037.845,14429.990000000002,26438.0,3929.6275,4839.4,5747.505,17196.0
2024-09-27 16:00:00+02:00,25492.0,25858.5,46.44,11654.435000000001,13036.4525,14418.47,26438.0,3511.465,4224.555,4937.6449999999995,17196.0
2024-09-27 17:00:00+02:00,28526.5,28629.0,64.87,11587.625,13018.060000000001,14448.494999999999,26438.0,2482.3875,2933.2675,3384.1549999999997,17196.0
2024-09-27 18:00:00+02:00,30609.5,30301.5,81.07,11375.255000000001,12833.9275,14292.6,26438.0,1113.7125,1295.9875,1478.1925,17196.0
2024-09-27 19:00:00+02:00,31639.5,30933.0,91.74,11274.5825,12597.34,13920.095000000001,26438.0,197.235,221.39,246.54,17196.0
2024-09-27 20:00:00+02:00,30358.0,29613.5,93.31,11137.42,12336.6475,13535.880000000001,26438.0,0.0,0.0375,0.2,17196.0
2024-09-27 21:00:00+02:00,28423.0,27821.0,83.9,10817.485,12035.375,13253.2625,26438.0,0.0,0.0,0.0,17196.0
2024-09-27 22:00:00+02:00,25795.0,24962.5,76.07,10398.71,11661.01,12923.3125,26438.0,0.0,0.0,0.0,17196.0
2024-09-27 23:00:00+02:00,23324.5,22314.0,66.29,9853.095000000001,11125.55,12397.994999999999,26438.0,0.0,0.0,0.0,17196.0
2024-09-28 00:00:00+02:00,22277.0,20761.0,46.9,9380.68,10560.16,11739.645,26438.0,0.0,0.0,0.0,17196.0
2024-09-28 01:00:00+02:00,21712.5,20001.5,39.58,8966.04,10035.805,11105.565,26438.0,0.0,0.0,0.0,17196.0
2024-09-28 02:00:00+02:00,20968.0,19643.0,39.68,8400.44,9531.815,10663.1875,26438.0,0.0,0.0,0.0,17196.0
2024-09-28 03:00:00+02:00,20069.0,19101.5,40.02,7920.695,9095.755000000001,10270.815,26438.0,0.0,0.0,0.0,17196.0
2024-09-28 04:00:00+02:00,19650.0,19023.0,41.13,7540.375,8741.96,9943.5425,26438.0,0.0,0.0,0.0,17196.0
2024-09-28 05:00:00+02:00,19850.5,19404.5,45.87,7107.1875,8271.585000000001,9435.9825,26438.0,0.0,0.0,0.0,17196.0
2024-09-28 06:00:00+02:00,21734.5,21140.0,57.34,6739.795,7769.62,8799.44,26438.0,0.0,0.0,0.0,17196.0
2024-09-28 07:00:00+02:00,23878.5,23256.5,76.62,6190.7775,7356.02,8521.26,26438.0,0.0,0.0,0.0,17196.0
2024-09-28 08:00:00+02:00,25224.5,24922.5,85.14,5436.09,6799.63,8163.1675000000005,26438.0,351.65,371.4,395.015,17196.0
2024-09-28 09:00:00+02:00,24553.5,24736.0,84.68,4706.68,6043.525,7380.3775000000005,26438.0,1898.2825,2004.705,2118.2,17196.0
2024-09-28 10:00:00+02:00,23350.0,23946.5,77.79,4086.6625,5363.64,6640.62,26438.0,4046.9225,4264.43,4484.445,17196.0
2024-09-28 11:00:00+02:00,22478.0,23018.0,65.71,3534.9675,4857.885,6180.8,26438.0,5911.8975,6226.845,6543.4974999999995,17196.0
2024-09-28 12:00:00+02:00,22420.0,22465.0,50.77,3249.7875000000004,4616.3275,5982.87,26438.0,6983.24,7432.6425,7883.9800000000005,17196.0
2024-09-28 13:00:00+02:00,22093.5,22214.0,51.95,3140.84,4594.7675,6048.6975,26438.0,6870.8875,7555.327499999999,8204.682499999999,17196.0
2024-09-28 14:00:00+02:00,21426.5,22007.0,53.66,2910.2799999999997,4461.705,6013.1325,26438.0,6104.41,6933.5625,7762.715,17196.0
2024-09-28 15:00:00+02:00,22681.0,22737.5,56.89,2724.0950000000003,4212.08,5700.0625,26438.0,5123.695,5907.9425,6692.19,17196.0
2024-09-28 16:00:00+02:00,25008.5,25150.0,68.17,2523.145,3969.0375,5414.9275,26438.0,3726.0375000000004,4472.7125,5219.3825,17196.0
2024-09-28 17:00:00+02:00,27993.0,28730.5,80.09,2119.54,3634.29,5149.04,26438.0,2222.7075,2736.5299999999997,3250.35,17196.0
2024-09-28 18:00:00+02:00,29449.5,30198.0,97.59,1665.435,3294.4775,4923.5175,26438.0,909.285,1092.7275,1276.31,17196.0
2024-09-28 19:00:00+02:00,30084.5,30123.5,108.25,1478.2849999999999,3201.13,4923.9775,26438.0,116.855,158.045,197.4025,17196.0
2024-09-28 20:00:00+02:00,28905.5,28773.0,108.44,1461.29,3247.3075,5033.325000000001,26438.0,0.0,0.0325,0.0325,17196.0
2024-09-28 21:00:00+02:00,27425.0,26906.5,97.54,1537.7150000000001,3250.025,4962.3325,26438.0,0.0,0.0,0.0,17196.0
2024-09-28 22:00:00+02:00,25277.5,24775.5,89.29,1653.835,3162.755,4671.674999999999,26438.0,0.0,0.0,0.0,17196.0
2024-09-28 23:00:00+02:00,22890.5,22638.0,80.65,1482.135,2704.1425,3926.15,26438.0,0.0,0.0,0.0,17196.0
2024-09-29 00:00:00+02:00,21377.0,21119.5,83.3,1304.51,2374.8900000000003,3445.27,26438.0,0.0,0.0,0.0,17196.0
2024-09-29 01:00:00+02:00,20651.5,20372.0,80.58,1340.8825,2467.315,3593.7525,26438.0,0.0,0.0,0.0,17196.0
2024-09-29 02:00:00+02:00,20042.0,19838.5,79.32,1425.795,2564.41,3703.0175,26438.0,0.0,0.0,0.0,17196.0
2024-09-29 03:00:00+02:00,19366.5,19130.5,77.23,1517.5075,2630.675,3743.84,26438.0,0.0,0.0,0.0,17196.0
2024-09-29 04:00:00+02:00,18806.5,18709.5,76.75,1525.605,2599.815,3674.02,26438.0,0.0,0.0,0.0,17196.0
2024-09-29 05:00:00+02:00,18860.0,18642.5,77.25,1520.37,2611.425,3702.48,26438.0,0.0,0.0,0.0,17196.0
2024-09-29 06:00:00+02:00,19837.0,19469.5,82.18,1672.445,2794.21,3915.9775,26438.0,0.0,0.0,0.0,17196.0
2024-09-29 07:00:00+02:00,21205.5,20491.0,87.94,1949.725,3118.77,4287.825,26438.0,0.0,0.0,0.0,17196.0
2024-09-29 08:00:00+02:00,23282.0,22528.5,90.3,2376.4725,3642.01,4907.545,26438.0,114.7225,150.3875,183.8025,17196.0
2024-09-29 09:00:00+02:00,24894.0,23711.5,89.81,3014.775,4390.6125,5766.45,26438.0,684.8075,856.95,1026.8375,17196.0
2024-09-29 10:00:00+02:00,25704.0,24820.5,86.36,3825.86,5202.305,6578.745,26438.0,1480.1125,1977.0549999999998,2474.165,17196.0
2024-09-29 11:00:00+02:00,25489.5,24306.5,82.98,4516.42,5873.4974999999995,7230.5725,26438.0,2153.19,2963.265,3773.3375,17196.0
2024-09-29 12:00:00+02:00,25529.5,24487.0,80.14,5030.66,6481.9625,7933.27,26438.0,2690.5299999999997,3600.2725,4510.0175,17196.0
2024-09-29 13:00:00+02:00,25512.5,24212.0,77.67,5520.725,7139.9175,8759.11,26438.0,2872.0924999999997,3791.2775,4710.4725,17196.0
2024-09-29 14:00:00+02:00,25159.0,24386.0,72.76,6014.38,7783.1925,9552.0075,26438.0,2687.3625,3543.5775000000003,4399.7925,17196.0
2024-09-29 15:00:00+02:00,25824.0,24825.0,70.15,6511.34,8473.96,10436.575,26438.0,2284.5275,3048.3025,3812.08,17196.0
2024-09-29 16:00:00+02:00,28326.5,26131.0,72.48,7091.605,9240.525,11389.45,26438.0,1708.8075,2280.635,2852.46,17196.0
2024-09-29 17:00:00+02:00,29763.0,28107.5,79.91,8218.665,10142.79,12066.915,26438.0,941.42,1262.9825,1584.545,17196.0
2024-09-29 18:00:00+02:00,30358.5,28736.0,89.32,9638.2775,11162.775,12687.2725,26438.0,278.775,401.6875,524.6324999999999,17196.0
2024-09-29 19:00:00+02:00,30305.5,28523.0,96.38,10668.69,12003.8,13338.91,26438.0,20.73,31.1375,41.045,17196.0
2024-09-29 20:00:00+02:00,28264.0,26708.5,93.86,11270.37,12511.240000000002,13752.1075,26438.0,0.0075,0.06,0.08,17196.0
2024-09-29 21:00:00+02:00,25527.5,24270.0,84.79,11697.65,12824.4675,13951.2875,26438.0,0.0,0.0,0.0,17196.0
2024-09-29 22:00:00+02:00,22550.0,21950.5,71.51,11837.605,12919.035,14000.470000000001,26438.0,0.0,0.0,0.0,17196.0
2024-09-29 23:00:00+02:00,20055.0,19585.0,52.03,11951.1875,12975.6375,14000.09,26438.0,0.0,0.0,0.0,17196.0
2024-09-30 00:00:00+02:00,19045.0,18312.5,23.62,12047.6975,12994.975,13942.2525,26438.0,0.0,0.0,0.0,17196.0
2024-09-30 01:00:00+02:00,18857.5,18190.0,9.43,11776.845000000001,12745.44,13714.0425,26438.0,0.0,0.0,0.0,17196.0
2024-09-30 02:00:00+02:00,18846.5,17969.5,10.69,11375.9125,12400.91,13425.91,26438.0,0.0,0.0,0.0,17196.0
2024-09-30 03:00:00+02:00,18279.0,17849.0,10.59,11019.33,12097.265,13175.205,26438.0,0.0,0.0,0.0,17196.0
2024-09-30 04:00:00+02:00,18443.5,17812.0,10.9,10738.6075,11805.8375,12873.0625,26438.0,0.0,0.0,0.0,17196.0
2024-09-30 05:00:00+02:00,19505.5,18709.0,16.49,10436.502499999999,11470.0075,12503.5125,26438.0,0.0,0.0,0.0,17196.0
2024-09-30 06:00:00+02:00,23678.0,23151.0,40.95,9934.855,11053.795,12172.7325,26438.0,0.0,0.0,0.0,17196.0
2024-09-30 07:00:00+02:00,28436.5,27264.5,77.37,9403.1175,10671.060000000001,11939.0,26438.0,0.0,0.0,0.0,17196.0
2024-09-30 08:00:00+02:00,30729.0,29931.5,93.26,8987.4,10370.51,11753.62,26438.0,15.34,35.1625,43.245,17196.0
2024-09-30 09:00:00+02:00,32049.5,30987.5,98.59,8410.3375,9969.9675,11529.5975,26438.0,187.42000000000002,272.165,345.1675,17196.0
2024-09-30 10:00:00+02:00,31894.5,31343.5,96.92,7630.96,9346.895,11062.835,26438.0,597.39,778.9825,961.48,17196.0
2024-09-30 11:00:00+02:00,31977.5,31245.5,92.97,6972.6075,8673.215,10373.8275,26438.0,1107.8625,1370.8425,1633.8225,17196.0
2024-09-30 12:00:00+02:00,31904.0,31278.0,90.6,6519.705,8172.7325,9825.76,26438.0,1553.45,1836.9099999999999,2120.375,17196.0
2024-09-30 13:00:00+02:00,31421.0,31485.5,90.01,6048.365,7694.85,9358.9525,26438.0,1846.5725,2148.455,2450.34,17196.0
2024-09-30 14:00:00+02:00,31161.5,31068.5,86.85,5698.145,7262.045,8904.880000000001,26438.0,2011.8725,2355.6175,2698.3775,17196.0
2024-09-30 15:00:00+02:00,31367.0,30598.0,87.21,5519.83,6982.83,8629.3775,26438.0,1934.81,2325.78,2716.75,17196.0
2024-09-30 16:00:00+02:00,32609.0,31468.5,88.08,5302.8925,6717.88,8538.9,26438.0,1546.755,1910.8400000000001,2274.925,17196.0
2024-09-30 17:00:00+02:00,33858.0,33077.0,94.35,5254.83,6680.2125,8626.5975,26438.0,963.4475,1231.315,1499.185,17196.0
2024-09-30 18:00:00+02:00,33769.5,33671.0,105.56,5211.6025,6766.425,8776.380000000001,26438.0,375.11249999999995,509.90250000000003,644.7475000000001,17196.0
2024-09-30 19:00:00+02:00,33212.0,33877.5,112.93,4993.985,6766.5575,8874.535,26438.0,56.955,75.8775,94.08,17196.0
2024-09-30 20:00:00+02:00,31248.0,31968.5,109.61,4952.735,6863.07,9012.8825,26438.0,0.0025,0.025,0.0275,17196.0
2024-09-30 21:00:00+02:00,28500.0,29009.0,98.08,5016.8575,7023.245,9212.112500000001,26438.0,0.0,0.0,0.0,17196.0
2024-09-30 22:00:00+02:00,25142.0,25622.5,90.19,5031.535,7108.46,9315.1325,26438.0,0.0,0.0,0.0,17196.0
2024-09-30 23:00:00+02:00,22488.0,22495.0,78.4,6091.345,7788.26,9554.445,26438.0,0.0,0.0,0.0,17196.0
2024-10-01 00:00:00+02:00,21243.5,20700.5,65.83,7154.99,8459.71,9764.435,26438.0,0.0,0.0,0.0,17196.0
2024-10-01 01:00:00+02:00,20560.0,19940.0,54.32,7212.77,8488.9175,9765.065,26438.0,0.0,0.0,0.0,17194.0
2024-10-01 02:00:00+02:00,20299.0,19451.5,48.9,7311.049999999999,8647.5475,9984.045,26438.0,0.0,0.0,0.0,17194.0
2024-10-01 03:00:00+02:00,20028.5,18779.0,43.14,7468.5925,8899.2775,10329.965,26438.0,0.0,0.0,0.0,17194.0
2024-10-01 04:00:00+02:00,19803.0,18845.5,41.67,7575.705,9121.9875,10668.265,26438.0,0.0,0.0,0.0,17194.0
2024-10-01 05:00:00+02:00,20344.0,20934.5,41.01,7679.145,9362.7,11046.26,26438.0,0.0,0.0,0.0,17194.0
2024-10-01 06:00:00+02:00,24493.5,24609.5,52.12,7970.5325,9640.8975,11311.265,26438.0,0.0,0.0,0.0,17194.0
2024-10-01 07:00:00+02:00,28425.5,28871.5,79.66,8355.634999999998,9923.36,11491.085,26438.0,0.0,0.0,0.0,17194.0
2024-10-01 08:00:00+02:00,30308.0,31184.0,91.08,8568.5425,10179.0525,11789.5625,26438.0,59.5275,105.7925,152.055,17194.0
2024-10-01 09:00:00+02:00,30913.5,31196.5,91.92,8637.2975,10346.0525,12054.810000000001,26438.0,530.6675,791.17,1051.6625,17194.0
2024-10-01 10:00:00+02:00,30943.0,30943.0,89.13,8599.3875,10420.5325,12241.6775,26438.0,1454.8725,1974.01,2493.1425,17194.0
2024-10-01 11:00:00+02:00,30612.0,30430.0,85.28,8471.0475,10472.6575,12474.2675,26438.0,2399.7075,3007.3050000000003,3614.9,17194.0
2024-10-01 12:00:00+02:00,30822.5,30246.5,80.8,8337.215,10374.4975,12411.78,26438.0,3016.165,3652.1925,4288.22,17194.0
2024-10-01 13:00:00+02:00,30336.0,29764.5,78.95,8169.389999999999,10242.205,12315.0225,26438.0,3179.8,3887.835,4598.815,17194.0
2024-10-01 14:00:00+02:00,29571.5,29551.5,77.41,7931.389999999999,10077.630000000001,12223.875,26438.0,3106.31,3861.3975,4608.2699999999995,17194.0
2024-10-01 15:00:00+02:00,29762.5,29930.5,76.58,7748.4725,9866.8325,11985.195,26438.0,2832.8925,3501.6825,4170.4775,17194.0
2024-10-01 16:00:00+02:00,31216.5,31529.5,78.42,7771.9825,9829.2425,11886.505000000001,26438.0,2162.49,2755.1975,3347.91,17194.0
2024-10-01 17:00:00+02:00,32702.0,33117.0,85.96,7724.98,9812.65,11900.32,26438.0,1279.0475,1786.105,2294.1075,17194.0
2024-10-01 18:00:00+02:00,33306.5,33750.0,97.91,7735.15,9774.75,11814.35,26438.0,520.475,745.725,958.76,17194.0
2024-10-01 19:00:00+02:00,33181.5,33262.5,106.72,7770.335,9743.68,11717.0275,26438.0,81.1,112.265,131.10999999999999,17194.0
2024-10-01 20:00:00+02:00,31129.0,31066.0,105.21,7681.3099999999995,9692.5325,11703.76,26438.0,0.0075,0.025,0.045,17194.0
2024-10-01 21:00:00+02:00,28069.0,28505.5,94.36,7563.7625,9577.0125,11590.2625,26438.0,0.0,0.0,0.0,17194.0
2024-10-01 22:00:00+02:00,24785.0,25397.5,85.84,7303.46,9383.3825,11463.305,26438.0,0.0,0.0,0.0,17194.0
2024-10-01 23:00:00+02:00,21990.5,22427.0,74.94,7395.5725,9241.119999999999,11086.665,26438.0,0.0,0.0,0.0,17194.0
2024-10-02 00:00:00+02:00,20900.0,20850.5,58.47,7581.955,9134.6475,10687.342499999999,26438.0,0.0,0.0,0.0,17194.0
2024-10-02 01:00:00+02:00,20578.5,20575.0,43.9,7334.445,8891.3975,10448.355,26438.0,0.0,0.0,0.0,17194.0
2024-10-02 02:00:00+02:00,20061.5,20053.0,41.82,7042.87,8657.8325,10272.795,26438.0,0.0,0.0,0.0,17194.0
2024-10-02 03:00:00+02:00,19333.0,19618.0,38.52,6810.1425,8448.18,10086.220000000001,26438.0,0.0,0.0,0.0,17194.0
2024-10-02 04:00:00+02:00,19219.0,19676.5,39.3,6631.115,8245.95,9860.7875,26438.0,0.0,0.0,0.0,17194.0
2024-10-02 05:00:00+02:00,20127.5,20733.5,42.91,6482.365,8114.775,9747.185,26438.0,0.0,0.0,0.0,17194.0
2024-10-02 06:00:00+02:00,24379.0,25115.0,55.87,6430.3925,8057.610000000001,9684.825,26438.0,0.0,0.0,0.0,17194.0
2024-10-02 07:00:00+02:00,28377.5,28924.5,81.57,6512.4625,8086.5475,9660.630000000001,26438.0,0.0,0.0,0.0,17194.0
2024-10-02 08:00:00+02:00,30352.0,30355.0,91.45,6512.85,8120.6,9728.35,26438.0,81.21,106.0975,130.985,17194.0
2024-10-02 09:00:00+02:00,30728.5,30990.5,92.05,6563.280000000001,8196.8675,9830.46,26438.0,751.9475,887.5675000000001,1023.19,17194.0
2024-10-02 10:00:00+02:00,30460.0,30036.5,87.44,6628.07,8244.4575,9860.842499999999,26438.0,1827.9425,2138.4575,2448.965,17194.0
2024-10-02 11:00:00+02:00,29786.0,29306.5,81.26,6504.845,8247.035,9989.224999999999,26438.0,2776.1825,3282.35,3788.5175,17194.0
2024-10-02 12:00:00+02:00,29435.5,28956.0,72.63,6477.9625,8317.285,10156.6025,26438.0,3517.6625,4154.165,4790.665,17194.0
2024-10-02 13:00:00+02:00,28349.0,28186.5,69.13,6495.555,8386.835,10278.11,26438.0,3970.0025,4636.672500000001,5303.3475,17194.0
2024-10-02 14:00:00+02:00,27406.0,28395.0,66.36,6252.78,8240.145,10227.51,26438.0,4095.19,4754.755,5411.08,17194.0
2024-10-02 15:00:00+02:00,27987.0,28957.0,67.7,6214.2625,8145.5599999999995,10076.8575,26438.0,3891.285,4524.18,5157.07,17194.0
2024-10-02 16:00:00+02:00,29752.5,30951.0,72.73,6376.8675,8132.0625,9887.2575,26438.0,3189.445,3769.535,4349.6275,17194.0
2024-10-02 17:00:00+02:00,32151.0,32757.0,84.63,6343.475,7956.422500000001,9569.375,26438.0,2112.1925,2477.5950000000003,2845.665,17194.0
2024-10-02 18:00:00+02:00,33379.5,33608.0,98.64,6358.4349999999995,7890.29,9422.145,26438.0,857.715,1019.41,1146.3725,17194.0
2024-10-02 19:00:00+02:00,34252.0,34688.0,107.26,6587.1775,8026.41,9465.635,26438.0,89.50750000000001,143.63,163.0125,17194.0
2024-10-02 20:00:00+02:00,32202.0,32449.0,104.98,6864.775,8153.389999999999,9442.0025,26438.0,0.0,0.0,0.0,17194.0
2024-10-02 21:00:00+02:00,29228.5,29648.5,93.96,6981.09,8105.13,9290.755000000001,26438.0,0.0,0.0,0.0,17194.0
2024-10-02 22:00:00+02:00,25953.0,26672.5,87.27,6892.21,7892.08,9003.575,26438.0,0.0,0.0,0.0,17194.0
2024-10-02 23:00:00+02:00,23360.0,23738.5,77.57,6690.907499999999,7646.0599999999995,8651.255000000001,26438.0,0.0,0.0,0.0,17194.0
2024-10-03 00:00:00+02:00,21937.0,22166.0,75.87,6185.365,7213.7625,8242.157500000001,26438.0,0.0,0.0,0.0,17194.0
2024-10-03 01:00:00+02:00,21565.0,21585.0,71.59,5475.280000000001,6550.9825,7626.6900000000005,26438.0,0.0,0.0,0.0,17194.0
2024-10-03 02:00:00+02:00,21019.0,21045.5,72.08,4666.1975,5804.860000000001,6943.525,26438.0,0.0,0.0,0.0,17194.0
2024-10-03 03:00:00+02:00,20683.0,20674.0,72.73,3816.8599999999997,5020.285,6223.7075,26438.0,0.0,0.0,0.0,17194.0
2024-10-03 04:00:00+02:00,20510.0,20511.0,76.13,3293.25,4361.9425,5430.635,26438.0,0.0,0.0,0.0,17194.0
2024-10-03 05:00:00+02:00,21562.0,21355.0,78.1,2904.2174999999997,3892.11,4879.995,26438.0,0.0,0.0,0.0,17194.0
2024-10-03 06:00:00+02:00,25625.0,25772.0,85.58,2602.4700000000003,3599.5225,4596.5725,26438.0,0.0,0.0,0.0,17194.0
2024-10-03 07:00:00+02:00,29987.0,29863.0,98.6,2481.87,3463.7225,4445.5725,26438.0,0.0,0.0,0.0,17194.0
2024-10-03 08:00:00+02:00,30822.0,30813.0,107.26,2441.0575,3424.9525,4408.842500000001,26438.0,242.0575,260.6975,277.85,17194.0
2024-10-03 09:00:00+02:00,29963.5,30133.0,105.34,2329.2650000000003,3375.7975,4422.325,26438.0,1550.4225000000001,1649.97,1766.5425,17194.0
2024-10-03 10:00:00+02:00,27577.5,28164.5,94.99,2135.275,3234.785,4334.295,26438.0,3609.195,3818.4575,4073.015,17194.0
2024-10-03 11:00:00+02:00,25851.5,26688.0,88.61,1933.7849999999999,3022.7075,4111.63,26438.0,5422.7125,5727.75,6107.8125,17194.0
2024-10-03 12:00:00+02:00,25812.5,25945.5,82.89,1825.935,2894.185,3962.435,26438.0,6609.3075,6969.58,7374.469999999999,17194.0
2024-10-03 13:00:00+02:00,25778.5,26076.5,82.67,1718.15,2853.1625,3988.1775,26438.0,6943.7525000000005,7435.1975,7924.0175,17194.0
2024-10-03 14:00:00+02:00,25776.0,26335.5,82.38,1544.03,2788.985,4033.94,26438.0,6696.9075,7275.495,7854.08,17194.0
2024-10-03 15:00:00+02:00,26688.5,27404.5,82.08,1483.77,2727.3475,3970.925,26438.0,5944.7325,6481.9175,7019.1075,17194.0
2024-10-03 16:00:00+02:00,29153.5,29796.5,86.01,1468.3875,2699.2349999999997,3930.085,26438.0,4474.0575,4951.055,5428.055,17194.0
2024-10-03 17:00:00+02:00,32258.0,31988.0,97.49,1450.325,2653.1549999999997,3855.9849999999997,26438.0,2671.215,2979.665,3288.1125,17194.0
2024-10-03 18:00:00+02:00,33737.0,34100.0,113.34,1498.2325,2678.785,3859.335,26438.0,978.4475,1081.69,1184.9275,17194.0
2024-10-03 19:00:00+02:00,34120.5,34280.5,121.54,1761.72,2847.6025,3933.4849999999997,26438.0,66.82000000000001,84.7575,102.69500000000001,17194.0
2024-10-03 20:00:00+02:00,32508.0,32613.5,117.1,2183.5550000000003,3149.085,4114.610000000001,26438.0,0.0,0.0,0.0,17194.0
2024-10-03 21:00:00+02:00,29897.0,29891.5,106.01,2515.33,3497.1825,4479.030000000001,26438.0,0.0,0.0,0.0,17194.0
2024-10-03 22:00:00+02:00,26466.5,26485.0,96.31,2741.93,3787.6099999999997,4833.295,26438.0,0.0,0.0,0.0,17194.0
2024-10-03 23:00:00+02:00,23613.5,23501.0,85.93,3420.435,4378.455,5336.47,26438.0,0.0,0.0,0.0,17194.0
2024-10-04 00:00:00+02:00,22253.0,21936.0,83.17,4035.4049999999997,4832.9875,5630.57,26438.0,0.0,0.0,0.0,17194.0
2024-10-04 01:00:00+02:00,21608.0,21451.0,77.68,4088.2675,4892.4875,5696.7075,26438.0,0.0,0.0,0.0,17194.0
2024-10-04 02:00:00+02:00,21334.5,20978.5,75.45,4110.945,4900.8075,5690.665,26438.0,0.0,0.0,0.0,17194.0
2024-10-04 03:00:00+02:00,20809.0,20388.0,73.94,4114.0599999999995,4864.1275000000005,5614.1925,26438.0,0.0,0.0,0.0,17194.0
2024-10-04 04:00:00+02:00,20316.5,20126.5,75.29,4074.3849999999998,4864.4275,5654.465,26438.0,0.0,0.0,0.0,17194.0
2024-10-04 05:00:00+02:00,21309.0,20222.0,76.33,4095.9275000000002,4905.055,5714.1825,26438.0,0.0,0.0,0.0,17194.0
2024-10-04 06:00:00+02:00,25337.0,23589.5,82.18,4203.66,5020.6900000000005,5837.725,26438.0,0.0,0.0,0.0,17194.0
2024-10-04 07:00:00+02:00,29030.0,28014.0,95.52,4347.87,5132.3225,5916.775,26438.0,0.0,0.0,0.0,17194.0
2024-10-04 08:00:00+02:00,30677.5,29274.5,103.59,4521.705,5257.1825,5992.6625,26438.0,231.565,269.90250000000003,308.24249999999995,17194.0
2024-10-04 09:00:00+02:00,29915.0,28707.5,100.68,4682.8099999999995,5434.4349999999995,6186.07,26438.0,1501.1925,1702.88,1904.5700000000002,17194.0
2024-10-04 10:00:00+02:00,27617.5,27957.5,90.39,4877.735000000001,5667.555,6457.375,26438.0,3621.5,3954.9725000000003,4288.4375,17194.0
2024-10-04 11:00:00+02:00,25948.5,26602.5,82.75,4946.93,5839.735,6732.54,26438.0,5561.82,5991.5075,6421.2,17194.0
2024-10-04 12:00:00+02:00,25600.5,25579.0,77.27,4893.7025,5972.105,7050.5075,26438.0,6497.035,7238.375,7974.97,17194.0
2024-10-04 13:00:00+02:00,25172.0,25615.5,75.75,5012.3,6169.7175,7327.13,26438.0,6311.8725,7415.875,8460.78,17194.0
2024-10-04 14:00:00+02:00,24796.0,25430.0,73.05,5081.84,6205.09,7328.34,26438.0,5558.305,6777.215,7996.13,17194.0
2024-10-04 15:00:00+02:00,25407.0,25994.0,71.77,4912.035,6034.7575,7157.4775,26438.0,4601.725,5634.6849999999995,6667.6425,17194.0
2024-10-04 16:00:00+02:00,28206.5,27355.5,76.99,4723.52,5897.3975,7071.2725,26438.0,3291.7725,4169.6925,5047.6125,17194.0
2024-10-04 17:00:00+02:00,30653.5,30313.0,87.72,4581.965,5827.0875,7072.21,26438.0,1831.845,2392.25,2952.66,17194.0
2024-10-04 18:00:00+02:00,32088.0,32215.5,102.66,4667.035,5881.5775,7096.12,26438.0,601.5975000000001,737.935,874.27,17194.0
2024-10-04 19:00:00+02:00,32270.0,32936.5,112.49,4931.89,6132.665,7333.445,26438.0,18.872500000000002,31.1025,43.489999999999995,17194.0
2024-10-04 20:00:00+02:00,30181.5,30968.0,110.03,5323.89,6561.525,7799.1575,26438.0,0.0,0.0,0.0,17194.0
2024-10-04 21:00:00+02:00,27728.5,28381.5,95.55,5722.265,6959.7725,8197.2775,26438.0,0.0,0.0,0.0,17194.0
2024-10-04 22:00:00+02:00,24935.5,25341.5,87.07,5976.0075,7211.38,8446.7475,26438.0,0.0,0.0,0.0,17194.0
2024-10-04 23:00:00+02:00,22300.0,22524.5,78.04,6353.8925,7418.3425,8482.79,26438.0,0.0,0.0,0.0,17194.0
2024-10-05 00:00:00+02:00,20950.0,20945.5,74.96,6530.225,7442.9875,8355.75,26438.0,0.0,0.0,0.0,17194.0
2024-10-05 01:00:00+02:00,20404.5,20250.0,67.81,6363.335,7278.005,8192.675,26438.0,0.0,0.0,0.0,17194.0
2024-10-05 02:00:00+02:00,20016.0,19704.5,64.5,6248.3225,7129.91,8011.49,26438.0,0.0,0.0,0.0,17194.0
2024-10-05 03:00:00+02:00,19477.5,18884.0,62.25,6069.305,6974.8675,7880.425,26438.0,0.0,0.0,0.0,17194.0
2024-10-05 04:00:00+02:00,18949.5,18503.0,62.13,5886.8825,6780.7625,7674.645,26438.0,0.0,0.0,0.0,17194.0
2024-10-05 05:00:00+02:00,19248.5,18809.5,63.81,5800.78,6626.67,7452.555,26438.0,0.0,0.0,0.0,17194.0
2024-10-05 06:00:00+02:00,20886.0,20817.5,72.0,5714.025,6539.077499999999,7364.1275000000005,26438.0,0.0,0.0,0.0,17194.0
2024-10-05 07:00:00+02:00,22821.0,23126.5,82.77,5802.4125,6625.345,7448.275,26438.0,0.0,0.0,0.0,17194.0
2024-10-05 08:00:00+02:00,24670.0,24792.0,87.43,5881.5025,6792.3275,7703.155,26438.0,162.5425,225.99,265.115,17194.0
2024-10-05 09:00:00+02:00,24437.0,23726.0,85.89,5893.09,6952.865,8012.63,26438.0,1364.1475,1593.5875,1798.705,17194.0
2024-10-05 10:00:00+02:00,22698.5,22105.5,78.44,6010.4875,7184.43,8358.375,26438.0,3494.56,3880.83,4268.965,17194.0
2024-10-05 11:00:00+02:00,21027.0,21013.5,53.24,6181.575,7418.18,8654.7825,26438.0,5427.1475,6011.7474999999995,6596.344999999999,17194.0
2024-10-05 12:00:00+02:00,20180.0,20659.5,31.96,6331.935,7659.4825,8987.035,26438.0,6640.915,7530.1625,8419.41,17194.0
2024-10-05 13:00:00+02:00,19652.0,19983.5,24.66,6580.835,7970.71,9360.5875,26438.0,6871.11,8050.82,9357.7425,17194.0
2024-10-05 14:00:00+02:00,19590.5,18955.0,20.88,6798.415,8174.04,9549.665,26438.0,6257.4675,7710.595,9163.720000000001,17194.0
2024-10-05 15:00:00+02:00,20553.5,20364.0,20.06,6858.275,8266.3525,9674.43,26438.0,5231.3724999999995,6579.215,7927.055,17194.0
2024-10-05 16:00:00+02:00,24038.5,23079.0,33.27,6823.355,8379.46,9935.5675,26438.0,3709.105,4881.44,6053.775,17194.0
2024-10-05 17:00:00+02:00,27652.0,26599.0,67.51,6902.3525,8622.71,10343.065,26438.0,1978.0575,2692.4625,3408.0825,17194.0
2024-10-05 18:00:00+02:00,29636.5,28589.5,86.72,7580.907499999999,9172.4975,10764.09,26438.0,594.6825,774.8725,939.3299999999999,17194.0
2024-10-05 19:00:00+02:00,29851.0,29170.0,94.68,8586.085,9965.635,11345.18,26438.0,9.165,27.3525,40.29,17194.0
2024-10-05 20:00:00+02:00,27612.5,27681.0,90.92,9482.8375,10791.285,12099.735,26438.0,0.0,0.0,0.0,17194.0
2024-10-05 21:00:00+02:00,25437.5,25759.0,81.03,10092.67,11394.8725,12697.0725,26438.0,0.0,0.0,0.0,17194.0
2024-10-05 22:00:00+02:00,23037.5,23328.5,69.42,10426.485,11789.720000000001,13152.9525,26438.0,0.0,0.0,0.0,17194.0
2024-10-05 23:00:00+02:00,20842.5,20706.0,49.92,10787.875,12041.1575,13294.44,26438.0,0.0,0.0,0.0,17194.0
2024-10-06 00:00:00+02:00,19633.0,19266.0,40.97,11128.1775,12213.275,13298.369999999999,26438.0,0.0,0.0,0.0,17194.0
2024-10-06 01:00:00+02:00,19329.5,18650.0,32.28,11149.77,12239.555,13329.34,26438.0,0.0,0.0,0.0,17194.0
2024-10-06 02:00:00+02:00,19092.5,18213.0,29.85,11078.779999999999,12154.869999999999,13230.96,26438.0,0.0,0.0,0.0,17194.0
2024-10-06 03:00:00+02:00,18223.0,17688.5,26.27,10810.65,11939.032500000001,13067.4175,26438.0,0.0,0.0,0.0,17194.0
2024-10-06 04:00:00+02:00,17870.0,17484.0,24.4,10338.3625,11619.8325,12901.3,26438.0,0.0,0.0,0.0,17194.0
2024-10-06 05:00:00+02:00,17773.5,18028.0,24.56,10181.6475,11497.0575,12812.47,26438.0,0.0,0.0,0.0,17194.0
2024-10-06 06:00:00+02:00,19064.0,19159.0,30.18,10294.515,11548.0575,12801.6,26438.0,0.0,0.0,0.0,17194.0
2024-10-06 07:00:00+02:00,20865.5,20771.0,41.97,10388.9275,11616.175,12843.42,26438.0,0.0,0.0,0.0,17194.0
2024-10-06 08:00:00+02:00,23329.0,23167.0,53.19,10445.815,11674.4,12902.9925,26438.0,1.805,8.5125,18.8825,17194.0
2024-10-06 09:00:00+02:00,25021.0,25155.5,71.48,10510.485,11753.715,12996.94,26438.0,146.2375,247.2425,346.85,17194.0
2024-10-06 10:00:00+02:00,25591.5,25818.0,80.25,10438.9575,11764.26,13089.57,26438.0,575.4975,789.6825,1018.095,17194.0
2024-10-06 11:00:00+02:00,25836.0,25865.0,81.65,10155.9,11583.78,13011.6675,26438.0,1107.53,1431.035,1823.0525,17194.0
2024-10-06 12:00:00+02:00,26629.5,25987.0,82.25,9871.11,11354.6925,12838.275,26438.0,1580.8575,2002.0325,2493.2799999999997,17194.0
2024-10-06 13:00:00+02:00,27431.5,26292.5,81.5,9584.3,11158.4775,12732.6525,26438.0,1757.4575,2232.4,2763.89,17194.0
2024-10-06 14:00:00+02:00,27962.5,26933.5,79.8,9138.015,10914.6375,12691.26,26438.0,1646.51,2158.9875,2710.1875,17194.0
2024-10-06 15:00:00+02:00,29115.0,27994.0,78.99,8578.2975,10543.529999999999,12508.765,26438.0,1408.9575,1861.8725,2386.3575,17194.0
2024-10-06 16:00:00+02:00,30759.5,29587.5,80.66,8095.7925000000005,10105.17,12114.55,26438.0,1079.8425,1416.7125,1799.81,17194.0
2024-10-06 17:00:00+02:00,32583.5,31693.5,89.79,7690.57,9706.68,11722.8,26438.0,584.91,816.4725,1044.33,17194.0
2024-10-06 18:00:00+02:00,32640.0,32230.5,102.75,7123.855,9317.3275,11510.8025,26438.0,146.5725,245.0025,343.4375,17194.0
2024-10-06 19:00:00+02:00,31610.0,32189.5,110.53,6698.467500000001,9039.635,11380.8025,26438.0,12.5775,15.010000000000002,17.45,17194.0
2024-10-06 20:00:00+02:00,29647.5,30026.0,105.98,6450.715,8759.135,11067.56,26438.0,0.0,0.0,0.0,17194.0
2024-10-06 21:00:00+02:00,27432.5,27458.0,96.46,6318.5125,8612.1275,10905.7375,26438.0,0.0,0.0,0.0,17194.0
2024-10-06 22:00:00+02:00,24431.0,24577.0,89.7,6378.045,8519.6275,10661.2125,26438.0,0.0,0.0,0.0,17194.0
2024-10-06 23:00:00+02:00,22180.0,22177.5,80.01,6463.745,8099.797500000001,9735.8525,26438.0,0.0,0.0,0.0,17194.0
2024-10-07 00:00:00+02:00,20800.0,20768.0,74.75,6397.92,7837.84,9277.76,26438.0,0.0,0.0,0.0,17194.0
2024-10-07 01:00:00+02:00,20704.0,20450.0,67.17,6301.175,7825.7775,9350.380000000001,26438.0,0.0,0.0,0.0,17194.0
2024-10-07 02:00:00+02:00,20500.5,20059.0,66.62,6309.755,7765.475,9221.1875,26574.0,0.0,0.0,0.0,17194.0
2024-10-07 03:00:00+02:00,19804.0,19447.5,66.23,6184.8975,7659.35,9133.805,26574.0,0.0,0.0,0.0,17194.0
2024-10-07 04:00:00+02:00,19412.0,19454.0,67.66,6124.58,7545.37,8966.154999999999,26574.0,0.0,0.0,0.0,17194.0
2024-10-07 05:00:00+02:00,20521.5,20885.5,70.68,6234.094999999999,7485.18,8736.265,26574.0,0.0,0.0,0.0,17194.0
2024-10-07 06:00:00+02:00,24938.5,25338.5,81.95,6132.2725,7371.047500000001,8609.8275,26574.0,0.0,0.0,0.0,17194.0
2024-10-07 07:00:00+02:00,29668.5,29206.5,96.81,5900.775,7271.5650000000005,8642.355,26574.0,0.0,0.0,0.0,17194.0
2024-10-07 08:00:00+02:00,30997.0,30787.0,106.34,5801.785,7161.577499999999,8521.369999999999,26574.0,60.644999999999996,91.36999999999999,115.335,17194.0
2024-10-07 09:00:00+02:00,30338.5,30703.0,105.61,5643.9,6961.225,8278.555,26574.0,785.8824999999999,939.9375,1087.24,17194.0
2024-10-07 10:00:00+02:00,28640.5,29458.5,99.02,5488.925,6815.745000000001,8142.565,26574.0,2244.0950000000003,2578.8675,2914.16,17194.0
2024-10-07 11:00:00+02:00,27369.5,27698.0,93.72,5298.4,6702.205,8106.01,26574.0,3503.09,3996.0275,4488.965,17194.0
2024-10-07 12:00:00+02:00,26880.5,27426.0,89.33,4971.34,6416.032499999999,7860.7325,26574.0,4571.924999999999,5120.905,5669.8825,17194.0
2024-10-07 13:00:00+02:00,26198.5,27376.5,88.18,4828.0599999999995,6062.29,7296.5225,26574.0,5253.345,5888.9825,6519.16,17194.0
2024-10-07 14:00:00+02:00,26230.0,27203.5,86.55,4436.54,5669.32,6902.1,26574.0,5168.4275,5870.5975,6572.7725,17194.0
2024-10-07 15:00:00+02:00,27487.5,27994.0,86.9,3700.9975,5075.84,6450.6849999999995,26574.0,4557.3175,5215.532499999999,5873.745,17194.0
2024-10-07 16:00:00+02:00,30158.5,30376.0,91.0,2987.3575,4277.96,5568.5575,26574.0,3337.825,3981.265,4624.71,17194.0
2024-10-07 17:00:00+02:00,33193.0,33493.0,103.64,2294.1675,3489.1725,4684.175,26574.0,1770.79,2244.1075,2717.4275,17194.0
2024-10-07 18:00:00+02:00,34546.0,34829.5,119.29,1961.535,3062.5724999999998,4163.615,26574.0,473.5375,619.0075,764.4775,17194.0
2024-10-07 19:00:00+02:00,34398.0,34902.0,126.92,1890.87,3043.15,4195.4275,26574.0,3.525,5.2775,7.0725,17194.0
2024-10-07 20:00:00+02:00,31996.0,33122.5,121.09,1907.805,3225.25,4542.69,26574.0,0.0,0.0,0.0,17194.0
2024-10-07 21:00:00+02:00,28866.0,30339.0,108.57,2017.605,3446.5075,4875.41,26574.0,0.0,0.0,0.0,17194.0
2024-10-07 22:00:00+02:00,25723.0,26745.5,100.24,2021.8525,3580.2925,5138.73,26574.0,0.0,0.0,0.0,17194.0
2024-10-07 23:00:00+02:00,22957.0,23698.5,90.93,2118.6400000000003,3746.6125,5374.5825,26574.0,0.0,0.0,0.0,17194.0
2024-10-08 00:00:00+02:00,21906.5,22313.0,87.87,1954.5774999999999,3760.4725,5566.365,26574.0,0.0,0.0,0.0,17194.0
2024-10-08 01:00:00+02:00,21577.5,21500.0,83.42,1482.47,3579.98,5677.485000000001,26574.0,0.0,0.0,0.0,17194.0
2024-10-08 02:00:00+02:00,21031.0,20871.5,80.51,1336.045,3623.31,5910.575,26574.0,0.0,0.0,0.0,17194.0
2024-10-08 03:00:00+02:00,20570.0,20073.5,77.3,1174.8600000000001,3783.8225,6392.780000000001,26574.0,0.0,0.0,0.0,17194.0
2024-10-08 04:00:00+02:00,20302.0,20067.5,77.83,981.9825000000001,3958.4575,6934.9325,26574.0,0.0,0.0,0.0,17194.0
2024-10-08 05:00:00+02:00,21425.5,20965.0,78.9,986.02,4229.0375,7472.0525,26574.0,0.0,0.0,0.0,17194.0
2024-10-08 06:00:00+02:00,25092.5,24651.5,84.73,1256.1825,4541.1,7826.02,26574.0,0.0,0.0,0.0,17194.0
2024-10-08 07:00:00+02:00,29673.5,28928.5,98.35,1860.8525,4887.43,7914.0125,26574.0,0.0,0.0,0.0,17194.0
2024-10-08 08:00:00+02:00,30915.5,30887.0,107.08,2513.6275,5249.895,7986.1625,26574.0,10.905,37.89,66.4375,17194.0
2024-10-08 09:00:00+02:00,30100.0,31005.0,107.26,3215.2675,5652.155000000001,8089.0425,26574.0,423.5825,614.7975,806.015,17194.0
2024-10-08 10:00:00+02:00,29766.0,30364.5,101.15,3850.3575,6065.3099999999995,8280.2675,26574.0,1332.98,1795.865,2258.745,17194.0
2024-10-08 11:00:00+02:00,29599.5,29061.5,94.92,4239.755,6383.125,8526.49,26574.0,2457.66,3066.42,3675.185,17194.0
2024-10-08 12:00:00+02:00,29311.5,28878.0,89.3,4550.535,6625.7925,8701.0475,26574.0,3401.9675,4016.1724999999997,4623.6375,17194.0
2024-10-08 13:00:00+02:00,29179.0,28653.0,87.47,4788.9425,6682.055,8575.1675,26574.0,3765.8675000000003,4383.2474999999995,5090.35,17194.0
2024-10-08 14:00:00+02:00,29191.0,28433.0,85.95,5022.2075,6655.7225,8289.235,26574.0,3783.765,4366.860000000001,5048.4475,17194.0
2024-10-08 15:00:00+02:00,29686.0,29093.0,85.48,5127.44,6721.68,8315.92,26574.0,3361.3475,3890.3725000000004,4476.15,17194.0
2024-10-08 16:00:00+02:00,31598.0,30681.0,89.28,5200.245,6863.34,8526.435,26574.0,2243.4,2758.52,3310.775,17194.0
2024-10-08 17:00:00+02:00,33528.5,32834.5,98.1,5280.755,6943.3225,8605.8825,26574.0,1111.3274999999999,1447.7675,1801.89,17194.0
2024-10-08 18:00:00+02:00,34285.5,33631.5,113.97,5253.172500000001,6932.46,8611.75,26574.0,301.34749999999997,423.7425,560.05,17194.0
2024-10-08 19:00:00+02:00,34045.5,33799.5,120.96,5425.265,6988.389999999999,8551.512499999999,26574.0,0.0025,5.85,23.07,17194.0
2024-10-08 20:00:00+02:00,31588.5,31338.0,115.74,5705.8525,7206.282499999999,8706.71,26574.0,0.0,0.0,0.0,17194.0
2024-10-08 21:00:00+02:00,28197.5,28192.5,101.59,6015.395,7544.98,9074.56,26574.0,0.0,0.0,0.0,17194.0
2024-10-08 22:00:00+02:00,25039.0,25211.5,92.28,6288.77,7811.88,9334.9925,26574.0,0.0,0.0,0.0,17194.0
2024-10-08 23:00:00+02:00,22472.5,22299.0,82.68,7060.0599999999995,8462.125,9864.1875,26574.0,0.0,0.0,0.0,17194.0
2024-10-09 00:00:00+02:00,21435.5,20856.5,74.93,7674.42,8923.705,10172.99,26574.0,0.0,0.0,0.0,17194.0
2024-10-09 01:00:00+02:00,20801.5,20290.0,68.54,7523.875,8729.345,9934.815,26574.0,0.0,0.0,0.0,17194.0
2024-10-09 02:00:00+02:00,20351.0,19840.0,66.9,7403.77,8544.8,9685.835,26574.0,0.0,0.0,0.0,17194.0
2024-10-09 03:00:00+02:00,19759.0,19165.5,64.88,7315.59,8460.865,9606.135,26574.0,0.0,0.0,0.0,17194.0
2024-10-09 04:00:00+02:00,19091.5,19244.0,65.33,7316.4375,8471.0925,9625.744999999999,26574.0,0.0,0.0,0.0,17194.0
2024-10-09 05:00:00+02:00,19831.0,20426.0,66.82,7298.5075,8485.6725,9672.84,26574.0,0.0,0.0,0.0,17194.0
2024-10-09 06:00:00+02:00,23432.0,24492.0,74.6,7190.7575,8502.619999999999,9814.4825,26574.0,0.0,0.0,0.0,17194.0
2024-10-09 07:00:00+02:00,28810.5,29292.0,89.26,7151.41,8487.96,9824.51,26574.0,0.0,0.0,0.0,17194.0
2024-10-09 08:00:00+02:00,30298.0,30459.0,99.35,7106.84,8362.925,9619.0125,26574.0,9.555,17.669999999999998,29.215,17194.0
2024-10-09 09:00:00+02:00,30063.5,30442.0,100.44,6954.025,8190.405000000001,9426.785,26574.0,457.06000000000006,559.9975,662.9375,17194.0
2024-10-09 10:00:00+02:00,29537.5,30505.5,95.71,6753.01,8021.985,9290.96,26574.0,1403.2875,1662.48,1921.6675,17194.0
2024-10-09 11:00:00+02:00,28823.0,29902.0,90.73,6612.4925,7858.5375,9104.585,26574.0,2332.56,2699.3775,3066.19,17194.0
2024-10-09 12:00:00+02:00,28625.5,29724.0,86.49,6643.9375,7907.9625,9171.985,26574.0,3061.2825000000003,3459.5699999999997,3857.8575,17194.0
2024-10-09 13:00:00+02:00,27925.5,29115.5,83.99,6766.0125,8109.0425,9452.075,26574.0,3439.5475,3901.8475,4364.145,17194.0
2024-10-09 14:00:00+02:00,27716.5,28363.5,81.56,6897.51,8323.5075,9749.505,26574.0,3450.1975,3923.3125,4396.4125,17194.0
2024-10-09 15:00:00+02:00,28574.5,28636.5,80.68,7059.9974999999995,8759.4225,10458.8525,26574.0,2967.0474999999997,3448.225,3929.4075000000003,17194.0
2024-10-09 16:00:00+02:00,30073.0,30077.0,81.72,7313.4349999999995,9414.285,11515.135,26574.0,2099.8025,2579.855,3059.905,17194.0
2024-10-09 17:00:00+02:00,32019.0,32089.0,91.02,7839.93,10013.955,12187.98,26574.0,1107.7375,1442.5375,1777.9475,17194.0
2024-10-09 18:00:00+02:00,33218.0,32815.5,103.86,8249.655,10533.94,12818.2225,26574.0,282.85,415.73,540.59,17194.0
2024-10-09 19:00:00+02:00,33110.0,32902.5,110.93,8820.18,11093.7,13367.220000000001,26574.0,4.87,10.2175,11.68,17194.0
2024-10-09 20:00:00+02:00,30207.5,30780.5,104.04,9788.295,11639.58,13490.8675,26574.0,0.0,0.0,0.0,17194.0
2024-10-09 21:00:00+02:00,27182.5,27772.0,93.3,10495.695,12115.415,13735.137499999999,26574.0,0.0,0.0,0.0,17194.0
2024-10-09 22:00:00+02:00,24398.5,24482.5,83.18,10755.45,12296.4625,13837.48,26574.0,0.0,0.0,0.0,17194.0
2024-10-09 23:00:00+02:00,21763.0,21852.0,69.06,11188.835,12542.345,13895.855,26574.0,0.0,0.0,0.0,17194.0
2024-10-10 00:00:00+02:00,20323.5,20562.5,48.28,11600.150000000001,12751.0275,13901.91,26574.0,0.0,0.0,0.0,17194.0
2024-10-10 01:00:00+02:00,20400.5,20185.0,36.62,11464.625,12515.065,13565.505000000001,26574.0,0.0,0.0,0.0,17194.0
2024-10-10 02:00:00+02:00,20205.5,20027.0,35.67,11255.31,12276.0,13296.69,26574.0,0.0,0.0,0.0,17194.0
2024-10-10 03:00:00+02:00,20254.0,19549.5,34.88,10848.8,12020.2625,13191.72,26574.0,0.0,0.0,0.0,17194.0
2024-10-10 04:00:00+02:00,19862.0,19364.0,37.71,10359.84,11653.8,12947.755000000001,26574.0,0.0,0.0,0.0,17194.0
2024-10-10 05:00:00+02:00,20843.5,20461.0,41.83,10016.95,11312.2,12607.4475,26574.0,0.0,0.0,0.0,17194.0
2024-10-10 06:00:00+02:00,25431.5,24928.5,55.54,9729.154999999999,11037.135,12345.11,26574.0,0.0,0.0,0.0,17194.0
2024-10-10 07:00:00+02:00,30173.0,30025.5,80.59,9321.655,10753.19,12184.7275,26574.0,0.0,0.0,0.0,17194.0
2024-10-10 08:00:00+02:00,31285.5,31775.5,93.72,8847.29,10398.154999999999,11949.0225,26574.0,33.815,56.335,73.47999999999999,17194.0
2024-10-10 09:00:00+02:00,30998.0,31649.0,94.65,8456.5175,9998.16,11539.8,26574.0,737.2175,970.0225,1165.9175,17194.0
2024-10-10 10:00:00+02:00,30054.0,30399.0,88.97,7939.7,9465.36,10991.01,26574.0,2035.725,2714.7875,3365.1525,17194.0
2024-10-10 11:00:00+02:00,28590.0,29036.5,84.84,7246.75,8892.4725,10538.195,26574.0,3239.4575,4347.4725,5457.74,17194.0
2024-10-10 12:00:00+02:00,28301.5,28608.5,81.26,6654.9075,8447.605,10240.3025,26574.0,4191.385,5411.035,6630.6849999999995,17194.0
2024-10-10 13:00:00+02:00,27836.5,28066.5,80.05,6407.1625,8150.6525,9894.1425,26574.0,4595.8225,5807.8425,7014.2375,17194.0
2024-10-10 14:00:00+02:00,28165.0,28000.0,77.68,6300.285,8026.215,9752.1425,26574.0,4410.58,5606.1075,6801.6325,17194.0
2024-10-10 15:00:00+02:00,29316.5,29078.0,77.42,6301.41,8127.75,9954.085,26574.0,3804.335,4839.965,5875.5925,17194.0
2024-10-10 16:00:00+02:00,31491.5,31671.0,79.51,6126.87,8227.245,10327.619999999999,26574.0,2837.7675,3651.2825000000003,4464.7975,17194.0
2024-10-10 17:00:00+02:00,34384.5,34639.5,89.69,5930.9625,8086.5650000000005,10242.1675,26574.0,1654.6775,2134.225,2613.775,17194.0
2024-10-10 18:00:00+02:00,35493.0,35895.5,106.47,5662.8025,7799.8925,9936.985,26574.0,527.1575,653.865,780.5675,17194.0
2024-10-10 19:00:00+02:00,35198.0,35728.5,119.75,5189.0575,7537.84,9886.6275,26574.0,4.44,6.5025,8.63,17194.0
2024-10-10 20:00:00+02:00,33459.5,33335.5,115.98,4921.4349999999995,7411.6975,9901.9625,26574.0,0.0,0.0,0.0,17194.0
2024-10-10 21:00:00+02:00,30633.5,30157.5,103.24,4743.1900000000005,7345.055,9946.9225,26574.0,0.0,0.0,0.0,17194.0
2024-10-10 22:00:00+02:00,27469.5,26799.0,93.79,4488.8075,7140.625,9792.445,26574.0,0.0,0.0,0.0,17194.0
2024-10-10 23:00:00+02:00,24114.5,24023.0,84.6,4406.725,6669.545,8932.365,26574.0,0.0,0.0,0.0,17194.0
2024-10-11 00:00:00+02:00,22792.5,23100.0,81.34,4583.115,6386.875,8190.639999999999,26574.0,0.0,0.0,0.0,17194.0
2024-10-11 01:00:00+02:00,22318.0,22348.5,76.56,4625.9525,6376.6975,8127.4400000000005,26574.0,0.0,0.0,0.0,17194.0
2024-10-11 02:00:00+02:00,21950.5,22196.0,73.78,4609.6425,6408.4375,8207.235,26574.0,0.0,0.0,0.0,17194.0
2024-10-11 03:00:00+02:00,21265.5,21783.5,71.6,4854.245,6561.735000000001,8269.225,26574.0,0.0,0.0,0.0,17194.0
2024-10-11 04:00:00+02:00,20918.0,21397.5,72.34,5237.4,6771.965,8306.53,26574.0,0.0,0.0,0.0,17194.0
2024-10-11 05:00:00+02:00,21797.0,22368.5,73.3,5384.11,6907.055,8430.0,26574.0,0.0,0.0,0.0,17194.0
2024-10-11 06:00:00+02:00,25945.0,26449.5,80.78,5316.9925,6818.585,8320.17,26574.0,0.0,0.0,0.0,17194.0
2024-10-11 07:00:00+02:00,30912.5,30315.5,95.03,5086.1125,6538.875,7991.6375,26574.0,0.0,0.0,0.0,17194.0
2024-10-11 08:00:00+02:00,32462.5,31814.0,105.22,4795.495,6195.88,7596.264999999999,26574.0,95.0775,126.3375,136.9375,17194.0
2024-10-11 09:00:00+02:00,31047.5,31457.0,103.84,4560.9125,5851.7375,7142.565,26574.0,1384.785,1512.1975,1586.425,17194.0
2024-10-11 10:00:00+02:00,28509.0,29400.0,94.95,4210.025,5426.422500000001,6642.82,26574.0,3850.0625,4079.4125,4280.335,17194.0
2024-10-11 11:00:00+02:00,26720.0,27755.5,86.76,3944.045,5134.05,6324.055,26574.0,6012.24,6347.09,6684.2675,17194.0
2024-10-11 12:00:00+02:00,25722.5,27362.5,80.39,3844.495,5039.97,6235.4400000000005,26574.0,7323.285,7755.89,8188.4974999999995,17194.0
2024-10-11 13:00:00+02:00,25343.0,27044.5,77.71,3763.215,4962.6075,6162.0,26574.0,7678.875,8150.995,8620.95,17194.0
2024-10-11 14:00:00+02:00,25323.0,26728.5,76.14,3742.7625,4941.0075,6139.25,26574.0,7094.1675,7692.825,8291.48,17194.0
2024-10-11 15:00:00+02:00,26723.5,27290.0,76.16,3622.21,4883.42,6144.63,26574.0,5729.5,6425.5825,7121.66,17194.0
2024-10-11 16:00:00+02:00,29155.5,30278.0,80.93,3395.87,4764.5325,6133.195,26574.0,4039.255,4694.285,5349.3225,17194.0
2024-10-11 17:00:00+02:00,31975.0,32930.0,94.1,3170.605,4637.5925,6104.575,26574.0,2137.2775,2565.8025,2994.8375,17194.0
2024-10-11 18:00:00+02:00,33631.5,34391.5,113.16,3074.9750000000004,4621.555,6168.135,26574.0,533.9499999999999,661.25,781.9,17194.0
2024-10-11 19:00:00+02:00,33703.0,34411.5,126.13,3265.9525,4816.6125,6367.2725,26574.0,1.1,3.96,6.12,17194.0
2024-10-11 20:00:00+02:00,31958.0,32456.5,118.46,3738.0299999999997,5292.8175,6847.605,26574.0,0.0,0.0,0.0,17194.0
2024-10-11 21:00:00+02:00,29327.0,30041.5,101.14,4219.3099999999995,5839.68,7460.05,26574.0,0.0,0.0,0.0,17194.0
2024-10-11 22:00:00+02:00,26141.0,27177.0,91.61,4624.515,6202.7325,7780.9475,26574.0,0.0,0.0,0.0,17194.0
2024-10-11 23:00:00+02:00,23299.5,24461.5,83.38,5425.24,6672.505,7919.77,26574.0,0.0,0.0,0.0,17194.0
2024-10-12 00:00:00+02:00,21778.5,22185.5,80.86,6082.1425,7037.24,7992.34,26574.0,0.0,0.0,0.0,17194.0
2024-10-12 01:00:00+02:00,21412.5,21555.0,76.07,6157.81,7105.605,8053.3975,26574.0,0.0,0.0,0.0,17194.0
2024-10-12 02:00:00+02:00,20843.0,20953.5,72.87,6296.33,7225.2325,8154.135,26574.0,0.0,0.0,0.0,17194.0
2024-10-12 03:00:00+02:00,19961.5,20152.0,68.7,6434.545,7421.67,8408.795,26574.0,0.0,0.0,0.0,17194.0
2024-10-12 04:00:00+02:00,19527.0,19454.0,67.38,6427.805,7541.67,8655.535,26574.0,0.0,0.0,0.0,17194.0
2024-10-12 05:00:00+02:00,19882.0,19893.0,68.11,6436.450000000001,7630.74,8825.04,26574.0,0.0,0.0,0.0,17194.0
2024-10-12 06:00:00+02:00,21199.5,21701.0,74.4,6626.1025,8025.445,9424.785,26574.0,0.0,0.0,0.0,17194.0
2024-10-12 07:00:00+02:00,23402.0,23924.0,83.94,6978.5625,8611.705,10244.85,26574.0,0.0,0.0,0.0,17194.0
2024-10-12 08:00:00+02:00,26042.5,26612.0,88.82,7404.3150000000005,9095.775000000001,10787.24,26574.0,4.4275,14.68,21.2325,17194.0
2024-10-12 09:00:00+02:00,27144.0,27560.0,90.18,7743.275,9507.6075,11271.94,26574.0,438.065,574.0,698.9725,17194.0
2024-10-12 10:00:00+02:00,27501.0,26901.5,87.46,8116.8150000000005,9863.65,11610.490000000002,26574.0,1540.495,1887.4450000000002,2235.2349999999997,17194.0
2024-10-12 11:00:00+02:00,26923.5,26078.0,81.56,8569.65,10207.545,11845.445,26574.0,2840.7225,3419.9175,3999.1150000000002,17194.0
2024-10-12 12:00:00+02:00,25939.5,26427.5,75.09,8841.85,10441.025,12040.2,26574.0,3728.0675,4466.8425,5205.615,17194.0
2024-10-12 13:00:00+02:00,24814.0,25196.5,69.75,9193.6325,10684.2575,12174.880000000001,26574.0,4152.6825,4858.725,5554.665,17194.0
2024-10-12 14:00:00+02:00,23978.5,24499.0,62.16,9660.675,11127.955,12595.235,26574.0,4146.285,4816.5025,5486.73,17194.0
2024-10-12 15:00:00+02:00,23799.5,25441.0,58.91,10019.369999999999,11536.689999999999,13054.01,26574.0,3583.2174999999997,4213.0275,4842.837500000001,17194.0
2024-10-12 16:00:00+02:00,25245.0,26856.5,62.31,9989.335,11775.1525,13560.9725,26574.0,2707.3175,3247.825,3788.325,17194.0
2024-10-12 17:00:00+02:00,28828.0,29247.0,75.59,10085.06,12255.105,14425.1425,26574.0,1603.35,1947.47,2291.6,17194.0
2024-10-12 18:00:00+02:00,29783.0,29950.0,90.11,10827.9825,13057.16,15286.34,26574.0,477.77250000000004,558.645,639.37,17194.0
2024-10-12 19:00:00+02:00,29848.5,29140.0,99.16,11744.71,13707.2875,15669.8625,26574.0,1.25,2.6175,4.24,17194.0
2024-10-12 20:00:00+02:00,28090.0,27052.5,92.75,12325.1725,13953.872500000001,15582.5725,26574.0,0.0,0.0,0.0,17194.0
2024-10-12 21:00:00+02:00,25511.5,24936.0,83.79,12453.47,13942.035,15430.6,26574.0,0.0,0.0,0.0,17194.0
2024-10-12 22:00:00+02:00,23381.5,23408.5,74.03,12341.165,13830.595,15320.0175,26574.0,0.0,0.0,0.0,17194.0
2024-10-12 23:00:00+02:00,20967.5,21108.5,62.17,12684.8925,13953.400000000001,15221.905,26574.0,0.0,0.0,0.0,17194.0
2024-10-13 00:00:00+02:00,19990.0,20025.0,36.1,13038.705,14087.2925,15135.8775,26574.0,0.0,0.0,0.0,17194.0
2024-10-13 01:00:00+02:00,19923.5,19945.0,29.29,12765.455,13824.31,14883.165,26574.0,0.0,0.0,0.0,17194.0
2024-10-13 02:00:00+02:00,19878.0,19802.0,27.35,12356.395,13493.8375,14631.28,26574.0,0.0,0.0,0.0,17194.0
2024-10-13 03:00:00+02:00,19260.0,18970.0,26.67,11865.545,13108.44,14351.33,26574.0,0.0,0.0,0.0,17194.0
2024-10-13 04:00:00+02:00,19175.0,18629.5,29.75,11206.575,12593.185000000001,13979.795,26574.0,0.0,0.0,0.0,17194.0
2024-10-13 05:00:00+02:00,19160.5,18569.0,36.81,10281.765,11869.65,13457.54,26574.0,0.0,0.0,0.0,17194.0
2024-10-13 06:00:00+02:00,20711.0,20047.0,50.33,9197.75,10923.4775,12649.205,26574.0,0.0,0.0,0.0,17194.0
2024-10-13 07:00:00+02:00,22840.5,22187.5,68.61,8058.9775,9891.91,11724.84,26574.0,0.0,0.0,0.0,17194.0
2024-10-13 08:00:00+02:00,25323.0,25069.5,84.58,7050.945,8853.39,10655.8325,26574.0,38.265,47.7675,57.269999999999996,17194.0
2024-10-13 09:00:00+02:00,27367.5,27240.0,91.49,6103.1625,7841.87,9580.57,26574.0,685.6324999999999,836.99,988.35,17194.0
2024-10-13 10:00:00+02:00,27753.0,28176.5,93.16,4923.37,6830.5025,8737.64,26574.0,1724.7375,2184.3025,2630.3599999999997,17194.0
2024-10-13 11:00:00+02:00,27898.0,28749.5,91.49,3578.4625,5776.6224999999995,7974.7825,26574.0,2540.4325,3172.3325,3978.7174999999997,17194.0
2024-10-13 12:00:00+02:00,28263.0,28716.5,89.94,2516.6800000000003,4785.2425,7053.805,26574.0,3014.7174999999997,3759.0025,4692.855,17194.0
2024-10-13 13:00:00+02:00,28513.5,28816.5,89.05,1968.0249999999999,3981.1725,5994.3175,26574.0,3069.68,3917.42,4777.035,17194.0
2024-10-13 14:00:00+02:00,28549.0,29378.0,89.65,1658.935,3302.0275,4945.1224999999995,26574.0,2808.7125,3575.395,4341.0025,17194.0
2024-10-13 15:00:00+02:00,29398.0,30588.5,91.92,1423.53,2739.7875,4056.045,26574.0,2182.0550000000003,2810.3375,3438.6175000000003,17194.0
2024-10-13 16:00:00+02:00,31723.0,32269.0,96.6,1203.53,2343.28,3483.025,26574.0,1361.5675,1799.0425,2236.5225,17194.0
2024-10-13 17:00:00+02:00,34016.5,34251.5,108.54,998.0074999999999,2064.33,3130.6499999999996,26574.0,567.62,776.7725,986.4225,17194.0
2024-10-13 18:00:00+02:00,34551.0,34650.0,126.6,749.99,1868.2475,2986.505,26574.0,85.815,146.6925,201.155,17194.0
2024-10-13 19:00:00+02:00,33455.0,33713.5,131.06,466.2875,1852.245,3238.2,26574.0,0.1375,1.8,2.02,17194.0
2024-10-13 20:00:00+02:00,31596.0,31391.5,122.84,289.78,2082.13,3874.4825,26574.0,0.0,0.0,0.0,17194.0
2024-10-13 21:00:00+02:00,29313.5,28878.5,106.28,265.675,2398.6075,4531.54,26574.0,0.0,0.0,0.0,17194.0
2024-10-13 22:00:00+02:00,25920.5,25531.0,96.39,383.195,2782.0,5180.805,26574.0,0.0,0.0,0.0,17194.0
2024-10-13 23:00:00+02:00,23193.5,22984.0,86.98,726.78,2654.0950000000003,4581.41,26574.0,0.0,0.0,0.0,17194.0
2024-10-14 00:00:00+02:00,21973.5,21864.5,81.3,1014.7149999999999,2370.6075,3726.4975,26574.0,0.0,0.0,0.0,17194.0
2024-10-14 01:00:00+02:00,21652.0,21535.0,78.95,1246.335,2584.2875,3922.2425,26574.0,0.0,0.0,0.0,17196.0
2024-10-14 02:00:00+02:00,21573.0,21200.0,77.06,1485.6825000000001,2810.9975,4136.3150000000005,26574.0,0.0,0.0,0.0,17196.0
2024-10-14 03:00:00+02:00,21025.5,20713.0,75.17,1595.9375,2991.01,4386.075,26574.0,0.0,0.0,0.0,17196.0
2024-10-14 04:00:00+02:00,20710.5,20472.0,75.58,1599.255,3082.1025,4564.95,26574.0,0.0,0.0,0.0,17196.0
2024-10-14 05:00:00+02:00,21742.5,21825.5,76.04,1510.695,3050.6525,4590.6075,26574.0,0.0,0.0,0.0,17196.0
2024-10-14 06:00:00+02:00,26252.5,26272.0,83.58,1523.955,2951.1,4378.245,26574.0,0.0,0.0,0.0,17196.0
2024-10-14 07:00:00+02:00,31330.0,31380.5,97.98,1647.655,2942.76,4237.865,26574.0,0.0,0.0,0.0,17196.0
2024-10-14 08:00:00+02:00,34042.0,33603.5,109.21,1812.285,3015.805,4219.3325,26574.0,17.1425,23.9225,28.4925,17196.0
2024-10-14 09:00:00+02:00,34491.0,33852.5,112.97,1906.3400000000001,3123.88,4341.42,26574.0,373.425,649.91,921.6800000000001,17196.0
2024-10-14 10:00:00+02:00,33818.0,33157.5,108.88,1938.5949999999998,3251.235,4563.88,26574.0,1158.495,2043.6675,2929.2025,17196.0
2024-10-14 11:00:00+02:00,33093.0,32453.0,102.3,2060.7325,3366.3575,4671.9875,26574.0,2171.1975,3525.7174999999997,4880.2375,17196.0
2024-10-14 12:00:00+02:00,32694.5,32470.5,95.91,2189.785,3405.795,4621.8099999999995,26574.0,3094.67,4624.715,6154.764999999999,17196.0
2024-10-14 13:00:00+02:00,32331.0,32151.5,92.93,2270.855,3355.95,4441.0425,26574.0,3593.0325000000003,5141.4175000000005,6681.3825,17196.0
2024-10-14 14:00:00+02:00,32130.5,31706.0,90.25,2212.355,3262.735,4313.1125,26574.0,3603.2775,5055.9775,6508.68,17196.0
2024-10-14 15:00:00+02:00,32527.0,32297.5,90.97,2029.1875,3127.085,4224.975,26574.0,3039.8525,4369.5,5699.1475,17196.0
2024-10-14 16:00:00+02:00,33757.0,34117.5,92.98,1858.68,3004.6575000000003,4150.6375,26574.0,2059.0825,3186.895,4314.705,17196.0
2024-10-14 17:00:00+02:00,35320.0,36347.5,106.0,1783.205,2957.835,4132.46,26574.0,1007.0125,1684.6675,2362.3199999999997,17196.0
2024-10-14 18:00:00+02:00,36323.0,37000.5,127.76,1865.82,3071.9175,4278.015,26574.0,230.735,408.7975,586.8625,17196.0
2024-10-14 19:00:00+02:00,35870.5,36032.0,132.82,1972.315,3325.3175,4678.3225,26574.0,0.195,0.8525,1.615,17196.0
2024-10-14 20:00:00+02:00,34017.0,33782.5,124.21,2166.765,3712.465,5258.165,26574.0,0.0,0.0,0.0,17196.0
2024-10-14 21:00:00+02:00,31109.0,30566.5,105.35,2497.91,4215.3225,5932.73,26574.0,0.0,0.0,0.0,17196.0
2024-10-14 22:00:00+02:00,27184.0,27021.5,92.63,3007.9725,4814.345,6620.72,26574.0,0.0,0.0,0.0,17196.0
2024-10-14 23:00:00+02:00,23693.5,24123.5,81.21,3448.02,5089.25,6730.485,26574.0,0.0,0.0,0.0,17196.0
2024-10-15 00:00:00+02:00,22580.0,22250.0,81.38,3764.5074999999997,5302.045,6839.585,26574.0,0.0,0.0,0.0,17196.0
2024-10-15 01:00:00+02:00,22441.0,22083.0,76.3,4062.925,5777.045,7491.1675,26574.0,0.0,0.0,0.0,17194.0
2024-10-15 02:00:00+02:00,22224.0,21953.5,73.02,4449.2275,6245.525,8041.825,26574.0,0.0,0.0,0.0,17194.0
2024-10-15 03:00:00+02:00,21515.5,21088.0,68.27,5062.2325,6780.5,8498.765,26574.0,0.0,0.0,0.0,17194.0
2024-10-15 04:00:00+02:00,21012.5,20839.5,66.89,5445.66,7166.18,8886.7,26574.0,0.0,0.0,0.0,17194.0
2024-10-15 05:00:00+02:00,21837.5,21548.0,66.85,5675.365,7461.264999999999,9247.165,26574.0,0.0,0.0,0.0,17194.0
2024-10-15 06:00:00+02:00,25974.0,25859.0,74.63,6109.355,7995.59,9881.82,26574.0,0.0,0.0,0.0,17194.0
2024-10-15 07:00:00+02:00,30596.5,30604.0,89.56,6641.99,8616.8925,10591.795,26574.0,0.0,0.0,0.0,17194.0
2024-10-15 08:00:00+02:00,32968.5,32413.5,99.3,7300.8975,9229.8925,11158.885,26574.0,0.96,3.495,6.265,17194.0
2024-10-15 09:00:00+02:00,34210.5,33060.5,99.47,8137.175,9870.39,11603.605,26574.0,171.23000000000002,342.94,514.6525,17194.0
2024-10-15 10:00:00+02:00,33524.5,32801.0,95.01,8804.005,10319.185,11834.3625,26574.0,642.505,1100.335,1558.165,17194.0
2024-10-15 11:00:00+02:00,33108.0,32324.5,90.96,9118.51,10485.509999999998,11852.515,26574.0,1134.9975,1798.6475,2462.3,17194.0
2024-10-15 12:00:00+02:00,33028.5,32676.0,86.6,9260.19,10564.497500000001,11868.81,26574.0,1520.8274999999999,2283.5,3046.175,17194.0
2024-10-15 13:00:00+02:00,32430.0,31385.0,84.24,9334.8525,10648.305,11961.755000000001,26574.0,1797.0475000000001,2494.6400000000003,3197.69,17194.0
2024-10-15 14:00:00+02:00,31722.0,30270.0,81.85,9400.225,10687.5325,11974.84,26574.0,1815.5725,2417.495,3019.4175,17194.0
2024-10-15 15:00:00+02:00,31533.0,31326.0,81.06,9294.27,10528.615,11762.96,26574.0,1598.5825,2076.2574999999997,2553.935,17194.0
2024-10-15 16:00:00+02:00,32358.5,32540.0,83.42,9160.155,10356.02,11551.885,26574.0,1152.505,1466.8975,1781.2875,17194.0
2024-10-15 17:00:00+02:00,34007.0,34258.0,94.18,9261.6825,10481.71,11701.7375,26574.0,504.075,685.1825,866.4625,17194.0
2024-10-15 18:00:00+02:00,35246.0,35371.0,106.0,9596.66,10959.625,12322.5875,26574.0,71.495,128.06,182.395,17194.0
2024-10-15 19:00:00+02:00,34529.0,33848.0,113.84,10184.89,11659.345,13133.8,26574.0,0.0,0.06,0.06,17194.0
2024-10-15 20:00:00+02:00,31627.5,31223.0,101.93,10790.955,12158.7875,13526.619999999999,26574.0,0.0,0.0,0.0,17194.0
2024-10-15 21:00:00+02:00,28641.0,28336.0,90.78,11218.689999999999,12451.942500000001,13685.2,26574.0,0.0,0.0,0.0,17194.0
2024-10-15 22:00:00+02:00,25210.0,25239.0,79.62,11487.23,12671.945,13856.66,26574.0,0.0,0.0,0.0,17194.0
2024-10-15 23:00:00+02:00,22236.0,22096.0,61.65,12039.252499999999,13093.977499999999,14148.705,26574.0,0.0,0.0,0.0,17194.0
2024-10-16 00:00:00+02:00,20852.0,20565.0,31.04,12449.5025,13396.695,14343.89,26574.0,0.0,0.0,0.0,17194.0
2024-10-16 01:00:00+02:00,20486.5,20345.0,18.77,12340.145,13294.825,14249.5025,26574.0,0.0,0.0,0.0,17194.0
2024-10-16 02:00:00+02:00,20311.0,20132.0,17.33,12195.305,13178.564999999999,14161.8225,26574.0,0.0,0.0,0.0,17194.0
2024-10-16 03:00:00+02:00,19691.0,19486.0,15.12,12097.455,13096.779999999999,14096.1025,26574.0,0.0,0.0,0.0,17194.0
2024-10-16 04:00:00+02:00,19190.0,19020.5,15.45,11990.545,13028.8275,14067.11,26574.0,0.0,0.0,0.0,17194.0
2024-10-16 05:00:00+02:00,20028.0,20062.0,17.75,11820.0025,12922.42,14024.845000000001,26574.0,0.0,0.0,0.0,17194.0
2024-10-16 06:00:00+02:00,24520.0,24336.0,30.81,11668.5,12753.785,13839.07,26574.0,0.0,0.0,0.0,17194.0
2024-10-16 07:00:00+02:00,29357.5,29339.0,79.57,11434.42,12517.57,13600.725,26574.0,0.0,0.0,0.0,17194.0
2024-10-16 08:00:00+02:00,31574.0,31342.5,93.2,11077.92,12215.385,13352.85,26574.0,1.585,5.23,7.4624999999999995,17194.0
2024-10-16 09:00:00+02:00,32646.0,32196.0,96.21,10757.779999999999,11974.765,13191.744999999999,26574.0,136.28,251.625,363.5725,17194.0
2024-10-16 10:00:00+02:00,32912.5,32017.0,94.59,10467.14,11729.7075,12992.275,26574.0,523.425,857.9825000000001,1192.8025,17194.0
2024-10-16 11:00:00+02:00,33029.0,32072.5,91.29,9898.8325,11223.779999999999,12548.725,26574.0,874.5825,1420.0725,1965.56,17194.0
2024-10-16 12:00:00+02:00,32986.0,32398.0,88.44,9108.8775,10578.395,12047.915,26574.0,1138.8875,1771.2625,2403.64,17194.0
2024-10-16 13:00:00+02:00,32826.0,32052.5,88.66,8369.41,10031.14,11692.865,26574.0,1296.945,1926.3575,2555.115,17194.0
2024-10-16 14:00:00+02:00,32559.0,32566.5,88.46,7669.735000000001,9323.42,10977.095000000001,26574.0,1361.5175,1924.0575,2488.515,17194.0
2024-10-16 15:00:00+02:00,33333.5,32783.0,88.73,7141.3975,8581.165,10020.935000000001,26574.0,1310.085,1743.6925,2177.305,17194.0
2024-10-16 16:00:00+02:00,34302.0,33458.5,90.44,6795.02,8115.12,9435.2225,26574.0,826.3175,1189.8325,1553.345,17194.0
2024-10-16 17:00:00+02:00,35865.0,34982.5,103.09,6535.975,7796.84,9057.7075,26574.0,253.915,483.9825,714.5475,17194.0
2024-10-16 18:00:00+02:00,36163.5,36209.5,117.44,6413.65,7652.98,8892.310000000001,26574.0,18.9725,78.7825,132.14000000000001,17194.0
2024-10-16 19:00:00+02:00,35287.0,35731.0,127.14,6333.592500000001,7603.575,8873.557499999999,26574.0,0.0,0.905,0.905,17194.0
2024-10-16 20:00:00+02:00,32769.5,33061.0,113.79,6315.0175,7553.925,8792.835,26574.0,0.0,0.0,0.0,17194.0
2024-10-16 21:00:00+02:00,29553.0,30090.5,99.01,6260.014999999999,7441.265,8622.515,26574.0,0.0,0.0,0.0,17194.0
2024-10-16 22:00:00+02:00,26013.5,26784.5,90.32,6097.6175,7253.8375,8410.055,26574.0,0.0,0.0,0.0,17194.0
2024-10-16 23:00:00+02:00,23361.0,23653.0,82.04,6118.6775,7115.4,8112.12,26574.0,0.0,0.0,0.0,17194.0
2024-10-17 00:00:00+02:00,21912.0,22255.5,79.37,5956.42,6901.915,7847.41,26574.0,0.0,0.0,0.0,17194.0
2024-10-17 01:00:00+02:00,21827.5,21865.0,74.86,5568.595,6687.13,7805.6575,26574.0,0.0,0.0,0.0,17194.0
2024-10-17 02:00:00+02:00,21330.5,21015.0,71.67,5302.02,6611.195,7920.37,26574.0,0.0,0.0,0.0,17194.0
2024-10-17 03:00:00+02:00,20309.0,20343.5,68.03,5204.135,6671.1475,8138.16,26574.0,0.0,0.0,0.0,17194.0
2024-10-17 04:00:00+02:00,19841.0,20282.0,66.58,5429.365,6829.8225,8230.279999999999,26574.0,0.0,0.0,0.0,17194.0
2024-10-17 05:00:00+02:00,20444.0,21285.5,67.45,5248.9,6649.62,8050.3375,26574.0,0.0,0.0,0.0,17194.0
2024-10-17 06:00:00+02:00,24621.5,25568.5,77.48,4411.2975,6138.32,7865.3375,26574.0,0.0,0.0,0.0,17194.0
2024-10-17 07:00:00+02:00,28830.5,30064.0,92.64,3861.6775000000002,5787.0425,7712.4025,26574.0,0.0,0.0,0.0,17194.0
2024-10-17 08:00:00+02:00,29836.0,30540.0,102.66,3614.9700000000003,5555.285,7495.6,26574.0,2.62,7.5725,14.305,17194.0
2024-10-17 09:00:00+02:00,29207.5,29917.5,103.37,3347.6075,5224.8175,7102.0275,26574.0,594.815,728.5799999999999,862.335,17194.0
2024-10-17 10:00:00+02:00,27865.0,28855.0,97.14,3337.0575,5007.205,6677.3475,26574.0,2158.3475,2591.3325,3024.3199999999997,17194.0
2024-10-17 11:00:00+02:00,26563.5,27882.5,89.94,3393.9449999999997,4996.675,6599.405000000001,26574.0,3979.9825,4541.7875,5103.59,17194.0
2024-10-17 12:00:00+02:00,26395.0,27362.0,84.26,3298.7025,4958.797500000001,6618.889999999999,26574.0,5293.695,5840.1125,6386.53,17194.0
2024-10-17 13:00:00+02:00,25929.0,26647.0,82.39,3059.245,4829.085,6598.9225,26574.0,5797.62,6382.6425,6967.4825,17194.0
2024-10-17 14:00:00+02:00,25842.5,26509.0,80.53,2725.04,4633.3075,6541.575000000001,26574.0,5701.9625,6296.0675,6890.175,17194.0
2024-10-17 15:00:00+02:00,26663.5,27457.5,81.09,2413.965,4435.805,6457.6425,26574.0,5050.75,5532.1675,6015.6849999999995,17194.0
2024-10-17 16:00:00+02:00,28975.5,29815.5,85.13,2348.355,4353.505,6358.6525,26574.0,3689.665,4028.1400000000003,4339.28,17194.0
2024-10-17 17:00:00+02:00,31790.5,32510.0,101.54,2268.38,4209.945,6151.51,26574.0,1868.3375,2113.8250000000003,2332.9075,17194.0
2024-10-17 18:00:00+02:00,33411.5,34212.0,125.59,2137.9125,4016.9075000000003,5895.9025,26574.0,435.65999999999997,527.8,609.8824999999999,17194.0
2024-10-17 19:00:00+02:00,33628.5,34619.0,148.63,2247.83,3831.76,5415.695,26574.0,0.13,1.495,1.7525,17194.0
2024-10-17 20:00:00+02:00,31708.0,32510.5,130.51,2163.2025000000003,3482.615,4802.0275,26574.0,0.0,0.0,0.0,17194.0
2024-10-17 21:00:00+02:00,29230.5,29218.0,107.95,1844.905,3165.395,4485.885,26574.0,0.0,0.0,0.0,17194.0
2024-10-17 22:00:00+02:00,25993.0,26416.0,95.68,1597.405,3153.6075,4709.8125,26574.0,0.0,0.0,0.0,17194.0
2024-10-17 23:00:00+02:00,22882.5,23896.5,85.9,2524.2275,3951.765,5379.305,26574.0,0.0,0.0,0.0,17194.0
2024-10-18 00:00:00+02:00,22140.5,22090.5,83.84,3195.7075,4595.3475,5994.985,26574.0,0.0,0.0,0.0,17194.0
2024-10-18 01:00:00+02:00,21772.0,21805.0,80.77,2811.3325,4304.825,5798.3225,26574.0,0.0,0.0,0.0,17194.0
2024-10-18 02:00:00+02:00,20741.0,21332.0,78.78,2501.96,3794.3775,5086.7925,26574.0,0.0,0.0,0.0,17194.0
2024-10-18 03:00:00+02:00,20393.5,20397.0,77.16,2077.215,3390.04,4702.860000000001,26574.0,0.0,0.0,0.0,17194.0
2024-10-18 04:00:00+02:00,20080.5,20009.5,77.47,2136.5325000000003,3435.18,4733.835,26574.0,0.0,0.0,0.0,17194.0
2024-10-18 05:00:00+02:00,20852.5,20459.0,78.24,2555.3050000000003,3678.4775,4801.6475,26574.0,0.0,0.0,0.0,17194.0
2024-10-18 06:00:00+02:00,24379.5,24361.5,84.43,3074.705,4052.3450000000003,5029.985000000001,26574.0,0.0,0.0,0.0,17194.0
2024-10-18 07:00:00+02:00,28923.0,28327.0,96.48,3841.0575,4714.795,5588.535,26574.0,0.0,0.0,0.0,17194.0
2024-10-18 08:00:00+02:00,30848.0,30457.0,103.72,4654.1900000000005,5411.93,6169.6625,26574.0,4.395,8.57,13.305,17194.0
2024-10-18 09:00:00+02:00,30471.0,29921.5,102.92,5343.1325,5999.2225,6655.317499999999,26574.0,569.995,732.3,894.6075000000001,17194.0
2024-10-18 10:00:00+02:00,28634.0,28236.5,96.95,5797.23,6501.285,7205.34,26574.0,1982.5725,2407.36,2832.1425,17194.0
2024-10-18 11:00:00+02:00,27023.0,26893.5,89.58,6049.9,6871.2875,7692.675,26574.0,3634.4825,4292.225,4949.97,17194.0
2024-10-18 12:00:00+02:00,26063.5,26829.0,82.38,6213.9525,7088.96,7963.9725,26574.0,4890.95,5736.98,6583.005,17194.0
2024-10-18 13:00:00+02:00,25390.0,26614.0,78.02,6341.885,7357.9875,8374.092499999999,26574.0,5241.055,6191.39,7172.6825,17194.0
2024-10-18 14:00:00+02:00,25440.5,26381.5,70.81,6501.200000000001,7647.29,8793.375,26574.0,4908.38,5884.5275,6860.6775,17194.0
2024-10-18 15:00:00+02:00,26404.0,26764.0,70.53,6655.3825,7858.335,9061.29,26574.0,4076.065,4852.6525,5629.2425,17194.0
2024-10-18 16:00:00+02:00,28648.5,29283.5,75.91,6761.0425,8059.5825,9358.125,26574.0,2747.245,3255.465,3763.6825,17194.0
2024-10-18 17:00:00+02:00,30894.0,31300.0,90.18,6928.1224999999995,8239.9575,9551.79,26574.0,1149.1,1442.3874999999998,1736.4425,17194.0
2024-10-18 18:00:00+02:00,31754.0,32089.5,103.66,7200.9175,8412.455,9623.994999999999,26574.0,174.08499999999998,266.26750000000004,348.53000000000003,17194.0
2024-10-18 19:00:00+02:00,30746.5,32076.5,112.59,7291.6325,8572.8225,9854.015,26574.0,0.0,0.58,0.58,17194.0
2024-10-18 20:00:00+02:00,28693.0,29676.0,102.06,7339.88,8808.075,10276.27,26574.0,0.0,0.0,0.0,17194.0
2024-10-18 21:00:00+02:00,26077.0,26633.5,90.0,7447.155,9068.4825,10689.8125,26574.0,0.0,0.0,0.0,17194.0
2024-10-18 22:00:00+02:00,23758.5,23744.0,81.24,7382.2925,9162.415,10942.5425,26574.0,0.0,0.0,0.0,17194.0
2024-10-18 23:00:00+02:00,21671.5,21157.0,69.2,7962.975,9694.25,11425.52,26574.0,0.0,0.0,0.0,17194.0
2024-10-19 00:00:00+02:00,21155.5,20340.0,54.78,8187.41,9956.27,11725.135,26574.0,0.0,0.0,0.0,17194.0
2024-10-19 01:00:00+02:00,20805.0,20435.0,49.38,7345.0375,9300.19,11255.3425,26574.0,0.0,0.0,0.0,17194.0
2024-10-19 02:00:00+02:00,20398.0,19765.5,49.22,6705.29,8717.545,10729.7975,26574.0,0.0,0.0,0.0,17194.0
2024-10-19 03:00:00+02:00,19304.5,19211.0,46.25,6700.545,8531.535,10362.53,26574.0,0.0,0.0,0.0,17194.0
2024-10-19 04:00:00+02:00,18863.0,18882.0,41.45,6866.4,8517.415,10168.43,26574.0,0.0,0.0,0.0,17194.0
2024-10-19 05:00:00+02:00,19353.5,19420.0,42.39,6854.89,8466.4475,10078.005000000001,26574.0,0.0,0.0,0.0,17194.0
2024-10-19 06:00:00+02:00,21016.0,21271.0,52.36,6905.38,8445.4175,9985.4575,26574.0,0.0,0.0,0.0,17194.0
2024-10-19 07:00:00+02:00,23289.5,24004.5,75.69,7033.98,8468.974999999999,9903.97,26574.0,0.0,0.0,0.0,17194.0
2024-10-19 08:00:00+02:00,25418.0,26763.5,85.85,7045.445,8400.3,9755.157500000001,26574.0,0.0,1.7875,1.7875,17194.0
2024-10-19 09:00:00+02:00,26235.5,27753.5,90.19,6762.855,8219.914999999999,9676.98,26574.0,227.2975,373.265,500.1775,17194.0
2024-10-19 10:00:00+02:00,26061.5,26912.0,89.82,6472.1675,8116.505,9760.84,26574.0,955.5,1524.125,2094.215,17194.0
2024-10-19 11:00:00+02:00,25671.0,26022.0,85.4,6248.1675,7984.5599999999995,9720.95,26574.0,2016.6725000000001,3032.735,4048.8050000000003,17194.0
2024-10-19 12:00:00+02:00,24718.5,24920.5,80.21,5816.1,7639.7225,9463.345,26574.0,3186.17,4360.6,5535.035,17194.0
2024-10-19 13:00:00+02:00,23123.0,24122.5,74.63,5284.65,7164.5125,9044.375,26574.0,4085.51,5297.585,6509.6625,17194.0
2024-10-19 14:00:00+02:00,22303.5,23553.5,67.13,4806.4675,6566.4175000000005,8326.365,26574.0,4411.51,5589.74,6785.3275,17194.0
2024-10-19 15:00:00+02:00,22625.5,23703.0,66.83,4157.275,5850.62,7543.965,26574.0,4233.245,5226.9825,6220.72,17194.0
2024-10-19 16:00:00+02:00,25118.0,25704.0,76.1,3478.3199999999997,5130.135,6781.95,26574.0,3402.01,4051.375,4700.74,17194.0
2024-10-19 17:00:00+02:00,28816.5,29994.0,91.99,2983.625,4518.63,6053.6375,26574.0,1873.6525,2147.485,2421.8775,17194.0
2024-10-19 18:00:00+02:00,30541.5,31421.0,110.79,2542.16,4070.6225,5599.085,26574.0,437.6725,504.2025,563.4275,17194.0
2024-10-19 19:00:00+02:00,30089.0,31661.5,123.03,2411.9049999999997,3773.12,5134.34,26574.0,0.0275,0.53,0.7075,17194.0
2024-10-19 20:00:00+02:00,28880.0,29744.0,110.66,2407.665,3713.6375,5019.615,26574.0,0.0,0.0,0.0,17194.0
2024-10-19 21:00:00+02:00,26654.5,26937.0,96.6,2209.91,3852.8225,5495.7375,26574.0,0.0,0.0,0.0,17194.0
2024-10-19 22:00:00+02:00,24375.0,24567.5,88.5,2096.0675,4071.515,6046.965,26574.0,0.0,0.0,0.0,17194.0
2024-10-19 23:00:00+02:00,22052.0,21938.5,79.92,2248.605,4038.55,5828.495,26574.0,0.0,0.0,0.0,17194.0
2024-10-20 00:00:00+02:00,20680.0,20487.5,86.24,2771.9475,4274.705,5777.4575,26574.0,0.0,0.0,0.0,17194.0
2024-10-20 01:00:00+02:00,19738.0,19750.0,81.88,3589.2975,5104.855,6620.407499999999,26574.0,0.0,0.0,0.0,17194.0
2024-10-20 02:00:00+02:00,18884.0,18795.5,75.51,4431.7175,5947.389999999999,7463.06,26574.0,0.0,0.0,0.0,17194.0
2024-10-20 03:00:00+02:00,17589.0,17610.0,69.06,5331.145,6820.885,8310.6325,26574.0,0.0,0.0,0.0,17194.0
2024-10-20 04:00:00+02:00,16782.0,16791.0,57.46,6279.2775,7907.935,9536.585,26574.0,0.0,0.0,0.0,17194.0
2024-10-20 05:00:00+02:00,16290.5,16697.0,43.34,7444.7275,9341.845000000001,11238.9625,26574.0,0.0,0.0,0.0,17194.0
2024-10-20 06:00:00+02:00,17571.5,17969.0,34.61,9065.765,10940.4425,12815.115,26574.0,0.0,0.0,0.0,17194.0
2024-10-20 07:00:00+02:00,19027.5,19678.0,30.76,10677.715,12302.3475,13926.98,26574.0,0.0,0.0,0.0,17194.0
2024-10-20 08:00:00+02:00,21087.5,22262.0,32.14,11814.4225,13155.2725,14496.1225,26574.0,0.905,2.8499999999999996,4.590000000000001,17194.0
2024-10-20 09:00:00+02:00,23670.0,24558.0,46.68,12489.84,13596.5125,14703.19,26574.0,64.3875,106.3075,147.47,17194.0
2024-10-20 10:00:00+02:00,25443.5,24752.0,58.69,13081.42,13968.1325,14854.845,26574.0,223.19,354.23249999999996,485.33500000000004,17194.0
2024-10-20 11:00:00+02:00,26315.5,25014.5,71.63,13437.93,14200.56,14963.1875,26574.0,439.365,653.01,866.6475,17194.0
2024-10-20 12:00:00+02:00,26573.0,25619.0,76.04,13524.3,14248.085,14971.869999999999,26574.0,515.1625,955.22,1395.2725,17194.0
2024-10-20 13:00:00+02:00,25865.5,24866.0,72.65,13659.84,14381.235,15102.6325,26574.0,596.925,1469.635,2342.3475,17194.0
2024-10-20 14:00:00+02:00,24105.0,24856.5,68.4,13783.3225,14508.7625,15234.2,26574.0,856.4024999999999,2193.2200000000003,3530.045,17194.0
2024-10-20 15:00:00+02:00,23713.0,25362.0,62.11,13726.66,14499.305,15271.95,26574.0,972.7,2508.04,4043.38,17194.0
2024-10-20 16:00:00+02:00,25778.5,26917.5,63.6,13620.1625,14439.615,15259.0725,26574.0,967.1125000000001,2213.2825,3457.3375,17194.0
2024-10-20 17:00:00+02:00,28596.5,28279.5,85.52,13526.3525,14334.6525,15142.95,26574.0,696.3050000000001,1261.875,1827.4450000000002,17194.0
2024-10-20 18:00:00+02:00,30044.0,29536.0,98.11,13505.885,14295.5625,15085.2425,26574.0,197.87,305.8375,413.8025,17194.0
2024-10-20 19:00:00+02:00,28988.0,28299.5,103.08,13490.805,14261.335,15031.8675,26574.0,0.0025,0.0525,0.135,17194.0
2024-10-20 20:00:00+02:00,26585.5,25747.0,88.6,13428.4925,14169.505,14910.515,26574.0,0.0,0.0,0.0,17194.0
2024-10-20 21:00:00+02:00,24024.5,23294.0,73.71,13394.8625,14122.795,14850.7275,26574.0,0.0,0.0,0.0,17194.0
2024-10-20 22:00:00+02:00,21412.0,20726.5,57.08,13374.9575,14116.125,14857.2925,26574.0,0.0,0.0,0.0,17194.0
2024-10-20 23:00:00+02:00,18807.0,18239.5,29.26,13287.494999999999,14069.3975,14851.3025,26574.0,0.0,0.0,0.0,17194.0
2024-10-21 00:00:00+02:00,17486.0,16897.5,-5.46,13185.3625,13984.715,14784.07,26574.0,0.0,0.0,0.0,17194.0
2024-10-21 01:00:00+02:00,17443.5,16579.0,-5.04,13072.17,13866.1175,14660.067500000001,26574.0,0.0,0.0,0.0,17194.0
2024-10-21 02:00:00+02:00,17243.0,16592.5,-4.93,12985.435,13789.955,14594.485,26574.0,0.0,0.0,0.0,17194.0
2024-10-21 03:00:00+02:00,16905.5,16299.0,-5.16,12911.045,13752.26,14593.474999999999,26574.0,0.0,0.0,0.0,17194.0
2024-10-21 04:00:00+02:00,17097.5,16201.5,-4.08,12740.215,13628.83,14517.4475,26574.0,0.0,0.0,0.0,17194.0
2024-10-21 05:00:00+02:00,18547.5,17633.5,-0.04,12471.375,13435.2675,14399.16,26574.0,0.0,0.0,0.0,17194.0
2024-10-21 06:00:00+02:00,22619.0,22027.5,2.59,12059.94,13176.61,14293.285,26574.0,0.0,0.0,0.0,17194.0
2024-10-21 07:00:00+02:00,27699.5,27271.0,38.79,11669.3625,12925.49,14181.615,26574.0,0.0,0.0,0.0,17194.0
2024-10-21 08:00:00+02:00,30393.5,30772.0,77.1,11303.965,12700.3,14096.635,26574.0,0.115,3.605,3.84,17194.0
2024-10-21 09:00:00+02:00,31577.5,32107.5,75.88,10961.86,12467.8975,13973.9375,26574.0,240.83499999999998,316.06,373.61,17194.0
2024-10-21 10:00:00+02:00,31615.0,32092.0,65.85,10617.0475,12203.285,13789.525,26574.0,931.27,1176.6599999999999,1422.385,17194.0
2024-10-21 11:00:00+02:00,31404.5,31140.5,60.84,10292.4775,11998.1525,13703.8325,26574.0,1785.7875,2207.76,2629.8075,17194.0
2024-10-21 12:00:00+02:00,30902.5,30711.5,54.78,9920.4875,11732.95,13545.415,26574.0,2428.9025,3045.1,3661.2999999999997,17194.0
2024-10-21 13:00:00+02:00,30712.0,29870.0,51.49,9508.34,11416.76,13325.18,26574.0,2770.8625,3645.365,4519.87,17194.0
2024-10-21 14:00:00+02:00,30361.5,29757.5,53.17,9005.3375,11036.67,13068.0,26574.0,2864.63,3855.2675,4848.41,17194.0
2024-10-21 15:00:00+02:00,30644.5,30740.0,62.72,8439.7325,10620.555,12801.385,26574.0,2602.1525,3588.005,4573.86,17194.0
2024-10-21 16:00:00+02:00,31529.5,32079.0,73.22,7921.73,10324.585,12727.435,26574.0,1958.6599999999999,2791.355,3624.055,17194.0
2024-10-21 17:00:00+02:00,33463.0,34342.5,90.22,7685.360000000001,10191.6175,12697.8725,26574.0,1035.295,1507.365,1979.4975,17194.0
2024-10-21 18:00:00+02:00,34981.0,34991.5,104.14,7718.41,10216.0775,12713.744999999999,26574.0,243.46499999999997,342.0875,439.915,17194.0
2024-10-21 19:00:00+02:00,34391.0,33521.0,103.06,7675.4775,10267.4975,12859.515,26574.0,0.015,0.0625,0.095,17194.0
2024-10-21 20:00:00+02:00,32102.5,30914.5,90.89,7735.07,10415.825,13096.585,26574.0,0.0,0.0,0.0,17194.0
2024-10-21 21:00:00+02:00,28750.5,28093.0,86.41,7761.7825,10519.3725,13276.9625,26574.0,0.0,0.0,0.0,17194.0
2024-10-21 22:00:00+02:00,25458.0,25358.5,82.38,7818.055,10576.8525,13335.654999999999,26574.0,0.0,0.0,0.0,17194.0
2024-10-21 23:00:00+02:00,22738.5,22309.5,73.33,8459.5975,10434.3275,12409.055,26574.0,0.0,0.0,0.0,17194.0
2024-10-22 00:00:00+02:00,21318.0,20780.0,55.39,8896.435,10215.3975,11534.3625,26574.0,0.0,0.0,0.0,17194.0
2024-10-22 01:00:00+02:00,20767.5,20550.0,44.13,8919.93,10229.54,11539.155,26574.0,0.0,0.0,0.0,17194.0
2024-10-22 02:00:00+02:00,20435.5,20005.5,40.91,9083.84,10236.1875,11388.5375,26574.0,0.0,0.0,0.0,17194.0
2024-10-22 03:00:00+02:00,20137.5,19609.0,36.37,9120.8575,10224.192500000001,11327.525,26574.0,0.0,0.0,0.0,17194.0
2024-10-22 04:00:00+02:00,19694.5,19509.0,35.96,8918.025,10121.2325,11324.439999999999,26574.0,0.0,0.0,0.0,17194.0
2024-10-22 05:00:00+02:00,20784.0,20851.5,45.53,8397.335,9747.3525,11097.369999999999,26574.0,0.0,0.0,0.0,17194.0
2024-10-22 06:00:00+02:00,25111.5,25274.0,63.85,7738.805,9181.285,10623.7625,26574.0,0.0,0.0,0.0,17194.0
2024-10-22 07:00:00+02:00,30188.0,30121.5,92.25,7158.655,8666.5175,10174.375,26574.0,0.0,0.0,0.0,17194.0
2024-10-22 08:00:00+02:00,32412.0,32057.0,96.61,6741.775,8314.3775,9886.975,26574.0,4.2925,6.3325,8.6475,17194.0
2024-10-22 09:00:00+02:00,31792.0,31774.0,93.48,6488.7975,8177.2825,9865.765,26574.0,688.7575,748.3774999999999,807.995,17194.0
2024-10-22 10:00:00+02:00,30081.0,30380.0,84.16,6409.835,8151.915,9893.9975,26574.0,2317.84,2509.605,2701.37,17194.0
2024-10-22 11:00:00+02:00,28703.0,29265.5,76.99,6352.0650000000005,8030.665,9709.2675,26574.0,3923.065,4248.505,4573.945,17194.0
2024-10-22 12:00:00+02:00,28056.5,28890.5,70.03,6248.2425,7910.04,9571.835,26574.0,5039.5675,5418.495,5797.4175,17194.0
2024-10-22 13:00:00+02:00,27752.5,27783.0,67.72,6053.1849999999995,7808.297500000001,9563.4125,26574.0,5387.58,5882.41,6354.219999999999,17194.0
2024-10-22 14:00:00+02:00,27750.0,27724.5,68.52,5603.635,7477.7125,9351.79,26574.0,5203.21,5696.2875,6189.365,17194.0
2024-10-22 15:00:00+02:00,28627.5,28779.5,74.37,5109.3475,6917.5,8725.6475,26574.0,4578.1375,5016.065,5453.995,17194.0
2024-10-22 16:00:00+02:00,30847.0,31595.0,85.82,4640.5975,6192.74,7744.8775000000005,26574.0,3328.0075,3687.0375,4046.0675,17194.0
2024-10-22 17:00:00+02:00,33767.5,34106.0,108.31,3924.415,5283.8,6643.18,26574.0,1625.67,1821.38,2017.1625,17194.0
2024-10-22 18:00:00+02:00,35723.0,35792.5,128.04,3378.7650000000003,4574.8099999999995,5770.8525,26574.0,345.87,396.995,447.19,17194.0
2024-10-22 19:00:00+02:00,35084.0,34910.0,131.87,3168.8125,4235.805,5302.7925000000005,26574.0,0.0275,0.14,0.2575,17194.0
2024-10-22 20:00:00+02:00,32873.5,32807.5,103.64,3151.14,4152.7425,5154.3475,26574.0,0.0,0.0,0.0,17194.0
2024-10-22 21:00:00+02:00,30057.5,30152.5,89.33,3323.53,4291.585,5259.6375,26574.0,0.0,0.0,0.0,17194.0
2024-10-22 22:00:00+02:00,26695.5,26945.0,82.35,3444.0550000000003,4463.17,5482.285,26574.0,0.0,0.0,0.0,17194.0
2024-10-22 23:00:00+02:00,23661.5,23640.0,81.01,3740.2799999999997,4554.8425,5369.4025,26574.0,0.0,0.0,0.0,17194.0
2024-10-23 00:00:00+02:00,22187.5,22288.5,94.17,4082.5249999999996,4655.3725,5228.225,26574.0,0.0,0.0,0.0,17194.0
2024-10-23 01:00:00+02:00,21939.5,21785.0,90.99,4277.915,4845.8724999999995,5413.83,26574.0,0.0,0.0,0.0,17194.0
2024-10-23 02:00:00+02:00,21602.0,21185.0,89.01,4478.0599999999995,5104.9175,5731.780000000001,26574.0,0.0,0.0,0.0,17194.0
2024-10-23 03:00:00+02:00,21039.5,20512.5,86.55,4662.8925,5419.075,6175.2625,26574.0,0.0,0.0,0.0,17194.0
2024-10-23 04:00:00+02:00,20476.5,20198.5,87.78,4865.48,5703.63,6541.78,26574.0,0.0,0.0,0.0,17194.0
2024-10-23 05:00:00+02:00,21665.5,21527.5,94.11,5017.9349999999995,5863.16,6708.385,26574.0,0.0,0.0,0.0,17194.0
2024-10-23 06:00:00+02:00,25476.5,26021.0,100.73,5121.08,5966.424999999999,6811.7675,26574.0,0.0,0.0,0.0,17194.0
2024-10-23 07:00:00+02:00,29844.5,30927.0,109.33,5287.1625,6077.22,6867.275,26574.0,0.0,0.0,0.0,17194.0
2024-10-23 08:00:00+02:00,32447.5,32466.0,106.71,5405.77,6129.0225,6852.275,26574.0,1.0625,2.2775,3.1975,17194.0
2024-10-23 09:00:00+02:00,32502.0,32136.5,103.18,5518.1775,6249.5775,6980.9825,26574.0,236.0675,449.07,514.0125,17194.0
2024-10-23 10:00:00+02:00,31400.5,30820.5,94.29,5726.455,6445.22,7163.99,26574.0,1124.9775,1610.1174999999998,1810.065,17194.0
2024-10-23 11:00:00+02:00,30247.5,29602.5,88.53,5897.5075,6566.06,7234.6075,26574.0,2337.2325,2974.705,3348.645,17194.0
2024-10-23 12:00:00+02:00,29489.0,29315.5,81.81,5995.2275,6708.2925,7421.3575,26574.0,3414.32,4091.6925,4646.93,17194.0
2024-10-23 13:00:00+02:00,28633.5,28700.5,78.92,6121.055,6904.335,7687.615,26574.0,3978.1625,4651.7925,5335.6575,17194.0
2024-10-23 14:00:00+02:00,28396.5,28549.5,80.04,6244.225,7080.03,7915.83,26574.0,4017.265,4696.015,5360.7575,17194.0
2024-10-23 15:00:00+02:00,28970.0,29301.0,86.05,6247.51,7219.445,8191.387500000001,26574.0,3554.1875,4155.5625,4756.9375,17194.0
2024-10-23 16:00:00+02:00,31163.5,31802.5,92.46,6158.045,7313.66,8469.275,26574.0,2454.0225,2910.19,3366.35,17194.0
2024-10-23 17:00:00+02:00,33617.5,33938.0,113.06,6107.915,7313.7425,8519.57,26574.0,1143.9175,1353.6075,1563.52,17194.0
2024-10-23 18:00:00+02:00,35175.0,35832.5,124.5,6366.8925,7459.585,8552.275000000001,26574.0,211.1525,266.68,319.27500000000003,17194.0
2024-10-23 19:00:00+02:00,34494.0,34581.0,118.57,6905.3150000000005,7912.3325,8919.35,26574.0,0.0,0.0475,0.0475,17194.0
2024-10-23 20:00:00+02:00,32080.0,31907.5,95.8,7426.1525,8447.4975,9468.8425,26574.0,0.0,0.0,0.0,17194.0
2024-10-23 21:00:00+02:00,28869.0,28759.5,87.2,7721.71,8978.945,10236.18,26574.0,0.0,0.0,0.0,17194.0
2024-10-23 22:00:00+02:00,25308.0,25187.5,84.26,8112.9475,9587.4225,11061.897500000001,26574.0,0.0,0.0,0.0,17194.0
2024-10-23 23:00:00+02:00,22273.0,21673.5,78.24,8635.2325,9898.455,11161.6775,26574.0,0.0,0.0,0.0,17194.0
2024-10-24 00:00:00+02:00,20980.0,20883.0,73.66,8985.52,10012.8975,11040.275,26574.0,0.0,0.0,0.0,17194.0
2024-10-24 01:00:00+02:00,20731.0,20500.0,63.47,9153.305,10138.83,11124.35,26574.0,0.0,0.0,0.0,17194.0
2024-10-24 02:00:00+02:00,20215.5,19956.5,58.73,9259.27,10251.895,11244.52,26574.0,0.0,0.0,0.0,17194.0
2024-10-24 03:00:00+02:00,19549.5,19126.0,54.76,9516.89,10470.64,11424.39,26574.0,0.0,0.0,0.0,17194.0
2024-10-24 04:00:00+02:00,19128.5,18786.0,48.51,9758.625,10592.627499999999,11426.635,26574.0,0.0,0.0,0.0,17194.0
2024-10-24 05:00:00+02:00,20291.0,20091.5,48.29,9785.135,10587.86,11390.59,26574.0,0.0,0.0,0.0,17194.0
2024-10-24 06:00:00+02:00,24416.5,24388.0,65.33,9688.54,10537.97,11387.405,26574.0,0.0,0.0,0.0,17194.0
2024-10-24 07:00:00+02:00,28750.0,28932.0,89.09,9684.4675,10577.7925,11471.115,26574.0,0.0,0.0,0.0,17194.0
2024-10-24 08:00:00+02:00,30817.0,30813.0,97.94,9760.575,10694.79,11629.0,26574.0,2.7075,3.435,5.1175,17194.0
2024-10-24 09:00:00+02:00,30608.5,30777.5,96.91,9878.45,10874.55,11870.655,26574.0,613.6425,716.845,824.3475,17194.0
2024-10-24 10:00:00+02:00,29483.5,28861.5,85.21,10005.849999999999,11066.0825,12126.315,26574.0,2081.825,2485.6975,2889.23,17194.0
2024-10-24 11:00:00+02:00,28727.0,27609.5,77.25,10022.5425,11069.1125,12115.685,26574.0,3434.7799999999997,4092.8199999999997,4750.860000000001,17194.0
2024-10-24 12:00:00+02:00,28294.0,27316.0,64.17,9951.955,11007.445,12062.94,26574.0,4406.4025,5164.5199999999995,5922.6375,17194.0
2024-10-24 13:00:00+02:00,27597.5,26956.5,54.43,9830.9125,10966.8675,12102.825,26574.0,5030.5875,5758.38,6481.575,17194.0
2024-10-24 14:00:00+02:00,27548.5,26896.5,51.27,9534.2175,10663.1125,11792.0075,26574.0,4974.612499999999,5693.15,6411.6875,17194.0
2024-10-24 15:00:00+02:00,28787.5,27810.5,60.11,9189.1725,10292.275,11395.380000000001,26574.0,4149.2525000000005,4878.3375,5607.42,17194.0
2024-10-24 16:00:00+02:00,31371.0,30000.0,72.68,8894.65,10059.6225,11224.595,26574.0,2825.825,3303.65,3781.4775,17194.0
2024-10-24 17:00:00+02:00,33734.0,32938.5,87.72,8537.965,9874.6875,11211.41,26574.0,1257.0625,1441.93,1626.7525,17194.0
2024-10-24 18:00:00+02:00,35214.5,35236.5,106.8,8201.1625,9716.994999999999,11232.83,26574.0,196.6525,242.7075,289.3775,17194.0
2024-10-24 19:00:00+02:00,34059.0,34148.5,115.23,8039.46,9662.5825,11285.705,26574.0,0.0,0.045,0.18,17194.0
2024-10-24 20:00:00+02:00,32097.0,31892.0,102.65,8020.4075,9726.78,11433.1525,26574.0,0.0,0.0,0.0,17194.0
2024-10-24 21:00:00+02:00,29351.0,29347.0,91.33,7719.46,9466.5275,11213.59,26574.0,0.0,0.0,0.0,17194.0
2024-10-24 22:00:00+02:00,26314.5,26345.5,84.23,6944.1625,8823.2875,10702.41,26574.0,0.0,0.0,0.0,17194.0
2024-10-24 23:00:00+02:00,23561.5,23441.0,78.54,6147.0725,7941.55,9736.03,26574.0,0.0,0.0,0.0,17194.0
2024-10-25 00:00:00+02:00,22332.0,22333.0,85.41,5305.895,6794.1375,8282.3775,26574.0,0.0,0.0,0.0,17194.0
2024-10-25 01:00:00+02:00,21819.5,22050.0,83.96,4384.65,5693.282499999999,7001.91,26574.0,0.0,0.0,0.0,17194.0
2024-10-25 02:00:00+02:00,21344.5,21510.0,83.65,3709.7775,4798.200000000001,5886.62,26574.0,0.0,0.0,0.0,17194.0
2024-10-25 03:00:00+02:00,20793.5,20628.5,83.27,3166.34,4139.13,5111.925,26574.0,0.0,0.0,0.0,17194.0
2024-10-25 04:00:00+02:00,20344.0,20743.5,85.59,2655.6425,3630.6675,4605.6925,26574.0,0.0,0.0,0.0,17194.0
2024-10-25 05:00:00+02:00,21257.0,21532.5,89.26,2275.1625,3228.485,4181.805,26574.0,0.0,0.0,0.0,17194.0
2024-10-25 06:00:00+02:00,24757.0,25318.5,97.56,1988.0475000000001,2996.1675,4004.29,26574.0,0.0,0.0,0.0,17194.0
2024-10-25 07:00:00+02:00,28592.5,30239.5,108.04,1819.1025,2871.875,3924.645,26574.0,0.0,0.0,0.0,17194.0
2024-10-25 08:00:00+02:00,31799.0,32874.5,116.34,1723.865,2821.94,3920.0175,26574.0,0.08,0.365,0.765,17194.0
2024-10-25 09:00:00+02:00,32583.5,32781.0,115.13,1646.4,2858.7025,4071.0075,26574.0,176.61,234.98250000000002,293.36,17194.0
2024-10-25 10:00:00+02:00,32359.5,32481.0,108.98,1702.95,2953.425,4203.9,26574.0,814.1325,990.675,1167.2224999999999,17194.0
2024-10-25 11:00:00+02:00,32175.0,32018.5,102.63,1664.5700000000002,2920.1025,4175.6375,26574.0,1633.2325,1942.3525,2251.475,17194.0
2024-10-25 12:00:00+02:00,31746.0,31597.0,93.94,1506.6,2745.6000000000004,3984.5950000000003,26574.0,2189.965,2620.55,3051.13,17194.0
2024-10-25 13:00:00+02:00,30902.5,31200.0,91.2,1395.55,2547.6425,3699.7375,26574.0,2331.47,2932.3925,3519.845,17194.0
2024-10-25 14:00:00+02:00,30520.0,30884.0,90.47,1244.9099999999999,2320.91,3396.915,26574.0,2331.47,2998.5099999999998,3661.665,17194.0
2024-10-25 15:00:00+02:00,30306.0,30845.5,93.73,1034.2925,2082.24,3130.19,26574.0,2168.0325000000003,2743.6,3319.1725,17194.0
2024-10-25 16:00:00+02:00,31572.0,31925.5,101.34,885.465,1930.37,2975.27,26574.0,1598.4175,2015.3925,2432.3675,17194.0
2024-10-25 17:00:00+02:00,33002.5,33482.0,116.71,847.75,1925.67,3003.59,26574.0,765.795,969.9,1174.0025,17194.0
2024-10-25 18:00:00+02:00,34191.0,34860.5,155.45,883.44,2020.6075,3157.775,26574.0,142.46,188.0025,233.55,17194.0
2024-10-25 19:00:00+02:00,33441.5,33732.5,157.91,924.605,2130.815,3337.0225,26574.0,0.0,0.025,0.0775,17194.0
2024-10-25 20:00:00+02:00,31530.0,31711.0,128.05,923.105,2200.2749999999996,3477.44,26574.0,0.0,0.0,0.0,17194.0
2024-10-25 21:00:00+02:00,28985.5,29483.5,101.19,1062.77,2239.06,3415.35,26574.0,0.0,0.0,0.0,17194.0
2024-10-25 22:00:00+02:00,26362.5,26753.5,93.49,1153.385,2242.2325,3331.0775,26574.0,0.0,0.0,0.0,17194.0
2024-10-25 23:00:00+02:00,23671.0,23971.5,87.78,1490.225,2422.9775,3355.7325,26574.0,0.0,0.0,0.0,17194.0
2024-10-26 00:00:00+02:00,22704.0,22515.0,91.94,1873.545,2632.425,3391.3025,26574.0,0.0,0.0,0.0,17194.0
2024-10-26 01:00:00+02:00,22177.0,22000.0,89.68,1878.325,2677.445,3476.565,26574.0,0.0,0.0,0.0,17194.0
2024-10-26 02:00:00+02:00,21637.0,21452.0,87.24,2009.93,2771.625,3533.315,26574.0,0.0,0.0,0.0,17194.0
2024-10-26 03:00:00+02:00,20621.0,20377.5,87.36,2128.1525,2843.7799999999997,3559.4075000000003,26574.0,0.0,0.0,0.0,17194.0
2024-10-26 04:00:00+02:00,19803.0,19698.5,88.27,2161.14,2899.77,3638.4,26574.0,0.0,0.0,0.0,17194.0
2024-10-26 05:00:00+02:00,19813.5,19884.5,88.41,2244.125,3018.56,3792.995,26574.0,0.0,0.0,0.0,17194.0
2024-10-26 06:00:00+02:00,21709.5,21504.5,93.27,2386.125,3168.475,3950.83,26574.0,0.0,0.0,0.0,17194.0
2024-10-26 07:00:00+02:00,24148.5,23853.5,100.08,2622.3475,3381.05,4139.755,26574.0,0.0,0.0,0.0,17194.0
2024-10-26 08:00:00+02:00,26562.0,26273.5,104.52,2851.34,3638.07,4424.8,26574.0,0.0425,0.3625,0.8725,17194.0
2024-10-26 09:00:00+02:00,27532.5,27349.5,101.86,3089.635,3911.355,4733.07,26574.0,281.40250000000003,365.78000000000003,450.1575,17194.0
2024-10-26 10:00:00+02:00,27002.0,27410.0,95.43,3387.2225,4258.995,5130.7625,26574.0,1145.535,1482.1100000000001,1818.68,17194.0
2024-10-26 11:00:00+02:00,26108.5,26643.0,89.11,3739.2250000000004,4670.235000000001,5601.24,26574.0,2185.6375,2819.16,3452.6825,17194.0
2024-10-26 12:00:00+02:00,25143.5,26034.5,81.81,3967.5,4962.715,5957.9275,26574.0,2976.175,3830.7025,4685.2275,17194.0
2024-10-26 13:00:00+02:00,24488.0,25031.0,79.01,4202.325,5274.5975,6346.8775000000005,26574.0,3348.9325,4366.295,5383.6625,17194.0
2024-10-26 14:00:00+02:00,24340.5,24533.5,76.16,4596.5525,5666.825,6737.0975,26574.0,3334.135,4356.355,5378.5775,17194.0
2024-10-26 15:00:00+02:00,25053.5,25621.0,76.28,4821.0175,5933.58,7046.1475,26574.0,2823.645,3802.9925000000003,4782.345,17194.0
2024-10-26 16:00:00+02:00,26937.0,27198.0,81.04,4852.125,6121.535,7390.9400000000005,26574.0,1926.3200000000002,2685.6275,3444.9300000000003,17194.0
2024-10-26 17:00:00+02:00,29558.5,29782.0,98.13,4880.9875,6327.395,7773.805,26574.0,894.1425,1213.08,1532.0175,17194.0
2024-10-26 18:00:00+02:00,31277.5,31322.5,112.64,4945.5575,6539.9525,8134.3475,26574.0,160.6025,218.53,276.46,17194.0
2024-10-26 19:00:00+02:00,30257.0,30188.5,117.89,4957.1025,6659.5025000000005,8361.904999999999,26574.0,0.03,0.0975,0.18,17194.0
2024-10-26 20:00:00+02:00,28552.5,28195.5,101.26,4946.725,6822.62,8698.515,26574.0,0.0,0.0,0.0,17194.0
2024-10-26 21:00:00+02:00,26433.5,26147.0,91.67,4947.0025000000005,7179.23,9411.4625,26574.0,0.0,0.0,0.0,17194.0
2024-10-26 22:00:00+02:00,24424.0,24692.5,85.81,5079.2525000000005,7592.77,10106.29,26574.0,0.0,0.0,0.0,17194.0
2024-10-26 23:00:00+02:00,22196.5,22400.0,79.26,5795.1375,7694.87,9594.605,26574.0,0.0,0.0,0.0,17194.0
2024-10-27 00:00:00+02:00,21205.0,21061.5,80.54,6244.504999999999,7616.2825,8988.06,26574.0,0.0,0.0,0.0,17194.0
2024-10-27 01:00:00+02:00,20653.5,20300.0,74.82,6142.665,7649.2725,9155.88,26574.0,0.0,0.0,0.0,17194.0
2024-10-27 02:00:00+02:00,19965.5,19376.0,72.025,5998.4325,7529.1075,9059.782500000001,26574.0,0.0,0.0,0.0,17194.0
2024-10-27 02:00:00+01:00,19965.5,19376.0,71.6275,5631.546249999999,7272.30375,8913.05875,26574.0,0.0,0.0,0.0,17194.0
2024-10-27 03:00:00+01:00,19040.5,18470.5,71.23,5264.66,7015.5,8766.335,26574.0,0.0,0.0,0.0,17194.0
2024-10-27 04:00:00+01:00,18321.5,17913.0,72.28,4913.5025000000005,6771.3724999999995,8629.2425,26574.0,0.0,0.0,0.0,17194.0
2024-10-27 05:00:00+01:00,18464.5,18518.5,75.18,4934.485,6662.78,8391.075,26574.0,0.0,0.0,0.0,17194.0
2024-10-27 06:00:00+01:00,18632.5,18863.5,81.04,4895.78,6479.975,8064.17,26574.0,0.0,0.0,0.0,17194.0
2024-10-27 07:00:00+01:00,20812.0,20190.5,90.2,4448.595,6013.52,7578.45,26574.0,1.64,2.27,2.975,17194.0
2024-10-27 08:00:00+01:00,22831.0,21852.5,95.82,3999.7775,5422.395,6845.0175,26574.0,801.485,845.735,889.99,17194.0
2024-10-27 09:00:00+01:00,23643.5,23640.0,88.96,3810.44,5073.77,6337.0925,26574.0,2827.3175,3026.9925,3226.67,17194.0
2024-10-27 10:00:00+01:00,23509.0,23957.0,79.84,3741.9449999999997,4959.1225,6176.295,26574.0,4838.2175,5175.7875,5513.365,17194.0
2024-10-27 11:00:00+01:00,22674.5,23649.5,72.36,3782.62,5023.135,6263.6475,26574.0,6176.5125,6544.9825,6913.455,17194.0
2024-10-27 12:00:00+01:00,22167.0,23701.0,62.64,4131.955,5384.2474999999995,6636.5425,26574.0,6564.93,7021.405,7479.3175,17194.0
2024-10-27 13:00:00+01:00,21906.5,23794.5,63.47,4688.0325,5877.12,7066.205,26574.0,6139.16,6679.75,7220.3425,17194.0
2024-10-27 14:00:00+01:00,22846.0,24783.5,70.96,5025.9425,6171.975,7318.01,26574.0,4942.6675,5535.9575,6129.2475,17194.0
2024-10-27 15:00:00+01:00,24907.0,26457.5,77.41,5149.6224999999995,6350.71,7551.8,26574.0,3126.6575000000003,3627.84,4129.0175,17194.0
2024-10-27 16:00:00+01:00,27463.0,28296.5,88.55,5492.8125,6644.8875,7796.96,26574.0,1181.6675,1440.2625,1698.8600000000001,17194.0
2024-10-27 17:00:00+01:00,30987.5,30888.0,106.38,5912.5825,7011.0725,8109.56,26574.0,148.8075,196.85999999999999,244.9125,17194.0
2024-10-27 18:00:00+01:00,33308.5,33238.0,123.08,6328.355,7483.805,8639.255000000001,26574.0,0.0,0.0,0.0,17194.0
2024-10-27 19:00:00+01:00,32361.5,32424.0,120.88,6808.75,8088.889999999999,9369.035,26574.0,0.0,0.0,0.0,17194.0
2024-10-27 20:00:00+01:00,30009.5,30289.5,103.9,7368.965,8766.875,10164.79,26574.0,0.0,0.0,0.0,17194.0
2024-10-27 21:00:00+01:00,27717.0,28134.5,92.28,7779.715,9343.425,10907.130000000001,26574.0,0.0,0.0,0.0,17194.0
2024-10-27 22:00:00+01:00,25478.5,25880.5,83.57,8075.98,9733.03,11390.08,26574.0,0.0,0.0,0.0,17194.0
2024-10-27 23:00:00+01:00,22923.5,23535.5,72.95,8583.7225,10007.525,11431.325,26574.0,0.0,0.0,0.0,17194.0
2024-10-28 00:00:00+01:00,20673.0,21161.5,74.09,8912.57,10153.2375,11393.9025,26574.0,0.0,0.0,0.0,17194.0
2024-10-28 01:00:00+01:00,20020.0,20200.0,65.54,9003.675,10233.08,11462.49,26574.0,0.0,0.0,0.0,17194.0
2024-10-28 02:00:00+01:00,19523.5,19577.5,61.18,9132.6475,10331.545,11530.442500000001,26574.0,0.0,0.0,0.0,17194.0
2024-10-28 03:00:00+01:00,18697.0,18625.5,51.83,9242.18,10426.73,11611.2775,26574.0,0.0,0.0,0.0,17194.0
2024-10-28 04:00:00+01:00,18136.5,18040.0,47.87,9208.295,10375.775,11543.255000000001,26574.0,0.0,0.0,0.0,17194.0
2024-10-28 05:00:00+01:00,17886.0,17940.5,51.66,8966.1775,10151.775,11337.369999999999,26574.0,0.0,0.0,0.0,17194.0
2024-10-28 06:00:00+01:00,19267.5,19527.0,71.92,8570.395,9815.099999999999,11059.8,26574.0,0.0,0.0,0.0,17194.0
2024-10-28 07:00:00+01:00,23488.5,23495.5,100.96,8053.79,9331.4175,10609.045,26574.0,0.0,0.0375,1.0175,17194.0
2024-10-28 08:00:00+01:00,28174.0,28290.5,109.76,7494.17,8782.03,10069.8925,26574.0,70.6,112.37,160.45,17194.0
2024-10-28 09:00:00+01:00,30845.5,30852.5,109.56,7008.84,8292.3775,9575.915,26574.0,480.475,632.01,783.06,17194.0
2024-10-28 10:00:00+01:00,31644.5,32215.0,106.59,6400.155,7772.0599999999995,9143.9625,26574.0,1038.4450000000002,1298.7675,1559.085,17194.0
2024-10-28 11:00:00+01:00,31408.0,30913.5,104.03,5651.6675,7276.74,8901.81,26574.0,1354.66,1666.68,1978.705,17194.0
2024-10-28 12:00:00+01:00,31629.0,31006.0,97.62,5072.719999999999,6927.6775,8782.6375,26574.0,1459.5425,1739.13,2037.9375,17194.0
2024-10-28 13:00:00+01:00,32061.5,32109.0,97.84,4723.645,6555.895,8388.14,26574.0,1469.0025,1685.9025000000001,1901.4475,17194.0
2024-10-28 14:00:00+01:00,32621.0,32664.5,98.6,4327.3775,6010.1,7692.82,26574.0,1272.2024999999999,1466.72,1661.235,17194.0
2024-10-28 15:00:00+01:00,32530.0,32554.0,101.3,3857.795,5434.0725,7010.3525,26574.0,765.025,954.9125,1144.805,17194.0
2024-10-28 16:00:00+01:00,33056.0,33241.5,108.14,3471.9,4967.55,6463.2,26574.0,242.0675,339.33,436.6,17194.0
2024-10-28 17:00:00+01:00,35333.5,35117.5,133.56,3121.37,4626.1875,6131.0,26574.0,17.49,32.78,48.074999999999996,17194.0
2024-10-28 18:00:00+01:00,37310.5,36963.0,166.7,2807.715,4372.1175,5936.5175,26574.0,0.0,0.0,0.0,17194.0
2024-10-28 19:00:00+01:00,36366.0,36379.5,161.85,2643.4325,4165.6725,5687.9125,26574.0,0.0,0.0,0.0,17194.0
2024-10-28 20:00:00+01:00,34965.5,35118.0,132.9,2445.8325,3943.425,5441.014999999999,26574.0,0.0,0.0,0.0,17194.0
2024-10-28 21:00:00+01:00,32454.0,32777.0,111.65,2236.3975,3680.1,5123.805,26574.0,0.0,0.0,0.0,17194.0
2024-10-28 22:00:00+01:00,29536.5,29871.0,101.56,2122.465,3393.13,4663.795,26574.0,0.0,0.0,0.0,17194.0
2024-10-28 23:00:00+01:00,26748.5,26833.0,95.32,2077.0,3163.2574999999997,4249.515,26574.0,0.0,0.0,0.0,17194.0
2024-10-29 00:00:00+01:00,23768.5,23994.0,97.76,2086.745,3077.215,4067.6775,26574.0,0.0,0.0,0.0,17194.0
2024-10-29 01:00:00+01:00,22959.0,22795.0,94.82,2092.955,3073.175,4053.39,26574.0,0.0,0.0,0.0,17194.0
2024-10-29 02:00:00+01:00,22381.5,21954.0,93.26,2085.1949999999997,3110.1125,4135.035,26574.0,0.0,0.0,0.0,17194.0
2024-10-29 03:00:00+01:00,21619.5,20980.5,90.52,2132.6375,3190.1,4247.5625,26574.0,0.0,0.0,0.0,17194.0
2024-10-29 04:00:00+01:00,20809.0,20431.5,91.32,2152.9175,3224.27,4295.62,26574.0,0.0,0.0,0.0,17194.0
2024-10-29 05:00:00+01:00,20617.5,20078.5,92.73,2152.95,3225.2,4297.45,26574.0,0.0,0.0,0.0,17194.0
2024-10-29 06:00:00+01:00,21512.5,21183.5,99.73,2198.09,3212.2799999999997,4226.467500000001,26574.0,0.0,0.0,0.0,17194.0
2024-10-29 07:00:00+01:00,25467.5,25209.0,112.05,2133.35,3098.9750000000004,4064.6,26574.0,0.0,0.125,0.6725,17194.0
2024-10-29 08:00:00+01:00,28955.0,29064.0,120.95,2061.5924999999997,2972.3975,3883.205,26574.0,112.9125,162.655,214.3475,17194.0
2024-10-29 09:00:00+01:00,31337.0,31466.5,117.11,1959.3625,2887.875,3816.3900000000003,26574.0,786.5550000000001,925.24,1063.77,17194.0
2024-10-29 10:00:00+01:00,31743.0,32004.5,109.6,1849.81,2843.7200000000003,3837.6324999999997,26574.0,1740.7625,2020.4724999999999,2300.185,17194.0
2024-10-29 11:00:00+01:00,30922.0,31434.5,103.8,1824.79,2888.8175,3952.8425,26574.0,2455.165,2817.6775000000002,3180.195,17194.0
2024-10-29 12:00:00+01:00,30828.0,31023.0,95.54,1841.675,3016.1375,4190.6025,26574.0,2876.125,3207.9075000000003,3539.6875,17194.0
2024-10-29 13:00:00+01:00,31270.0,31055.0,93.6,1870.1775,3103.9474999999998,4337.72,26574.0,2877.4849999999997,3268.495,3623.89,17194.0
2024-10-29 14:00:00+01:00,31199.0,30692.5,93.91,1889.07,3082.8199999999997,4276.5725,26574.0,2407.4575,2826.0175,3244.5775,17194.0
2024-10-29 15:00:00+01:00,32044.5,31235.5,98.27,1834.78,2967.02,4099.2625,26574.0,1620.1275,1901.2725,2182.515,17194.0
2024-10-29 16:00:00+01:00,33297.5,33178.5,108.22,1711.2975,2755.77,3800.2425000000003,26574.0,679.9649999999999,795.5475,909.98,17194.0
2024-10-29 17:00:00+01:00,34857.0,35094.5,142.18,1580.645,2530.7349999999997,3480.83,26574.0,80.7975,98.2175,114.49,17194.0
2024-10-29 18:00:00+01:00,36737.5,37058.5,165.28,1437.855,2342.3050000000003,3246.76,26574.0,0.0,0.0,0.0,17194.0
2024-10-29 19:00:00+01:00,36326.5,36615.0,164.85,1228.1875,2203.81,3179.4325,26574.0,0.0,0.0,0.0,17194.0
2024-10-29 20:00:00+01:00,34982.5,35064.0,140.12,921.21,2077.655,3234.0975,26574.0,0.0,0.0,0.0,17194.0
2024-10-29 21:00:00+01:00,32634.0,32497.5,115.17,663.0799999999999,1896.375,3129.6675,26574.0,0.0,0.0,0.0,17194.0
2024-10-29 22:00:00+01:00,29909.0,29654.5,101.16,544.2975,1770.93,2997.565,26574.0,0.0,0.0,0.0,17194.0
2024-10-29 23:00:00+01:00,26878.0,26775.0,94.14,605.5575,1634.165,2662.765,26574.0,0.0,0.0,0.0,17194.0
2024-10-30 00:00:00+01:00,24387.0,24488.5,94.86,695.7149999999999,1482.7649999999999,2269.81,26574.0,0.0,0.0,0.0,17194.0
2024-10-30 01:00:00+01:00,23662.0,23300.0,90.47,652.7375,1373.31,2093.8849999999998,26574.0,0.0,0.0,0.0,17194.0
2024-10-30 02:00:00+01:00,23045.5,22581.0,89.58,560.1700000000001,1230.69,1901.2075,26574.0,0.0,0.0,0.0,17194.0
2024-10-30 03:00:00+01:00,21817.0,21703.5,88.87,465.775,1150.0949999999998,1834.415,26574.0,0.0,0.0,0.0,17194.0
2024-10-30 04:00:00+01:00,21065.5,21258.5,91.13,431.83,1119.245,1806.6575,26574.0,0.0,0.0,0.0,17194.0
2024-10-30 05:00:00+01:00,20731.5,20947.0,92.75,405.275,1061.025,1716.7725,26574.0,0.0,0.0,0.0,17194.0
2024-10-30 06:00:00+01:00,22073.5,21950.5,99.64,397.7275,1013.61,1629.4975,26574.0,0.0,0.0,0.0,17194.0
2024-10-30 07:00:00+01:00,25785.5,25942.5,112.37,382.495,986.0575,1589.6275,26574.0,0.0,0.0,0.0,17194.0
2024-10-30 08:00:00+01:00,29555.0,29702.0,123.21,332.175,944.9024999999999,1557.6375,26574.0,203.12,255.585,308.0525,17194.0
2024-10-30 09:00:00+01:00,32115.0,31979.0,122.24,322.365,875.7025,1429.04,26574.0,1079.8274999999999,1281.045,1482.26,17194.0
2024-10-30 10:00:00+01:00,32625.5,32324.0,112.04,347.9925,834.0799999999999,1320.165,26574.0,2292.5975,2693.75,3094.9075000000003,17194.0
2024-10-30 11:00:00+01:00,32480.5,31298.0,104.46,300.54499999999996,799.0475,1297.555,26574.0,3252.2875,3811.4225,4370.5625,17194.0
2024-10-30 12:00:00+01:00,32311.5,30867.0,94.99,261.4975,809.36,1357.225,26574.0,3615.545,4253.7975,4890.95,17194.0
2024-10-30 13:00:00+01:00,32745.5,30969.5,95.74,278.1,907.6675,1537.2350000000001,26574.0,3358.4425,4037.3475,4716.2575,17194.0
2024-10-30 14:00:00+01:00,32795.5,31551.5,99.14,274.38,1003.665,1732.9450000000002,26574.0,2673.2675,3287.205,3901.145,17194.0
2024-10-30 15:00:00+01:00,33092.0,32354.0,105.34,228.2675,1113.7675,1999.2649999999999,26574.0,1731.4775,2129.7725,2529.965,17194.0
2024-10-30 16:00:00+01:00,33533.0,33607.5,120.83,198.2675,1269.2475,2340.225,26574.0,648.3399999999999,836.245,999.5175,17194.0
2024-10-30 17:00:00+01:00,35374.0,35104.5,161.54,353.95,1527.8175,2701.685,26574.0,57.6,102.355,122.47999999999999,17194.0
2024-10-30 18:00:00+01:00,37097.5,37013.5,173.51,787.6875,1901.4175,3015.145,26574.0,0.0,0.0,0.0,17194.0
2024-10-30 19:00:00+01:00,35891.5,36510.5,167.91,1326.6775,2291.4575,3256.24,26574.0,0.0,0.0,0.0,17194.0
2024-10-30 20:00:00+01:00,34705.5,35161.5,132.62,1888.625,2705.235,3521.8425,26574.0,0.0,0.0,0.0,17194.0
2024-10-30 21:00:00+01:00,32194.0,32923.0,101.69,2448.0125,3143.515,3839.02,26574.0,0.0,0.0,0.0,17194.0
2024-10-30 22:00:00+01:00,29158.0,30039.5,93.49,2765.7575,3471.16,4176.5625,26574.0,0.0,0.0,0.0,17194.0
2024-10-30 23:00:00+01:00,26029.5,26840.5,86.36,3155.1400000000003,3823.1275,4491.115,26574.0,0.0,0.0,0.0,17194.0
2024-10-31 00:00:00+01:00,23502.5,24187.0,88.15,3532.0600000000004,4114.62,4697.17,26574.0,0.0,0.0,0.0,17194.0
2024-10-31 01:00:00+01:00,23072.5,23075.0,84.01,3670.085,4256.094999999999,4842.105,26574.0,0.0,0.0,0.0,17194.0
2024-10-31 02:00:00+01:00,21958.5,22127.0,81.1,3812.685,4420.6575,5028.63,26574.0,0.0,0.0,0.0,17194.0
2024-10-31 03:00:00+01:00,20811.5,21034.0,78.53,3935.705,4566.46,5197.215,26574.0,0.0,0.0,0.0,17194.0
2024-10-31 04:00:00+01:00,19977.5,20373.0,80.31,4064.37,4703.105,5341.844999999999,26574.0,0.0,0.0,0.0,17194.0
2024-10-31 05:00:00+01:00,19787.0,19944.5,82.93,4184.04,4833.51,5482.975,26574.0,0.0,0.0,0.0,17194.0
2024-10-31 06:00:00+01:00,20980.0,21097.5,85.54,4343.855,5004.1849999999995,5664.52,26574.0,0.0,0.0,0.0,17194.0
2024-10-31 07:00:00+01:00,24552.0,25156.0,97.09,4481.344999999999,5177.065,5872.7875,26574.0,0.0,0.0,0.0,17194.0
2024-10-31 08:00:00+01:00,28312.0,29059.5,104.55,4586.085,5321.0625,6056.045,26574.0,171.49,230.58,289.67,17194.0
2024-10-31 09:00:00+01:00,30762.0,31114.5,100.02,4698.635,5482.205,6265.775,26574.0,894.255,1133.06,1371.87,17194.0
2024-10-31 10:00:00+01:00,31006.5,31303.5,94.42,4804.35,5690.29,6576.235000000001,26574.0,1814.2424999999998,2355.4775,2896.7075,17194.0
2024-10-31 11:00:00+01:00,30888.0,30687.5,87.76,4999.125,6003.785,7008.445,26574.0,2509.2425000000003,3331.9225,4154.610000000001,17194.0
2024-10-31 12:00:00+01:00,30707.0,30404.5,79.85,5244.255,6321.75,7399.2474999999995,26574.0,2910.5375,3850.6499999999996,4790.0325,17194.0
2024-10-31 13:00:00+01:00,30839.0,30555.5,78.25,5348.855,6437.965,7527.075,26574.0,2819.3325,3791.1575000000003,4762.9875,17194.0
2024-10-31 14:00:00+01:00,30576.5,30791.5,78.58,5341.6675,6409.28,7476.895,26574.0,2316.1625,3108.2925,3900.425,17194.0
2024-10-31 15:00:00+01:00,30712.5,31250.5,81.13,5274.1,6368.09,7462.0825,26574.0,1529.9075,2024.905,2519.9075,17194.0
2024-10-31 16:00:00+01:00,31795.0,33105.0,89.0,5119.365,6206.475,7293.58,26574.0,613.6925,827.975,1042.26,17194.0
2024-10-31 17:00:00+01:00,33729.5,34924.5,113.57,5014.7075,6026.282499999999,7037.862499999999,26574.0,82.095,102.7975,123.5,17194.0
2024-10-31 18:00:00+01:00,34842.5,36755.5,134.21,4953.595,5981.9275,7010.264999999999,26574.0,0.0,0.0,0.0,17194.0
2024-10-31 19:00:00+01:00,33960.0,36223.5,128.35,4890.88,5981.205,7071.53,26574.0,0.0,0.0,0.0,17194.0
2024-10-31 20:00:00+01:00,33045.5,34626.5,103.96,4862.9275,6007.639999999999,7152.355,26574.0,0.0,0.0,0.0,17194.0
2024-10-31 21:00:00+01:00,31102.5,32225.0,92.92,4845.975,6072.4425,7298.905000000001,26574.0,0.0,0.0,0.0,17194.0
2024-10-31 22:00:00+01:00,28482.5,29142.0,85.84,4852.1325,6188.695,7525.2575,26574.0,0.0,0.0,0.0,17194.0
2024-10-31 23:00:00+01:00,25935.0,26037.5,79.66,4964.2475,6176.2175,7388.182500000001,26574.0,0.0,0.0,0.0,17194.0
2024-11-01 00:00:00+01:00,23444.5,23573.0,83.97,4989.4525,6064.2675,7139.085,26574.0,0.0,0.0,0.0,17194.0
2024-11-01 01:00:00+01:00,22528.0,22950.0,80.9,5013.58,6116.1875,7218.79,26574.0,0.0,0.0,0.0,17194.0
2024-11-01 02:00:00+01:00,21794.5,22105.5,78.86,5060.7225,6205.4025,7350.0825,26574.0,0.0,0.0,0.0,17194.0
2024-11-01 03:00:00+01:00,20669.5,20952.0,76.99,4964.9825,6235.6675000000005,7506.3525,26574.0,0.0,0.0,0.0,17194.0
2024-11-01 04:00:00+01:00,20164.0,20116.0,78.32,5002.8325,6346.93,7691.025,26574.0,0.0,0.0,0.0,17194.0
2024-11-01 05:00:00+01:00,19815.0,19704.0,79.88,5054.26,6427.9025,7801.5475,26574.0,0.0,0.0,0.0,17194.0
2024-11-01 06:00:00+01:00,20466.5,20843.5,85.34,5068.3099999999995,6441.094999999999,7813.8775000000005,26574.0,0.0,0.0,0.0,17194.0
2024-11-01 07:00:00+01:00,23785.0,25038.0,94.44,5046.9875,6351.51,7656.0275,26574.0,0.0,0.0,0.0,17194.0
2024-11-01 08:00:00+01:00,27916.0,29242.0,102.53,4808.615,6084.1224999999995,7359.63,26574.0,175.055,254.58,285.28,17194.0
2024-11-01 09:00:00+01:00,30626.0,31361.0,101.48,4532.0225,5730.1575,6928.295,26574.0,980.0874999999999,1215.9675,1362.7975000000001,17194.0
2024-11-01 10:00:00+01:00,31136.5,31649.5,95.51,4231.15,5335.945,6440.7325,26574.0,2068.9575,2472.9275,2761.3975,17194.0
2024-11-01 11:00:00+01:00,31013.0,31315.0,90.11,3801.595,5012.65,6223.705,26574.0,2850.135,3379.045,3834.57,17194.0
2024-11-01 12:00:00+01:00,31501.0,31073.0,85.65,3385.59,4748.487499999999,6111.385,26574.0,3061.36,3697.8975,4363.585,17194.0
2024-11-01 13:00:00+01:00,31747.5,31629.5,86.32,2962.37,4406.549999999999,5850.7325,26574.0,2831.5775000000003,3527.16,4222.7425,17194.0
2024-11-01 14:00:00+01:00,32248.5,31770.5,89.88,2544.565,3899.0525,5253.54,26574.0,2297.8224999999998,2887.9525000000003,3478.0825,17194.0
2024-11-01 15:00:00+01:00,32693.0,31666.5,94.82,2113.915,3268.2749999999996,4422.635,26574.0,1393.4925,1835.3175,2277.7825000000003,17194.0
2024-11-01 16:00:00+01:00,33044.5,32370.5,102.75,1689.38,2732.6949999999997,3776.01,26574.0,476.26,682.03,879.5625,17194.0
2024-11-01 17:00:00+01:00,34376.5,34318.0,141.93,1425.0,2393.725,3362.45,26574.0,46.215,71.6525,88.85,17194.0
2024-11-01 18:00:00+01:00,35941.5,35898.0,168.15,1118.15,2087.44,3056.73,26574.0,0.0,0.0,0.0,17194.0
2024-11-01 19:00:00+01:00,35126.5,35106.5,153.34,776.04,1805.635,2835.23,26574.0,0.0,0.0,0.0,17194.0
2024-11-01 20:00:00+01:00,34062.5,33611.5,125.09,513.21,1608.25,2703.29,26574.0,0.0,0.0,0.0,17194.0
2024-11-01 21:00:00+01:00,32041.0,31467.0,97.15,299.60249999999996,1482.125,2664.6475,26574.0,0.0,0.0,0.0,17194.0
2024-11-01 22:00:00+01:00,29657.5,29772.5,91.71,245.44,1450.775,2656.1099999999997,26574.0,0.0,0.0,0.0,17194.0
2024-11-01 23:00:00+01:00,26792.0,27168.0,87.37,494.59000000000003,1557.3375,2620.085,26574.0,0.0,0.0,0.0,17194.0
2024-11-02 00:00:00+01:00,24377.0,24711.0,89.64,792.6875,1760.575,2728.4625,26574.0,0.0,0.0,0.0,17194.0
2024-11-02 01:00:00+01:00,23685.5,23710.0,86.91,973.0125,2010.5325,3048.0525,26574.0,0.0,0.0,0.0,17196.0
2024-11-02 02:00:00+01:00,22721.5,22727.5,85.09,1205.885,2339.8325,3473.785,26574.0,0.0,0.0,0.0,17196.0
2024-11-02 03:00:00+01:00,21458.0,21506.0,82.07,1472.9325,2689.7,3906.465,26574.0,0.0,0.0,0.0,17196.0
2024-11-02 04:00:00+01:00,20815.5,20426.0,80.6,1697.04,2917.56,4138.0825,26574.0,0.0,0.0,0.0,17196.0
2024-11-02 05:00:00+01:00,20198.0,20065.0,80.68,1903.3899999999999,3091.9375,4280.4875,26574.0,0.0,0.0,0.0,17196.0
2024-11-02 06:00:00+01:00,20252.0,20267.5,84.84,2222.9,3363.5025,4504.1,26574.0,0.0,0.0,0.0,17196.0
2024-11-02 07:00:00+01:00,21615.5,21320.5,91.54,2460.605,3545.5725,4630.54,26574.0,0.0,0.0,0.0,17196.0
2024-11-02 08:00:00+01:00,23968.5,23146.5,94.52,2571.1099999999997,3644.38,4717.655,26574.0,20.9225,58.432500000000005,66.0125,17196.0
2024-11-02 09:00:00+01:00,26799.0,26221.0,94.5,2698.4,3836.54,4974.6825,26574.0,377.105,503.58000000000004,600.12,17196.0
2024-11-02 10:00:00+01:00,28385.5,27855.5,91.86,2714.8825,3891.8725,5068.865,26574.0,1075.5049999999999,1257.655,1442.1100000000001,17196.0
2024-11-02 11:00:00+01:00,28676.0,28954.5,88.38,2718.975,3805.8225,4892.6675,26574.0,1592.33,1857.5875,2122.8475,17196.0
2024-11-02 12:00:00+01:00,29022.5,28934.5,83.8,2712.255,3710.2425,4708.2325,26574.0,1720.29,2063.71,2405.4075000000003,17196.0
2024-11-02 13:00:00+01:00,29516.5,29351.0,83.76,2580.24,3599.115,4617.995,26574.0,1672.9875,1961.53,2250.075,17196.0
2024-11-02 14:00:00+01:00,29680.0,29402.0,84.78,2472.3824999999997,3485.9725,4499.5599999999995,26574.0,1447.9450000000002,1666.775,1885.605,17196.0
2024-11-02 15:00:00+01:00,29430.5,29734.5,86.73,2492.8875000000003,3414.83,4336.77,26574.0,948.965,1126.735,1306.1375,17196.0
2024-11-02 16:00:00+01:00,30061.0,30402.5,91.86,2516.1949999999997,3396.4225,4276.6475,26574.0,326.84749999999997,434.2825,520.5325,17196.0
2024-11-02 17:00:00+01:00,31910.0,32458.5,106.24,2470.115,3364.7799999999997,4259.44,26574.0,15.235,49.165,61.9125,17196.0
2024-11-02 18:00:00+01:00,33097.5,33763.0,116.47,2396.105,3328.1025,4260.105,26574.0,0.0,0.0,0.0,17196.0
2024-11-02 19:00:00+01:00,32584.5,32781.5,111.29,2367.6125,3327.69,4287.76,26574.0,0.0,0.0,0.0,17196.0
2024-11-02 20:00:00+01:00,30777.5,30481.0,97.74,2393.485,3331.465,4269.45,26574.0,0.0,0.0,0.0,17196.0
2024-11-02 21:00:00+01:00,29569.0,29261.5,89.6,2448.82,3341.9475,4235.08,26574.0,0.0,0.0,0.0,17196.0
2024-11-02 22:00:00+01:00,27536.5,27651.5,86.34,2471.7025,3313.2375,4154.77,26574.0,0.0,0.0,0.0,17196.0
2024-11-02 23:00:00+01:00,25248.0,25473.5,82.95,2427.68,3128.4625,3829.2425,26574.0,0.0,0.0,0.0,17196.0
2024-11-03 00:00:00+01:00,23362.0,23174.5,89.49,2266.19,2859.71,3453.235,26574.0,0.0,0.0,0.0,17196.0
2024-11-03 01:00:00+01:00,22617.0,22350.0,86.71,2001.67,2611.4449999999997,3221.225,26574.0,0.0,0.0,0.0,17196.0
2024-11-03 02:00:00+01:00,21753.5,21520.5,85.37,1728.955,2371.955,3014.95,26574.0,0.0,0.0,0.0,17196.0
2024-11-03 03:00:00+01:00,20608.0,20537.0,80.03,1470.465,2150.6400000000003,2830.8175,26574.0,0.0,0.0,0.0,17196.0
2024-11-03 04:00:00+01:00,19899.5,19754.5,78.83,1245.9225000000001,1960.4275,2674.9325,26574.0,0.0,0.0,0.0,17196.0
2024-11-03 05:00:00+01:00,19335.0,19247.5,79.63,1049.2825,1761.44,2473.595,26574.0,0.0,0.0,0.0,17196.0
2024-11-03 06:00:00+01:00,19494.5,19620.0,84.4,879.75,1573.58,2267.4125,26574.0,0.0,0.0,0.0,17196.0
2024-11-03 07:00:00+01:00,20495.5,20817.5,93.92,768.71,1450.98,2133.255,26574.0,0.0,0.0,0.0,17196.0
2024-11-03 08:00:00+01:00,22161.5,22389.5,96.83,753.9875,1424.6025,2095.2125,26574.0,118.13,185.905,243.5925,17196.0
2024-11-03 09:00:00+01:00,24620.0,24994.0,95.01,820.0274999999999,1478.7925,2137.56,26574.0,730.6525,972.2775,1203.8175,17196.0
2024-11-03 10:00:00+01:00,27080.5,27228.5,93.5,898.265,1524.4775,2150.6875,26574.0,1519.615,1924.475,2330.1125,17196.0
2024-11-03 11:00:00+01:00,28740.5,28074.5,90.04,897.0025,1510.2325,2123.4625,26574.0,1982.1475,2635.62,3289.09,17196.0
2024-11-03 12:00:00+01:00,29729.0,28655.5,87.6,813.54,1435.525,2057.515,26574.0,2170.155,2924.19,3704.8675,17196.0
2024-11-03 13:00:00+01:00,30712.0,29937.5,89.05,714.3025,1330.04,1945.775,26574.0,2045.22,2732.65,3420.085,17196.0
2024-11-03 14:00:00+01:00,31400.0,30827.0,90.73,626.13,1235.5525,1844.9699999999998,26574.0,1648.025,2156.9575,2665.89,17196.0
2024-11-03 15:00:00+01:00,31917.0,30718.5,94.8,561.38,1158.375,1755.365,26574.0,1050.3125,1365.5675,1680.825,17196.0
2024-11-03 16:00:00+01:00,33120.0,31714.5,98.41,568.715,1165.945,1763.1750000000002,26574.0,339.7225,478.6775,617.6374999999999,17196.0
2024-11-03 17:00:00+01:00,34971.0,34022.0,122.75,619.4375,1256.49,1893.5475000000001,26574.0,6.0,14.6975,26.927500000000002,17196.0
2024-11-03 18:00:00+01:00,36581.0,35498.5,139.91,717.98,1411.38,2104.7775,26574.0,0.0,0.0,0.0,17196.0
2024-11-03 19:00:00+01:00,35485.5,34574.5,127.41,839.2225,1590.7649999999999,2342.31,26574.0,0.0,0.0,0.0,17196.0
2024-11-03 20:00:00+01:00,33291.0,32575.5,106.18,876.365,1719.2350000000001,2562.105,26574.0,0.0,0.0,0.0,17196.0
2024-11-03 21:00:00+01:00,30904.0,30524.0,94.98,856.0925,1746.965,2637.835,26574.0,0.0,0.0,0.0,17196.0
2024-11-03 22:00:00+01:00,28461.5,28597.0,91.51,838.985,1703.08,2567.17,26574.0,0.0,0.0,0.0,17196.0
2024-11-03 23:00:00+01:00,25822.5,25984.5,87.78,887.005,1672.495,2457.9925000000003,26574.0,0.0,0.0,0.0,17196.0
2024-11-04 00:00:00+01:00,23325.0,23445.0,89.14,921.915,1612.2625,2302.6075,26574.0,0.0,0.0,0.0,17196.0
2024-11-04 01:00:00+01:00,23007.0,22400.0,87.6,893.6825,1537.77,2181.8575,26574.0,0.0,0.0,0.0,17196.0
2024-11-04 02:00:00+01:00,22416.5,21805.5,84.41,863.5174999999999,1479.1675,2094.815,26574.0,0.0,0.0,0.0,17196.0
2024-11-04 03:00:00+01:00,21507.0,21020.0,82.45,794.48,1411.2525,2028.0225,26574.0,0.0,0.0,0.0,17196.0
2024-11-04 04:00:00+01:00,20810.0,20624.0,80.79,716.85,1361.455,2006.0549999999998,26574.0,0.0,0.0,0.0,17196.0
2024-11-04 05:00:00+01:00,20377.5,20517.5,80.59,706.0875,1383.54,2060.9925,26574.0,0.0,0.0,0.0,17196.0
2024-11-04 06:00:00+01:00,21632.0,21861.0,85.37,753.61,1498.745,2243.8824999999997,26574.0,0.0,0.0,0.0,17196.0
2024-11-04 07:00:00+01:00,26343.5,26518.5,98.31,845.7,1645.685,2445.675,26574.0,0.0,0.0,0.0,17196.0
2024-11-04 08:00:00+01:00,31093.0,31159.5,106.27,999.11,1801.5949999999998,2604.0775,26574.0,69.155,144.2975,175.5425,17196.0
2024-11-04 09:00:00+01:00,33706.5,33496.0,106.4,1153.6775,1963.23,2772.7799999999997,26574.0,624.155,786.8525000000001,905.6600000000001,17196.0
2024-11-04 10:00:00+01:00,35009.0,34195.5,103.14,1202.065,2019.5775,2837.0924999999997,26574.0,1467.1925,1723.0175,1982.2225,17196.0
2024-11-04 11:00:00+01:00,35321.5,34594.0,98.46,1115.995,1938.7775000000001,2761.56,26574.0,2089.7125,2519.8849999999998,2950.055,17196.0
2024-11-04 12:00:00+01:00,35267.5,34552.5,94.3,961.995,1776.3875,2590.7825000000003,26574.0,2326.6349999999998,2875.2275,3419.1425,17196.0
2024-11-04 13:00:00+01:00,35659.0,34699.5,94.08,817.5925,1586.6675,2355.7425,26574.0,2203.3475,2750.475,3297.6,17196.0
2024-11-04 14:00:00+01:00,35254.0,34725.5,94.45,764.895,1469.11,2173.325,26574.0,1722.1275,2155.835,2589.5425,17196.0
2024-11-04 15:00:00+01:00,34462.0,34741.0,98.27,731.965,1411.815,2091.6675,26574.0,1043.225,1296.9850000000001,1552.275,17196.0
2024-11-04 16:00:00+01:00,34774.0,35142.0,108.94,707.765,1417.655,2127.545,26574.0,353.765,471.7525,569.815,17196.0
2024-11-04 17:00:00+01:00,36731.5,37367.0,133.49,762.565,1534.705,2306.8450000000003,26574.0,7.0175,35.875,47.84,17196.0
2024-11-04 18:00:00+01:00,38607.0,39048.5,138.82,890.4875,1717.135,2543.785,26574.0,0.0,0.0,0.0,17196.0
2024-11-04 19:00:00+01:00,38497.5,38613.0,133.68,1001.015,1849.82,2698.6275,26574.0,0.0,0.0,0.0,17196.0
2024-11-04 20:00:00+01:00,36645.0,36829.5,112.39,1050.87,1900.445,2750.01,26574.0,0.0,0.0,0.0,17196.0
2024-11-04 21:00:00+01:00,34354.0,34198.5,98.9,1032.26,1883.425,2734.585,26574.0,0.0,0.0,0.0,17196.0
2024-11-04 22:00:00+01:00,31030.5,31542.5,92.69,993.13,1811.775,2630.4225,26574.0,0.0,0.0,0.0,17196.0
2024-11-04 23:00:00+01:00,27728.0,28379.0,86.84,796.675,1475.625,2154.5725,26574.0,0.0,0.0,0.0,17196.0
2024-11-05 00:00:00+01:00,25038.0,25115.5,89.4,608.905,1142.555,1676.205,26574.0,0.0,0.0,0.0,17196.0
2024-11-05 01:00:00+01:00,24252.5,24380.0,87.71,602.8,1079.6575,1556.5149999999999,26574.0,0.0,0.0,0.0,17196.0
2024-11-05 02:00:00+01:00,23589.0,23506.0,86.47,553.0975,1014.92,1476.745,26574.0,0.0,0.0,0.0,17196.0
2024-11-05 03:00:00+01:00,22694.5,21915.0,81.95,507.34999999999997,955.52,1403.6875,26574.0,0.0,0.0,0.0,17196.0
2024-11-05 04:00:00+01:00,21807.5,21460.0,81.95,494.815,931.47,1368.1225,26574.0,0.0,0.0,0.0,17196.0
2024-11-05 05:00:00+01:00,21423.0,21549.0,83.98,509.75250000000005,932.0275,1354.3025,26574.0,0.0,0.0,0.0,17196.0
2024-11-05 06:00:00+01:00,22482.5,22690.5,88.91,530.7225,955.8025,1380.8775,26574.0,0.0,0.0,0.0,17196.0
2024-11-05 07:00:00+01:00,27015.5,27225.5,101.94,522.4200000000001,975.215,1428.0125,26574.0,0.0,0.0,0.0,17196.0
2024-11-05 08:00:00+01:00,31426.5,31832.5,114.02,516.0825,990.0450000000001,1464.01,26574.0,55.61,103.7775,151.9475,17196.0
2024-11-05 09:00:00+01:00,34307.5,33722.0,120.15,537.3025,1023.0050000000001,1508.7150000000001,26574.0,497.17999999999995,718.16,939.1424999999999,17196.0
2024-11-05 10:00:00+01:00,35315.0,34490.5,111.9,532.935,1029.1924999999999,1525.45,26574.0,1242.0925,1685.2849999999999,2128.4750000000004,17196.0
2024-11-05 11:00:00+01:00,34789.5,34196.5,103.52,531.915,1025.535,1519.1625000000001,26574.0,1755.7875,2454.8675000000003,3153.9475,17196.0
2024-11-05 12:00:00+01:00,34795.0,33924.0,96.43,526.2375,1023.505,1520.775,26574.0,1941.455,2906.53,3870.8,17196.0
2024-11-05 13:00:00+01:00,34898.0,32981.0,95.93,514.6375,1024.76,1534.88,26574.0,1891.0525,2969.5675,4043.0299999999997,17196.0
2024-11-05 14:00:00+01:00,34911.0,33952.5,99.21,538.595,1051.845,1565.0925,26574.0,1561.185,2474.755,3388.3275000000003,17196.0
2024-11-05 15:00:00+01:00,34257.0,34111.5,108.91,570.3425,1111.635,1652.925,26574.0,908.6475,1504.255,2099.855,17196.0
2024-11-05 16:00:00+01:00,35206.5,34762.0,125.0,546.89,1200.71,1854.5300000000002,26574.0,251.5025,481.3025,711.1,17196.0
2024-11-05 17:00:00+01:00,37114.0,36766.0,171.12,489.825,1331.6775,2173.535,26574.0,6.272500000000001,13.3475,20.495,17196.0
2024-11-05 18:00:00+01:00,38386.5,38707.5,179.72,546.78,1478.7,2410.63,26574.0,0.0,0.0,0.0,17196.0
2024-11-05 19:00:00+01:00,37728.0,38543.5,164.33,728.6424999999999,1660.155,2591.665,26574.0,0.0,0.0,0.0,17196.0
2024-11-05 20:00:00+01:00,35860.0,36584.0,125.17,899.9,1881.3575,2862.8199999999997,26574.0,0.0,0.0,0.0,17196.0
2024-11-05 21:00:00+01:00,33711.5,34173.5,102.39,1105.15,2119.3475,3133.5425,26574.0,0.0,0.0,0.0,17196.0
2024-11-05 22:00:00+01:00,30958.5,30868.0,90.57,1240.6025,2314.765,3388.925,26574.0,0.0,0.0,0.0,17196.0
2024-11-05 23:00:00+01:00,27987.0,27557.5,85.3,1231.8400000000001,2218.925,3206.0074999999997,26574.0,0.0,0.0,0.0,17196.0
2024-11-06 00:00:00+01:00,25106.0,24865.5,84.54,1244.0900000000001,2085.465,2926.84,26574.0,0.0,0.0,0.0,17196.0
2024-11-06 01:00:00+01:00,24446.0,23810.0,82.76,1309.1325,2109.92,2910.705,26574.0,0.0,0.0,0.0,17196.0
2024-11-06 02:00:00+01:00,23779.5,23208.5,81.12,1328.8400000000001,2092.7799999999997,2856.715,26574.0,0.0,0.0,0.0,17196.0
2024-11-06 03:00:00+01:00,22665.5,22338.0,78.88,1250.6,2022.35,2794.1000000000004,26574.0,0.0,0.0,0.0,17196.0
2024-11-06 04:00:00+01:00,21703.5,21479.5,78.5,1223.06,1967.615,2712.175,26574.0,0.0,0.0,0.0,17196.0
2024-11-06 05:00:00+01:00,21446.5,21109.0,79.08,1285.4275,1993.85,2702.2725,26574.0,0.0,0.0,0.0,17196.0
2024-11-06 06:00:00+01:00,22598.5,22239.5,85.41,1283.455,2001.255,2719.0550000000003,26574.0,0.0,0.0,0.0,17196.0
2024-11-06 07:00:00+01:00,27161.0,26817.0,96.72,1184.2649999999999,1960.7225,2737.175,26574.0,0.0,0.0,0.0,17196.0
2024-11-06 08:00:00+01:00,31527.0,31411.0,104.75,1101.96,1943.4875,2785.0175,26574.0,25.387500000000003,83.605,101.87,17196.0
2024-11-06 09:00:00+01:00,33785.0,33794.5,105.93,1080.24,1956.495,2832.755,26574.0,419.945,594.3025,728.71,17196.0
2024-11-06 10:00:00+01:00,34551.0,34229.5,101.42,1030.7675,1917.905,2805.0475,26574.0,1131.2525,1404.9375,1681.7,17196.0
2024-11-06 11:00:00+01:00,34494.5,33830.5,96.23,980.58,1854.0875,2727.6,26574.0,1689.6925,2072.1625,2454.6375,17196.0
2024-11-06 12:00:00+01:00,34674.0,33954.5,92.34,955.085,1827.3249999999998,2699.56,26574.0,1911.2575000000002,2393.2375,2867.1175000000003,17196.0
2024-11-06 13:00:00+01:00,34967.0,34146.0,92.69,872.13,1805.9675,2739.8075,26574.0,1808.855,2351.7125,2894.2574999999997,17196.0
2024-11-06 14:00:00+01:00,34910.0,34440.5,95.48,838.12,1846.3400000000001,2854.5625,26574.0,1381.2575000000002,1915.5525,2449.8525,17196.0
2024-11-06 15:00:00+01:00,34601.5,34052.5,100.21,899.8925,1900.24,2900.5875,26574.0,784.5725,1133.8125,1483.2075,17196.0
2024-11-06 16:00:00+01:00,35084.5,35021.0,109.62,1032.5049999999999,1981.5175,2930.5299999999997,26574.0,245.8275,361.6875,475.53749999999997,17196.0
2024-11-06 17:00:00+01:00,37013.5,37018.5,140.5,1269.4424999999999,2189.54,3109.64,26574.0,5.5200000000000005,14.0,22.06,17196.0
2024-11-06 18:00:00+01:00,38436.5,38414.0,161.97,1512.075,2422.3225,3332.5699999999997,26574.0,0.0,0.0,0.0,17196.0
2024-11-06 19:00:00+01:00,38232.0,37648.5,145.7,1810.57,2672.225,3533.875,26574.0,0.0,0.0,0.0,17196.0
2024-11-06 20:00:00+01:00,36753.0,35724.0,114.16,2143.42,2913.685,3701.81,26574.0,0.0,0.0,0.0,17196.0
2024-11-06 21:00:00+01:00,34499.0,33473.5,96.17,2344.77,3060.8050000000003,3847.8075,26574.0,0.0,0.0,0.0,17196.0
2024-11-06 22:00:00+01:00,31568.0,30676.0,89.76,2502.2775,3187.7974999999997,3941.8525,26574.0,0.0,0.0,0.0,17196.0
2024-11-06 23:00:00+01:00,28153.0,27659.0,82.39,2655.6025,3285.255,3930.335,26574.0,0.0,0.0,0.0,17196.0
2024-11-07 00:00:00+01:00,25179.5,24727.5,88.54,2695.89,3294.2325,3892.5775000000003,26574.0,0.0,0.0,0.0,17196.0
2024-11-07 01:00:00+01:00,24159.0,23850.0,86.78,2680.1775,3266.105,3852.0299999999997,26574.0,0.0,0.0,0.0,17196.0
2024-11-07 02:00:00+01:00,23229.0,23145.5,83.84,2670.8175,3242.56,3814.305,26574.0,0.0,0.0,0.0,17196.0
2024-11-07 03:00:00+01:00,22413.5,22023.0,80.16,2608.39,3206.205,3804.02,26574.0,0.0,0.0,0.0,17196.0
2024-11-07 04:00:00+01:00,21553.5,21055.5,80.02,2565.815,3203.2925,3840.7725,26574.0,0.0,0.0,0.0,17196.0
2024-11-07 05:00:00+01:00,21159.5,20795.5,80.9,2588.685,3258.615,3928.5475,26574.0,0.0,0.0,0.0,17196.0
2024-11-07 06:00:00+01:00,22142.0,21940.0,86.61,2703.62,3423.8775,4144.1375,26574.0,0.0,0.0,0.0,17196.0
2024-11-07 07:00:00+01:00,26365.5,26426.5,98.49,3026.035,3746.2475,4466.46,26574.0,0.0,0.0,0.0,17196.0
2024-11-07 08:00:00+01:00,30768.5,30834.0,107.46,3458.69,4162.47,4866.25,26574.0,20.542500000000004,47.912499999999994,64.415,17196.0
2024-11-07 09:00:00+01:00,33074.0,33093.5,109.93,3877.8525,4568.555,5259.2625,26574.0,329.4625,457.1625,559.5975,17196.0
2024-11-07 10:00:00+01:00,33929.5,33867.0,105.79,4114.8175,4803.1,5491.385,26574.0,925.3625,1111.3,1284.79,17196.0
2024-11-07 11:00:00+01:00,33877.0,33827.0,101.68,4111.945,4875.495,5639.049999999999,26574.0,1445.72,1658.705,1872.7175,17196.0
2024-11-07 12:00:00+01:00,34053.5,33980.5,98.76,4035.6075,4913.43,5791.25,26574.0,1700.9375,1997.6,2293.2799999999997,17196.0
2024-11-07 13:00:00+01:00,34343.5,33890.5,100.61,3844.9075000000003,4894.6825,5944.455,26574.0,1639.8899999999999,1983.865,2327.8450000000003,17196.0
2024-11-07 14:00:00+01:00,34467.0,33920.0,102.46,3730.1,4840.86,5951.625,26574.0,1300.66,1657.3175,2013.97,17196.0
2024-11-07 15:00:00+01:00,34373.0,33849.0,107.03,3888.9525000000003,4916.1575,5943.365,26574.0,743.63,1064.175,1384.7175,17196.0
2024-11-07 16:00:00+01:00,35272.5,34368.5,114.86,4277.285,5187.764999999999,6098.2475,26574.0,214.0875,358.13,502.1725,17196.0
2024-11-07 17:00:00+01:00,37298.0,36272.0,142.22,4796.525,5578.0225,6359.514999999999,26574.0,6.095,11.4525,16.915,17196.0
2024-11-07 18:00:00+01:00,37850.5,37717.0,156.21,5232.4,5983.375,6734.3525,26574.0,0.0,0.0,0.0,17196.0
2024-11-07 19:00:00+01:00,37401.5,37472.0,147.1,5439.985000000001,6252.8375,7065.6925,26574.0,0.0,0.0,0.0,17196.0
2024-11-07 20:00:00+01:00,35802.5,36059.0,119.38,5414.6925,6350.5599999999995,7286.425,26574.0,0.0,0.0,0.0,17196.0
2024-11-07 21:00:00+01:00,33729.5,33909.0,105.22,5353.47,6346.215,7338.9575,26574.0,0.0,0.0,0.0,17196.0
2024-11-07 22:00:00+01:00,30640.0,31054.0,94.39,5061.43,6160.525,7259.62,26574.0,0.0,0.0,0.0,17196.0
2024-11-07 23:00:00+01:00,27635.5,27728.5,86.36,4724.3,6017.5325,7310.77,26574.0,0.0,0.0,0.0,17196.0
2024-11-08 00:00:00+01:00,24866.0,24798.5,84.76,4459.9775,5815.0975,7170.215,26574.0,0.0,0.0,0.0,17196.0
2024-11-08 01:00:00+01:00,24171.0,23995.0,82.25,4095.95,5407.2474999999995,6718.5425,26574.0,0.0,0.0,0.0,17196.0
2024-11-08 02:00:00+01:00,23380.5,23407.0,80.07,3760.23,5009.6825,6259.13,26574.0,0.0,0.0,0.0,17196.0
2024-11-08 03:00:00+01:00,22256.0,22179.0,77.68,3490.92,4625.145,5759.375,26574.0,0.0,0.0,0.0,17196.0
2024-11-08 04:00:00+01:00,21517.0,21618.5,76.78,3372.7225,4350.65,5328.5725,26574.0,0.0,0.0,0.0,17196.0
2024-11-08 05:00:00+01:00,21392.0,21229.5,77.71,3231.3475,4190.9,5150.4525,26574.0,0.0,0.0,0.0,17196.0
2024-11-08 06:00:00+01:00,22265.0,21910.0,84.04,3103.545,4110.9400000000005,5118.335,26574.0,0.0,0.0,0.0,17196.0
2024-11-08 07:00:00+01:00,26689.0,25398.0,96.35,3065.2525,4083.73,5102.205,26574.0,0.0,0.0,0.0,17196.0
2024-11-08 08:00:00+01:00,30804.5,29825.5,106.31,3120.575,4090.1949999999997,5059.8075,26574.0,1.87,32.28,67.5925,17196.0
2024-11-08 09:00:00+01:00,33459.5,32870.5,105.43,3215.965,4187.4675,5158.9675,26574.0,185.98250000000002,392.075,598.1675,17196.0
2024-11-08 10:00:00+01:00,34599.0,33593.5,102.36,3189.9,4230.075,5270.255,26574.0,706.1875,1029.37,1352.555,17196.0
2024-11-08 11:00:00+01:00,34466.0,33586.0,98.72,3090.375,4156.7175,5223.0650000000005,26574.0,1067.4724999999999,1575.0475000000001,2080.8375,17196.0
2024-11-08 12:00:00+01:00,34870.0,34228.0,95.58,3094.6175000000003,4149.3275,5204.04,26574.0,1027.79,1902.1375,2776.4849999999997,17196.0
2024-11-08 13:00:00+01:00,35255.0,34339.0,95.66,3078.8375,4148.65,5218.469999999999,26574.0,868.045,1933.0674999999999,2983.1899999999996,17196.0
2024-11-08 14:00:00+01:00,34693.0,34612.0,96.73,3017.495,4093.7225,5169.9525,26574.0,778.4825000000001,1642.345,2506.205,17196.0
2024-11-08 15:00:00+01:00,34904.0,35201.5,100.69,3024.255,4017.335,5010.4225,26574.0,484.3225,1016.1574999999999,1547.9875,17196.0
2024-11-08 16:00:00+01:00,35386.0,35432.5,109.87,2980.8975,3941.775,4902.66,26574.0,92.275,291.12,489.965,17196.0
2024-11-08 17:00:00+01:00,37096.0,36663.0,138.04,2926.985,3931.09,4935.202499999999,26574.0,0.2675,0.705,1.14,17196.0
2024-11-08 18:00:00+01:00,38441.0,38223.5,158.29,2874.6375,3916.3575,4958.077499999999,26574.0,0.0,0.0,0.0,17196.0
2024-11-08 19:00:00+01:00,37442.5,37248.5,149.93,2790.0550000000003,3793.94,4797.8275,26574.0,0.0,0.0,0.0,17196.0
2024-11-08 20:00:00+01:00,35577.0,36161.5,124.58,2636.48,3560.8825,4485.29,26574.0,0.0,0.0,0.0,17196.0
2024-11-08 21:00:00+01:00,33478.0,34209.5,104.8,2384.46,3242.8775,4101.295,26574.0,0.0,0.0,0.0,17196.0
2024-11-08 22:00:00+01:00,30627.5,31664.5,95.12,2082.335,2929.63,3776.925,26574.0,0.0,0.0,0.0,17196.0
2024-11-08 23:00:00+01:00,27947.0,28636.0,89.44,1745.975,2541.04,3336.11,26574.0,0.0,0.0,0.0,17196.0
2024-11-09 00:00:00+01:00,25430.0,26032.0,90.99,1439.095,2186.2075,2933.3175,26574.0,0.0,0.0,0.0,17196.0
2024-11-09 01:00:00+01:00,24867.5,25095.0,89.32,1201.8,1982.03,2762.2625,26574.0,0.0,0.0,0.0,17194.0
2024-11-09 02:00:00+01:00,24064.5,24291.0,87.58,1017.3199999999999,1788.77,2560.21,26574.0,0.0,0.0,0.0,17194.0
2024-11-09 03:00:00+01:00,22934.0,23058.0,83.62,896.485,1645.6775,2394.865,26574.0,0.0,0.0,0.0,17194.0
2024-11-09 04:00:00+01:00,21812.5,22495.0,84.42,817.64,1527.04,2236.4375,26574.0,0.0,0.0,0.0,17194.0
2024-11-09 05:00:00+01:00,21041.0,21937.0,85.85,712.8075,1382.025,2051.2375,26574.0,0.0,0.0,0.0,17194.0
2024-11-09 06:00:00+01:00,21293.0,22078.5,89.2,607.9875,1249.2825,1890.5825,26574.0,0.0,0.0,0.0,17194.0
2024-11-09 07:00:00+01:00,23228.0,23618.0,97.38,566.8199999999999,1206.89,1846.9575,26574.0,0.0,0.0,0.0,17194.0
2024-11-09 08:00:00+01:00,26018.5,26235.5,102.57,614.085,1294.125,1974.165,26574.0,1.88,7.2225,15.895,17194.0
2024-11-09 09:00:00+01:00,28748.5,29312.0,102.49,704.4575,1441.2150000000001,2177.98,26574.0,210.7525,279.535,347.6325,17194.0
2024-11-09 10:00:00+01:00,31026.5,31003.0,98.66,753.435,1521.895,2290.36,26574.0,730.7625,862.7425000000001,997.3399999999999,17194.0
2024-11-09 11:00:00+01:00,31535.5,31439.0,97.48,748.4075,1518.6475,2288.8875,26574.0,1208.43,1413.605,1588.5075,17194.0
2024-11-09 12:00:00+01:00,32278.5,31447.5,95.78,667.3275,1462.5749999999998,2257.825,26574.0,1411.25,1691.56,1901.1399999999999,17194.0
2024-11-09 13:00:00+01:00,32599.5,32005.0,95.92,625.845,1412.69,2199.535,26574.0,1408.295,1664.1275,1861.91,17194.0
2024-11-09 14:00:00+01:00,32856.0,32102.0,97.57,657.4225,1369.17,2080.9125,26574.0,1172.51,1364.46,1538.1325,17194.0
2024-11-09 15:00:00+01:00,32503.5,32250.0,103.74,668.275,1320.4475,1972.615,26574.0,628.5625,765.8625,905.2875,17194.0
2024-11-09 16:00:00+01:00,32917.0,32769.5,110.83,653.525,1316.8675,1980.21,26574.0,136.39249999999998,195.1925,247.67749999999998,17194.0
2024-11-09 17:00:00+01:00,34326.0,34699.5,125.84,645.1925,1369.415,2093.6400000000003,26574.0,0.2625,2.5125,3.4575,17194.0
2024-11-09 18:00:00+01:00,36250.5,36248.0,148.52,691.405,1479.2725,2267.135,26574.0,0.0,0.0,0.0,17194.0
2024-11-09 19:00:00+01:00,35592.0,35899.5,131.29,804.605,1634.69,2464.7650000000003,26574.0,0.0,0.0,0.0,17194.0
2024-11-09 20:00:00+01:00,33743.5,33766.5,108.23,1045.575,1819.4825,2593.39,26574.0,0.0,0.0,0.0,17194.0
2024-11-09 21:00:00+01:00,31494.0,32133.5,98.83,1290.2649999999999,1973.1225,2655.985,26574.0,0.0,0.0,0.0,17194.0
2024-11-09 22:00:00+01:00,29202.5,29714.5,93.25,1417.585,2071.335,2725.0875,26574.0,0.0,0.0,0.0,17194.0
2024-11-09 23:00:00+01:00,26839.5,27438.5,89.33,1396.1375,2029.5149999999999,2662.89,26574.0,0.0,0.0,0.0,17194.0
2024-11-10 00:00:00+01:00,24687.5,24890.5,91.81,1310.745,1936.5075,2562.275,26574.0,0.0,0.0,0.0,17194.0
2024-11-10 01:00:00+01:00,24066.5,24380.0,88.65,1277.25,1948.1225,2618.9975,26574.0,0.0,0.0,0.0,17194.0
2024-11-10 02:00:00+01:00,23234.5,23298.0,85.82,1263.5425,1977.925,2692.3050000000003,26574.0,0.0,0.0,0.0,17194.0
2024-11-10 03:00:00+01:00,22059.0,22272.0,83.76,1203.3425,1984.2775,2765.2125,26574.0,0.0,0.0,0.0,17194.0
2024-11-10 04:00:00+01:00,21060.0,21260.5,82.87,1132.155,1982.365,2832.575,26574.0,0.0,0.0,0.0,17194.0
2024-11-10 05:00:00+01:00,20353.0,20437.0,83.18,1064.9775,1984.55,2904.1175,26574.0,0.0,0.0,0.0,17194.0
2024-11-10 06:00:00+01:00,20206.0,20430.5,86.53,1040.72,2019.8400000000001,2998.96,26574.0,0.0,0.0,0.0,17194.0
2024-11-10 07:00:00+01:00,21306.0,21796.0,92.73,1104.085,2085.37,3066.6549999999997,26574.0,0.0,0.0,0.0,17194.0
2024-11-10 08:00:00+01:00,23145.5,23821.5,95.35,1261.19,2205.65,3150.1025,26574.0,15.465,40.6575,65.85,17194.0
2024-11-10 09:00:00+01:00,25699.5,26444.0,97.48,1488.95,2399.3374999999996,3309.725,26574.0,307.125,431.4575,555.7875,17194.0
2024-11-10 10:00:00+01:00,27990.5,28895.5,97.0,1655.3975,2581.2175,3507.04,26574.0,939.375,1156.5425,1373.7125,17194.0
2024-11-10 11:00:00+01:00,28920.5,30106.5,93.25,1703.0525,2751.2725,3799.495,26574.0,1473.135,1804.79,2136.4449999999997,17194.0
2024-11-10 12:00:00+01:00,29482.5,30543.0,90.51,1792.1,3044.5525,4297.01,26574.0,1667.4775,2138.705,2608.35,17194.0
2024-11-10 13:00:00+01:00,30403.0,31350.0,90.52,2074.4300000000003,3412.7275,4751.02,26574.0,1621.67,2074.88,2522.1675,17194.0
2024-11-10 14:00:00+01:00,30837.0,31735.5,92.38,2311.39,3743.0975,5174.8099999999995,26574.0,1302.8475,1600.055,1971.57,17194.0
2024-11-10 15:00:00+01:00,31003.0,31563.0,96.42,2592.715,4101.83,5610.9475,26574.0,726.2025,903.0325,1192.705,17194.0
2024-11-10 16:00:00+01:00,31997.0,32757.0,99.22,3041.5775,4426.405,5811.235,26574.0,192.3475,270.39,378.28249999999997,17194.0
2024-11-10 17:00:00+01:00,34850.0,35323.0,114.71,3454.285,4793.610000000001,6132.93,26574.0,1.2775,3.095,4.6525,17194.0
2024-11-10 18:00:00+01:00,36201.5,36941.5,123.02,3708.9275,5394.27,7079.610000000001,26574.0,0.0,0.0,0.0,17194.0
2024-11-10 19:00:00+01:00,34881.0,35738.5,114.31,3959.7075,6069.535,8179.365,26574.0,0.0,0.0,0.0,17194.0
2024-11-10 20:00:00+01:00,33114.0,33427.5,99.69,4203.42,6605.675,9007.9275,26574.0,0.0,0.0,0.0,17194.0
2024-11-10 21:00:00+01:00,30921.0,31096.0,91.46,4346.9375,7082.57,9818.205,26574.0,0.0,0.0,0.0,17194.0
2024-11-10 22:00:00+01:00,27935.5,28833.5,85.65,4768.422500000001,7601.335,10434.2475,26574.0,0.0,0.0,0.0,17194.0
2024-11-10 23:00:00+01:00,25118.0,25905.0,79.25,6231.4974999999995,8197.95,10164.395,26574.0,0.0,0.0,0.0,17194.0
2024-11-11 00:00:00+01:00,22600.0,23064.5,81.17,7551.0,8789.43,10027.86,26574.0,0.0,0.0,0.0,17194.0
2024-11-11 01:00:00+01:00,22360.0,22400.0,78.04,7731.19,9198.5925,10666.0,26574.0,0.0,0.0,0.0,17196.0
2024-11-11 02:00:00+01:00,21647.0,21791.5,74.2,7783.254999999999,9467.6,11151.942500000001,26574.0,0.0,0.0,0.0,17196.0
2024-11-11 03:00:00+01:00,21078.0,20879.0,68.08,8043.7225,9714.95,11386.182499999999,26574.0,0.0,0.0,0.0,17196.0
2024-11-11 04:00:00+01:00,20705.5,20308.0,64.55,8323.865,9880.265,11436.665,26574.0,0.0,0.0,0.0,17196.0
2024-11-11 05:00:00+01:00,20189.5,20092.0,65.41,8287.185,9791.365,11295.5475,26574.0,0.0,0.0,0.0,17196.0
2024-11-11 06:00:00+01:00,21512.5,21409.5,76.44,7929.8225,9533.4,11136.975,26574.0,0.0,0.0,0.0,17196.0
2024-11-11 07:00:00+01:00,26009.5,25902.0,89.57,7434.8099999999995,9173.6575,10912.505000000001,26574.0,0.0,0.0,0.0,17196.0
2024-11-11 08:00:00+01:00,30885.0,30561.0,97.13,7118.36,8821.1325,10523.9075,26574.0,73.39,123.7675,148.7525,17196.0
2024-11-11 09:00:00+01:00,32973.5,32849.0,97.76,6902.5025000000005,8540.49,10178.47,26574.0,876.25,1002.525,1103.4025,17196.0
2024-11-11 10:00:00+01:00,33531.5,33206.5,93.09,6631.35,8197.5525,9763.755,26574.0,2188.9425,2514.4925000000003,2841.9925000000003,17196.0
2024-11-11 11:00:00+01:00,32217.5,31650.5,88.13,6342.005,7879.82,9417.6375,26574.0,3402.1575,3879.0125,4349.38,17196.0
2024-11-11 12:00:00+01:00,31726.0,31274.0,85.16,6166.09,7746.15,9326.2075,26574.0,4169.7625,4591.0075,5088.1025,17196.0
2024-11-11 13:00:00+01:00,31961.0,31937.0,85.26,6293.57,7777.59,9261.6075,26574.0,4264.54,4624.21,5159.325,17196.0
2024-11-11 14:00:00+01:00,31858.5,32318.0,86.69,6411.5599999999995,7841.6825,9271.8,26574.0,3572.975,3846.6125,4364.4349999999995,17196.0
2024-11-11 15:00:00+01:00,32804.5,32862.0,93.33,6488.415,7876.01,9263.6075,26574.0,2131.2275,2303.8325,2718.73,17196.0
2024-11-11 16:00:00+01:00,34112.0,34347.0,103.15,6563.935,7876.7675,9189.599999999999,26574.0,665.72,737.385,888.255,17196.0
2024-11-11 17:00:00+01:00,37127.0,36776.5,117.88,6614.672500000001,7866.945,9119.2125,26574.0,8.1925,16.9525,18.43,17196.0
2024-11-11 18:00:00+01:00,39026.5,39392.0,130.78,6654.1325,7816.59,8979.0475,26574.0,0.0,0.0,0.0,17196.0
2024-11-11 19:00:00+01:00,38650.0,39327.5,121.66,6596.505,7710.5875,8824.665,26574.0,0.0,0.0,0.0,17196.0
2024-11-11 20:00:00+01:00,37508.0,37728.5,107.41,6566.1849999999995,7620.889999999999,8675.59,26574.0,0.0,0.0,0.0,17196.0
2024-11-11 21:00:00+01:00,34997.5,35223.5,98.27,6550.424999999999,7553.045,8555.6675,26574.0,0.0,0.0,0.0,17196.0
2024-11-11 22:00:00+01:00,31815.5,31771.0,93.97,6548.335,7465.165,8381.994999999999,26574.0,0.0,0.0,0.0,17196.0
2024-11-11 23:00:00+01:00,28379.0,28370.0,87.8,6690.185,7364.8025,8039.4175,26574.0,0.0,0.0,0.0,17196.0
2024-11-12 00:00:00+01:00,25363.5,25403.0,90.25,6779.0975,7275.495,7771.885,26574.0,0.0,0.0,0.0,17196.0
2024-11-12 01:00:00+01:00,25004.5,24700.0,87.55,6702.055,7200.1900000000005,7698.325,26574.0,0.0,0.0,0.0,17196.0
2024-11-12 02:00:00+01:00,24249.5,23833.5,85.62,6608.45,7146.72,7684.99,26574.0,0.0,0.0,0.0,17196.0
2024-11-12 03:00:00+01:00,23484.5,23016.0,82.74,6515.9175000000005,7075.73,7635.54,26574.0,0.0,0.0,0.0,17196.0
2024-11-12 04:00:00+01:00,22818.0,22446.5,82.03,6427.3375,6986.5650000000005,7545.785,26574.0,0.0,0.0,0.0,17196.0
2024-11-12 05:00:00+01:00,22480.5,22197.5,84.38,6348.5975,6938.38,7528.17,26574.0,0.0,0.0,0.0,17196.0
2024-11-12 06:00:00+01:00,23600.0,23370.5,88.14,6346.295,6931.3175,7516.335,26574.0,0.0,0.0,0.0,17196.0
2024-11-12 07:00:00+01:00,28280.5,28152.5,98.2,6210.9825,6854.005,7497.025,26574.0,0.0,0.0,0.0,17196.0
2024-11-12 08:00:00+01:00,32958.5,32759.5,106.92,5845.46,6628.3225,7411.185,26574.0,75.3425,116.88,131.64999999999998,17196.0
2024-11-12 09:00:00+01:00,34458.5,34363.5,106.75,5471.6224999999995,6411.3,7350.98,26574.0,837.8149999999999,942.6875,1020.795,17196.0
2024-11-12 10:00:00+01:00,34500.0,33940.0,101.63,5112.83,6177.15,7241.475,26574.0,2095.9350000000004,2335.4025,2576.9225,17196.0
2024-11-12 11:00:00+01:00,33739.0,32813.5,96.68,4795.6,5843.605,6891.6125,26574.0,3022.075,3447.3125,3872.545,17196.0
2024-11-12 12:00:00+01:00,32996.0,32409.5,94.35,4522.055,5575.4925,6628.9275,26574.0,3393.785,3781.62,4240.8975,17196.0
2024-11-12 13:00:00+01:00,33273.0,32737.0,96.58,4240.1125,5284.785,6329.455,26574.0,3026.865,3431.9075,3836.95,17196.0
2024-11-12 14:00:00+01:00,33713.0,32743.0,99.9,4040.9525,4976.155,5911.3575,26574.0,2118.1025,2463.4875,2808.8775,17196.0
2024-11-12 15:00:00+01:00,34301.0,33670.0,107.28,3929.4525,4752.835,5576.2225,26574.0,1213.83,1409.3225,1604.9850000000001,17196.0
2024-11-12 16:00:00+01:00,35607.0,34911.0,118.8,3899.79,4655.1224999999995,5410.45,26574.0,381.89,462.3375,540.6425,17196.0
2024-11-12 17:00:00+01:00,37757.5,37877.0,147.15,3938.42,4657.870000000001,5377.32,26574.0,5.635,8.6075,10.7225,17196.0
2024-11-12 18:00:00+01:00,39429.0,39793.5,177.97,3870.775,4618.88,5366.9825,26574.0,0.0,0.0,0.0,17196.0
2024-11-12 19:00:00+01:00,39032.5,39297.0,153.21,3727.42,4605.54,5483.6625,26574.0,0.0,0.0,0.0,17196.0
2024-11-12 20:00:00+01:00,37407.5,38062.0,118.01,3647.355,4522.335,5397.3150000000005,26574.0,0.0,0.0,0.0,17196.0
2024-11-12 21:00:00+01:00,34995.0,35433.5,108.62,3533.4449999999997,4330.2925,5127.145,26574.0,0.0,0.0,0.0,17196.0
2024-11-12 22:00:00+01:00,32091.0,32323.5,99.88,3383.58,4161.9775,4940.375,26574.0,0.0,0.0,0.0,17196.0
2024-11-12 23:00:00+01:00,28426.0,28967.5,95.33,3338.65,4001.9449999999997,4665.235000000001,26574.0,0.0,0.0,0.0,17196.0
2024-11-13 00:00:00+01:00,25708.0,25985.0,93.5,3268.12,3828.675,4389.2325,26574.0,0.0,0.0,0.0,17196.0
2024-11-13 01:00:00+01:00,24846.0,25270.0,91.22,3108.465,3657.125,4205.795,26574.0,0.0,0.0,0.0,17196.0
2024-11-13 02:00:00+01:00,24234.5,24384.5,89.01,2848.6775,3376.69,3904.7025000000003,26574.0,0.0,0.0,0.0,17196.0
2024-11-13 03:00:00+01:00,23393.5,23696.5,87.09,2539.885,3076.605,3613.325,26574.0,0.0,0.0,0.0,17196.0
2024-11-13 04:00:00+01:00,22660.5,23038.0,88.2,2400.0775,2994.185,3588.29,26574.0,0.0,0.0,0.0,17196.0
2024-11-13 05:00:00+01:00,21998.5,22617.0,89.59,2465.385,3079.6949999999997,3694.0,26574.0,0.0,0.0,0.0,17196.0
2024-11-13 06:00:00+01:00,23498.5,23733.5,94.36,2549.84,3170.535,3791.23,26574.0,0.0,0.0,0.0,17196.0
2024-11-13 07:00:00+01:00,27924.5,27945.0,107.14,2591.48,3234.1425,3876.8075,26574.0,0.0,0.0,0.0,17196.0
2024-11-13 08:00:00+01:00,32614.0,32839.5,114.23,2556.7200000000003,3243.05,3929.38,26574.0,32.900000000000006,75.27250000000001,91.775,17196.0
2024-11-13 09:00:00+01:00,34303.5,34806.5,117.02,2569.91,3235.76,3901.605,26574.0,686.685,795.6324999999999,878.7150000000001,17196.0
2024-11-13 10:00:00+01:00,34094.5,34961.0,108.25,2612.06,3262.59,3913.125,26574.0,2016.52,2194.6275,2374.4674999999997,17196.0
2024-11-13 11:00:00+01:00,32610.5,33548.5,102.55,2505.5550000000003,3227.9674999999997,3950.3775,26574.0,3229.445,3461.01,3687.5150000000003,17196.0
2024-11-13 12:00:00+01:00,31819.5,32762.0,97.71,2551.8825,3272.17,3992.455,26574.0,3800.4700000000003,4028.0775,4364.8025,17196.0
2024-11-13 13:00:00+01:00,32254.0,33163.0,97.65,2811.075,3488.7925,4166.505,26574.0,3617.76,3836.3225,4351.4875,17196.0
2024-11-13 14:00:00+01:00,32435.5,33428.0,101.18,3006.5125,3681.02,4355.53,26574.0,2751.9875,2936.9425,3419.7675,17196.0
2024-11-13 15:00:00+01:00,33041.5,34055.0,107.23,3088.3599999999997,3775.3025,4462.25,26574.0,1484.905,1620.3075,1944.4050000000002,17196.0
2024-11-13 16:00:00+01:00,34949.5,35367.0,118.5,3230.48,3911.95,4593.425,26574.0,400.1775,461.115,599.805,17196.0
2024-11-13 17:00:00+01:00,38028.0,37543.0,148.92,3359.885,4099.6050000000005,4839.3225,26574.0,4.79,7.0375,7.95,17196.0
2024-11-13 18:00:00+01:00,39374.0,39295.0,170.9,3405.045,4183.795,4962.535,26574.0,0.0,0.0,0.0,17196.0
2024-11-13 19:00:00+01:00,39038.0,39028.5,151.73,3536.925,4293.8099999999995,5050.695,26574.0,0.0,0.0,0.0,17196.0
2024-11-13 20:00:00+01:00,37650.5,37522.5,120.18,3707.3825,4496.6325,5285.8775000000005,26574.0,0.0,0.0,0.0,17196.0
2024-11-13 21:00:00+01:00,35010.5,35206.5,105.98,3857.705,4667.13,5476.5625,26574.0,0.0,0.0,0.0,17196.0
2024-11-13 22:00:00+01:00,31794.5,32158.5,97.62,4012.375,4831.45,5650.535,26574.0,0.0,0.0,0.0,17196.0
2024-11-13 23:00:00+01:00,28442.0,28552.5,93.5,4099.82,5048.1425,5996.4625,26574.0,0.0,0.0,0.0,17196.0
2024-11-14 00:00:00+01:00,25479.0,25883.5,92.68,4067.4750000000004,5125.75,6184.0225,26574.0,0.0,0.0,0.0,17196.0
2024-11-14 01:00:00+01:00,24890.0,24930.0,90.13,4081.9875,5119.6025,6157.215,26574.0,0.0,0.0,0.0,17196.0
2024-11-14 02:00:00+01:00,24252.0,24302.0,87.96,4175.16,5201.235000000001,6227.32,26574.0,0.0,0.0,0.0,17196.0
2024-11-14 03:00:00+01:00,23580.5,23139.5,84.79,4356.6425,5383.6900000000005,6410.735,26574.0,0.0,0.0,0.0,17196.0
2024-11-14 04:00:00+01:00,22526.0,22369.0,83.87,4609.785,5674.280000000001,6738.775,26574.0,0.0,0.0,0.0,17196.0
2024-11-14 05:00:00+01:00,21951.5,22032.0,84.82,4691.8775000000005,5890.6025,7089.3275,26574.0,0.0,0.0,0.0,17196.0
2024-11-14 06:00:00+01:00,23325.0,23277.5,90.15,4547.8575,5919.8025,7291.7525000000005,26574.0,0.0,0.0,0.0,17196.0
2024-11-14 07:00:00+01:00,27936.0,28127.0,102.26,4348.52,5804.6,7260.68,26574.0,0.0,0.0,0.0,17196.0
2024-11-14 08:00:00+01:00,32584.0,32790.0,112.9,4283.47,5700.4,7117.3324999999995,26574.0,5.2425,13.427499999999998,25.227500000000003,17196.0
2024-11-14 09:00:00+01:00,34443.5,34375.5,115.5,4143.3475,5522.8925,6902.4400000000005,26574.0,285.935,402.1975,521.2325000000001,17196.0
2024-11-14 10:00:00+01:00,34964.5,34925.5,114.06,3744.1825,5062.3775,6380.57,26574.0,1012.2325,1334.0025,1619.935,17196.0
2024-11-14 11:00:00+01:00,33874.5,34676.5,110.0,3352.1400000000003,4486.3099999999995,5620.485000000001,26574.0,1737.8899999999999,2205.1575000000003,2635.8824999999997,17196.0
2024-11-14 12:00:00+01:00,33354.5,34439.0,108.23,3027.375,3991.3025,4955.23,26574.0,2014.9275,2552.1725,3055.4275,17196.0
2024-11-14 13:00:00+01:00,33600.0,33962.0,110.79,2685.6,3654.275,4622.95,26574.0,1913.6925,2436.1025,2933.8975,17196.0
2024-11-14 14:00:00+01:00,33791.0,34021.5,114.33,2490.77,3487.515,4484.26,26574.0,1520.63,1927.8775,2332.4325,17196.0
2024-11-14 15:00:00+01:00,34034.5,34503.0,121.21,2483.0950000000003,3417.88,4352.665,26574.0,830.5625,1073.4025,1311.7075,17196.0
2024-11-14 16:00:00+01:00,35276.0,35668.0,128.2,2524.5225,3432.83,4341.1425,26574.0,199.0775,283.085,366.40500000000003,17196.0
2024-11-14 17:00:00+01:00,37570.0,37690.0,159.17,2543.76,3451.645,4359.5325,26574.0,1.9475,5.2775,8.745,17196.0
2024-11-14 18:00:00+01:00,39091.0,39364.5,166.33,2442.895,3361.725,4280.555,26574.0,0.0,0.0,0.0,17196.0
2024-11-14 19:00:00+01:00,39301.5,39117.0,157.44,2221.1825,3144.5925,4068.005,26574.0,0.0,0.0,0.0,17196.0
2024-11-14 20:00:00+01:00,37997.0,37570.0,132.93,2016.56,2894.02,3771.475,26574.0,0.0,0.0,0.0,17196.0
2024-11-14 21:00:00+01:00,35684.5,35215.5,112.7,1868.255,2699.95,3531.655,26574.0,0.0,0.0,0.0,17196.0
2024-11-14 22:00:00+01:00,32473.5,32353.0,106.15,1693.1525,2517.0775,3341.0,26574.0,0.0,0.0,0.0,17196.0
2024-11-14 23:00:00+01:00,28821.0,28698.5,98.86,1647.7975000000001,2422.3875,3196.975,26574.0,0.0,0.0,0.0,17196.0
2024-11-15 00:00:00+01:00,25944.5,25992.0,96.29,1702.1325,2402.2,3102.265,26574.0,0.0,0.0,0.0,17196.0
2024-11-15 01:00:00+01:00,25703.5,25280.0,94.33,1732.2575,2412.925,3093.6,26574.0,0.0,0.0,0.0,17196.0
2024-11-15 02:00:00+01:00,24846.5,24605.0,91.69,1817.25,2524.715,3232.1800000000003,26574.0,0.0,0.0,0.0,17196.0
2024-11-15 03:00:00+01:00,23732.5,23533.0,88.4,1949.1175,2655.245,3361.375,26574.0,0.0,0.0,0.0,17196.0
2024-11-15 04:00:00+01:00,22877.5,22784.0,87.65,2230.04,2868.28,3506.5175,26574.0,0.0,0.0,0.0,17196.0
2024-11-15 05:00:00+01:00,22414.5,22260.0,89.05,2553.1825,3142.3025,3731.42,26574.0,0.0,0.0,0.0,17196.0
2024-11-15 06:00:00+01:00,23357.0,23282.0,93.3,2930.8925,3511.39,4091.8875,26574.0,0.0,0.0,0.0,17196.0
2024-11-15 07:00:00+01:00,27630.0,27446.5,104.66,3361.3625,4026.1949999999997,4691.0275,26574.0,0.0,0.0,0.0,17196.0
2024-11-15 08:00:00+01:00,32258.0,31975.5,113.29,3834.875,4599.625,5364.375,26574.0,32.205,53.03,73.85249999999999,17196.0
2024-11-15 09:00:00+01:00,34325.5,33277.5,111.55,4401.8099999999995,5152.805,5903.8025,26574.0,414.8725,590.8975,766.9200000000001,17196.0
2024-11-15 10:00:00+01:00,34501.0,33671.5,106.5,4919.2275,5640.44,6361.6525,26574.0,1166.575,1599.5774999999999,2032.575,17196.0
2024-11-15 11:00:00+01:00,33832.0,32515.5,100.66,5255.3075,6069.6,6883.889999999999,26574.0,1917.135,2576.7675,3236.4,17196.0
2024-11-15 12:00:00+01:00,33081.0,31809.0,93.65,5506.9775,6416.6625,7326.3475,26574.0,2433.145,3150.6025,3866.9575,17196.0
2024-11-15 13:00:00+01:00,32891.5,32233.5,93.0,5721.655000000001,6665.525,7609.4,26574.0,2386.0825,3097.6025,3809.1225,17196.0
2024-11-15 14:00:00+01:00,32725.5,32171.5,94.82,5854.2325,6867.0225,7879.8125,26574.0,1792.29,2396.335,3000.3824999999997,17196.0
2024-11-15 15:00:00+01:00,32833.5,32229.0,97.75,5945.605,7096.9625,8248.3225,26574.0,996.075,1350.0175,1703.96,17196.0
2024-11-15 16:00:00+01:00,33779.0,33405.0,101.83,6284.9475,7580.6075,8876.265,26574.0,287.4,412.1775,536.955,17196.0
2024-11-15 17:00:00+01:00,35822.0,35898.5,113.26,6751.8125,8286.765,9821.7125,26574.0,4.62,6.76,8.9025,17196.0
2024-11-15 18:00:00+01:00,37281.0,37392.5,121.27,7347.1125,9049.4675,10751.825,26574.0,0.0,0.0,0.0,17196.0
2024-11-15 19:00:00+01:00,36321.5,36842.0,115.29,8118.16,9761.725,11405.295,26574.0,0.0,0.0,0.0,17196.0
2024-11-15 20:00:00+01:00,34721.5,35016.0,103.05,8583.0525,10237.1675,11891.2825,26574.0,0.0,0.0,0.0,17196.0
2024-11-15 21:00:00+01:00,32355.0,32601.0,93.43,8770.365,10496.29,12222.220000000001,26574.0,0.0,0.0,0.0,17196.0
2024-11-15 22:00:00+01:00,29636.5,29880.5,88.24,8990.84,10704.0,12417.16,26574.0,0.0,0.0,0.0,17196.0
2024-11-15 23:00:00+01:00,26883.0,26889.0,83.08,9059.535,10666.5875,12273.64,26574.0,0.0,0.0,0.0,17196.0
2024-11-16 00:00:00+01:00,24350.5,24368.0,86.75,8918.442500000001,10444.092499999999,11969.744999999999,26574.0,0.0,0.0,0.0,17196.0
2024-11-16 01:00:00+01:00,23614.5,23520.0,84.91,8839.765,10386.045,11932.33,26574.0,0.0,0.0,0.0,17196.0
2024-11-16 02:00:00+01:00,22731.0,22777.5,82.01,8729.685,10381.8925,12034.105,26574.0,0.0,0.0,0.0,17196.0
2024-11-16 03:00:00+01:00,21741.5,21718.0,77.83,8724.96,10399.095000000001,12073.225,26574.0,0.0,0.0,0.0,17196.0
2024-11-16 04:00:00+01:00,20799.0,20686.0,74.04,8873.675,10463.945,12054.215,26574.0,0.0,0.0,0.0,17196.0
2024-11-16 05:00:00+01:00,20035.5,20200.0,75.32,9043.01,10592.41,12141.805,26574.0,0.0,0.0,0.0,17196.0
2024-11-16 06:00:00+01:00,20640.5,20735.0,78.54,9073.6025,10660.2725,12246.9425,26574.0,0.0,0.0,0.0,17196.0
2024-11-16 07:00:00+01:00,22610.5,22848.0,88.9,8959.5775,10557.07,12154.5625,26574.0,0.0,0.0,0.0,17196.0
2024-11-16 08:00:00+01:00,24982.5,25464.0,94.6,8909.6275,10364.335,11819.04,26574.0,23.7825,35.2,46.6125,17196.0
2024-11-16 09:00:00+01:00,27795.0,28530.0,93.84,8749.494999999999,10214.1625,11678.835,26574.0,327.02,479.97249999999997,632.9224999999999,17196.0
2024-11-16 10:00:00+01:00,29613.5,30098.5,91.42,8715.035,10176.2025,11637.3675,26574.0,908.745,1272.4850000000001,1636.2224999999999,17196.0
2024-11-16 11:00:00+01:00,30062.5,30378.5,88.89,8774.5675,10218.58,11662.595,26574.0,1416.955,1940.6174999999998,2464.275,17196.0
2024-11-16 12:00:00+01:00,29964.0,30238.5,86.29,8770.55,10353.560000000001,11936.575,26574.0,1581.3700000000001,2173.21,2784.87,17196.0
2024-11-16 13:00:00+01:00,30253.0,30297.5,86.16,9042.01,10722.1525,12402.3,26574.0,1429.2825,2011.315,2593.35,17196.0
2024-11-16 14:00:00+01:00,30472.0,30508.5,86.76,9270.6725,11062.65,12854.6275,26574.0,1029.6325,1477.79,1925.945,17196.0
2024-11-16 15:00:00+01:00,30488.0,30282.5,89.11,9221.425,11182.415,13143.404999999999,26574.0,506.1225,743.5074999999999,980.8874999999999,17196.0
2024-11-16 16:00:00+01:00,31192.0,30923.0,90.69,9157.94,11310.025,13462.1075,26574.0,103.18249999999999,169.34,235.495,17196.0
2024-11-16 17:00:00+01:00,33264.5,32515.5,97.87,9229.0125,11465.7075,13702.404999999999,26574.0,0.0025,1.01,3.1225,17196.0
2024-11-16 18:00:00+01:00,34612.0,34666.0,104.97,9514.16,11766.51,14018.8575,26574.0,0.0,0.0,0.0,17196.0
2024-11-16 19:00:00+01:00,34198.5,34187.5,100.27,10046.439999999999,12192.455,14338.475,26574.0,0.0,0.0,0.0,17196.0
2024-11-16 20:00:00+01:00,32547.0,32432.0,91.2,10449.75,12497.255000000001,14544.7625,26574.0,0.0,0.0,0.0,17196.0
2024-11-16 21:00:00+01:00,30325.5,30354.5,87.39,10681.0275,12701.7475,14722.470000000001,26574.0,0.0,0.0,0.0,17196.0
2024-11-16 22:00:00+01:00,27856.5,28043.0,84.82,10971.775,12891.7775,14811.779999999999,26574.0,0.0,0.0,0.0,17196.0
2024-11-16 23:00:00+01:00,25675.5,25620.0,80.78,11081.6775,12821.76,14561.8425,26574.0,0.0,0.0,0.0,17196.0
2024-11-17 00:00:00+01:00,23409.5,23420.5,77.53,11131.625,12712.53,14293.439999999999,26574.0,0.0,0.0,0.0,17196.0
2024-11-17 01:00:00+01:00,22871.5,23050.0,72.12,11199.96,12772.085,14344.21,26574.0,0.0,0.0,0.0,17196.0
2024-11-17 02:00:00+01:00,22004.5,22074.5,65.55,11165.865,12701.56,14237.26,26574.0,0.0,0.0,0.0,17196.0
2024-11-17 03:00:00+01:00,21180.5,20838.0,54.57,11091.825,12562.525,14033.2225,26574.0,0.0,0.0,0.0,17196.0
2024-11-17 04:00:00+01:00,20330.0,19801.0,47.32,10847.0625,12338.395,13829.735,26574.0,0.0,0.0,0.0,17196.0
2024-11-17 05:00:00+01:00,19813.5,19437.0,47.05,10516.0225,12086.3,13656.585,26574.0,0.0,0.0,0.0,17196.0
2024-11-17 06:00:00+01:00,20196.5,19879.0,54.57,10209.942500000001,11869.7,13529.465,26574.0,0.0,0.0,0.0,17196.0
2024-11-17 07:00:00+01:00,21134.0,21286.0,69.32,9844.09,11572.9,13301.7175,26574.0,0.0,0.0,0.0,17196.0
2024-11-17 08:00:00+01:00,23073.5,22840.5,84.51,9423.9825,11227.165,13030.3475,26574.0,40.695,60.335,79.98,17196.0
2024-11-17 09:00:00+01:00,25852.0,25583.5,92.06,9117.425,10877.2325,12637.0425,26574.0,595.835,876.4649999999999,1157.0975,17196.0
2024-11-17 10:00:00+01:00,27498.0,27679.0,91.93,8876.55,10515.0425,12153.54,26574.0,1504.775,2274.3,3043.825,17196.0
2024-11-17 11:00:00+01:00,27961.0,28373.5,88.97,8543.605,10195.7325,11847.86,26574.0,2272.8175,3415.2425,4557.67,17196.0
2024-11-17 12:00:00+01:00,28526.5,28877.5,87.43,8255.065,10050.34,11845.615,26574.0,2547.0175,3855.07,5235.3425,17196.0
2024-11-17 13:00:00+01:00,29838.5,30087.0,89.93,8066.42,9998.217499999999,11930.0125,26574.0,2148.7775,3514.0074999999997,4879.235,17196.0
2024-11-17 14:00:00+01:00,31052.5,30665.5,92.09,7740.4375,9733.970000000001,11727.505,26574.0,1496.6575,2546.0175,3595.375,17196.0
2024-11-17 15:00:00+01:00,32187.0,31891.5,95.03,7265.7,9388.2725,11510.84,26574.0,722.0475,1311.4375,1901.0475,17196.0
2024-11-17 16:00:00+01:00,33708.0,33456.0,99.75,6942.969999999999,9113.522500000001,11284.075,26574.0,134.23,318.625,500.1625,17196.0
2024-11-17 17:00:00+01:00,36450.0,36124.5,110.84,6738.905,8942.22,11145.54,26574.0,3.7925,4.545,4.73,17196.0
2024-11-17 18:00:00+01:00,37698.0,37402.5,118.56,6415.780000000001,8840.032500000001,11264.285,26574.0,0.0,0.0,0.0,17196.0
2024-11-17 19:00:00+01:00,36456.5,36414.0,115.08,6201.9925,8690.494999999999,11178.9925,26574.0,0.0,0.0,0.0,17196.0
2024-11-17 20:00:00+01:00,34704.0,34965.0,104.83,6074.875,8556.0725,11037.27,26574.0,0.0,0.0,0.0,17196.0
2024-11-17 21:00:00+01:00,32524.0,33066.5,97.68,5857.775,8403.744999999999,10949.71,26574.0,0.0,0.0,0.0,17196.0
2024-11-17 22:00:00+01:00,29662.0,30401.5,92.42,5594.889999999999,8259.3725,10923.855,26574.0,0.0,0.0,0.0,17196.0
2024-11-17 23:00:00+01:00,27086.5,27753.5,88.3,5664.995,8052.365,10439.744999999999,26574.0,0.0,0.0,0.0,17196.0
2024-11-18 00:00:00+01:00,24085.5,24782.5,90.85,5777.27,7758.754999999999,9740.2425,26574.0,0.0,0.0,0.0,17196.0
2024-11-18 01:00:00+01:00,23856.0,24580.0,89.65,5624.195,7638.9375,9653.685,26574.0,0.0,0.0,0.0,17196.0
2024-11-18 02:00:00+01:00,23631.0,24021.0,87.66,5574.5175,7601.96,9629.397500000001,26574.0,0.0,0.0,0.0,17196.0
2024-11-18 03:00:00+01:00,22793.0,23018.0,84.66,5528.63,7487.795,9446.9575,26574.0,0.0,0.0,0.0,17196.0
2024-11-18 04:00:00+01:00,22041.5,22368.0,84.59,5276.15,7344.5975,9413.047499999999,26574.0,0.0,0.0,0.0,17196.0
2024-11-18 05:00:00+01:00,21853.0,22085.0,86.26,5004.93,7142.514999999999,9280.1,26574.0,0.0,0.0,0.0,17196.0
2024-11-18 06:00:00+01:00,23070.0,22850.0,91.58,4844.765,6874.8575,8904.95,26574.0,0.0,0.0,0.0,17196.0
2024-11-18 07:00:00+01:00,27984.0,28158.5,103.33,4494.325000000001,6490.8475,8487.3725,26574.0,0.0,0.0,0.0,17196.0
2024-11-18 08:00:00+01:00,33450.0,33029.5,114.84,3979.31,6065.725,8152.135,26574.0,19.48,27.25,35.019999999999996,17196.0
2024-11-18 09:00:00+01:00,36094.5,36151.0,118.24,3480.935,5583.07,7685.21,26574.0,255.355,503.8125,752.27,17196.0
2024-11-18 10:00:00+01:00,37154.0,36884.5,116.29,3057.085,5036.265,7015.45,26574.0,699.1175000000001,1333.575,1968.0275,17196.0
2024-11-18 11:00:00+01:00,37094.5,36940.5,113.75,2627.6075,4403.685,6179.7575,26574.0,923.1324999999999,1869.0225,2795.905,17196.0
2024-11-18 12:00:00+01:00,37568.0,37000.5,113.0,2331.115,3795.21,5259.3025,26574.0,774.9525,1949.5049999999999,3098.54,17196.0
2024-11-18 13:00:00+01:00,37918.0,37657.5,116.39,2064.055,3416.85,4769.6425,26574.0,530.97,1645.7625,2760.555,17196.0
2024-11-18 14:00:00+01:00,38169.0,37921.5,122.74,1829.22,3213.7250000000004,4598.225,26574.0,275.975,1074.54,1873.105,17196.0
2024-11-18 15:00:00+01:00,38605.5,38348.5,129.34,1656.1775,3073.695,4491.215,26574.0,48.8775,471.2625,893.855,17196.0
2024-11-18 16:00:00+01:00,39285.5,38797.5,137.2,1557.3375,2998.7925,4440.25,26574.0,8.4175,99.92999999999999,188.7575,17196.0
2024-11-18 17:00:00+01:00,41144.5,40843.5,148.59,1672.5625,3042.14,4411.72,26574.0,1.67,2.0,2.0,17196.0
2024-11-18 18:00:00+01:00,41540.5,41836.5,153.54,1949.7925,3212.525,4475.2575,26574.0,0.0,0.0,0.0,17196.0
2024-11-18 19:00:00+01:00,40622.0,40695.0,144.12,2387.8475,3558.865,4729.8825,26574.0,0.0,0.0,0.0,17196.0
2024-11-18 20:00:00+01:00,38925.5,39061.0,123.39,2652.6549999999997,4004.625,5356.5925,26574.0,0.0,0.0,0.0,17196.0
2024-11-18 21:00:00+01:00,36568.5,35967.0,112.33,2742.1025,4526.2625,6310.42,26574.0,0.0,0.0,0.0,17196.0
2024-11-18 22:00:00+01:00,33018.0,32486.5,107.19,2890.5625,5130.035,7369.514999999999,26574.0,0.0,0.0,0.0,17196.0
2024-11-18 23:00:00+01:00,29187.5,28666.5,99.04,3080.9750000000004,5265.03,7449.0875,26574.0,0.0,0.0,0.0,17196.0
2024-11-19 00:00:00+01:00,25707.5,25636.5,94.39,3480.82,5509.205,7537.59,26574.0,0.0,0.0,0.0,17196.0
2024-11-19 01:00:00+01:00,25186.0,25350.0,92.27,4079.4624999999996,6174.7825,8270.105,26574.0,0.0,0.0,0.0,17196.0
2024-11-19 02:00:00+01:00,24687.0,24726.0,89.17,4413.96,6665.8225,8917.69,26574.0,0.0,0.0,0.0,17196.0
2024-11-19 03:00:00+01:00,23881.5,23522.5,86.8,4836.995,7226.6625,9616.33,26574.0,0.0,0.0,0.0,17196.0
2024-11-19 04:00:00+01:00,23122.5,22970.0,85.97,5367.76,7714.360000000001,10060.96,26574.0,0.0,0.0,0.0,17196.0
2024-11-19 05:00:00+01:00,22789.5,22568.0,87.6,5736.4400000000005,8114.63,10492.815,26574.0,0.0,0.0,0.0,17196.0
2024-11-19 06:00:00+01:00,23631.5,24415.0,92.03,5943.1900000000005,8406.105,10869.025,26574.0,0.0,0.0,0.0,17196.0
2024-11-19 07:00:00+01:00,29176.5,29113.5,102.87,5875.3099999999995,8464.8625,11054.4125,26574.0,0.0,0.0,0.0,17196.0
2024-11-19 08:00:00+01:00,34492.0,34165.0,113.35,5793.2625,8435.9,11078.54,26574.0,1.475,3.69,5.1075,17196.0
2024-11-19 09:00:00+01:00,37341.0,36134.0,117.17,5522.1875,8371.045,11219.9,26574.0,170.0925,311.4975,400.2,17196.0
2024-11-19 10:00:00+01:00,39154.5,37448.0,116.62,5205.1775,8286.4975,11367.817500000001,26574.0,685.25,1106.1675,1418.585,17196.0
2024-11-19 11:00:00+01:00,39412.5,37693.0,113.69,5106.0650000000005,8255.65,11405.235,26574.0,1308.575,1975.97,2520.985,17196.0
2024-11-19 12:00:00+01:00,39638.0,37765.5,110.1,5374.1525,8495.1175,11616.085,26574.0,1745.91,2597.33,3279.0125,17196.0
2024-11-19 13:00:00+01:00,39672.0,37948.5,109.3,5870.7425,9017.4075,12164.0725,26574.0,1918.3825000000002,2827.2974999999997,3543.8625,17196.0
2024-11-19 14:00:00+01:00,39652.0,38497.0,108.55,6481.87,9722.7875,12963.705,26574.0,1750.5774999999999,2520.3775,3193.2725,17196.0
2024-11-19 15:00:00+01:00,39073.5,38478.0,109.93,7403.7525000000005,10635.375,13867.0,26574.0,1027.33,1514.5225,1941.0925000000002,17196.0
2024-11-19 16:00:00+01:00,39772.0,39172.5,112.23,8686.9125,11560.61,14434.305,26574.0,248.38250000000002,428.505,541.595,17196.0
2024-11-19 17:00:00+01:00,41082.0,41339.5,120.75,9907.685,12253.545,14599.400000000001,26574.0,0.8925,2.6225,3.315,17196.0
2024-11-19 18:00:00+01:00,41988.0,41646.0,125.99,10651.89,12689.9925,14728.0975,26574.0,0.0,0.0,0.0,17196.0
2024-11-19 19:00:00+01:00,41303.5,40833.5,118.5,11081.3575,12911.195,14741.029999999999,26574.0,0.0,0.0,0.0,17196.0
2024-11-19 20:00:00+01:00,40323.0,38930.0,106.44,11242.115000000002,13032.775,14823.43,26574.0,0.0,0.0,0.0,17196.0
2024-11-19 21:00:00+01:00,37392.5,37060.0,99.09,11364.3125,13098.0175,14831.7275,26574.0,0.0,0.0,0.0,17196.0
2024-11-19 22:00:00+01:00,34048.5,33636.5,93.89,11434.64,13049.2125,14663.785,26574.0,0.0,0.0,0.0,17196.0
2024-11-19 23:00:00+01:00,29954.0,29857.5,88.04,11506.415,13038.509999999998,14570.5975,26574.0,0.0,0.0,0.0,17196.0
2024-11-20 00:00:00+01:00,26536.0,26464.5,86.22,11653.44,13039.7575,14426.0775,26574.0,0.0,0.0,0.0,17196.0
2024-11-20 01:00:00+01:00,26550.5,26600.0,84.65,11606.095,12902.025,14197.95,26574.0,0.0,0.0,0.0,17196.0
2024-11-20 02:00:00+01:00,26193.0,26229.0,82.88,11448.975,12830.0925,14211.205,26574.0,0.0,0.0,0.0,17196.0
2024-11-20 03:00:00+01:00,25354.5,25195.5,78.95,11365.59,12817.029999999999,14268.4725,26574.0,0.0,0.0,0.0,17196.0
2024-11-20 04:00:00+01:00,24934.0,24451.5,76.21,11363.5,12792.8275,14222.154999999999,26574.0,0.0,0.0,0.0,17196.0
2024-11-20 05:00:00+01:00,24292.5,24200.0,77.42,11382.225,12831.2775,14280.33,26574.0,0.0,0.0,0.0,17196.0
2024-11-20 06:00:00+01:00,25317.0,25649.5,83.79,11389.28,12877.0875,14364.8925,26574.0,0.0,0.0,0.0,17196.0
2024-11-20 07:00:00+01:00,30342.5,30481.5,96.22,11348.4,12848.9125,14349.425,26574.0,0.0,0.0,0.0,17196.0
2024-11-20 08:00:00+01:00,35625.5,35484.5,105.48,11261.525,12758.0425,14254.555,26574.0,24.31,39.395,55.655,17196.0
2024-11-20 09:00:00+01:00,37842.5,37436.5,106.29,11130.74,12658.195,14185.6525,26574.0,926.625,1101.385,1274.7,17196.0
2024-11-20 10:00:00+01:00,38268.0,38493.0,100.65,11017.09,12534.195,14051.305,26574.0,2641.4175,3081.9175,3522.5299999999997,17196.0
2024-11-20 11:00:00+01:00,37130.5,37505.5,95.26,10885.48,12408.595,13931.71,26574.0,4161.2325,4735.435,5309.639999999999,17196.0
2024-11-20 12:00:00+01:00,36527.5,37107.5,91.73,10728.47,12426.305,14124.14,26574.0,4876.645,5479.675,6079.9400000000005,17196.0
2024-11-20 13:00:00+01:00,36094.5,36497.0,91.44,10696.035,12557.0075,14417.985,26574.0,4708.245,5315.46,5922.675,17196.0
2024-11-20 14:00:00+01:00,36056.5,37028.0,91.91,10812.07,12683.355,14554.6475,26574.0,3759.9325,4236.92,4713.9,17196.0
2024-11-20 15:00:00+01:00,36678.5,37582.0,97.63,11069.5525,12871.795,14674.04,26574.0,2192.5675,2439.245,2685.94,17196.0
2024-11-20 16:00:00+01:00,38930.0,39140.0,103.88,11359.8725,13089.779999999999,14819.68,26574.0,624.15,696.5325,768.6324999999999,17196.0
2024-11-20 17:00:00+01:00,42058.0,41881.5,117.39,11589.575,13223.22,14856.8625,26574.0,0.5825,1.5175,2.7425,17196.0
2024-11-20 18:00:00+01:00,43501.0,42678.5,125.46,11620.41,13191.24,14762.0725,26574.0,0.0,0.0,0.0,17196.0
2024-11-20 19:00:00+01:00,43172.0,42187.0,120.93,11361.9325,12966.0375,14570.1425,26574.0,0.0,0.0,0.0,17196.0
2024-11-20 20:00:00+01:00,42265.0,41169.5,108.47,11173.3,12808.565,14443.8275,26574.0,0.0,0.0,0.0,17196.0
2024-11-20 21:00:00+01:00,40152.5,38820.5,100.77,10926.74,12615.654999999999,14304.57,26574.0,0.0,0.0,0.0,17196.0
2024-11-20 22:00:00+01:00,36131.5,35686.5,95.08,10560.99,12272.195,13983.4025,26574.0,0.0,0.0,0.0,17196.0
2024-11-20 23:00:00+01:00,32266.5,31837.0,89.93,9846.08,11485.285,13124.4925,26574.0,0.0,0.0,0.0,17196.0
2024-11-21 00:00:00+01:00,29151.5,28266.0,90.05,9016.255,10631.7525,12247.244999999999,26574.0,0.0,0.0,0.0,17196.0
2024-11-21 01:00:00+01:00,28664.5,27950.0,88.51,8560.735,10314.145,12067.56,26574.0,0.0,0.0,0.0,17196.0
2024-11-21 02:00:00+01:00,27906.5,27554.5,86.79,8158.47,10082.1775,12005.885,26574.0,0.0,0.0,0.0,17196.0
2024-11-21 03:00:00+01:00,27113.0,26538.0,84.32,7629.4075,9782.2275,11935.0475,26574.0,0.0,0.0,0.0,17196.0
2024-11-21 04:00:00+01:00,26450.0,25821.5,84.26,7082.87,9492.369999999999,11901.869999999999,26574.0,0.0,0.0,0.0,17196.0
2024-11-21 05:00:00+01:00,26285.5,25566.0,86.43,6673.0075,9171.404999999999,11669.8,26574.0,0.0,0.0,0.0,17196.0
2024-11-21 06:00:00+01:00,27025.0,26929.5,91.93,6351.8875,8847.72,11343.55,26574.0,0.0,0.0,0.0,17196.0
2024-11-21 07:00:00+01:00,32204.5,31808.0,105.0,6144.577499999999,8633.41,11122.244999999999,26574.0,0.0,0.0,0.0,17196.0
2024-11-21 08:00:00+01:00,37496.0,36808.5,116.56,5965.095,8448.98,10932.8675,26574.0,3.77,17.58,19.48,17196.0
2024-11-21 09:00:00+01:00,40465.5,39075.0,119.82,5762.525,8264.3825,10766.2375,26574.0,442.28499999999997,639.8725000000001,811.3,17196.0
2024-11-21 10:00:00+01:00,41582.5,40563.5,116.72,5532.6,8188.99,10845.3825,26574.0,1264.6725000000001,1815.8474999999999,2369.0325000000003,17196.0
2024-11-21 11:00:00+01:00,41008.0,40337.0,110.09,5375.719999999999,8298.16,11220.5975,26574.0,1931.1425,2858.8775,3786.61,17196.0
2024-11-21 12:00:00+01:00,40473.0,40562.0,105.14,5537.465,8609.415,11681.369999999999,26574.0,2366.2425000000003,3483.615,4600.075,17196.0
2024-11-21 13:00:00+01:00,39106.5,39976.0,104.32,5986.110000000001,9034.2325,12082.35,26574.0,2388.5,3432.9475,4477.3925,17196.0
2024-11-21 14:00:00+01:00,38653.0,39761.5,105.02,6544.3725,9548.83,12553.285,26574.0,1893.17,2710.865,3528.56,17196.0
2024-11-21 15:00:00+01:00,38916.5,39667.0,109.16,7210.2225,10159.765,13109.3025,26574.0,997.2925,1512.8925,2028.495,17196.0
2024-11-21 16:00:00+01:00,40425.5,40945.5,114.73,8130.952499999999,10894.3925,13657.835,26574.0,228.92000000000002,394.34000000000003,559.7575,17196.0
2024-11-21 17:00:00+01:00,42374.5,43433.5,125.85,9207.4275,11717.994999999999,14228.565,26574.0,0.5475,1.1625,1.7925,17196.0
2024-11-21 18:00:00+01:00,43074.5,43907.0,131.2,10137.622500000001,12434.77,14731.9225,26574.0,0.0,0.0,0.0,17196.0
2024-11-21 19:00:00+01:00,42762.5,42787.5,122.75,10934.335,12918.880000000001,14903.4275,26574.0,0.0,0.0,0.0,17196.0
2024-11-21 20:00:00+01:00,41545.0,41686.0,109.15,11520.77,13236.6075,14952.445,26574.0,0.0,0.0,0.0,17196.0
2024-11-21 21:00:00+01:00,39289.5,39243.0,102.09,11857.755000000001,13407.8975,14958.04,26574.0,0.0,0.0,0.0,17196.0
2024-11-21 22:00:00+01:00,35277.5,35802.5,95.51,11963.355,13403.31,14843.26,26574.0,0.0,0.0,0.0,17196.0
2024-11-21 23:00:00+01:00,31015.0,31635.5,88.05,12163.407500000001,13555.815,14948.22,26574.0,0.0,0.0,0.0,17196.0
2024-11-22 00:00:00+01:00,27699.0,28102.5,87.98,12305.6625,13637.369999999999,14969.075,26574.0,0.0,0.0,0.0,17196.0
2024-11-22 01:00:00+01:00,27442.0,27294.5,86.21,12128.0,13412.165,14696.3325,26574.0,0.0,0.0,0.0,17196.0
2024-11-22 02:00:00+01:00,26726.0,27196.5,82.97,11853.045,13173.93,14494.815,26574.0,0.0,0.0,0.0,17196.0
2024-11-22 03:00:00+01:00,25704.0,25932.5,79.35,11570.155,12891.735,14213.315,26574.0,0.0,0.0,0.0,17196.0
2024-11-22 04:00:00+01:00,24964.5,25248.5,77.71,11370.065,12621.942500000001,13873.8225,26574.0,0.0,0.0,0.0,17196.0
2024-11-22 05:00:00+01:00,24368.5,24850.5,80.49,11159.26,12402.715,13646.1625,26574.0,0.0,0.0,0.0,17196.0
2024-11-22 06:00:00+01:00,25150.0,25899.0,87.92,10775.7325,12133.217499999999,13490.705,26574.0,0.0,0.0,0.0,17196.0
2024-11-22 07:00:00+01:00,30183.5,30385.0,99.32,10157.11,11783.085,13409.064999999999,26574.0,0.0,0.0,0.0,17196.0
2024-11-22 08:00:00+01:00,35352.0,35984.0,109.83,9463.515,11277.6225,13091.73,26574.0,11.935,17.837500000000002,24.275000000000002,17196.0
2024-11-22 09:00:00+01:00,37907.0,38707.0,111.14,8821.765,10703.0,12584.235,26574.0,870.0925,1020.6600000000001,1171.2325,17196.0
2024-11-22 10:00:00+01:00,38601.5,39060.5,107.29,8187.42,10135.1575,12082.895,26574.0,2619.8575,2958.225,3296.5924999999997,17196.0
2024-11-22 11:00:00+01:00,37659.0,38486.5,102.27,7657.195,9595.93,11534.665,26574.0,4166.1224999999995,4581.2075,4996.295,17196.0
2024-11-22 12:00:00+01:00,36434.5,37429.5,97.96,7273.3025,9186.445,11099.59,26574.0,4925.47,5363.5025000000005,5801.535,17196.0
2024-11-22 13:00:00+01:00,36186.0,37445.5,98.37,6824.9025,8797.135,10769.365,26574.0,4709.5,5116.6825,5523.870000000001,17196.0
2024-11-22 14:00:00+01:00,36267.5,37525.0,101.24,6444.407499999999,8443.215,10442.02,26574.0,3637.215,3946.1225,4255.03,17196.0
2024-11-22 15:00:00+01:00,37390.5,37739.5,106.94,6129.8775000000005,8084.475,10039.075,26574.0,1953.6575,2150.88,2348.1075,17196.0
2024-11-22 16:00:00+01:00,39112.0,39442.0,119.26,5435.235000000001,7472.675,9510.11,26574.0,469.1575,546.4325,623.7075,17196.0
2024-11-22 17:00:00+01:00,41597.0,41898.5,139.82,4639.765,6719.0275,8798.29,26574.0,0.2825,1.145,2.46,17196.0
2024-11-22 18:00:00+01:00,42658.0,43029.0,146.76,4030.4175,6030.1625,8029.9075,26574.0,0.0,0.0,0.0,17196.0
2024-11-22 19:00:00+01:00,41753.0,42697.5,139.5,3470.6925,5402.35,7334.0025,26574.0,0.0,0.0,0.0,17196.0
2024-11-22 20:00:00+01:00,40601.5,41096.0,120.57,3128.6549999999997,4764.12,6399.58,26574.0,0.0,0.0,0.0,17196.0
2024-11-22 21:00:00+01:00,38403.5,39207.0,112.12,2944.7025,4195.9,5447.105,26574.0,0.0,0.0,0.0,17196.0
2024-11-22 22:00:00+01:00,34927.0,36272.5,109.43,2672.5299999999997,3760.47,4848.41,26574.0,0.0,0.0,0.0,17196.0
2024-11-22 23:00:00+01:00,31820.0,32724.5,101.41,2726.145,3753.885,4781.6275000000005,26574.0,0.0,0.0,0.0,17196.0
2024-11-23 00:00:00+01:00,28528.5,29249.5,100.88,3026.93,3999.3999999999996,4971.865,26574.0,0.0,0.0,0.0,17196.0
2024-11-23 01:00:00+01:00,28081.0,28415.0,98.75,3091.515,4281.685,5471.85,26574.0,0.0,0.0,0.0,17196.0
2024-11-23 02:00:00+01:00,27166.0,27385.5,93.8,3575.04,4907.52,6240.0025000000005,26574.0,0.0,0.0,0.0,17196.0
2024-11-23 03:00:00+01:00,25669.5,25651.0,89.73,4760.63,6095.6900000000005,7430.75,26574.0,0.0,0.0,0.0,17196.0
2024-11-23 04:00:00+01:00,24104.5,24627.5,86.83,6056.9325,7548.29,9039.6525,26574.0,0.0,0.0,0.0,17196.0
2024-11-23 05:00:00+01:00,22645.0,23465.0,85.57,7148.0225,8780.145,10412.27,26574.0,0.0,0.0,0.0,17196.0
2024-11-23 06:00:00+01:00,22201.0,23191.5,85.26,8223.36,9987.985,11752.6125,26574.0,0.0,0.0,0.0,17196.0
2024-11-23 07:00:00+01:00,23523.0,24717.0,89.71,9509.67,11441.0875,13372.5025,26574.0,0.0,0.0,0.0,17196.0
2024-11-23 08:00:00+01:00,25456.0,26657.0,92.94,11317.46,13118.425,14919.380000000001,26574.0,1.3875,2.8325,4.105,17196.0
2024-11-23 09:00:00+01:00,28312.5,29881.5,95.68,13255.465,14467.7625,15680.060000000001,26574.0,24.195,42.8575,54.9075,17196.0
2024-11-23 10:00:00+01:00,31258.5,32505.5,96.73,14272.08,15081.655,15891.235,26574.0,77.2525,127.79249999999999,151.555,17196.0
2024-11-23 11:00:00+01:00,33079.0,33224.5,96.75,14351.085,15253.445,16155.807499999999,26574.0,155.2475,229.01,283.8825,17196.0
2024-11-23 12:00:00+01:00,33606.5,33932.5,95.87,14062.93,15271.795,16480.66,26574.0,190.01999999999998,288.47,388.2475,17196.0
2024-11-23 13:00:00+01:00,34014.0,34368.0,96.2,13593.6575,15035.675,16477.69,26574.0,177.9375,276.52750000000003,375.1225,17196.0
2024-11-23 14:00:00+01:00,33593.5,34248.0,96.64,13241.442500000001,14752.7075,16263.970000000001,26574.0,150.515,212.91750000000002,275.5525,17196.0
2024-11-23 15:00:00+01:00,33332.5,34054.5,97.59,13210.5225,14618.665,16026.805,26574.0,87.6275,119.74,148.8925,17196.0
2024-11-23 16:00:00+01:00,34025.5,34228.0,99.59,13183.795,14445.7575,15707.720000000001,26574.0,23.6125,35.465,44.36,17196.0
2024-11-23 17:00:00+01:00,34917.0,36225.5,105.68,13031.795,14230.185,15428.5775,26574.0,0.1225,0.5875,1.35,17196.0
2024-11-23 18:00:00+01:00,35300.0,36960.5,112.93,12849.39,14036.735,15224.0825,26574.0,0.0,0.0,0.0,17196.0
2024-11-23 19:00:00+01:00,34630.5,35609.0,107.29,12907.395,14073.395,15239.3925,26574.0,0.0,0.0,0.0,17196.0
2024-11-23 20:00:00+01:00,32457.0,33340.0,96.83,13200.99,14304.22,15407.45,26574.0,0.0,0.0,0.0,17196.0
2024-11-23 21:00:00+01:00,30047.5,31137.0,89.42,13438.82,14531.925,15625.035,26574.0,0.0,0.0,0.0,17196.0
2024-11-23 22:00:00+01:00,27228.5,28187.0,84.2,13684.995,14719.3225,15753.6475,26574.0,0.0,0.0,0.0,17196.0
2024-11-23 23:00:00+01:00,24369.5,25216.5,70.15,14086.9225,14942.265,15797.61,26574.0,0.0,0.0,0.0,17196.0
2024-11-24 00:00:00+01:00,21968.5,22265.0,42.1,14019.425,14981.1125,15942.8025,26574.0,0.0,0.0,0.0,17196.0
2024-11-24 01:00:00+01:00,21431.0,21500.0,38.49,13631.63,14825.31,16018.994999999999,26574.0,0.0,0.0,0.0,17196.0
2024-11-24 02:00:00+01:00,21048.5,20495.0,28.6,13442.735,14759.7675,16076.8025,26574.0,0.0,0.0,0.0,17196.0
2024-11-24 03:00:00+01:00,19435.0,19195.5,19.09,13258.8575,14683.22,16107.585,26574.0,0.0,0.0,0.0,17196.0
2024-11-24 04:00:00+01:00,18484.5,18364.5,18.72,13112.935,14588.255,16063.58,26574.0,0.0,0.0,0.0,17196.0
2024-11-24 05:00:00+01:00,17788.0,17717.5,16.2,12857.09,14505.16,16153.225,26574.0,0.0,0.0,0.0,17196.0
2024-11-24 06:00:00+01:00,17493.5,17633.0,16.93,12726.4025,14460.475,16194.545,26574.0,0.0,0.0,0.0,17196.0
2024-11-24 07:00:00+01:00,19229.0,18877.5,20.58,12838.17,14488.115,16138.0625,26574.0,0.0,0.0,0.0,17196.0
2024-11-24 08:00:00+01:00,21530.0,20708.5,34.58,12908.255000000001,14478.305,16048.3575,26574.0,5.365,7.445,8.7125,17196.0
2024-11-24 09:00:00+01:00,24407.5,23342.0,68.69,12859.1175,14431.76,16004.405,26574.0,75.0575,132.0075,187.8175,17196.0
2024-11-24 10:00:00+01:00,26834.5,25400.0,83.73,12682.09,14406.2525,16130.415,26574.0,263.90999999999997,450.7575,637.6925,17196.0
2024-11-24 11:00:00+01:00,28104.5,26882.0,86.23,12556.045,14390.005000000001,16223.9675,26574.0,555.22,859.96,1164.6975,17196.0
2024-11-24 12:00:00+01:00,29041.5,27900.0,86.65,12604.72,14435.9025,16267.0875,26574.0,772.0699999999999,1100.2825,1422.45,17196.0
2024-11-24 13:00:00+01:00,29698.5,29183.0,87.63,12685.5925,14500.2725,16314.9525,26574.0,763.7475,1045.14,1326.5325,17196.0
2024-11-24 14:00:00+01:00,29863.5,29504.0,88.46,12729.1375,14534.0725,16339.01,26574.0,575.3925,774.84,974.285,17196.0
2024-11-24 15:00:00+01:00,30545.5,29788.0,90.18,12838.915,14616.105,16393.29,26574.0,272.09499999999997,383.6925,495.40999999999997,17196.0
2024-11-24 16:00:00+01:00,31469.0,30942.0,93.08,12974.195,14706.835,16439.48,26574.0,54.822500000000005,93.23,130.12,17196.0
2024-11-24 17:00:00+01:00,33658.0,33704.5,104.29,13150.845000000001,14732.31,16313.775,26574.0,5.535,7.57,8.35,17196.0
2024-11-24 18:00:00+01:00,34353.5,34432.0,111.29,13345.135,14733.404999999999,16121.6725,26574.0,0.0,0.0,0.0,17196.0
2024-11-24 19:00:00+01:00,33293.0,33264.5,107.77,13456.385,14697.33,15938.2725,26574.0,0.0,0.0,0.0,17196.0
2024-11-24 20:00:00+01:00,31070.5,31195.0,95.06,13413.7375,14645.14,15876.545,26574.0,0.0,0.0,0.0,17196.0
2024-11-24 21:00:00+01:00,28895.0,28917.0,87.95,13215.485,14612.27,16009.06,26574.0,0.0,0.0,0.0,17196.0
2024-11-24 22:00:00+01:00,26210.5,26245.0,77.92,13181.14,14554.545,15927.95,26574.0,0.0,0.0,0.0,17196.0
2024-11-24 23:00:00+01:00,23577.0,23130.0,62.56,13435.244999999999,14651.18,15867.115,26574.0,0.0,0.0,0.0,17196.0
2024-11-25 00:00:00+01:00,20725.0,20436.5,-4.55,13566.1875,14714.814999999999,15863.442500000001,26574.0,0.0,0.0,0.0,17196.0
2024-11-25 01:00:00+01:00,20771.0,20285.0,-3.56,13661.325,14640.695,15620.0625,26574.0,0.0,0.0,0.0,17196.0
2024-11-25 02:00:00+01:00,20185.5,19914.0,-4.13,13809.2975,14634.095,15458.89,26574.0,0.0,0.0,0.0,17196.0
2024-11-25 03:00:00+01:00,19616.0,19367.5,-5.93,13624.372500000001,14532.29,15440.2075,26574.0,0.0,0.0,0.0,17196.0
2024-11-25 04:00:00+01:00,18706.0,19013.5,-4.04,13172.55,14286.02,15399.4875,26574.0,0.0,0.0,0.0,17196.0
2024-11-25 05:00:00+01:00,18599.0,18621.5,-0.94,12527.5275,13940.1475,15352.77,26574.0,0.0,0.0,0.0,17196.0
2024-11-25 06:00:00+01:00,20364.5,20230.0,4.21,12105.994999999999,13728.775,15351.55,26574.0,0.0,0.0,0.0,17196.0
2024-11-25 07:00:00+01:00,25046.5,24919.0,34.57,12139.565,13810.625,15481.6875,26574.0,0.0,0.0,0.0,17196.0
2024-11-25 08:00:00+01:00,30050.5,30247.5,55.06,12457.529999999999,14117.0125,15776.494999999999,26574.0,0.595,2.4,3.1525,17196.0
2024-11-25 09:00:00+01:00,32215.5,32307.0,60.04,12820.494999999999,14461.9925,16103.4925,26574.0,395.9975,604.2825,805.0825,17196.0
2024-11-25 10:00:00+01:00,32262.5,32586.5,51.94,13131.7825,14655.0325,16178.285,26574.0,1519.5149999999999,2039.8025,2560.6625,17196.0
2024-11-25 11:00:00+01:00,30934.5,31172.0,40.74,13346.27,14741.6725,16137.075,26574.0,2876.225,3461.0925,4045.955,17196.0
2024-11-25 12:00:00+01:00,30396.5,30606.0,33.51,13444.015,14860.51,16277.005000000001,26574.0,3702.9875,4288.6875,4874.3925,17196.0
2024-11-25 13:00:00+01:00,30435.5,30967.5,34.2,13552.73,14937.5075,16322.285,26574.0,3629.15,4176.7975,4724.4425,17196.0
2024-11-25 14:00:00+01:00,30741.0,31576.5,40.37,13493.45,14935.87,16378.2925,26574.0,2825.9025,3214.5475,3603.1925,17196.0
2024-11-25 15:00:00+01:00,31408.0,32432.5,52.13,13332.01,14971.57,16611.13,26574.0,1447.6625,1664.85,1882.035,17196.0
2024-11-25 16:00:00+01:00,33679.5,33605.5,74.35,13340.9375,15040.735,16740.5325,26574.0,296.9225,367.6125,438.3,17196.0
2024-11-25 17:00:00+01:00,36538.5,36438.5,97.28,13411.93,15073.865,16735.805,26574.0,0.0325,1.055,3.2675,17196.0
2024-11-25 18:00:00+01:00,37914.0,38259.5,106.92,13471.0775,15025.6425,16580.205,26574.0,0.0,0.0,0.0,17196.0
2024-11-25 19:00:00+01:00,37324.0,37688.0,99.92,13480.78,14955.0025,16429.225,26574.0,0.0,0.0,0.0,17196.0
2024-11-25 20:00:00+01:00,36072.0,36387.5,83.1,13401.7325,14912.2875,16422.845,26574.0,0.0,0.0,0.0,17196.0
2024-11-25 21:00:00+01:00,33784.5,33721.5,66.9,13409.55,14888.89,16368.235,26574.0,0.0,0.0,0.0,17196.0
2024-11-25 22:00:00+01:00,30554.5,30529.5,46.68,13467.34,14881.6575,16295.9775,26574.0,0.0,0.0,0.0,17196.0
2024-11-25 23:00:00+01:00,26916.0,27164.5,34.63,12943.1875,14464.9875,15986.785,26574.0,0.0,0.0,0.0,17196.0
2024-11-26 00:00:00+01:00,24482.5,24103.5,47.14,12186.87,13817.71,15448.545,26574.0,0.0,0.0,0.0,17196.0
2024-11-26 01:00:00+01:00,24203.5,23850.0,46.53,11739.14,13366.279999999999,14993.4225,26574.0,0.0,0.0,0.0,17196.0
2024-11-26 02:00:00+01:00,24027.5,23285.5,46.27,11153.625,12864.7275,14575.835,26574.0,0.0,0.0,0.0,17196.0
2024-11-26 03:00:00+01:00,23460.0,22647.5,42.13,10413.5875,12289.68,14165.775,26574.0,0.0,0.0,0.0,17196.0
2024-11-26 04:00:00+01:00,22691.0,22097.5,42.32,9670.2025,11631.0625,13591.92,26574.0,0.0,0.0,0.0,17196.0
2024-11-26 05:00:00+01:00,22498.0,21911.5,47.7,8822.33,10924.682499999999,13027.0375,26574.0,0.0,0.0,0.0,17196.0
2024-11-26 06:00:00+01:00,23807.5,23325.0,61.33,8104.29,10251.1225,12397.96,26574.0,0.0,0.0,0.0,17196.0
2024-11-26 07:00:00+01:00,28629.5,28335.0,91.27,7543.645,9602.012499999999,11660.380000000001,26574.0,0.0,0.0,0.0,17196.0
2024-11-26 08:00:00+01:00,34551.0,33571.5,107.5,6888.75,8959.53,11030.315,26574.0,1.305,3.9,7.3875,17196.0
2024-11-26 09:00:00+01:00,36233.5,35767.5,109.93,6296.5775,8367.814999999999,10439.05,26574.0,631.9075,773.6899999999999,915.4749999999999,17196.0
2024-11-26 10:00:00+01:00,36174.5,36285.5,106.86,5716.335,7810.395,9904.4525,26574.0,2109.065,2495.5175,2881.97,17196.0
2024-11-26 11:00:00+01:00,34488.5,34976.0,101.71,4895.2925,7099.1175,9302.945,26574.0,3610.9675,4165.5199999999995,4720.075,17196.0
2024-11-26 12:00:00+01:00,33502.0,34538.0,99.76,4035.385,6329.27,8623.1625,26574.0,4502.7,5069.2474999999995,5632.889999999999,17196.0
2024-11-26 13:00:00+01:00,33514.0,34662.0,102.06,3406.75,5600.4725,7794.2,26574.0,4323.855,4913.115,5502.3775,17196.0
2024-11-26 14:00:00+01:00,34305.0,34846.0,109.98,2918.99,4899.4875,6879.985000000001,26574.0,3257.1525,3780.7974999999997,4304.445,17196.0
2024-11-26 15:00:00+01:00,35193.0,34901.5,123.31,2548.925,4299.22,6049.5175,26574.0,1617.08,1909.795,2202.51,17196.0
2024-11-26 16:00:00+01:00,36928.5,37232.0,137.64,2297.12,3807.1800000000003,5317.2475,26574.0,321.8875,411.45,501.015,17196.0
2024-11-26 17:00:00+01:00,39839.0,40290.0,151.07,1921.17,3346.565,4771.955,26574.0,0.3325,0.72,1.1675,17196.0
2024-11-26 18:00:00+01:00,41624.5,41777.0,155.02,1556.47,2935.955,4315.4349999999995,26574.0,0.0,0.0,0.0,17196.0
2024-11-26 19:00:00+01:00,41047.5,41243.0,144.5,1382.19,2631.8475,3881.505,26574.0,0.0,0.0,0.0,17196.0
2024-11-26 20:00:00+01:00,39636.0,40071.5,127.54,1192.4625,2322.2575,3452.05,26574.0,0.0,0.0,0.0,17196.0
2024-11-26 21:00:00+01:00,37376.5,37708.0,120.38,928.2175,2004.115,3080.015,26574.0,0.0,0.0,0.0,17196.0
2024-11-26 22:00:00+01:00,34760.5,34166.0,112.12,669.065,1773.785,2878.51,26574.0,0.0,0.0,0.0,17196.0
2024-11-26 23:00:00+01:00,30602.5,30079.5,103.06,562.7,1520.49,2478.285,26574.0,0.0,0.0,0.0,17196.0
2024-11-27 00:00:00+01:00,27348.5,27272.5,106.17,540.6175000000001,1366.15,2191.68,26574.0,0.0,0.0,0.0,17196.0
2024-11-27 01:00:00+01:00,26968.5,26800.0,105.9,562.0575,1494.6725,2427.295,26574.0,0.0,0.0,0.0,17196.0
2024-11-27 02:00:00+01:00,26424.5,26005.0,102.88,658.725,1768.8325,2878.9449999999997,26574.0,0.0,0.0,0.0,17196.0
2024-11-27 03:00:00+01:00,25289.5,24640.0,100.4,974.495,2194.4449999999997,3414.4,26574.0,0.0,0.0,0.0,17196.0
2024-11-27 04:00:00+01:00,24653.5,23986.0,98.9,1504.7925,2892.2925,4279.795,26574.0,0.0,0.0,0.0,17196.0
2024-11-27 05:00:00+01:00,24037.0,23409.5,96.96,1915.005,3621.285,5327.5675,26574.0,0.0,0.0,0.0,17196.0
2024-11-27 06:00:00+01:00,24770.5,25062.5,99.64,2139.445,4181.615,6223.795,26574.0,0.0,0.0,0.0,17196.0
2024-11-27 07:00:00+01:00,29123.0,29576.0,110.52,2480.3975,4756.115,7031.83,26574.0,0.0,0.0,0.0,17196.0
2024-11-27 08:00:00+01:00,34526.0,34350.0,118.27,2914.94,5433.2425,7951.5475,26574.0,0.06,0.2525,0.3525,17196.0
2024-11-27 09:00:00+01:00,36900.0,36249.5,121.77,3350.7,6004.775,8658.8475,26574.0,82.60499999999999,129.7075,175.7575,17196.0
2024-11-27 10:00:00+01:00,38116.5,37586.5,120.38,3715.485,6432.0650000000005,9148.6475,26574.0,341.93,615.2275,888.605,17196.0
2024-11-27 11:00:00+01:00,38370.0,37774.0,115.05,3917.2775,6724.145,9531.01,26574.0,623.2225,1255.9125000000001,1888.5975,17196.0
2024-11-27 12:00:00+01:00,38792.5,37819.0,110.63,4359.9725,6842.8775000000005,9325.7825,26574.0,872.8725,1725.7350000000001,2578.5950000000003,17196.0
2024-11-27 13:00:00+01:00,38528.0,37844.5,108.97,4906.415,6999.4675,9092.52,26574.0,1143.405,1961.665,2748.47,17196.0
2024-11-27 14:00:00+01:00,37918.5,37493.5,109.59,5240.585,7238.695,9236.8,26574.0,1183.08,1805.7425,2428.41,17196.0
2024-11-27 15:00:00+01:00,37983.5,37617.5,112.97,5484.7125,7417.424999999999,9350.145,26574.0,719.3725,1049.8625,1380.345,17196.0
2024-11-27 16:00:00+01:00,39322.0,38753.0,119.57,5616.6275000000005,7509.4825,9402.34,26574.0,161.7725,248.6925,335.61,17196.0
2024-11-27 17:00:00+01:00,41524.5,41385.0,138.18,5554.2275,7531.165,9508.1,26574.0,0.005,0.4375,1.2325,17196.0
2024-11-27 18:00:00+01:00,42222.0,42157.0,148.63,5245.94,7440.65,9635.355,26574.0,0.0,0.0,0.0,17196.0
2024-11-27 19:00:00+01:00,42008.0,41692.0,140.49,4985.0325,7283.85,9582.6625,26574.0,0.0,0.0,0.0,17196.0
2024-11-27 20:00:00+01:00,40856.0,40139.0,123.92,4769.545,7036.49,9303.425,26574.0,0.0,0.0,0.0,17196.0
2024-11-27 21:00:00+01:00,38611.5,38557.5,113.18,4270.8099999999995,6711.24,9151.6775,26574.0,0.0,0.0,0.0,17196.0
2024-11-27 22:00:00+01:00,35408.5,35617.5,106.75,3708.04,6382.255,9056.4725,26574.0,0.0,0.0,0.0,17196.0
2024-11-27 23:00:00+01:00,31530.5,32220.5,100.7,4352.4825,6386.67,8420.855,26574.0,0.0,0.0,0.0,17196.0
2024-11-28 00:00:00+01:00,28669.5,29045.0,98.03,4984.5125,6342.59,7700.665,26574.0,0.0,0.0,0.0,17196.0
2024-11-28 01:00:00+01:00,27704.0,28338.0,97.4,4484.1849999999995,5912.215,7340.24,26574.0,0.0,0.0,0.0,17196.0
2024-11-28 02:00:00+01:00,27240.0,27839.5,95.96,3990.605,5505.8150000000005,7021.014999999999,26574.0,0.0,0.0,0.0,17196.0
2024-11-28 03:00:00+01:00,26479.0,27068.5,94.24,3559.8199999999997,5141.285,6722.7474999999995,26574.0,0.0,0.0,0.0,17196.0
2024-11-28 04:00:00+01:00,25953.5,26540.0,94.37,3197.965,4757.0475,6316.1275,26574.0,0.0,0.0,0.0,17196.0
2024-11-28 05:00:00+01:00,25907.0,25827.5,96.35,2971.585,4390.425,5809.264999999999,26574.0,0.0,0.0,0.0,17196.0
2024-11-28 06:00:00+01:00,26770.0,26660.5,102.23,2827.8424999999997,4073.1899999999996,5318.5375,26574.0,0.0,0.0,0.0,17196.0
2024-11-28 07:00:00+01:00,31518.5,31604.5,114.74,2783.105,3827.8575,4872.615,26574.0,0.0,0.0,0.0,17196.0
2024-11-28 08:00:00+01:00,36727.5,36846.0,130.01,2729.7875000000004,3653.05,4576.3175,26574.0,0.29,1.815,4.66,17196.0
2024-11-28 09:00:00+01:00,38461.5,38990.5,133.32,2763.0,3665.735,4568.48,26574.0,420.1,565.6075,713.4499999999999,17196.0
2024-11-28 10:00:00+01:00,38908.0,39497.5,125.51,2995.815,3897.295,4798.785,26574.0,1575.07,1944.13,2313.0075,17196.0
2024-11-28 11:00:00+01:00,38426.5,39180.5,115.03,3307.31,4218.41,5129.5075,26574.0,2557.2975,3256.415,3955.525,17196.0
2024-11-28 12:00:00+01:00,37642.0,38190.5,107.06,3656.1825,4626.335,5596.49,26574.0,2976.7475,3988.115,4997.265,17196.0
2024-11-28 13:00:00+01:00,37353.5,38269.5,105.22,4072.4674999999997,5087.505,6102.545,26574.0,2748.9175,3849.48,4950.04,17196.0
2024-11-28 14:00:00+01:00,37547.5,38015.0,107.88,4560.735,5538.6275000000005,6516.52,26574.0,1996.9525,2875.34,3753.725,17196.0
2024-11-28 15:00:00+01:00,37928.0,38207.0,113.56,5044.93,5933.255,6821.5775,26574.0,1019.55,1432.3025,1845.0575,17196.0
2024-11-28 16:00:00+01:00,39338.0,39486.5,122.18,5562.1825,6332.35,7102.52,26574.0,207.1275,299.295,391.4625,17196.0
2024-11-28 17:00:00+01:00,41689.5,41832.5,135.7,5948.74,6724.635,7500.53,26574.0,0.2175,0.39,0.5675,17196.0
2024-11-28 18:00:00+01:00,41847.5,42348.0,144.36,6188.6224999999995,7021.59,7854.5525,26574.0,0.0,0.0,0.0,17196.0
2024-11-28 19:00:00+01:00,41191.0,41853.0,132.45,6416.12,7291.8975,8167.6775,26574.0,0.0,0.0,0.0,17196.0
2024-11-28 20:00:00+01:00,39639.0,40258.5,114.81,6650.765,7602.65,8554.5325,26574.0,0.0,0.0,0.0,17196.0
2024-11-28 21:00:00+01:00,37272.0,37560.0,105.41,6892.235,7979.76,9067.279999999999,26574.0,0.0,0.0,0.0,17196.0
2024-11-28 22:00:00+01:00,33367.5,34342.5,99.46,6947.6575,8393.435,9839.21,26574.0,0.0,0.0,0.0,17196.0
2024-11-28 23:00:00+01:00,29095.5,30693.5,90.9,7520.605,9024.69,10528.775,26574.0,0.0,0.0,0.0,17196.0
2024-11-29 00:00:00+01:00,26211.0,27171.5,86.81,8402.64,9709.365,11016.0925,26574.0,0.0,0.0,0.0,17196.0
2024-11-29 01:00:00+01:00,25819.5,26231.5,84.02,8792.0,10270.75,11749.4975,26574.0,0.0,0.0,0.0,17196.0
2024-11-29 02:00:00+01:00,25172.5,25941.0,80.18,9158.7575,10770.545,12382.335,26574.0,0.0,0.0,0.0,17196.0
2024-11-29 03:00:00+01:00,24145.0,24908.5,74.57,9556.705,11183.815,12810.925,26574.0,0.0,0.0,0.0,17196.0
2024-11-29 04:00:00+01:00,23403.0,23976.0,71.12,10026.57,11567.175,13107.785,26574.0,0.0,0.0,0.0,17196.0
2024-11-29 05:00:00+01:00,23064.0,23143.5,70.37,10497.675,11899.505000000001,13301.335,26574.0,0.0,0.0,0.0,17196.0
2024-11-29 06:00:00+01:00,24351.0,24123.0,74.71,10802.395,12202.63,13602.8675,26574.0,0.0,0.0,0.0,17196.0
2024-11-29 07:00:00+01:00,28568.5,28214.0,88.29,11140.915,12528.4,13915.8875,26574.0,0.0,0.0,0.0,17196.0
2024-11-29 08:00:00+01:00,33566.5,33783.5,98.75,11532.9175,12913.77,14294.625,26574.0,0.92,1.8925,3.9975,17196.0
2024-11-29 09:00:00+01:00,35861.0,36069.5,100.26,11967.09,13268.0,14568.91,26574.0,359.90749999999997,455.305,554.87,17196.0
2024-11-29 10:00:00+01:00,36644.0,35975.0,96.66,12239.25,13510.52,14781.7925,26574.0,1343.05,1584.405,1825.4425,17196.0
2024-11-29 11:00:00+01:00,35705.0,34975.5,92.0,12403.6875,13675.755000000001,14947.815,26574.0,2337.88,2784.465,3231.0474999999997,17196.0
2024-11-29 12:00:00+01:00,34732.5,35181.5,86.67,12544.34,13808.9025,15073.470000000001,26574.0,2858.8175,3465.96,4071.88,17196.0
2024-11-29 13:00:00+01:00,34385.5,35476.0,86.27,12436.0625,13773.49,15110.915,26574.0,2750.3450000000003,3323.0975,3895.8475,17196.0
2024-11-29 14:00:00+01:00,33959.5,34893.0,88.44,12407.2525,13681.92,14956.59,26574.0,2145.7349999999997,2516.8824999999997,2888.0325000000003,17196.0
2024-11-29 15:00:00+01:00,34318.0,35208.0,91.05,12501.75,13741.885,14982.0225,26574.0,1119.0375,1269.0975,1419.1575,17196.0
2024-11-29 16:00:00+01:00,35475.0,35796.0,94.34,12657.3275,13981.27,15305.2175,26574.0,225.1125,268.19,311.2625,17196.0
2024-11-29 17:00:00+01:00,37589.0,38261.0,105.39,13085.57,14332.27,15578.970000000001,26574.0,0.765,1.1525,1.5675,17196.0
2024-11-29 18:00:00+01:00,37994.0,39131.0,112.09,13464.02,14558.67,15653.315,26574.0,0.0,0.0,0.0,17196.0
2024-11-29 19:00:00+01:00,37312.5,38244.0,107.4,13636.225,14655.47,15674.715,26574.0,0.0,0.0,0.0,17196.0
2024-11-29 20:00:00+01:00,35723.0,36323.5,94.97,13785.3275,14720.765,15656.205,26574.0,0.0,0.0,0.0,17196.0
2024-11-29 21:00:00+01:00,33321.0,33761.0,88.88,13764.065,14699.275,15634.485,26574.0,0.0,0.0,0.0,17196.0
2024-11-29 22:00:00+01:00,30619.5,31159.0,81.59,13558.720000000001,14553.6525,15548.5825,26574.0,0.0,0.0,0.0,17196.0
2024-11-29 23:00:00+01:00,27704.5,28115.5,76.35,13374.54,14406.8025,15439.0625,26574.0,0.0,0.0,0.0,17196.0
2024-11-30 00:00:00+01:00,25186.0,24965.5,79.74,13128.66,14219.045,15309.425,26574.0,0.0,0.0,0.0,17196.0
2024-11-30 01:00:00+01:00,24403.0,24575.0,77.8,12756.4725,13906.39,15056.305,26574.0,0.0,0.0,0.0,17196.0
2024-11-30 02:00:00+01:00,23495.5,23800.0,74.2,12215.94,13529.005000000001,14842.07,26574.0,0.0,0.0,0.0,17196.0
2024-11-30 03:00:00+01:00,22356.5,22506.5,67.99,11509.65,13025.595,14541.5325,26574.0,0.0,0.0,0.0,17196.0
2024-11-30 04:00:00+01:00,21517.0,21592.5,62.57,10849.6725,12439.385,14029.0975,26574.0,0.0,0.0,0.0,17196.0
2024-11-30 05:00:00+01:00,21026.5,21288.0,57.33,10296.755000000001,11953.79,13610.825,26574.0,0.0,0.0,0.0,17196.0
2024-11-30 06:00:00+01:00,20860.5,21351.5,66.19,9875.84,11654.085,13432.3325,26574.0,0.0,0.0,0.0,17196.0
2024-11-30 07:00:00+01:00,22728.5,23111.0,84.84,9563.692500000001,11428.04,13292.39,26574.0,0.0,0.0,0.0,17196.0
2024-11-30 08:00:00+01:00,25613.5,25861.0,97.31,9354.83,11179.41,13003.9925,26574.0,0.5125,0.77,1.1425,17196.0
2024-11-30 09:00:00+01:00,28400.5,28666.0,101.7,9168.2725,10956.78,12745.29,26574.0,91.435,164.36,213.5475,17196.0
2024-11-30 10:00:00+01:00,29879.0,30067.0,101.58,9032.295,10833.31,12634.33,26574.0,404.58000000000004,614.3075,800.2925,17196.0
2024-11-30 11:00:00+01:00,30438.5,30917.5,100.03,8788.630000000001,10651.6525,12514.6725,26574.0,803.05,1129.16,1457.0925,17196.0
2024-11-30 12:00:00+01:00,30416.0,30990.0,97.54,8492.265,10406.24,12320.215,26574.0,994.21,1387.6875,1780.5075,17196.0
2024-11-30 13:00:00+01:00,30529.5,30778.5,97.27,8343.15,10212.575,12081.9975,26574.0,976.515,1372.1375,1767.7625,17196.0
2024-11-30 14:00:00+01:00,30438.5,30444.5,98.59,8273.0425,10054.515,11835.9875,26574.0,747.1875,1091.855,1436.525,17196.0
2024-11-30 15:00:00+01:00,30147.5,30406.5,100.17,8221.495,9950.747500000001,11680.0025,26574.0,343.825,530.2975,716.44,17196.0
2024-11-30 16:00:00+01:00,30999.5,30982.0,102.39,8342.735,10081.405,11820.07,26574.0,62.125,99.8275,141.7475,17196.0
2024-11-30 17:00:00+01:00,32799.0,33018.0,111.35,8789.225,10484.4375,12179.65,26574.0,0.0,0.22,1.775,17196.0
2024-11-30 18:00:00+01:00,34437.5,34135.0,118.75,9483.285,11005.3025,12527.315,26574.0,0.0,0.0,0.0,17196.0
2024-11-30 19:00:00+01:00,33169.0,33136.5,114.79,10183.375,11593.3825,13003.385,26574.0,0.0,0.0,0.0,17196.0
2024-11-30 20:00:00+01:00,31062.5,30962.5,103.65,10703.775,12103.5725,13503.375,26574.0,0.0,0.0,0.0,17196.0
2024-11-30 21:00:00+01:00,29114.0,28884.5,97.89,11129.305,12429.3725,13729.445,26574.0,0.0,0.0,0.0,17196.0
2024-11-30 22:00:00+01:00,26845.5,26928.0,93.29,11310.279999999999,12551.445,13792.6125,26574.0,0.0,0.0,0.0,17196.0
2024-11-30 23:00:00+01:00,24442.0,24480.0,83.94,11848.82,13030.85,14212.885,26574.0,0.0,0.0,0.0,17196.0
2024-12-01 00:00:00+01:00,22109.5,22224.5,66.64,12350.8025,13475.515,14600.225,26574.0,0.0,0.0,0.0,17196.0
2024-12-01 01:00:00+01:00,21888.0,21850.0,58.38,12345.7825,13461.8675,14577.955,26574.0,0.0,0.0,0.0,18720.0
2024-12-01 02:00:00+01:00,21348.0,21100.0,42.96,12332.26,13477.372500000001,14622.4875,26574.0,0.0,0.0,0.0,18720.0
2024-12-01 03:00:00+01:00,20104.5,20163.5,27.03,12335.35,13540.4375,14745.522500000001,26574.0,0.0,0.0,0.0,18720.0
2024-12-01 04:00:00+01:00,19253.0,19264.0,17.28,12380.095,13621.19,14862.285,26574.0,0.0,0.0,0.0,18720.0
2024-12-01 05:00:00+01:00,18895.0,18586.5,14.08,12373.119999999999,13698.57,15024.025000000001,26574.0,0.0,0.0,0.0,18720.0
2024-12-01 06:00:00+01:00,18803.0,18529.0,15.08,12350.057499999999,13757.355,15164.654999999999,26574.0,0.0,0.0,0.0,18720.0
2024-12-01 07:00:00+01:00,19914.5,20204.0,26.62,12270.244999999999,13728.445,15186.6425,26574.0,0.0,0.0,0.0,18720.0
2024-12-01 08:00:00+01:00,22137.5,22692.5,53.58,12210.005000000001,13687.032500000001,15164.06,26574.0,0.1225,0.4225,0.755,18720.0
2024-12-01 09:00:00+01:00,25147.5,25675.5,86.55,12167.9525,13637.32,15106.6875,26574.0,38.4775,71.025,103.565,18720.0
2024-12-01 10:00:00+01:00,27934.0,28307.0,97.97,12014.815,13507.135,14999.46,26574.0,234.935,357.935,480.9375,18720.0
2024-12-01 11:00:00+01:00,29160.0,29723.5,97.72,11883.0075,13425.2,14967.3925,26574.0,523.3675000000001,805.4525,1087.5325,18720.0
2024-12-01 12:00:00+01:00,29773.5,30414.0,94.87,11779.98,13396.439999999999,15012.9025,26574.0,721.2575,1212.2275,1703.1950000000002,18720.0
2024-12-01 13:00:00+01:00,30487.5,30242.5,95.4,11525.565,13240.0,14954.4325,26574.0,830.9425,1368.27,1927.7475,18720.0
2024-12-01 14:00:00+01:00,30817.5,29746.5,96.05,11078.9425,12890.474999999999,14702.009999999998,26574.0,772.315,1220.185,1668.4275,18720.0
2024-12-01 15:00:00+01:00,31074.0,30294.5,97.9,10449.8,12335.9775,14222.1575,26574.0,467.4575,710.0475,947.76,18720.0
2024-12-01 16:00:00+01:00,32377.5,31746.5,102.68,9753.029999999999,11680.55,13608.07,26574.0,123.125,176.9025,227.495,18720.0
2024-12-01 17:00:00+01:00,35053.0,34885.0,114.61,9309.955,11275.65,13241.345000000001,26574.0,0.0,0.1525,0.71,18720.0
2024-12-01 18:00:00+01:00,36227.5,35950.5,121.15,9233.7475,11151.1625,13068.58,26574.0,0.0,0.0,0.0,18720.0
2024-12-01 19:00:00+01:00,35470.5,35254.5,119.06,9002.9525,11038.9475,13074.939999999999,26574.0,0.0,0.0,0.0,18720.0
2024-12-01 20:00:00+01:00,33196.0,33721.0,109.11,8741.220000000001,10946.605,13151.99,26574.0,0.0,0.0,0.0,18720.0
2024-12-01 21:00:00+01:00,31132.0,31853.5,103.1,8832.98,10958.4275,13083.877499999999,26574.0,0.0,0.0,0.0,18720.0
2024-12-01 22:00:00+01:00,28741.0,29642.5,97.81,8988.5,11014.4525,13040.4075,26574.0,0.0,0.0,0.0,18720.0
2024-12-01 23:00:00+01:00,26213.0,26677.5,93.17,9571.1925,11305.21,13039.220000000001,26574.0,0.0,0.0,0.0,18720.0
2024-12-02 00:00:00+01:00,23562.0,23652.5,93.51,10092.33,11497.21,12902.0875,26574.0,0.0,0.0,0.0,18720.0
2024-12-02 01:00:00+01:00,23348.0,23050.0,93.35,10019.98,11455.994999999999,12892.0125,26607.6,0.0,0.0,0.0,18720.0
2024-12-02 02:00:00+01:00,22515.0,22382.5,91.7,9954.76,11646.9975,13339.2325,26607.6,0.0,0.0,0.0,18720.0
2024-12-02 03:00:00+01:00,21707.0,21386.0,89.16,10155.36,12015.43,13875.494999999999,26607.6,0.0,0.0,0.0,18720.0
2024-12-02 04:00:00+01:00,21037.5,20765.0,83.84,10602.5525,12417.85,14233.1475,26607.6,0.0,0.0,0.0,18720.0
2024-12-02 05:00:00+01:00,20163.0,20532.0,80.25,10797.5925,12540.7575,14283.92,26607.6,0.0,0.0,0.0,18720.0
2024-12-02 06:00:00+01:00,21201.5,21664.5,88.72,10539.665,12319.82,14099.98,26607.6,0.0,0.0,0.0,18720.0
2024-12-02 07:00:00+01:00,25753.0,26198.5,102.64,10143.9825,12024.325,13904.665,26607.6,0.0,0.0,0.0,18720.0
2024-12-02 08:00:00+01:00,31059.0,31491.0,108.82,9840.862500000001,11728.08,13615.295,26607.6,0.0,0.0,0.0,18720.0
2024-12-02 09:00:00+01:00,33369.5,34029.0,112.21,9517.655,11465.1775,13412.705,26607.6,231.66750000000002,306.0425,380.4175,18720.0
2024-12-02 10:00:00+01:00,34208.5,34948.5,108.95,9210.3075,11169.9,13129.494999999999,26607.6,949.855,1201.54,1453.2325,18720.0
2024-12-02 11:00:00+01:00,33913.5,34906.5,105.45,8904.522500000001,10805.130000000001,12705.74,26607.6,1539.01,2065.8275,2592.64,18720.0
2024-12-02 12:00:00+01:00,34140.0,35121.5,102.75,8507.78,10572.145,12636.5075,26607.6,1811.8725,2455.515,3071.31,18720.0
2024-12-02 13:00:00+01:00,34963.0,34507.0,103.37,8536.73,10593.935,12651.135,26607.6,1699.7475,2250.89,2802.025,18720.0
2024-12-02 14:00:00+01:00,35024.5,34988.0,105.93,8950.407500000001,10872.5475,12794.68,26607.6,1118.99,1573.4175,2027.8449999999998,18720.0
2024-12-02 15:00:00+01:00,35578.5,35208.0,108.89,9227.744999999999,11129.04,13030.3375,26607.6,519.6625,786.335,1053.005,18720.0
2024-12-02 16:00:00+01:00,37018.5,36421.0,113.27,9322.175,11178.49,13034.815,26607.6,120.4375,192.805,265.17,18720.0
2024-12-02 17:00:00+01:00,39565.5,38872.5,124.57,9204.0575,11021.84,12839.625,26607.6,0.0225,1.36,3.9,18720.0
2024-12-02 18:00:00+01:00,39828.5,39805.0,133.95,9072.5375,10734.759999999998,12396.98,26607.6,0.0,0.0,0.0,18720.0
2024-12-02 19:00:00+01:00,39509.5,39408.0,127.69,8857.205,10276.515,11695.82,26607.6,0.0,0.0,0.0,18720.0
2024-12-02 20:00:00+01:00,38619.5,37691.5,116.46,8351.24,9620.1075,10888.9725,26607.6,0.0,0.0,0.0,18720.0
2024-12-02 21:00:00+01:00,36010.5,35466.0,110.7,7797.075,8930.6325,10064.195,26607.6,0.0,0.0,0.0,18720.0
2024-12-02 22:00:00+01:00,33023.0,32425.0,106.29,7135.865,8231.414999999999,9326.975,26607.6,0.0,0.0,0.0,18720.0
2024-12-02 23:00:00+01:00,30061.0,29488.0,102.78,6811.87,7958.7325,9105.592499999999,26607.6,0.0,0.0,0.0,18720.0
2024-12-03 00:00:00+01:00,27041.5,26719.5,88.39,6556.235,7739.9125,8923.59,26607.6,0.0,0.0,0.0,18720.0
2024-12-03 01:00:00+01:00,26608.5,26400.0,88.47,5745.172500000001,7094.9400000000005,8444.7075,26607.6,0.0,0.0,0.0,18720.0
2024-12-03 02:00:00+01:00,25764.0,25835.5,87.5,4887.7225,6440.21,7992.7,26607.6,0.0,0.0,0.0,18720.0
2024-12-03 03:00:00+01:00,24755.5,25033.0,86.05,4196.34,5848.36,7500.38,26607.6,0.0,0.0,0.0,18720.0
2024-12-03 04:00:00+01:00,24468.5,24506.5,87.09,3706.005,5322.235000000001,6938.4675,26607.6,0.0,0.0,0.0,18720.0
2024-12-03 05:00:00+01:00,23898.0,24115.5,88.91,3442.4525,4919.06,6395.6675,26607.6,0.0,0.0,0.0,18720.0
2024-12-03 06:00:00+01:00,25308.0,25285.0,95.24,3175.415,4591.485000000001,6007.5525,26607.6,0.0,0.0,0.0,18720.0
2024-12-03 07:00:00+01:00,30094.0,30065.5,108.64,2877.99,4296.2175,5714.445,26607.6,0.0,0.0,0.0,18720.0
2024-12-03 08:00:00+01:00,35203.0,35761.0,121.5,2612.36,4115.115,5617.8724999999995,26607.6,0.0,0.0,0.0,18720.0
2024-12-03 09:00:00+01:00,37925.0,38510.5,125.58,2467.045,4018.21,5569.37,26607.6,232.075,335.23,438.38749999999993,18720.0
2024-12-03 10:00:00+01:00,38783.5,38695.5,122.53,2367.05,3977.5025,5587.9575,26607.6,979.4024999999999,1368.6799999999998,1757.96,18720.0
2024-12-03 11:00:00+01:00,38177.0,37579.5,116.23,2445.7325,4023.81,5601.8875,26607.6,1800.0525,2480.8425,3161.6349999999998,18720.0
2024-12-03 12:00:00+01:00,37527.0,37388.0,111.43,2710.55,4125.275,5540.0,26607.6,2178.6075,3039.8275,3899.9500000000003,18720.0
2024-12-03 13:00:00+01:00,37807.5,37825.5,111.9,2912.8175,4242.6425,5572.4675,26607.6,2059.42,2890.5525,3721.685,18720.0
2024-12-03 14:00:00+01:00,37599.0,37836.0,115.29,3139.295,4428.23,5717.165,26607.6,1453.1275,2098.9775,2744.825,18720.0
2024-12-03 15:00:00+01:00,37386.5,37909.0,121.5,3326.105,4670.22,6014.335,26607.6,601.2875,942.0525,1282.935,18720.0
2024-12-03 16:00:00+01:00,38826.5,38822.5,126.83,3575.8075,4928.405000000001,6281.0,26607.6,86.02,155.44,223.325,18720.0
2024-12-03 17:00:00+01:00,41181.0,41273.0,140.71,3931.9275,5197.715,6463.505,26607.6,0.0275,0.1675,0.205,18720.0
2024-12-03 18:00:00+01:00,41711.5,42211.0,147.03,4135.9225,5390.915,6645.915,26607.6,0.0,0.0,0.0,18720.0
2024-12-03 19:00:00+01:00,41209.0,41655.0,137.32,4061.3900000000003,5480.275,6899.155,26607.6,0.0,0.0,0.0,18720.0
2024-12-03 20:00:00+01:00,39783.5,39980.0,119.1,3899.7525,5400.395,6901.0325,26607.6,0.0,0.0,0.0,18720.0
2024-12-03 21:00:00+01:00,37746.0,36868.0,108.47,3829.4449999999997,5247.29,6665.139999999999,26607.6,0.0,0.0,0.0,18720.0
2024-12-03 22:00:00+01:00,34429.5,33606.0,102.29,3681.14,5165.3575,6649.575,26607.6,0.0,0.0,0.0,18720.0
2024-12-03 23:00:00+01:00,30374.5,30232.0,95.75,4502.0475,5850.105,7198.16,26607.6,0.0,0.0,0.0,18720.0
2024-12-04 00:00:00+01:00,27408.0,27098.5,93.51,5610.55,6675.35,7740.15,26607.6,0.0,0.0,0.0,18720.0
2024-12-04 01:00:00+01:00,26519.5,26385.0,91.96,5647.105,6734.29,7821.475,26607.6,0.0,0.0,0.0,18720.0
2024-12-04 02:00:00+01:00,26526.5,25774.5,89.57,5528.2825,6658.6675,7789.055,26607.6,0.0,0.0,0.0,18720.0
2024-12-04 03:00:00+01:00,25998.0,24743.0,87.56,5380.514999999999,6500.8075,7621.0975,26607.6,0.0,0.0,0.0,18720.0
2024-12-04 04:00:00+01:00,25333.5,24424.5,88.16,5061.285,6320.88,7580.475,26607.6,0.0,0.0,0.0,18720.0
2024-12-04 05:00:00+01:00,24675.0,23858.0,89.72,4637.4125,6171.8125,7706.2175,26607.6,0.0,0.0,0.0,18720.0
2024-12-04 06:00:00+01:00,25473.5,25796.5,96.78,4164.68,5958.3425,7752.01,26607.6,0.0,0.0,0.0,18720.0
2024-12-04 07:00:00+01:00,30057.0,30490.0,111.55,3580.0299999999997,5439.57,7299.110000000001,26607.6,0.0,0.0,0.0,18720.0
2024-12-04 08:00:00+01:00,34963.0,35635.0,124.32,3105.065,4799.9349999999995,6494.8075,26607.6,0.0,0.0,0.0,18720.0
2024-12-04 09:00:00+01:00,37585.5,38088.5,129.39,2798.855,4303.3375,5807.82,26607.6,211.8825,297.06,381.925,18720.0
2024-12-04 10:00:00+01:00,38258.0,38692.5,126.0,2659.0950000000003,4028.7200000000003,5398.355,26607.6,850.9825,1199.825,1551.0325,18720.0
2024-12-04 11:00:00+01:00,37726.0,38345.5,118.99,2618.06,3907.5175,5196.975,26607.6,1558.5275000000001,2153.385,2773.9175,18720.0
2024-12-04 12:00:00+01:00,37541.5,37715.5,112.75,2527.655,3859.3525,5191.05,26607.6,1876.13,2581.2275,3310.465,18720.0
2024-12-04 13:00:00+01:00,37544.5,38162.0,112.77,2802.94,4315.5125,5828.085,26607.6,1714.6775,2427.1324999999997,3147.93,18720.0
2024-12-04 14:00:00+01:00,37410.0,37982.0,115.31,3413.54,5253.05,7092.5599999999995,26607.6,1033.2475,1748.58,2463.145,18720.0
2024-12-04 15:00:00+01:00,37649.5,37639.5,119.61,4354.1725,6337.05,8319.92,26607.6,343.4575,771.5025,1199.555,18720.0
2024-12-04 16:00:00+01:00,37892.0,38400.0,122.91,5660.255,7390.67,9121.09,26607.6,61.86,123.355,184.79,18720.0
2024-12-04 17:00:00+01:00,39401.5,40106.5,133.89,6821.135,8351.295,9881.4575,26607.6,0.08,0.16,0.235,18720.0
2024-12-04 18:00:00+01:00,39839.0,40038.0,135.9,7787.75,9437.67,11087.58,26607.6,0.0,0.0,0.0,18720.0
2024-12-04 19:00:00+01:00,38597.0,38735.5,125.88,8655.935,10717.7625,12779.59,26607.6,0.0,0.0,0.0,18720.0
2024-12-04 20:00:00+01:00,36927.0,36624.0,109.37,9782.3275,12124.76,14467.195,26607.6,0.0,0.0,0.0,18720.0
2024-12-04 21:00:00+01:00,34264.0,34003.0,99.05,11008.8525,13454.99,15901.125,26607.6,0.0,0.0,0.0,18720.0
2024-12-04 22:00:00+01:00,30759.0,30836.0,88.81,12171.385,14495.115,16818.845,26607.6,0.0,0.0,0.0,18720.0
2024-12-04 23:00:00+01:00,26993.5,27132.0,75.59,13827.66,15328.3475,16829.0375,26607.6,0.0,0.0,0.0,18720.0
2024-12-05 00:00:00+01:00,23801.0,24437.0,69.23,14590.092499999999,15511.220000000001,16432.35,26607.6,0.0,0.0,0.0,18720.0
2024-12-05 01:00:00+01:00,23771.0,23700.0,67.02,14216.2125,15224.73,16233.25,26607.6,0.0,0.0,0.0,18720.0
2024-12-05 02:00:00+01:00,22922.0,23107.0,66.73,13906.4,15010.64,16114.875,26607.6,0.0,0.0,0.0,18720.0
2024-12-05 03:00:00+01:00,22320.0,22149.0,63.72,13717.154999999999,14825.545,15933.935,26607.6,0.0,0.0,0.0,18720.0
2024-12-05 04:00:00+01:00,21808.0,21519.5,64.17,13563.635,14682.0375,15800.44,26607.6,0.0,0.0,0.0,18720.0
2024-12-05 05:00:00+01:00,21399.0,21255.5,64.63,13390.895,14560.89,15730.885,26607.6,0.0,0.0,0.0,18720.0
2024-12-05 06:00:00+01:00,22153.5,22590.5,72.15,13266.98,14424.7325,15582.485,26607.6,0.0,0.0,0.0,18720.0
2024-12-05 07:00:00+01:00,26839.0,27584.5,94.8,13163.240000000002,14302.365,15441.485,26607.6,0.0,0.0,0.0,18720.0
2024-12-05 08:00:00+01:00,31927.0,32897.5,106.55,12830.77,14112.125,15393.475,26607.6,0.0,0.0,0.0,18720.0
2024-12-05 09:00:00+01:00,34323.0,35196.0,110.4,12057.86,13618.59,15179.32,26607.6,70.81,115.1625,159.5125,18720.0
2024-12-05 10:00:00+01:00,35421.5,36043.5,110.12,11146.6375,12935.39,14724.145,26607.6,207.7875,553.23,898.6725,18720.0
2024-12-05 11:00:00+01:00,35767.5,35359.5,109.34,10302.4375,12203.82,14105.202500000001,26607.6,278.6225,991.0450000000001,1703.4650000000001,18720.0
2024-12-05 12:00:00+01:00,35403.5,35032.0,107.91,9434.815,11517.279999999999,13599.75,26607.6,318.64250000000004,1103.81,1902.9075,18720.0
2024-12-05 13:00:00+01:00,35987.5,36112.0,110.24,8745.6225,11202.6575,13659.6925,26607.6,288.6275,981.03,1673.4325,18720.0
2024-12-05 14:00:00+01:00,35928.0,36356.0,113.03,8010.105,10954.974999999999,13899.845000000001,26607.6,143.69,608.065,1072.445,18720.0
2024-12-05 15:00:00+01:00,35741.0,35731.5,116.08,7402.7925,10778.3025,14153.815,26607.6,43.6375,216.915,390.2375,18720.0
2024-12-05 16:00:00+01:00,36116.0,35934.0,119.74,7618.924999999999,11123.967499999999,14629.01,26607.6,17.33,36.4725,55.005,18720.0
2024-12-05 17:00:00+01:00,37966.5,37690.5,131.26,8346.03,11772.4475,15198.869999999999,26607.6,0.18,0.425,0.5025,18720.0
2024-12-05 18:00:00+01:00,38163.0,38373.5,135.06,9129.735,12338.235,15546.74,26607.6,0.0,0.0,0.0,18720.0
2024-12-05 19:00:00+01:00,37226.5,37345.5,126.77,9875.985,12934.025,15992.06,26607.6,0.0,0.0,0.0,18720.0
2024-12-05 20:00:00+01:00,35420.5,35309.0,110.77,10821.755000000001,13639.0075,16456.260000000002,26607.6,0.0,0.0,0.0,18720.0
2024-12-05 21:00:00+01:00,32715.5,32551.0,101.66,11506.895,14213.645,16920.395,26607.6,0.0,0.0,0.0,18720.0
2024-12-05 22:00:00+01:00,29615.0,29391.5,96.08,12142.955,14559.815,16976.675,26607.6,0.0,0.0,0.0,18720.0
2024-12-05 23:00:00+01:00,26397.5,26085.0,84.56,13804.65,15186.775,16568.89,26607.6,0.0,0.0,0.0,18720.0
2024-12-06 00:00:00+01:00,23389.5,23270.0,75.08,14726.93,15619.93,16512.93,26607.6,0.0,0.0,0.0,18720.0
2024-12-06 01:00:00+01:00,23035.5,23100.0,70.85,14533.61,15462.5,16391.385000000002,26607.6,0.0,0.0,0.0,18720.0
2024-12-06 02:00:00+01:00,22893.0,22981.0,69.7,14563.29,15411.585,16259.8775,26607.6,0.0,0.0,0.0,18720.0
2024-12-06 03:00:00+01:00,21640.5,22178.0,68.02,14472.675,15358.425,16244.1725,26607.6,0.0,0.0,0.0,18720.0
2024-12-06 04:00:00+01:00,21241.0,21454.5,68.35,14267.71,15151.9525,16036.195,26607.6,0.0,0.0,0.0,18720.0
2024-12-06 05:00:00+01:00,20734.0,20813.5,69.86,14084.317500000001,14915.01,15745.7025,26607.6,0.0,0.0,0.0,18720.0
2024-12-06 06:00:00+01:00,22018.0,22015.0,77.85,13694.045,14631.985,15569.9225,26607.6,0.0,0.0,0.0,18720.0
2024-12-06 07:00:00+01:00,26956.0,26200.5,97.41,12824.64,14128.75,15432.86,26607.6,0.0,0.0,0.0,18720.0
2024-12-06 08:00:00+01:00,33098.0,31902.5,108.55,11512.35,13300.95,15089.545,26607.6,0.0,0.0,0.0,18720.0
2024-12-06 09:00:00+01:00,35922.5,35045.5,114.04,10062.345000000001,12054.095000000001,14045.8425,26607.6,365.885,492.85,600.5575,18720.0
2024-12-06 10:00:00+01:00,36248.0,35858.0,113.34,8921.455,10793.6925,12665.93,26607.6,1255.955,1752.7150000000001,2230.215,18720.0
2024-12-06 11:00:00+01:00,35710.0,35575.5,112.21,8117.8925,9755.8425,11393.7875,26607.6,1900.0975,2755.2925,3611.9674999999997,18720.0
2024-12-06 12:00:00+01:00,36081.5,35781.0,111.15,7137.1475,8669.945,10202.7425,26607.6,1843.055,2926.885,3978.1625000000004,18720.0
2024-12-06 13:00:00+01:00,36356.0,36474.0,115.1,5942.175,7554.73,9167.2775,26607.6,1263.9424999999999,2324.075,3384.2075,18720.0
2024-12-06 14:00:00+01:00,36619.5,36735.0,119.56,5086.1475,6744.045,8401.9475,26607.6,660.1324999999999,1404.975,2149.815,18720.0
2024-12-06 15:00:00+01:00,36630.0,36747.0,123.57,4646.73,6420.0075,8193.279999999999,26607.6,262.6325,568.8975,875.3199999999999,18720.0
2024-12-06 16:00:00+01:00,37215.5,36899.0,127.6,4355.235,6492.450000000001,8629.6625,26607.6,63.269999999999996,96.465,127.7,18720.0
2024-12-06 17:00:00+01:00,38653.0,38537.0,137.39,4445.42,7131.345,9817.2725,26607.6,0.1225,0.6625,0.855,18720.0
2024-12-06 18:00:00+01:00,38302.5,38572.0,138.67,4943.610000000001,8403.220000000001,11862.83,26607.6,0.0,0.0,0.0,18720.0
2024-12-06 19:00:00+01:00,36798.5,37076.5,123.91,6276.9349999999995,10333.8275,14390.720000000001,26607.6,0.0,0.0,0.0,18720.0
2024-12-06 20:00:00+01:00,34743.0,34631.5,105.44,8769.2525,12530.325,16291.3875,26607.6,0.0,0.0,0.0,18720.0
2024-12-06 21:00:00+01:00,31875.5,31653.0,97.61,11045.23,13958.6675,16872.105,26607.6,0.0,0.0,0.0,18720.0
2024-12-06 22:00:00+01:00,29321.0,28913.0,92.24,12071.3975,14438.9,16806.4025,26607.6,0.0,0.0,0.0,18720.0
2024-12-06 23:00:00+01:00,26303.5,25877.5,81.35,13290.2625,14844.185,16398.115,26607.6,0.0,0.0,0.0,18720.0
2024-12-07 00:00:00+01:00,23686.0,23018.0,44.14,14040.369999999999,14926.135,15811.900000000001,26607.6,0.0,0.0,0.0,18720.0
2024-12-07 01:00:00+01:00,23876.5,23410.0,45.7,13440.57,14457.815,15475.055,26607.6,0.0,0.0,0.0,18720.0
2024-12-07 02:00:00+01:00,23154.0,22699.0,43.56,12932.5425,14129.95,15327.36,26607.6,0.0,0.0,0.0,18720.0
2024-12-07 03:00:00+01:00,22260.5,21405.5,38.01,12583.855,13793.657500000001,15003.4525,26607.6,0.0,0.0,0.0,18720.0
2024-12-07 04:00:00+01:00,21360.5,20615.5,32.56,12357.07,13564.83,14772.5875,26607.6,0.0,0.0,0.0,18720.0
2024-12-07 05:00:00+01:00,20714.0,20139.0,26.79,12738.9,13886.4725,15034.04,26607.6,0.0,0.0,0.0,18720.0
2024-12-07 06:00:00+01:00,21701.5,20031.0,32.16,13256.1875,14355.9475,15455.705,26607.6,0.0,0.0,0.0,18720.0
2024-12-07 07:00:00+01:00,23294.5,21970.5,42.81,13215.445,14445.7625,15676.0775,26607.6,0.0,0.0,0.0,18720.0
2024-12-07 08:00:00+01:00,25302.0,25021.0,70.27,12561.35,14107.635,15653.92,26607.6,0.0,0.0,0.0,18720.0
2024-12-07 09:00:00+01:00,27979.5,28116.5,88.53,11399.630000000001,13272.7175,15145.805,26607.6,45.225,87.8075,130.3875,18720.0
2024-12-07 10:00:00+01:00,30151.0,31199.5,91.58,10333.6325,12099.55,13865.46,26607.6,198.76999999999998,323.41749999999996,448.0625,18720.0
2024-12-07 11:00:00+01:00,31566.5,32301.0,91.61,9828.192500000001,11529.46,13230.73,26607.6,354.7125,557.7775,760.8425,18720.0
2024-12-07 12:00:00+01:00,32529.0,32480.5,90.57,10105.48,11965.9475,13826.4125,26607.6,474.1625,704.3425,934.525,18720.0
2024-12-07 13:00:00+01:00,33147.0,32915.5,90.03,11084.3975,12786.505000000001,14488.605,26607.6,480.91499999999996,716.8,948.75,18720.0
2024-12-07 14:00:00+01:00,33339.0,32747.5,88.81,12369.130000000001,13693.23,15017.335,26607.6,335.4,566.695,797.9875,18720.0
2024-12-07 15:00:00+01:00,33238.0,32691.5,87.25,13363.7775,14434.14,15504.4925,26607.6,172.9525,301.15999999999997,429.3675,18720.0
2024-12-07 16:00:00+01:00,34164.0,33531.5,88.62,13988.85,14902.744999999999,15816.64,26607.6,45.6325,72.2425,98.85000000000001,18720.0
2024-12-07 17:00:00+01:00,35401.5,34594.0,96.24,14329.1175,15230.5225,16131.9275,26607.6,0.0,0.0625,0.18,18720.0
2024-12-07 18:00:00+01:00,36524.5,35680.5,103.21,14416.220000000001,15374.130000000001,16332.04,26607.6,0.0,0.0,0.0,18720.0
2024-12-07 19:00:00+01:00,35201.5,35126.0,98.79,14347.15,15377.48,16407.8125,26607.6,0.0,0.0,0.0,18720.0
2024-12-07 20:00:00+01:00,32870.0,32825.0,87.89,14276.375,15353.065,16429.755,26607.6,0.0,0.0,0.0,18720.0
2024-12-07 21:00:00+01:00,30682.0,30270.5,82.95,14259.7,15347.77,16435.835,26607.6,0.0,0.0,0.0,18720.0
2024-12-07 22:00:00+01:00,28344.0,27788.5,75.48,14123.025000000001,15340.375,16557.72,26607.6,0.0,0.0,0.0,18720.0
2024-12-07 23:00:00+01:00,25518.0,25312.0,61.17,14182.02,15377.0025,16571.9875,26607.6,0.0,0.0,0.0,18720.0
2024-12-08 00:00:00+01:00,23159.5,23106.0,40.2,14082.9175,15247.225,16411.53,26607.6,0.0,0.0,0.0,18720.0
2024-12-08 01:00:00+01:00,22934.0,22700.0,37.07,13796.0075,15022.91,16249.81,26607.6,0.0,0.0,0.0,18720.0
2024-12-08 02:00:00+01:00,22220.0,21993.5,29.52,13772.675,14918.755000000001,16064.84,26607.6,0.0,0.0,0.0,18720.0
2024-12-08 03:00:00+01:00,20967.0,20656.0,23.65,13808.54,14841.335,15874.130000000001,26607.6,0.0,0.0,0.0,18720.0
2024-12-08 04:00:00+01:00,20270.0,19679.5,16.32,13753.275,14752.165,15751.055,26607.6,0.0,0.0,0.0,18720.0
2024-12-08 05:00:00+01:00,19364.5,19131.5,15.61,13640.7475,14667.59,15694.425,26607.6,0.0,0.0,0.0,18720.0
2024-12-08 06:00:00+01:00,19456.0,19223.0,20.12,13614.057499999999,14576.415,15538.7725,26607.6,0.0,0.0,0.0,18720.0
2024-12-08 07:00:00+01:00,20534.5,20790.0,21.54,13798.7475,14694.23,15589.71,26607.6,0.0,0.0,0.0,18720.0
2024-12-08 08:00:00+01:00,22454.5,23198.5,34.25,14126.619999999999,14956.1675,15785.720000000001,26607.6,0.0,0.0,0.0,18720.0
2024-12-08 09:00:00+01:00,25706.0,25753.0,57.08,14312.345000000001,15065.63,15818.9125,26607.6,114.07249999999999,145.34,176.61,18720.0
2024-12-08 10:00:00+01:00,28251.5,28468.0,79.48,14385.17,15142.28,15899.395,26607.6,495.705,700.1975,904.6875,18720.0
2024-12-08 11:00:00+01:00,29669.0,29923.5,82.8,14434.3325,15194.035,15953.735,26607.6,911.7149999999999,1298.82,1685.925,18720.0
2024-12-08 12:00:00+01:00,30785.0,31075.0,83.19,14489.3675,15251.9625,16014.565,26607.6,1048.7075,1498.34,1967.3675,18720.0
2024-12-08 13:00:00+01:00,31907.0,31887.0,84.97,14468.34,15260.58,16052.82,26607.6,927.63,1372.8474999999999,1818.065,18720.0
2024-12-08 14:00:00+01:00,32354.0,32333.0,81.61,14436.282500000001,15235.535,16034.779999999999,26607.6,691.2675,1012.3000000000001,1333.855,18720.0
2024-12-08 15:00:00+01:00,33015.0,33102.5,79.97,14425.4525,15231.565,16037.682499999999,26607.6,375.28,529.755,677.8725,18720.0
2024-12-08 16:00:00+01:00,34237.5,34086.0,84.93,14324.01,15174.46,16024.91,26607.6,85.23,123.8875,149.51,18720.0
2024-12-08 17:00:00+01:00,36964.0,36499.0,94.14,14134.560000000001,15029.217499999999,15923.8725,26607.6,0.0,0.575,0.575,18720.0
2024-12-08 18:00:00+01:00,37653.0,37331.5,99.76,13829.415,14800.9725,15772.529999999999,26607.6,0.0,0.0,0.0,18720.0
2024-12-08 19:00:00+01:00,36479.0,36446.5,95.78,13449.81,14523.904999999999,15597.995,26607.6,0.0,0.0,0.0,18720.0
2024-12-08 20:00:00+01:00,34372.0,34398.5,85.36,13091.165,14237.13,15383.1,26607.6,0.0,0.0,0.0,18720.0
2024-12-08 21:00:00+01:00,32195.0,32097.0,77.06,12751.970000000001,13955.6075,15159.2425,26607.6,0.0,0.0,0.0,18720.0
2024-12-08 22:00:00+01:00,29282.0,29403.5,69.78,12384.625,13655.14,14925.6575,26607.6,0.0,0.0,0.0,18720.0
2024-12-08 23:00:00+01:00,26651.5,26720.5,59.27,12290.665,13445.965,14601.265,26607.6,0.0,0.0,0.0,18720.0
2024-12-09 00:00:00+01:00,24303.5,23726.0,56.06,12118.56,13175.9475,14233.335,26607.6,0.0,0.0,0.0,18720.0
2024-12-09 01:00:00+01:00,23890.0,23705.0,59.88,11627.545,12781.075,13934.605,26607.6,0.0,0.0,0.0,18720.0
2024-12-09 02:00:00+01:00,23589.5,23295.0,59.84,11206.5475,12440.29,13674.025,26607.6,0.0,0.0,0.0,18720.0
2024-12-09 03:00:00+01:00,22665.0,22310.5,54.96,10866.099999999999,12153.1125,13440.1175,26607.6,0.0,0.0,0.0,18720.0
2024-12-09 04:00:00+01:00,22079.5,21699.0,54.87,10671.415,11948.779999999999,13226.1525,26607.6,0.0,0.0,0.0,18720.0
2024-12-09 05:00:00+01:00,21366.5,21543.0,55.28,10548.279999999999,11765.205,12982.130000000001,26607.6,0.0,0.0,0.0,18720.0
2024-12-09 06:00:00+01:00,22612.0,23149.0,70.47,10426.265,11614.772500000001,12803.282500000001,26607.6,0.0,0.0,0.0,18720.0
2024-12-09 07:00:00+01:00,27337.0,28090.5,94.6,10238.96,11429.7575,12620.55,26607.6,0.0,0.0,0.0,18720.0
2024-12-09 08:00:00+01:00,33185.5,33683.0,107.91,10026.4375,11163.83,12301.225,26607.6,0.0,0.0,0.0,18720.0
2024-12-09 09:00:00+01:00,36247.0,36789.0,112.09,9876.3275,10963.915,12051.5075,26607.6,121.335,172.7525,224.17000000000002,18720.0
2024-12-09 10:00:00+01:00,37275.5,37999.0,112.51,9710.09,10814.95,11919.807499999999,26607.6,573.415,801.8399999999999,1030.2625,18720.0
2024-12-09 11:00:00+01:00,36948.5,37837.5,111.08,9511.895,10637.075,11762.26,26607.6,1104.3425,1514.58,1924.815,18720.0
2024-12-09 12:00:00+01:00,36847.0,37571.5,108.93,9278.885,10464.93,11650.975,26607.6,1315.7,1854.47,2381.3175,18720.0
2024-12-09 13:00:00+01:00,37430.5,37635.0,110.27,9221.955,10397.52,11573.08,26607.6,1187.7325,1752.3575,2316.9775,18720.0
2024-12-09 14:00:00+01:00,37896.5,37614.0,109.55,9369.9025,10434.905,11499.91,26607.6,803.1675,1296.455,1792.45,18720.0
2024-12-09 15:00:00+01:00,38046.5,38127.5,109.68,9410.5525,10447.285,11484.0175,26607.6,399.1225,684.4675,934.9325,18720.0
2024-12-09 16:00:00+01:00,38658.0,38688.0,113.11,9276.82,10406.1075,11535.395,26607.6,102.9275,172.3,202.8375,18720.0
2024-12-09 17:00:00+01:00,40767.0,40640.5,129.69,9135.105,10336.6625,11538.2225,26607.6,0.0,0.13,0.13,18720.0
2024-12-09 18:00:00+01:00,41688.5,41489.5,137.59,9034.137499999999,10251.0625,11467.99,26607.6,0.0,0.0,0.0,18720.0
2024-12-09 19:00:00+01:00,40849.0,40561.5,129.61,8988.84,10167.4875,11346.130000000001,26607.6,0.0,0.0,0.0,18720.0
2024-12-09 20:00:00+01:00,39110.5,39631.5,112.34,8968.25,10051.6375,11135.0275,26607.6,0.0,0.0,0.0,18720.0
2024-12-09 21:00:00+01:00,36824.5,36888.0,104.52,8907.0025,9913.145,10919.29,26607.6,0.0,0.0,0.0,18720.0
2024-12-09 22:00:00+01:00,33507.0,33693.0,100.1,8800.317500000001,9754.3425,10708.365,26607.6,0.0,0.0,0.0,18720.0
2024-12-09 23:00:00+01:00,30041.0,30063.0,92.65,8522.779999999999,9422.7025,10322.6275,26607.6,0.0,0.0,0.0,18720.0
2024-12-10 00:00:00+01:00,26769.0,26933.0,87.95,8183.67,9057.465,9931.265,26607.6,0.0,0.0,0.0,18720.0
2024-12-10 01:00:00+01:00,26391.5,26300.0,86.94,7924.77,8839.515,9754.26,26607.6,0.0,0.0,0.0,18720.0
2024-12-10 02:00:00+01:00,25759.0,25811.5,85.13,7720.8275,8675.07,9629.31,26607.6,0.0,0.0,0.0,18720.0
2024-12-10 03:00:00+01:00,24905.5,24999.5,82.34,7582.195,8511.795,9441.3925,26607.6,0.0,0.0,0.0,18720.0
2024-12-10 04:00:00+01:00,24162.0,24158.0,81.23,7464.02,8344.45,9224.880000000001,26607.6,0.0,0.0,0.0,18720.0
2024-12-10 05:00:00+01:00,23703.0,23264.5,81.44,7343.9725,8243.17,9142.365,26607.6,0.0,0.0,0.0,18720.0
2024-12-10 06:00:00+01:00,24718.0,24155.5,87.93,7221.535,8177.4775,9133.42,26607.6,0.0,0.0,0.0,18720.0
2024-12-10 07:00:00+01:00,29368.0,29052.0,103.11,7125.485000000001,8121.7675,9118.055,26607.6,0.0,0.0,0.0,18720.0
2024-12-10 08:00:00+01:00,34867.0,34845.5,112.46,7049.4525,8058.25,9067.0475,26607.6,0.0,0.0,0.0,18720.0
2024-12-10 09:00:00+01:00,37482.0,37235.0,115.1,6861.1224999999995,7970.01,9078.9,26607.6,59.9475,76.66,93.375,18720.0
2024-12-10 10:00:00+01:00,39591.0,38434.0,118.6,6581.5675,7845.445,9109.325,26607.6,364.825,534.1,703.375,18720.0
2024-12-10 11:00:00+01:00,39734.5,38718.5,115.82,6395.9400000000005,7668.1425,8940.349999999999,26607.6,813.7075,1190.8425,1567.9725,18720.0
2024-12-10 12:00:00+01:00,39957.0,38644.0,112.87,6267.095,7497.175,8727.25,26607.6,1122.18,1580.7775000000001,2038.88,18720.0
2024-12-10 13:00:00+01:00,39867.0,39166.5,114.15,6124.395,7381.1875,8637.977499999999,26607.6,1095.6025,1534.395,1973.19,18720.0
2024-12-10 14:00:00+01:00,39803.0,39670.0,115.93,6048.047500000001,7321.285,8594.52,26607.6,781.0450000000001,1112.78,1444.81,18720.0
2024-12-10 15:00:00+01:00,39541.5,39691.0,119.57,6083.9625,7330.125,8576.2875,26607.6,377.35,527.6975,674.4675,18720.0
2024-12-10 16:00:00+01:00,39740.5,40119.5,126.57,6208.530000000001,7417.8099999999995,8627.095,26607.6,77.3175,103.635,123.1475,18720.0
2024-12-10 17:00:00+01:00,41990.0,42131.5,140.43,6226.415,7411.65,8596.89,26607.6,0.0,0.1425,0.1425,18720.0
2024-12-10 18:00:00+01:00,42397.5,43071.0,147.93,5904.1475,7186.5875,8469.0275,26607.6,0.0,0.0,0.0,18720.0
2024-12-10 19:00:00+01:00,41960.5,42383.0,141.36,5401.055,6844.4475,8287.8375,26607.6,0.0,0.0,0.0,18720.0
2024-12-10 20:00:00+01:00,40035.5,40737.5,122.93,4927.7525000000005,6416.21,7904.665,26607.6,0.0,0.0,0.0,18720.0
2024-12-10 21:00:00+01:00,37780.0,38514.5,112.6,4426.415,5966.360000000001,7506.31,26607.6,0.0,0.0,0.0,18720.0
2024-12-10 22:00:00+01:00,34281.5,35374.5,103.13,4015.915,5548.6900000000005,7081.47,26607.6,0.0,0.0,0.0,18720.0
2024-12-10 23:00:00+01:00,30944.5,32041.5,99.29,3931.995,5177.725,6423.455,26607.6,0.0,0.0,0.0,18720.0
2024-12-11 00:00:00+01:00,27970.0,28804.0,97.28,3904.875,4883.685,5862.5,26607.6,0.0,0.0,0.0,18720.0
2024-12-11 01:00:00+01:00,27435.5,27950.0,94.35,3646.6325,4645.845,5645.0675,26607.6,0.0,0.0,0.0,18720.0
2024-12-11 02:00:00+01:00,27098.0,27243.5,92.2,3405.2,4460.2275,5515.25,26607.6,0.0,0.0,0.0,18720.0
2024-12-11 03:00:00+01:00,26513.5,26038.0,89.64,3308.12,4294.3125,5280.4975,26607.6,0.0,0.0,0.0,18720.0
2024-12-11 04:00:00+01:00,25401.5,25544.5,90.7,3186.125,4145.655,5105.19,26607.6,0.0,0.0,0.0,18720.0
2024-12-11 05:00:00+01:00,24956.5,25104.5,94.11,3040.64,4001.175,4961.715,26607.6,0.0,0.0,0.0,18720.0
2024-12-11 06:00:00+01:00,25749.5,26808.0,100.27,2991.375,3876.895,4762.41,26607.6,0.0,0.0,0.0,18720.0
2024-12-11 07:00:00+01:00,30398.5,31551.5,120.05,2894.2975,3735.56,4576.825,26607.6,0.0,0.0,0.0,18720.0
2024-12-11 08:00:00+01:00,35119.0,36546.5,160.4,2655.0249999999996,3528.225,4401.42,26607.6,0.0,0.0,0.0,18720.0
2024-12-11 09:00:00+01:00,37886.0,38583.0,189.29,2375.9449999999997,3294.715,4213.4825,26607.6,60.0925,93.62,127.14500000000001,18720.0
2024-12-11 10:00:00+01:00,39314.0,40063.0,207.36,2106.94,2999.665,3892.39,26607.6,279.955,475.265,670.575,18720.0
2024-12-11 11:00:00+01:00,39613.5,40343.5,205.65,1859.6975,2684.8199999999997,3509.945,26607.6,634.0,986.47,1338.94,18720.0
2024-12-11 12:00:00+01:00,40134.5,40202.5,202.59,1607.9725,2425.1800000000003,3242.39,26607.6,919.8149999999999,1311.0,1702.185,18720.0
2024-12-11 13:00:00+01:00,39981.5,40167.0,204.13,1393.7325,2238.205,3082.68,26607.6,916.1225,1291.155,1666.18,18720.0
2024-12-11 14:00:00+01:00,39936.5,40212.5,206.57,1306.1075,2204.785,3103.465,26607.6,643.895,950.6750000000001,1258.22,18720.0
2024-12-11 15:00:00+01:00,40012.5,40171.0,208.99,1371.94,2322.385,3272.8375,26607.6,284.32,444.755,595.345,18720.0
2024-12-11 16:00:00+01:00,40617.0,40748.0,211.16,1534.29,2525.2725,3516.255,26607.6,51.5775,80.81,99.79,18720.0
2024-12-11 17:00:00+01:00,42046.5,42782.5,215.52,1743.575,2715.875,3688.17,26607.6,0.0,0.005,0.0075,18720.0
2024-12-11 18:00:00+01:00,43160.0,43020.5,217.5,1901.975,2811.375,3720.775,26607.6,0.0,0.0,0.0,18720.0
2024-12-11 19:00:00+01:00,42142.0,42299.5,214.78,1942.7475,2853.1175000000003,3763.49,26607.6,0.0,0.0,0.0,18720.0
2024-12-11 20:00:00+01:00,40649.5,40559.5,193.52,1990.925,2928.96,3866.995,26607.6,0.0,0.0,0.0,18720.0
2024-12-11 21:00:00+01:00,38096.5,38767.0,173.67,2035.595,2956.12,3876.645,26607.6,0.0,0.0,0.0,18720.0
2024-12-11 22:00:00+01:00,35412.5,35725.5,133.51,1969.4524999999999,2834.645,3699.835,26607.6,0.0,0.0,0.0,18720.0
2024-12-11 23:00:00+01:00,31587.0,32289.0,106.85,1532.065,2344.855,3157.645,26607.6,0.0,0.0,0.0,18720.0
2024-12-12 00:00:00+01:00,28731.5,29081.0,103.14,1120.135,1920.4975,2720.8599999999997,26607.6,0.0,0.0,0.0,18720.0
2024-12-12 01:00:00+01:00,28159.5,28350.0,101.81,1078.75,1912.955,2747.1549999999997,26607.6,0.0,0.0,0.0,18720.0
2024-12-12 02:00:00+01:00,27582.5,27759.0,99.62,1012.8275000000001,1931.53,2850.2375,26607.6,0.0,0.0,0.0,18720.0
2024-12-12 03:00:00+01:00,26795.5,26808.0,97.95,978.225,1935.2024999999999,2892.1825,26607.6,0.0,0.0,0.0,18720.0
2024-12-12 04:00:00+01:00,25693.0,26008.0,99.25,993.0925,1939.1625,2885.24,26607.6,0.0,0.0,0.0,18720.0
2024-12-12 05:00:00+01:00,25272.5,25450.0,102.01,962.895,1957.5725,2952.25,26607.6,0.0,0.0,0.0,18720.0
2024-12-12 06:00:00+01:00,26027.5,26195.5,108.75,967.17,1987.1575,3007.1475,26607.6,0.0,0.0,0.0,18720.0
2024-12-12 07:00:00+01:00,30446.0,30839.0,127.23,992.64,1996.5,3000.36,26607.6,0.0,0.0,0.0,18720.0
2024-12-12 08:00:00+01:00,35331.0,35743.0,179.76,1013.635,1989.26,2964.8824999999997,26607.6,0.0,0.0,0.0,18720.0
2024-12-12 09:00:00+01:00,37757.0,38585.5,210.76,1010.2075,1980.71,2951.215,26607.6,47.92,78.1275,108.33500000000001,18720.0
2024-12-12 10:00:00+01:00,39296.5,39981.0,210.85,963.255,1957.4299999999998,2951.605,26607.6,214.99,384.61,554.2325,18720.0
2024-12-12 11:00:00+01:00,39338.5,39826.5,209.96,934.735,1922.7849999999999,2910.835,26607.6,463.83250000000004,770.27,1076.71,18720.0
2024-12-12 12:00:00+01:00,39541.0,40174.5,209.84,926.715,1904.3899999999999,2882.065,26607.6,622.6175,956.81,1290.245,18720.0
2024-12-12 13:00:00+01:00,39787.0,40054.0,209.92,939.9625,1912.6075,2885.255,26607.6,546.89,880.725,1214.5675,18720.0
2024-12-12 14:00:00+01:00,39287.5,40020.5,211.88,895.495,1927.62,2959.75,26607.6,343.54999999999995,627.78,911.9525,18720.0
2024-12-12 15:00:00+01:00,38815.0,40001.0,210.82,927.325,2000.1525000000001,3072.9775,26607.6,158.35999999999999,288.395,419.425,18720.0
2024-12-12 16:00:00+01:00,39742.5,40477.0,211.16,1023.645,2110.7875,3197.935,26607.6,33.5875,48.4575,61.39,18720.0
2024-12-12 17:00:00+01:00,41097.5,41809.5,215.52,1090.105,2233.8975,3377.685,26607.6,0.0,0.2925,0.2925,18720.0
2024-12-12 18:00:00+01:00,41635.5,42891.5,217.5,1200.6525,2319.005,3437.36,26607.6,0.0,0.0,0.0,18720.0
2024-12-12 19:00:00+01:00,41285.5,41698.0,214.78,1295.24,2343.85,3392.455,26607.6,0.0,0.0,0.0,18720.0
2024-12-12 20:00:00+01:00,39611.5,40300.5,192.8,1321.6399999999999,2352.91,3384.18,26607.6,0.0,0.0,0.0,18720.0
2024-12-12 21:00:00+01:00,37296.5,37759.0,164.73,1305.8625,2345.7,3385.535,26607.6,0.0,0.0,0.0,18720.0
2024-12-12 22:00:00+01:00,34419.5,35191.0,130.09,1341.705,2337.5,3333.29,26607.6,0.0,0.0,0.0,18720.0
2024-12-12 23:00:00+01:00,30870.0,31416.5,104.53,1275.0325,2182.66,3090.2825,26607.6,0.0,0.0,0.0,18720.0
2024-12-13 00:00:00+01:00,27983.5,28532.0,96.38,1223.1125,2064.955,2906.8,26607.6,0.0,0.0,0.0,18720.0
2024-12-13 01:00:00+01:00,27731.5,28080.0,94.55,1311.95,2155.885,2999.82,26607.6,0.0,0.0,0.0,18720.0
2024-12-13 02:00:00+01:00,27274.5,27359.0,91.08,1446.005,2243.1000000000004,3040.195,26607.6,0.0,0.0,0.0,18720.0
2024-12-13 03:00:00+01:00,25977.0,26284.0,85.47,1458.9025,2227.6375,2996.3775,26607.6,0.0,0.0,0.0,18720.0
2024-12-13 04:00:00+01:00,25228.0,25538.0,87.46,1380.6149999999998,2146.9700000000003,2913.325,26607.6,0.0,0.0,0.0,18720.0
2024-12-13 05:00:00+01:00,24370.5,25079.0,93.97,1304.4325,2090.725,2877.015,26607.6,0.0,0.0,0.0,18720.0
2024-12-13 06:00:00+01:00,25259.5,26226.5,101.52,1200.44,2024.62,2848.8,26607.6,0.0,0.0,0.0,18720.0
2024-12-13 07:00:00+01:00,29293.5,30845.0,132.7,1140.19,1974.605,2809.02,26607.6,0.0,0.0,0.0,18720.0
2024-12-13 08:00:00+01:00,34416.0,35891.5,199.02,1110.635,1988.4325000000001,2866.23,26607.6,0.0,0.0,0.0,18720.0
2024-12-13 09:00:00+01:00,37205.0,38679.0,245.58,1156.0575000000001,2002.2649999999999,2848.475,26607.6,53.88249999999999,72.22500000000001,90.57,18720.0
2024-12-13 10:00:00+01:00,39079.0,40062.5,257.81,1178.0825,1978.3075,2778.53,26607.6,206.265,331.16999999999996,456.075,18720.0
2024-12-13 11:00:00+01:00,38950.0,40161.5,247.68,1175.2475,1952.385,2729.52,26607.6,396.7625,687.3225,977.885,18720.0
2024-12-13 12:00:00+01:00,39179.0,40202.5,236.13,1218.8175,1966.5575,2714.295,26607.6,625.7325000000001,983.575,1341.415,18720.0
2024-12-13 13:00:00+01:00,39903.5,39949.0,231.43,1281.5075,2018.0149999999999,2754.52,26607.6,723.2874999999999,1035.955,1343.28,18720.0
2024-12-13 14:00:00+01:00,39688.5,39828.5,236.73,1350.2849999999999,2094.7925,2839.3025,26607.6,535.05,769.6575,1004.26,18720.0
2024-12-13 15:00:00+01:00,39096.0,39551.0,249.55,1456.835,2174.3675000000003,2891.9,26607.6,229.4225,348.51,467.6,18720.0
2024-12-13 16:00:00+01:00,37980.5,39450.5,268.14,1569.8600000000001,2256.8075,2943.7574999999997,26607.6,43.3,60.85,78.41,18720.0
2024-12-13 17:00:00+01:00,40183.5,40894.0,278.01,1584.06,2338.3100000000004,3092.5550000000003,26607.6,0.0,0.0,0.0,18720.0
2024-12-13 18:00:00+01:00,40749.5,41249.5,283.6,1696.92,2474.13,3251.34,26607.6,0.0,0.0,0.0,18720.0
2024-12-13 19:00:00+01:00,39940.0,40437.0,270.41,1928.2675,2685.975,3443.6825,26607.6,0.0,0.0,0.0,18720.0
2024-12-13 20:00:00+01:00,38520.5,38808.0,230.1,2102.865,2925.495,3748.12,26607.6,0.0,0.0,0.0,18720.0
2024-12-13 21:00:00+01:00,36512.5,36268.5,154.4,2315.08,3271.8199999999997,4228.5650000000005,26607.6,0.0,0.0,0.0,18720.0
2024-12-13 22:00:00+01:00,33799.5,33853.5,120.09,2628.84,3667.775,4706.71,26607.6,0.0,0.0,0.0,18720.0
2024-12-13 23:00:00+01:00,30682.5,30763.0,96.62,3372.35,4400.595,5428.84,26607.6,0.0,0.0,0.0,18720.0
2024-12-14 00:00:00+01:00,27863.0,27935.5,87.15,4023.3900000000003,5100.2675,6177.145,26607.6,0.0,0.0,0.0,18720.0
2024-12-14 01:00:00+01:00,27424.0,27175.0,85.72,4340.905,5536.57,6732.2325,26607.6,0.0,0.0,0.0,18720.0
2024-12-14 02:00:00+01:00,26327.5,26208.0,82.65,4801.51,6167.9025,7534.3,26607.6,0.0,0.0,0.0,18720.0
2024-12-14 03:00:00+01:00,24850.0,24906.0,78.09,5382.2,6861.2275,8340.255,26607.6,0.0,0.0,0.0,18720.0
2024-12-14 04:00:00+01:00,24001.5,23966.0,76.01,5949.1175,7547.6525,9146.1875,26607.6,0.0,0.0,0.0,18720.0
2024-12-14 05:00:00+01:00,23142.5,23392.5,76.77,6214.465,7906.4400000000005,9598.415,26607.6,0.0,0.0,0.0,18720.0
2024-12-14 06:00:00+01:00,22752.5,23184.0,84.36,6191.4974999999995,7988.175,9784.855,26607.6,0.0,0.0,0.0,18720.0
2024-12-14 07:00:00+01:00,24457.0,25135.5,94.92,6040.07,8043.2125,10046.3525,26607.6,0.0,0.0,0.0,18720.0
2024-12-14 08:00:00+01:00,27034.5,28299.5,101.31,5928.84,8118.532499999999,10308.2275,26607.6,0.0,0.0,0.0,18720.0
2024-12-14 09:00:00+01:00,30486.0,31353.0,106.18,5966.7375,8292.130000000001,10617.5175,26607.6,127.365,162.95749999999998,198.55,18720.0
2024-12-14 10:00:00+01:00,32005.0,32944.5,105.54,6305.9425,8538.2725,10770.6025,26607.6,850.5450000000001,1020.9300000000001,1191.3125,18720.0
2024-12-14 11:00:00+01:00,31751.0,33497.5,100.08,6760.3724999999995,8763.5,10766.625,26607.6,1961.1925,2291.3925,2621.6,18720.0
2024-12-14 12:00:00+01:00,31076.5,32554.0,95.01,7151.075,8937.855,10724.6325,26607.6,2808.8225,3190.5299999999997,3572.2425000000003,18720.0
2024-12-14 13:00:00+01:00,30686.0,31762.5,95.05,7251.6900000000005,8955.535,10659.3775,26607.6,2898.755,3236.695,3574.6324999999997,18720.0
2024-12-14 14:00:00+01:00,30892.0,31921.5,98.06,7052.86,8986.505000000001,10920.1475,26607.6,2264.92,2536.215,2807.5125,18720.0
2024-12-14 15:00:00+01:00,31902.0,31912.5,106.21,6945.5975,9151.92,11358.247500000001,26607.6,1133.605,1300.5225,1467.4525,18720.0
2024-12-14 16:00:00+01:00,34028.0,33285.0,116.81,6872.4925,9241.46,11610.43,26607.6,192.4725,241.155,289.64,18720.0
2024-12-14 17:00:00+01:00,36193.5,35714.5,139.4,6878.045,9453.985,12029.925,26607.6,0.0225,0.0875,0.1625,18720.0
2024-12-14 18:00:00+01:00,37431.5,38034.5,146.64,7434.12,10038.665,12643.2025,26607.6,0.0,0.0,0.0,18720.0
2024-12-14 19:00:00+01:00,36637.5,36900.5,129.54,8231.76,10632.1725,13032.5825,26607.6,0.0,0.0,0.0,18720.0
2024-12-14 20:00:00+01:00,34521.0,34789.0,102.62,8826.96,11005.897500000001,13184.835,26607.6,0.0,0.0,0.0,18720.0
2024-12-14 21:00:00+01:00,32394.5,32779.5,88.04,9372.1725,11284.77,13197.365,26607.6,0.0,0.0,0.0,18720.0
2024-12-14 22:00:00+01:00,29739.0,30462.5,82.2,9733.1275,11410.9525,13088.775,26607.6,0.0,0.0,0.0,18720.0
2024-12-14 23:00:00+01:00,27162.5,27996.5,74.49,10259.682499999999,11902.825,13545.97,26607.6,0.0,0.0,0.0,18720.0
2024-12-15 00:00:00+01:00,24553.5,25511.5,70.63,10790.21,12458.2825,14126.355,26607.6,0.0,0.0,0.0,18720.0
2024-12-15 01:00:00+01:00,23939.0,24615.0,65.98,11217.73,12791.14,14364.555,26607.6,0.0,0.0,0.0,18720.0
2024-12-15 02:00:00+01:00,23106.5,23733.5,56.86,11717.2475,13158.89,14600.529999999999,26607.6,0.0,0.0,0.0,18720.0
2024-12-15 03:00:00+01:00,22225.5,22128.0,44.67,11908.977499999999,13331.282500000001,14753.585,26607.6,0.0,0.0,0.0,18720.0
2024-12-15 04:00:00+01:00,21335.5,21003.5,35.53,12025.495,13414.435,14803.3775,26607.6,0.0,0.0,0.0,18720.0
2024-12-15 05:00:00+01:00,20358.0,20398.0,29.32,12250.9175,13569.9575,14888.994999999999,26607.6,0.0,0.0,0.0,18720.0
2024-12-15 06:00:00+01:00,20007.5,20088.5,29.47,12382.6625,13709.74,15036.825,26607.6,0.0,0.0,0.0,18720.0
2024-12-15 07:00:00+01:00,20991.0,20916.5,36.88,12477.09,13767.21,15057.3275,26607.6,0.0,0.0,0.0,18720.0
2024-12-15 08:00:00+01:00,22866.0,22957.5,53.38,12581.5175,13800.8575,15020.2,26607.6,0.0,0.0,0.0,18720.0
2024-12-15 09:00:00+01:00,25327.5,25472.0,71.29,12736.74,13884.7575,15032.775,26607.6,43.0025,66.8175,90.6275,18720.0
2024-12-15 10:00:00+01:00,27848.5,27649.5,84.5,13033.494999999999,14094.725,15155.96,26607.6,192.8875,377.14,561.3925,18720.0
2024-12-15 11:00:00+01:00,29410.0,28237.5,84.46,13329.0075,14308.4925,15287.98,26607.6,542.3575000000001,879.3875,1215.2350000000001,18720.0
2024-12-15 12:00:00+01:00,30131.0,28226.5,82.45,13574.9,14486.8625,15398.83,26607.6,839.28,1188.685,1553.7324999999998,18720.0
2024-12-15 13:00:00+01:00,30883.5,29442.5,82.87,13725.465,14633.1675,15540.8675,26607.6,829.29,1170.845,1527.8225,18720.0
2024-12-15 14:00:00+01:00,31087.0,29643.0,81.48,13737.165,14694.380000000001,15651.595,26607.6,573.925,868.6925,1162.28,18720.0
2024-12-15 15:00:00+01:00,31262.0,29884.5,82.25,13694.03,14692.535,15691.04,26607.6,239.4475,397.7975,556.2524999999999,18720.0
2024-12-15 16:00:00+01:00,31951.0,31337.5,86.26,13717.7225,14715.58,15713.435,26607.6,47.49,80.485,112.1975,18720.0
2024-12-15 17:00:00+01:00,34394.5,34180.5,96.74,13882.935,14837.9675,15792.994999999999,26607.6,0.0,0.035,0.035,18720.0
2024-12-15 18:00:00+01:00,35179.5,35542.0,102.25,14069.2525,14945.5,15821.7475,26607.6,0.0,0.0,0.0,18720.0
2024-12-15 19:00:00+01:00,34330.5,34534.5,96.96,14220.4075,15012.7775,15805.145,26607.6,0.0,0.0,0.0,18720.0
2024-12-15 20:00:00+01:00,32428.5,32058.0,82.81,14323.1875,15084.925,15846.6625,26607.6,0.0,0.0,0.0,18720.0
2024-12-15 21:00:00+01:00,30411.5,29792.5,76.85,14351.102499999999,15112.385,15873.6675,26607.6,0.0,0.0,0.0,18720.0
2024-12-15 22:00:00+01:00,27577.5,27324.5,65.97,14353.779999999999,15109.2425,15864.7,26607.6,0.0,0.0,0.0,18720.0
2024-12-15 23:00:00+01:00,24811.5,24789.0,45.72,14663.6,15435.3675,16207.1375,26607.6,0.0,0.0,0.0,18720.0
2024-12-16 00:00:00+01:00,22324.0,22114.0,14.52,14883.92,15667.285,16450.65,26607.6,0.0,0.0,0.0,18720.0
2024-12-16 01:00:00+01:00,22132.5,21700.0,15.75,14750.057499999999,15526.3775,16302.695,26607.6,0.0,0.0,0.0,18720.0
2024-12-16 02:00:00+01:00,21699.0,20948.0,14.2,14694.625,15468.03,16241.43,26607.6,0.0,0.0,0.0,18720.0
2024-12-16 03:00:00+01:00,20907.0,20222.5,14.04,14608.3825,15377.4,16146.415,26607.6,0.0,0.0,0.0,18720.0
2024-12-16 04:00:00+01:00,20181.5,19640.0,15.65,14470.26,15252.5825,16034.91,26607.6,0.0,0.0,0.0,18720.0
2024-12-16 05:00:00+01:00,19654.0,18931.0,16.11,14377.744999999999,15170.0375,15962.3325,26607.6,0.0,0.0,0.0,18720.0
2024-12-16 06:00:00+01:00,21228.5,20230.5,19.4,14346.92,15149.83,15952.735,26607.6,0.0,0.0,0.0,18720.0
2024-12-16 07:00:00+01:00,25288.0,24944.0,55.14,14300.8,15144.415,15988.025,26607.6,0.0,0.0,0.0,18720.0
2024-12-16 08:00:00+01:00,30587.5,30854.0,77.06,14239.307499999999,15109.645,15979.987500000001,26607.6,0.0,0.0,0.0,18720.0
2024-12-16 09:00:00+01:00,33514.5,33340.5,82.71,14190.865000000002,15085.005,15979.1475,26607.6,71.8075,106.06,140.3175,18720.0
2024-12-16 10:00:00+01:00,34532.5,34215.0,79.51,14198.32,15103.342499999999,16008.365,26607.6,424.57,682.7275,940.885,18720.0
2024-12-16 11:00:00+01:00,34104.5,33679.0,74.15,14256.599999999999,15151.25,16045.8975,26607.6,917.5275,1394.9950000000001,1872.46,18720.0
2024-12-16 12:00:00+01:00,33681.0,33673.0,69.58,14446.895,15294.91,16142.92,26607.6,1104.9575,1611.4925,2118.0249999999996,18720.0
2024-12-16 13:00:00+01:00,33881.0,34223.5,69.53,14643.842499999999,15435.765,16227.685,26607.6,970.8599999999999,1416.8925,1862.9250000000002,18720.0
2024-12-16 14:00:00+01:00,34034.5,34427.0,70.04,14731.625,15531.07,16330.51,26607.6,625.6575,935.5575,1245.4525,18720.0
2024-12-16 15:00:00+01:00,34223.5,34711.5,72.83,14758.255000000001,15616.605,16474.95,26607.6,265.53,402.565,539.855,18720.0
2024-12-16 16:00:00+01:00,35491.0,35358.0,76.91,14708.375,15594.465,16480.555,26607.6,57.105,79.8175,99.1925,18720.0
2024-12-16 17:00:00+01:00,37417.5,37419.0,89.79,14550.0725,15456.432499999999,16362.795,26607.6,0.0625,0.91,1.0925,18720.0
2024-12-16 18:00:00+01:00,38257.0,38462.0,100.62,14306.645,15280.189999999999,16253.7325,26607.6,0.0,0.0,0.0,18720.0
2024-12-16 19:00:00+01:00,37582.0,37801.5,96.99,14022.055,15060.365,16098.67,26607.6,0.0,0.0,0.0,18720.0
2024-12-16 20:00:00+01:00,36279.5,36259.0,84.66,13708.545,14821.9275,15935.314999999999,26607.6,0.0,0.0,0.0,18720.0
2024-12-16 21:00:00+01:00,34089.5,34191.5,77.97,13393.9625,14594.8975,15795.835,26607.6,0.0,0.0,0.0,18720.0
2024-12-16 22:00:00+01:00,30768.0,31363.0,71.11,12926.98,14207.4,15487.8275,26607.6,0.0,0.0,0.0,18720.0
2024-12-16 23:00:00+01:00,27509.0,28377.5,62.23,12113.73,13526.89,14940.0475,26607.6,0.0,0.0,0.0,18720.0
2024-12-17 00:00:00+01:00,24921.5,25483.0,63.63,11117.1025,12606.8825,14096.6625,26607.6,0.0,0.0,0.0,18720.0
2024-12-17 01:00:00+01:00,24628.5,25085.0,65.63,10248.744999999999,11783.005000000001,13317.2675,26607.6,0.0,0.0,0.0,18720.0
2024-12-17 02:00:00+01:00,23924.0,24245.0,66.17,9561.1475,11163.14,12765.135,26607.6,0.0,0.0,0.0,18720.0
2024-12-17 03:00:00+01:00,23076.0,23545.5,66.23,8639.9625,10248.9925,11858.02,26607.6,0.0,0.0,0.0,18720.0
2024-12-17 04:00:00+01:00,22112.5,22996.0,68.11,7729.725,9345.619999999999,10961.515,26607.6,0.0,0.0,0.0,18720.0
2024-12-17 05:00:00+01:00,21449.5,22470.0,70.81,7252.3725,8840.2075,10428.04,26607.6,0.0,0.0,0.0,18720.0
2024-12-17 06:00:00+01:00,22359.5,23050.0,79.94,6738.7675,8412.81,10086.855,26607.6,0.0,0.0,0.0,18720.0
2024-12-17 07:00:00+01:00,27611.5,27585.0,96.5,6368.950000000001,8231.807499999999,10094.66,26607.6,0.0,0.0,0.0,18720.0
2024-12-17 08:00:00+01:00,32557.5,32722.5,111.23,6555.785,8364.7375,10173.69,26607.6,0.0,0.0,0.0,18720.0
2024-12-17 09:00:00+01:00,35077.0,35096.0,115.97,6908.594999999999,8756.295,10603.99,26607.6,25.0425,36.37,47.6925,18720.0
2024-12-17 10:00:00+01:00,36420.0,36091.0,110.07,7334.3325,9545.6,11756.86,26607.6,124.9075,188.29,251.6825,18720.0
2024-12-17 11:00:00+01:00,36962.0,36385.5,101.6,8367.49,10680.44,12993.39,26607.6,330.305,463.7025,597.1025,18720.0
2024-12-17 12:00:00+01:00,36457.0,36268.5,93.26,9742.435,11976.0725,14209.71,26607.6,474.8525,684.925,891.9825,18720.0
2024-12-17 13:00:00+01:00,36811.0,35957.0,89.9,10628.865,12864.4925,15100.125,26607.6,437.6775,702.76,962.1374999999999,18720.0
2024-12-17 14:00:00+01:00,36620.0,35940.0,88.2,11049.23,13290.905,15532.585,26607.6,306.93,531.59,756.2525,18720.0
2024-12-17 15:00:00+01:00,36088.5,36354.5,88.89,11528.2025,13806.315,16084.425,26607.6,162.3875,262.1425,362.28499999999997,18720.0
2024-12-17 16:00:00+01:00,36386.0,36536.0,92.28,12274.3475,14402.0275,16529.7075,26607.6,44.225,63.945,78.5575,18720.0
2024-12-17 17:00:00+01:00,38007.5,38337.0,100.67,13499.400000000001,15072.8125,16646.2225,26607.6,0.0,0.8425,0.8425,18720.0
2024-12-17 18:00:00+01:00,38213.0,38503.0,106.23,14542.23,15640.93,16739.635000000002,26607.6,0.0,0.0,0.0,18720.0
2024-12-17 19:00:00+01:00,37153.0,37532.0,98.42,15016.23,15976.395,16936.559999999998,26607.6,0.0,0.0,0.0,18720.0
2024-12-17 20:00:00+01:00,35486.0,35617.0,87.89,15308.5775,16173.21,17037.84,26607.6,0.0,0.0,0.0,18720.0
2024-12-17 21:00:00+01:00,32834.5,32882.0,78.8,15433.47,16251.744999999999,17070.02,26607.6,0.0,0.0,0.0,18720.0
2024-12-17 22:00:00+01:00,29636.0,29550.0,68.7,15457.4425,16270.9925,17084.54,26607.6,0.0,0.0,0.0,18720.0
2024-12-17 23:00:00+01:00,26196.5,26054.0,47.65,15430.765,16242.91,17055.055,26607.6,0.0,0.0,0.0,18720.0
2024-12-18 00:00:00+01:00,23002.5,22802.0,19.32,15305.7425,16111.31,16916.875,26607.6,0.0,0.0,0.0,18720.0
2024-12-18 01:00:00+01:00,22402.5,22100.0,19.06,15199.49,15999.4625,16799.435,26607.6,0.0,0.0,0.0,18720.0
2024-12-18 02:00:00+01:00,22117.0,21423.5,12.85,15157.942500000001,15955.73,16753.515,26607.6,0.0,0.0,0.0,18720.0
2024-12-18 03:00:00+01:00,20769.0,20427.0,4.49,15095.33,15889.8225,16684.31,26607.6,0.0,0.0,0.0,18720.0
2024-12-18 04:00:00+01:00,20164.0,19764.0,4.96,15054.805,15847.16,16639.52,26607.6,0.0,0.0,0.0,18720.0
2024-12-18 05:00:00+01:00,19450.0,19306.5,8.99,15046.1975,15838.1025,16630.0075,26607.6,0.0,0.0,0.0,18720.0
2024-12-18 06:00:00+01:00,20778.0,20243.5,13.7,15057.755000000001,15850.2675,16642.7825,26607.6,0.0,0.0,0.0,18720.0
2024-12-18 07:00:00+01:00,24409.5,24626.0,51.1,15079.09,15872.725,16666.36,26607.6,0.0,0.0,0.0,18720.0
2024-12-18 08:00:00+01:00,29376.5,29350.0,80.52,15106.415,15901.485,16696.559999999998,26607.6,0.0,0.0,0.0,18720.0
2024-12-18 09:00:00+01:00,31908.5,31577.5,83.03,15149.3325,15946.665,16743.9975,26607.6,34.1125,66.0025,97.9025,18720.0
2024-12-18 10:00:00+01:00,32868.0,32384.0,80.42,15211.9975,16012.630000000001,16813.2575,26607.6,288.1825,512.9625,737.745,18720.0
2024-12-18 11:00:00+01:00,32326.5,32390.0,73.98,15223.599999999999,16024.842499999999,16826.085,26607.6,901.7674999999999,1342.365,1782.9625,18720.0
2024-12-18 12:00:00+01:00,31876.5,32492.0,66.28,15284.7425,16089.2,16893.6625,26607.6,1591.6425,2083.43,2575.215,18720.0
2024-12-18 13:00:00+01:00,32095.0,32845.5,66.4,15344.705,16152.32,16959.935,26607.6,1790.9225000000001,2249.3775,2704.35,18720.0
2024-12-18 14:00:00+01:00,32964.0,33100.5,70.79,15123.51,16015.745,16907.985,26607.6,1264.7075,1671.9450000000002,2079.18,18720.0
2024-12-18 15:00:00+01:00,33460.5,33661.5,79.0,14287.74,15491.0875,16694.44,26607.6,475.85249999999996,708.3625,941.44,18720.0
2024-12-18 16:00:00+01:00,34866.5,35211.5,88.17,12982.9675,14523.119999999999,16063.2725,26607.6,63.955,105.9675,140.6925,18720.0
2024-12-18 17:00:00+01:00,37258.5,37554.0,102.75,11559.35,13328.619999999999,15097.89,26607.6,0.0,0.805,0.805,18720.0
2024-12-18 18:00:00+01:00,38533.0,38847.0,119.89,9964.4625,11859.4625,13754.46,26607.6,0.0,0.0,0.0,18720.0
2024-12-18 19:00:00+01:00,37994.0,38239.5,117.83,8663.95,10418.2575,12172.5675,26607.6,0.0,0.0,0.0,18720.0
2024-12-18 20:00:00+01:00,36438.0,36886.5,106.78,7901.875,9481.65,11061.425,26607.6,0.0,0.0,0.0,18720.0
2024-12-18 21:00:00+01:00,34599.0,34635.5,94.08,7335.7825,8862.56,10389.335,26607.6,0.0,0.0,0.0,18720.0
2024-12-18 22:00:00+01:00,31167.0,31180.0,87.96,6816.1825,8492.0625,10167.942500000001,26607.6,0.0,0.0,0.0,18720.0
2024-12-18 23:00:00+01:00,27816.0,27751.5,79.92,7408.095,9116.9875,10825.8825,26607.6,0.0,0.0,0.0,18720.0
2024-12-19 00:00:00+01:00,24682.5,24996.5,67.66,9250.8125,10893.895,12536.9775,26607.6,0.0,0.0,0.0,18720.0
2024-12-19 01:00:00+01:00,24700.0,24595.0,57.08,10943.115,12562.2875,14181.4525,26607.6,0.0,0.0,0.0,17196.0
2024-12-19 02:00:00+01:00,24086.0,23838.0,46.38,12247.73,13591.5625,14935.395,26607.6,0.0,0.0,0.0,17196.0
2024-12-19 03:00:00+01:00,23004.5,22445.5,31.79,13074.935,14205.205,15335.475,26607.6,0.0,0.0,0.0,17196.0
2024-12-19 04:00:00+01:00,22263.5,21472.5,24.64,13430.56,14444.975,15459.395,26607.6,0.0,0.0,0.0,17196.0
2024-12-19 05:00:00+01:00,21398.5,20926.0,21.5,13618.2925,14546.975,15475.657500000001,26607.6,0.0,0.0,0.0,17196.0
2024-12-19 06:00:00+01:00,22516.0,22349.0,32.24,13735.807499999999,14665.205,15594.6025,26607.6,0.0,0.0,0.0,17196.0
2024-12-19 07:00:00+01:00,26684.0,26391.0,67.17,13870.8225,14828.18,15785.535,26607.6,0.0,0.0,0.0,17196.0
2024-12-19 08:00:00+01:00,31458.0,30528.0,84.52,13996.5425,15002.615,16008.69,26607.6,0.0,0.0,0.0,17196.0
2024-12-19 09:00:00+01:00,34197.0,33229.5,87.78,14122.32,15127.045,16131.775,26607.6,175.67000000000002,206.8175,237.96,17196.0
2024-12-19 10:00:00+01:00,34731.0,34459.5,83.08,14293.0325,15229.51,16165.9825,26607.6,1114.8,1253.4075,1392.0149999999999,17196.0
2024-12-19 11:00:00+01:00,33972.0,34056.0,75.03,14485.8875,15330.845000000001,16175.805,26607.6,2377.86,2631.38,2884.9,17196.0
2024-12-19 12:00:00+01:00,33149.0,33375.5,68.75,14578.57,15418.810000000001,16259.05,26607.6,3130.665,3517.385,3904.1,17196.0
2024-12-19 13:00:00+01:00,32886.0,33777.5,68.49,14554.6,15471.445,16388.29,26607.6,3168.65,3641.3025,4112.7925,17196.0
2024-12-19 14:00:00+01:00,32927.5,33801.5,71.42,14576.315,15483.0325,16389.7475,26607.6,2626.2875,2982.26,3338.2325,17196.0
2024-12-19 15:00:00+01:00,33715.0,34371.5,77.6,14587.085,15460.845000000001,16334.6025,26607.6,1443.8375,1607.8325,1771.8700000000001,17196.0
2024-12-19 16:00:00+01:00,35852.5,36004.5,84.77,14479.630000000001,15365.119999999999,16250.6175,26607.6,290.47249999999997,336.3575,381.6275,17196.0
2024-12-19 17:00:00+01:00,38467.0,38861.0,96.93,14296.83,15169.92,16043.0075,26607.6,0.15,0.5475,1.0425,17196.0
2024-12-19 18:00:00+01:00,39369.5,39764.5,104.51,13970.87,14839.135,15707.3925,26607.6,0.0,0.0,0.0,17196.0
2024-12-19 19:00:00+01:00,38925.5,39171.5,100.9,13444.725,14402.692500000001,15360.654999999999,26607.6,0.0,0.0,0.0,17196.0
2024-12-19 20:00:00+01:00,37852.0,37941.5,92.42,12855.83,13876.86,14897.885,26607.6,0.0,0.0,0.0,17196.0
2024-12-19 21:00:00+01:00,35777.5,35852.0,86.16,12218.595,13262.25,14305.9025,26607.6,0.0,0.0,0.0,17196.0
2024-12-19 22:00:00+01:00,32910.5,33135.5,82.12,11513.445,12658.695,13803.942500000001,26607.6,0.0,0.0,0.0,17196.0
2024-12-19 23:00:00+01:00,29708.5,29556.0,75.49,10997.3525,12283.86,13570.3675,26607.6,0.0,0.0,0.0,17196.0
2024-12-20 00:00:00+01:00,26973.5,26560.0,58.55,10825.81,12212.78,13599.75,26607.6,0.0,0.0,0.0,17196.0
2024-12-20 01:00:00+01:00,26468.0,26400.0,55.12,10848.8775,12375.24,13901.605,26607.6,0.0,0.0,0.0,17194.0
2024-12-20 02:00:00+01:00,25576.5,26072.0,49.9,10877.494999999999,12592.8,14308.1075,26607.6,0.0,0.0,0.0,17194.0
2024-12-20 03:00:00+01:00,24813.0,24825.5,42.58,10793.11,12672.8325,14552.56,26607.6,0.0,0.0,0.0,17194.0
2024-12-20 04:00:00+01:00,23782.5,23829.5,35.98,10711.685,12730.599999999999,14749.51,26607.6,0.0,0.0,0.0,17194.0
2024-12-20 05:00:00+01:00,22559.0,23018.0,29.85,11002.24,12929.939999999999,14857.635,26607.6,0.0,0.0,0.0,17194.0
2024-12-20 06:00:00+01:00,23182.0,23586.0,38.02,11501.775,13229.932499999999,14958.0875,26607.6,0.0,0.0,0.0,17194.0
2024-12-20 07:00:00+01:00,26966.0,27656.0,67.97,11988.5225,13592.505000000001,15196.485,26607.6,0.0,0.0,0.0,17194.0
2024-12-20 08:00:00+01:00,32452.5,32285.0,86.61,12550.5825,13984.9275,15419.275,26607.6,0.0,0.0,0.0,17194.0
2024-12-20 09:00:00+01:00,35255.5,34635.0,89.53,12937.0425,14291.825,15646.6075,26607.6,118.2325,150.0625,181.8925,17194.0
2024-12-20 10:00:00+01:00,36097.5,35713.5,87.4,13201.185,14573.575,15945.96,26607.6,561.1175,724.5575,888.0025,17194.0
2024-12-20 11:00:00+01:00,35471.0,35626.5,82.94,13542.9,14904.744999999999,16266.585000000001,26607.6,1015.495,1310.7450000000001,1605.9924999999998,17194.0
2024-12-20 12:00:00+01:00,34972.5,34859.0,80.01,14073.220000000001,15326.654999999999,16580.09,26607.6,1117.0625,1454.3275,1788.185,17194.0
2024-12-20 13:00:00+01:00,34920.0,35235.5,80.29,14539.465,15679.5775,16819.697500000002,26607.6,901.095,1248.0675,1595.0375,17194.0
2024-12-20 14:00:00+01:00,35154.0,35325.0,81.87,14771.0325,15877.755,16984.475,26607.6,546.405,796.3599999999999,1046.7224999999999,17194.0
2024-12-20 15:00:00+01:00,35165.0,35407.0,82.69,14856.9275,15952.765,17048.6,26607.6,232.33249999999998,329.9575,422.135,17194.0
2024-12-20 16:00:00+01:00,35648.5,35757.5,83.63,14744.6575,15869.5525,16994.445,26607.6,46.165,66.3475,83.52,17194.0
2024-12-20 17:00:00+01:00,37150.0,37838.5,90.71,14601.244999999999,15724.6425,16848.035,26607.6,0.0,0.105,0.895,17194.0
2024-12-20 18:00:00+01:00,37529.5,38318.0,97.89,14456.655,15540.435000000001,16624.21,26607.6,0.0,0.0,0.0,17194.0
2024-12-20 19:00:00+01:00,36977.0,37468.0,94.36,14231.125,15325.57,16420.01,26607.6,0.0,0.0,0.0,17194.0
2024-12-20 20:00:00+01:00,35319.5,35955.5,85.57,13966.994999999999,15124.4925,16281.99,26607.6,0.0,0.0,0.0,17194.0
2024-12-20 21:00:00+01:00,33298.5,33636.5,77.82,13672.125,14925.58,16179.029999999999,26607.6,0.0,0.0,0.0,17194.0
2024-12-20 22:00:00+01:00,30763.0,31066.5,68.33,13325.835,14737.4775,16149.115,26607.6,0.0,0.0,0.0,17194.0
2024-12-20 23:00:00+01:00,28144.5,28161.0,50.19,12851.675,14496.175,16140.6725,26607.6,0.0,0.0,0.0,17194.0
2024-12-21 00:00:00+01:00,25383.5,25544.5,39.98,12642.5975,14391.395,16140.192500000001,26607.6,0.0,0.0,0.0,17194.0
2024-12-21 01:00:00+01:00,24787.0,24900.0,36.52,12788.1175,14442.565,16097.0075,26607.6,0.0,0.0,0.0,17194.0
2024-12-21 02:00:00+01:00,24011.0,23710.5,28.12,12862.1,14479.432499999999,16096.76,26607.6,0.0,0.0,0.0,17194.0
2024-12-21 03:00:00+01:00,22398.0,21925.0,16.2,12982.025,14513.47,16044.915,26607.6,0.0,0.0,0.0,17194.0
2024-12-21 04:00:00+01:00,21236.5,20667.0,6.76,13233.7675,14611.225,15988.68,26607.6,0.0,0.0,0.0,17194.0
2024-12-21 05:00:00+01:00,19921.5,19668.0,2.15,13525.155,14836.8675,16148.58,26607.6,0.0,0.0,0.0,17194.0
2024-12-21 06:00:00+01:00,19789.5,20110.0,3.02,13996.8,15186.3425,16375.8825,26607.6,0.0,0.0,0.0,17194.0
2024-12-21 07:00:00+01:00,21121.5,21625.5,6.4,14662.869999999999,15601.225,16539.5775,26607.6,0.0,0.0,0.0,17194.0
2024-12-21 08:00:00+01:00,23424.0,24039.0,19.28,15149.029999999999,15946.35,16743.6675,26607.6,0.0,0.0,0.0,17194.0
2024-12-21 09:00:00+01:00,26024.5,26849.5,41.85,15365.985,16174.72,16983.455,26607.6,25.7425,59.105000000000004,65.35249999999999,17194.0
2024-12-21 10:00:00+01:00,28428.0,28505.5,60.76,15458.635,16272.244999999999,17085.8575,26607.6,117.265,225.9925,307.60249999999996,17194.0
2024-12-21 11:00:00+01:00,29368.5,29661.0,62.33,15516.307499999999,16332.955,17149.6,26607.6,313.1875,550.7524999999999,790.4075,17194.0
2024-12-21 12:00:00+01:00,29705.5,29508.0,60.71,15622.25,16444.475,17266.7,26607.6,513.4175,937.0225,1360.625,17194.0
2024-12-21 13:00:00+01:00,29540.0,29362.0,58.96,15698.55,16524.79,17351.03,26607.6,648.005,1157.7375,1663.75,17194.0
2024-12-21 14:00:00+01:00,29397.0,29346.0,57.6,15685.9025,16511.475,17337.05,26607.6,615.285,1066.75,1518.215,17194.0
2024-12-21 15:00:00+01:00,29127.5,29419.0,58.22,15684.07,16509.55,17335.025,26607.6,330.4525,577.55,824.645,17194.0
2024-12-21 16:00:00+01:00,30048.5,30136.5,63.57,15695.05,16521.11,17347.1625,26607.6,69.9675,117.065,164.16,17194.0
2024-12-21 17:00:00+01:00,32170.0,32309.5,78.99,15706.3775,16533.03,17359.68,26607.6,0.1475,0.425,0.7225,17194.0
2024-12-21 18:00:00+01:00,33373.0,33587.5,88.49,15707.915,16534.645,17361.3775,26607.6,0.0,0.0,0.0,17194.0
2024-12-21 19:00:00+01:00,32601.0,32783.0,82.61,15684.64,16510.15,17335.6575,26607.6,0.0,0.0,0.0,17194.0
2024-12-21 20:00:00+01:00,30747.0,30853.5,70.18,15653.51,16477.3775,17301.25,26607.6,0.0,0.0,0.0,17194.0
2024-12-21 21:00:00+01:00,28742.0,28994.0,53.69,15638.93,16462.035,17285.135000000002,26607.6,0.0,0.0,0.0,17194.0
2024-12-21 22:00:00+01:00,26833.5,27014.0,36.85,15609.225,16430.765,17252.3,26607.6,0.0,0.0,0.0,17194.0
2024-12-21 23:00:00+01:00,24584.0,24442.5,19.08,15500.970000000001,16316.81,17132.6525,26607.6,0.0,0.0,0.0,17194.0
2024-12-22 00:00:00+01:00,22296.5,22058.5,3.15,15324.8475,16131.4175,16937.989999999998,26607.6,0.0,0.0,0.0,17194.0
2024-12-22 01:00:00+01:00,21779.0,22800.0,-0.33,15199.740000000002,15999.7275,16799.712499999998,26607.6,0.0,0.0,0.0,17194.0
2024-12-22 02:00:00+01:00,21634.5,21904.0,-2.72,15140.3425,15937.2,16734.065000000002,26607.6,0.0,0.0,0.0,17194.0
2024-12-22 03:00:00+01:00,20248.0,21005.0,-1.48,15068.529999999999,15861.6075,16654.69,26607.6,0.0,0.0,0.0,17194.0
2024-12-22 04:00:00+01:00,19389.5,20167.0,-0.24,14987.005,15793.6875,16600.370000000003,26607.6,0.0,0.0,0.0,17194.0
2024-12-22 05:00:00+01:00,18800.5,19193.0,3.39,14840.905,15738.3,16635.695,26607.6,0.0,0.0,0.0,17194.0
2024-12-22 06:00:00+01:00,18696.0,18819.0,5.83,14790.975,15720.3475,16649.72,26607.6,0.0,0.0,0.0,17194.0
2024-12-22 07:00:00+01:00,19618.0,19695.0,5.43,14881.0925,15755.39,16629.690000000002,26607.6,0.0,0.0,0.0,17194.0
2024-12-22 08:00:00+01:00,21716.0,21466.5,8.1,15003.119999999999,15831.345000000001,16659.567499999997,26607.6,0.0,0.0,0.0,17194.0
2024-12-22 09:00:00+01:00,24056.0,23671.0,20.14,15125.5925,15921.68,16717.76,26607.6,103.7525,140.9325,178.115,17194.0
2024-12-22 10:00:00+01:00,26878.5,25883.5,28.02,15190.51,15990.01,16789.510000000002,26607.6,609.4775,854.6750000000001,1099.8725,17194.0
2024-12-22 11:00:00+01:00,27786.5,27241.5,29.73,15228.955,16030.48,16832.005,26607.6,1462.6924999999999,1912.3075,2361.9175,17194.0
2024-12-22 12:00:00+01:00,27999.5,27762.0,29.35,15315.045,16121.099999999999,16927.1575,26607.6,2082.005,2628.7725,3175.545,17194.0
2024-12-22 13:00:00+01:00,28947.0,28850.5,28.88,15396.715,16207.07,17017.42,26607.6,2157.0699999999997,2746.17,3335.28,17194.0
2024-12-22 14:00:00+01:00,29946.5,29397.5,28.55,15435.0725,16247.445,17059.815000000002,26607.6,1735.545,2220.2825000000003,2705.0225,17194.0
2024-12-22 15:00:00+01:00,30044.5,29809.0,34.66,15469.21,16283.375,17097.545,26607.6,906.5875,1166.02,1425.46,17194.0
2024-12-22 16:00:00+01:00,31493.5,30661.5,43.07,15442.2825,16284.6325,17126.9825,26607.6,202.3,266.6225,330.875,17194.0
2024-12-22 17:00:00+01:00,34068.0,33279.0,57.9,15403.73,16278.435000000001,17153.14,26607.6,0.2325,0.595,1.0125,17194.0
2024-12-22 18:00:00+01:00,34854.5,34408.0,65.38,15302.060000000001,16252.145,17202.235,26607.6,0.0,0.0,0.0,17194.0
2024-12-22 19:00:00+01:00,33912.5,33571.5,58.91,15215.025,16215.035,17215.04,26607.6,0.0,0.0,0.0,17194.0
2024-12-22 20:00:00+01:00,32359.0,31614.5,46.68,15109.740000000002,16182.98,17256.2175,26607.6,0.0,0.0,0.0,17194.0
2024-12-22 21:00:00+01:00,30368.5,29549.0,38.51,14966.6325,16147.6225,17328.615,26607.6,0.0,0.0,0.0,17194.0
2024-12-22 22:00:00+01:00,27905.5,26966.0,22.71,14918.21,16089.98,17261.745,26607.6,0.0,0.0,0.0,17194.0
2024-12-22 23:00:00+01:00,25386.5,24457.5,14.1,15036.675,16010.505000000001,16984.3325,26607.6,0.0,0.0,0.0,17194.0
2024-12-23 00:00:00+01:00,22828.0,22206.0,-0.25,15074.83,15868.24,16661.6525,26607.6,0.0,0.0,0.0,17194.0
2024-12-23 01:00:00+01:00,22577.5,22118.5,1.8,14923.0975,15708.52,16493.95,26607.6,0.0,0.0,0.0,17194.0
2024-12-23 02:00:00+01:00,22177.0,22159.5,0.96,14773.2875,15553.630000000001,16333.9725,26607.6,0.0,0.0,0.0,17194.0
2024-12-23 03:00:00+01:00,21310.0,21370.0,-1.34,14482.08,15309.075,16136.0775,26607.6,0.0,0.0,0.0,17194.0
2024-12-23 04:00:00+01:00,21105.0,20914.0,0.4,14091.06,14990.03,15889.005000000001,26607.6,0.0,0.0,0.0,17194.0
2024-12-23 05:00:00+01:00,20809.0,20311.5,3.98,13482.5275,14528.465,15574.400000000001,26607.6,0.0,0.0,0.0,17194.0
2024-12-23 06:00:00+01:00,21890.5,21461.0,10.23,12610.125,13913.6975,15217.275,26607.6,0.0,0.0,0.0,17194.0
2024-12-23 07:00:00+01:00,25396.5,25887.0,34.53,11561.885,13045.4225,14528.965,26607.6,0.0,0.0,0.0,17194.0
2024-12-23 08:00:00+01:00,29591.0,31526.5,64.41,10465.009999999998,11986.2625,13507.52,26607.6,0.0,0.0,0.0,17194.0
2024-12-23 09:00:00+01:00,33109.5,34791.5,76.43,9486.0375,10943.0975,12400.1625,26607.6,207.745,294.42999999999995,335.93,17194.0
2024-12-23 10:00:00+01:00,35066.5,36110.5,75.65,8749.55,10005.8575,11262.17,26607.6,993.9875,1324.5275,1609.885,17194.0
2024-12-23 11:00:00+01:00,35406.5,35740.5,74.2,8349.59,9365.7125,10381.8375,26607.6,1645.8174999999999,2301.4025,2960.465,17194.0
2024-12-23 12:00:00+01:00,35619.5,35438.0,75.32,8029.3,8974.1375,9918.975,26607.6,1635.67,2525.55,3397.6,17194.0
2024-12-23 13:00:00+01:00,36328.5,35758.0,78.48,7604.14,8699.7575,9795.377499999999,26607.6,1226.795,2215.06,3203.3275,17194.0
2024-12-23 14:00:00+01:00,36568.0,36093.0,83.0,7114.3275,8500.015,9885.695,26607.6,695.89,1506.77,2317.645,17194.0
2024-12-23 15:00:00+01:00,36687.0,36230.5,86.04,6601.2,8264.8925,9928.58,26607.6,273.2125,632.5024999999999,992.1949999999999,17194.0
2024-12-23 16:00:00+01:00,36898.5,36742.0,93.17,6082.1849999999995,7919.67,9757.15,26607.6,45.08,100.2475,150.18,17194.0
2024-12-23 17:00:00+01:00,38041.0,38712.0,111.2,5657.8825,7509.395,9360.9075,26607.6,0.04,0.89,0.89,17194.0
2024-12-23 18:00:00+01:00,38341.0,39611.0,125.57,5493.0650000000005,7115.7975,8738.529999999999,26607.6,0.0,0.0,0.0,17194.0
2024-12-23 19:00:00+01:00,37201.5,38734.5,117.08,5394.95,6793.9875,8193.025,26607.6,0.0,0.0,0.0,17194.0
2024-12-23 20:00:00+01:00,36107.0,36868.0,97.46,5310.715,6618.9175,7927.12,26607.6,0.0,0.0,0.0,17194.0
2024-12-23 21:00:00+01:00,33404.0,34438.5,80.72,5255.765,6647.6775,8039.59,26607.6,0.0,0.0,0.0,17194.0
2024-12-23 22:00:00+01:00,30643.0,31419.0,71.36,5283.8075,6858.15,8432.4925,26607.6,0.0,0.0,0.0,17194.0
2024-12-23 23:00:00+01:00,27722.5,28294.0,63.6,5855.07,7595.8099999999995,9336.555,26607.6,0.0,0.0,0.0,17194.0
2024-12-24 00:00:00+01:00,24734.0,25289.0,63.44,6555.16,8340.91,10126.657500000001,26607.6,0.0,0.0,0.0,17194.0
2024-12-24 01:00:00+01:00,23843.5,24255.0,57.94,6962.405000000001,8691.04,10419.68,26607.6,0.0,0.0,0.0,17194.0
2024-12-24 02:00:00+01:00,22921.5,23629.0,52.01,7458.7675,9027.475,10596.18,26607.6,0.0,0.0,0.0,17194.0
2024-12-24 03:00:00+01:00,21540.0,22226.5,48.08,7790.922500000001,9290.619999999999,10790.315,26607.6,0.0,0.0,0.0,17194.0
2024-12-24 04:00:00+01:00,20797.0,21022.5,41.4,7804.925,9508.565,11212.2,26607.6,0.0,0.0,0.0,17194.0
2024-12-24 05:00:00+01:00,20382.5,20253.0,37.52,7820.0275,9830.62,11841.220000000001,26607.6,0.0,0.0,0.0,17194.0
2024-12-24 06:00:00+01:00,20671.5,21047.5,38.7,7966.535,10237.35,12508.17,26607.6,0.0,0.0,0.0,17194.0
2024-12-24 07:00:00+01:00,23141.0,23900.0,55.82,8483.685,10648.3675,12813.05,26607.6,0.0,0.0,0.0,17194.0
2024-12-24 08:00:00+01:00,25862.0,27121.0,72.01,9100.8425,11042.21,12983.5825,26607.6,0.0,0.0,0.0,17194.0
2024-12-24 09:00:00+01:00,29099.5,30104.0,78.13,9466.9425,11318.592499999999,13170.2425,26607.6,58.3125,83.9675,108.44,17194.0
2024-12-24 10:00:00+01:00,31339.0,31828.5,79.23,9747.8875,11585.505000000001,13423.1225,26607.6,296.195,468.6475,639.92,17194.0
2024-12-24 11:00:00+01:00,31433.5,31949.0,75.09,9910.1325,11801.8475,13693.565,26607.6,726.52,1028.555,1330.685,17194.0
2024-12-24 12:00:00+01:00,31272.0,31599.5,70.98,9906.2,11852.5,13798.805,26607.6,1023.0899999999999,1360.6175,1697.1575,17194.0
2024-12-24 13:00:00+01:00,31165.5,31574.0,70.87,9787.235,11719.925,13652.6125,26607.6,975.385,1314.22,1653.0525,17194.0
2024-12-24 14:00:00+01:00,30938.5,31546.5,70.76,9464.845,11446.94,13429.0325,26607.6,672.11,972.09,1272.0625,17194.0
2024-12-24 15:00:00+01:00,30769.5,31566.5,72.2,9075.47,11113.0875,13150.71,26607.6,305.0275,473.225,641.4525,17194.0
2024-12-24 16:00:00+01:00,31039.0,32069.5,76.64,8607.3925,10730.23,12853.067500000001,26607.6,72.795,101.2175,129.2075,17194.0
2024-12-24 17:00:00+01:00,32328.0,33729.0,84.76,8035.7825,10307.3,12578.814999999999,26607.6,0.065,0.2375,0.39,17194.0
2024-12-24 18:00:00+01:00,33213.0,34313.0,91.66,7760.44,10056.2475,12352.057499999999,26607.6,0.0,0.0,0.0,17194.0
2024-12-24 19:00:00+01:00,32094.5,32770.0,88.19,7809.985000000001,9967.04,12124.095,26607.6,0.0,0.0,0.0,17194.0
2024-12-24 20:00:00+01:00,30660.0,30840.5,80.6,7911.4975,9842.195,11772.895,26607.6,0.0,0.0,0.0,17194.0
2024-12-24 21:00:00+01:00,28848.0,28768.5,76.38,7933.82,9674.78,11415.735,26607.6,0.0,0.0,0.0,17194.0
2024-12-24 22:00:00+01:00,26665.5,26591.0,70.79,7832.547500000001,9514.58,11196.6025,26607.6,0.0,0.0,0.0,17194.0
2024-12-24 23:00:00+01:00,24479.5,24386.5,61.2,7890.605,9455.685000000001,11020.77,26607.6,0.0,0.0,0.0,17194.0
2024-12-25 00:00:00+01:00,21781.5,22277.5,65.8,7874.625,9235.725,10596.82,26607.6,0.0,0.0,0.0,17194.0
2024-12-25 01:00:00+01:00,21482.0,21600.0,57.84,7638.075,8895.105,10152.14,26607.6,0.0,0.0,0.0,17194.0
2024-12-25 02:00:00+01:00,20778.0,20928.0,54.19,7523.5650000000005,8741.9875,9960.41,26607.6,0.0,0.0,0.0,17194.0
2024-12-25 03:00:00+01:00,19897.0,19794.5,48.51,7527.0125,8764.41,10001.805,26607.6,0.0,0.0,0.0,17194.0
2024-12-25 04:00:00+01:00,18602.5,18572.0,42.36,7556.37,8846.0725,10135.7725,26607.6,0.0,0.0,0.0,17194.0
2024-12-25 05:00:00+01:00,17850.5,17856.0,39.47,7515.6325,8828.725,10141.815,26607.6,0.0,0.0,0.0,17194.0
2024-12-25 06:00:00+01:00,18042.5,17884.0,41.54,7434.615,8737.630000000001,10040.635,26607.6,0.0,0.0,0.0,17194.0
2024-12-25 07:00:00+01:00,19624.0,19180.0,54.97,7325.015,8661.255,9997.4975,26607.6,0.0,0.0,0.0,17194.0
2024-12-25 08:00:00+01:00,21875.0,21601.5,71.58,7285.39,8604.905,9924.425,26607.6,0.0,0.0,0.0,17194.0
2024-12-25 09:00:00+01:00,24838.5,24652.5,83.7,7301.905,8551.205,9800.505000000001,26607.6,58.44,86.6025,114.76249999999999,17194.0
2024-12-25 10:00:00+01:00,27118.5,27093.0,90.98,7289.0375,8526.5675,9764.0975,26607.6,331.475,527.865,724.25,17194.0
2024-12-25 11:00:00+01:00,28503.5,27904.0,91.68,7462.09,8614.89,9767.695,26607.6,755.3825,1143.54,1531.6975,17194.0
2024-12-25 12:00:00+01:00,29450.0,28422.5,91.1,7727.5225,8776.2025,9824.880000000001,26607.6,1068.295,1525.8575,1983.4225000000001,17194.0
2024-12-25 13:00:00+01:00,30691.5,29649.0,93.46,7802.695,8806.235,9809.775,26607.6,1121.545,1555.865,1988.3275,17194.0
2024-12-25 14:00:00+01:00,31257.5,29702.0,93.62,7799.1925,8744.72,9690.25,26607.6,882.7325,1236.655,1590.575,17194.0
2024-12-25 15:00:00+01:00,31108.5,28850.0,91.72,7709.6900000000005,8621.6725,9533.654999999999,26607.6,420.07750000000004,617.22,814.2775,17194.0
2024-12-25 16:00:00+01:00,29461.0,27380.5,88.23,7462.885,8450.195,9437.51,26607.6,73.25,113.0975,154.0875,17194.0
2024-12-25 17:00:00+01:00,28601.0,27000.0,87.22,7197.47,8308.825,9420.18,26607.6,0.0,0.0675,0.325,17194.0
2024-12-25 18:00:00+01:00,26963.5,26375.5,90.61,6970.49,8126.455,9282.42,26607.6,0.0,0.0,0.0,17194.0
2024-12-25 19:00:00+01:00,25630.5,25132.0,86.05,6722.6875,7923.76,9124.825,26607.6,0.0,0.0,0.0,17194.0
2024-12-25 20:00:00+01:00,24857.5,24738.0,80.74,6488.7525000000005,7744.43,9000.105,26607.6,0.0,0.0,0.0,17194.0
2024-12-25 21:00:00+01:00,24438.0,24313.0,76.13,6345.5,7602.265,8859.035,26607.6,0.0,0.0,0.0,17194.0
2024-12-25 22:00:00+01:00,23185.0,23372.5,75.76,6131.092500000001,7391.32,8651.54,26607.6,0.0,0.0,0.0,17194.0
2024-12-25 23:00:00+01:00,21905.5,22507.5,70.19,5629.32,6862.575,8095.837500000001,26607.6,0.0,0.0,0.0,17194.0
2024-12-26 00:00:00+01:00,21129.0,20806.0,83.96,5140.56,6328.36,7516.155,26607.6,0.0,0.0,0.0,17194.0
2024-12-26 01:00:00+01:00,21074.5,20750.0,86.95,4636.530000000001,5868.45,7100.375,26607.6,0.0,0.0,0.0,17194.0
2024-12-26 02:00:00+01:00,20435.0,20561.0,84.55,4031.7325,5269.41,6507.0875,26607.6,0.0,0.0,0.0,17194.0
2024-12-26 03:00:00+01:00,19557.0,19735.5,83.06,3593.3,4753.8,5914.3025,26607.6,0.0,0.0,0.0,17194.0
2024-12-26 04:00:00+01:00,18910.0,19049.0,83.02,3215.385,4302.13,5388.8675,26607.6,0.0,0.0,0.0,17194.0
2024-12-26 05:00:00+01:00,18442.0,18528.0,83.86,2818.245,3856.9225,4895.605,26607.6,0.0,0.0,0.0,17194.0
2024-12-26 06:00:00+01:00,18226.0,18895.0,88.09,2454.0475,3528.3725,4602.695,26607.6,0.0,0.0,0.0,17194.0
2024-12-26 07:00:00+01:00,19448.0,20429.5,98.13,2211.96,3297.215,4382.47,26607.6,0.0,0.0,0.0,17194.0
2024-12-26 08:00:00+01:00,20928.5,21892.5,105.55,2007.0949999999998,3059.29,4111.48,26607.6,0.0,0.0,0.0,17194.0
2024-12-26 09:00:00+01:00,23315.5,23862.5,109.43,1797.95,2871.375,3944.8,26607.6,44.465,70.45,87.7925,17194.0
2024-12-26 10:00:00+01:00,25774.5,26385.5,110.69,1670.3025,2791.9725,3913.64,26607.6,259.7575,405.475,542.55,17194.0
2024-12-26 11:00:00+01:00,27412.5,28205.5,110.58,1609.425,2799.145,3988.87,26607.6,602.1424999999999,903.5775,1205.6799999999998,17194.0
2024-12-26 12:00:00+01:00,28230.5,28951.0,109.42,1654.8675,2892.0,4129.1325,26607.6,834.3525,1214.865,1595.3775,17194.0
2024-12-26 13:00:00+01:00,29073.0,29397.5,110.13,1684.635,2929.3075,4173.9775,26607.6,841.0325,1230.3075,1619.3575,17194.0
2024-12-26 14:00:00+01:00,29201.5,29345.5,110.64,1549.385,2819.1175000000003,4088.8475,26607.6,622.1975,926.1175000000001,1230.0375,17194.0
2024-12-26 15:00:00+01:00,29170.5,29106.0,111.99,1253.55,2637.1549999999997,4020.7574999999997,26607.6,281.11,424.18,567.25,17194.0
2024-12-26 16:00:00+01:00,29638.5,29548.5,113.22,1048.815,2532.455,4016.0924999999997,26607.6,51.9625,81.61749999999999,111.275,17194.0
2024-12-26 17:00:00+01:00,30764.5,30760.0,118.74,1095.635,2560.415,4025.195,26607.6,0.0,0.0025,0.0025,17194.0
2024-12-26 18:00:00+01:00,31049.5,31611.0,124.69,1113.155,2607.06,4100.97,26607.6,0.0,0.0,0.0,17194.0
2024-12-26 19:00:00+01:00,30452.5,30741.5,118.69,1065.3075,2657.065,4248.825,26607.6,0.0,0.0,0.0,17194.0
2024-12-26 20:00:00+01:00,29581.0,29718.0,111.62,1061.6325,2683.56,4305.49,26607.6,0.0,0.0,0.0,17194.0
2024-12-26 21:00:00+01:00,28551.5,28380.5,107.12,1191.7350000000001,2740.645,4289.555,26607.6,0.0,0.0,0.0,17194.0
2024-12-26 22:00:00+01:00,26969.0,26685.5,104.33,1353.625,2836.0699999999997,4318.514999999999,26607.6,0.0,0.0,0.0,17194.0
2024-12-26 23:00:00+01:00,24852.0,24866.5,100.41,1096.72,2394.125,3691.52,26607.6,0.0,0.0,0.0,17194.0
2024-12-27 00:00:00+01:00,23069.5,22949.5,102.39,809.3475000000001,1910.935,3012.52,26607.6,0.0,0.0,0.0,17194.0
2024-12-27 01:00:00+01:00,23063.0,23000.0,102.67,758.85,1899.7625,3040.67,26607.6,0.0,0.0,0.0,17194.0
2024-12-27 02:00:00+01:00,22706.0,22654.5,100.08,694.115,1882.7425,3071.3675,26607.6,0.0,0.0,0.0,17194.0
2024-12-27 03:00:00+01:00,21687.5,21809.0,97.97,679.505,1885.4825,3091.4575,26607.6,0.0,0.0,0.0,17194.0
2024-12-27 04:00:00+01:00,20832.5,20969.0,96.04,725.105,1938.6,3152.09,26607.6,0.0,0.0,0.0,17194.0
2024-12-27 05:00:00+01:00,20119.0,20559.0,95.3,823.7675,2027.2825,3230.8,26607.6,0.0,0.0,0.0,17194.0
2024-12-27 06:00:00+01:00,20441.5,21360.5,98.47,869.625,2094.7225,3319.8225,26607.6,0.0,0.0,0.0,17194.0
2024-12-27 07:00:00+01:00,22801.0,23787.5,106.39,893.85,2135.77,3377.6975,26607.6,0.0,0.0,0.0,17194.0
2024-12-27 08:00:00+01:00,25438.0,25995.0,110.4,949.05,2211.2174999999997,3473.3875,26607.6,0.0,0.0,0.0,17194.0
2024-12-27 09:00:00+01:00,27956.0,28471.0,112.07,1095.33,2340.7775,3586.225,26607.6,56.575,70.92500000000001,80.1325,17194.0
2024-12-27 10:00:00+01:00,30506.0,31182.0,111.57,1253.595,2490.835,3728.08,26607.6,246.03,367.7425,484.32,17194.0
2024-12-27 11:00:00+01:00,32126.5,32515.0,110.53,1358.3,2606.565,3854.83,26607.6,551.98,833.39,1115.1925,17194.0
2024-12-27 12:00:00+01:00,32703.5,32727.5,108.71,1502.7350000000001,2741.795,3980.8575,26607.6,759.8075,1135.365,1510.3825,17194.0
2024-12-27 13:00:00+01:00,33150.5,33127.5,108.91,1602.295,2863.88,4125.46,26607.6,741.455,1135.37,1529.0875,17194.0
2024-12-27 14:00:00+01:00,33144.0,33356.0,110.35,1672.5,2906.8625,4141.2225,26607.6,537.9175,887.5475,1237.1725000000001,17194.0
2024-12-27 15:00:00+01:00,33002.0,33416.5,112.37,1717.075,2900.2975,4083.52,26607.6,256.02750000000003,446.1075,636.0875,17194.0
2024-12-27 16:00:00+01:00,33372.0,33523.0,116.12,1757.7525,2890.86,4023.9700000000003,26607.6,64.95,99.405,135.185,17194.0
2024-12-27 17:00:00+01:00,34716.5,35078.5,130.35,1878.1725000000001,2995.0725,4111.975,26607.6,0.305,0.5975,1.2375,17194.0
2024-12-27 18:00:00+01:00,35912.0,35919.0,140.9,2039.82,3165.39,4290.96,26607.6,0.0,0.0,0.0,17194.0
2024-12-27 19:00:00+01:00,35073.0,35381.0,129.64,2281.705,3367.9775,4454.25,26607.6,0.0,0.0,0.0,17194.0
2024-12-27 20:00:00+01:00,33647.0,33634.5,114.94,2512.305,3597.4449999999997,4682.58,26607.6,0.0,0.0,0.0,17194.0
2024-12-27 21:00:00+01:00,31979.5,31988.0,107.9,2691.5825,3794.5725,4897.565,26607.6,0.0,0.0,0.0,17194.0
2024-12-27 22:00:00+01:00,29689.0,29832.5,104.93,2876.5125,3979.31,5082.11,26607.6,0.0,0.0,0.0,17194.0
2024-12-27 23:00:00+01:00,27386.5,27603.5,100.74,2508.4049999999997,3530.8775,4553.35,26607.6,0.0,0.0,0.0,17194.0
2024-12-28 00:00:00+01:00,24887.0,25303.0,101.65,1957.42,2996.85,4036.2825000000003,26607.6,0.0,0.0,0.0,17194.0
2024-12-28 01:00:00+01:00,24741.0,24800.0,100.64,1919.835,3083.635,4247.4325,26607.6,0.0,0.0,0.0,17194.0
2024-12-28 02:00:00+01:00,24145.0,24205.0,99.03,2003.205,3212.7974999999997,4422.385,26607.6,0.0,0.0,0.0,17194.0
2024-12-28 03:00:00+01:00,22868.5,22993.5,96.61,2078.0875,3304.6575,4531.225,26607.6,0.0,0.0,0.0,17194.0
2024-12-28 04:00:00+01:00,21675.5,22170.0,94.95,2186.185,3384.4275,4582.67,26607.6,0.0,0.0,0.0,17194.0
2024-12-28 05:00:00+01:00,21033.5,21152.0,94.3,2315.5775000000003,3512.145,4708.71,26607.6,0.0,0.0,0.0,17194.0
2024-12-28 06:00:00+01:00,21202.5,21197.0,98.04,2447.6949999999997,3645.8575,4844.0175,26607.6,0.0,0.0,0.0,17194.0
2024-12-28 07:00:00+01:00,22413.5,22582.0,103.06,2549.75,3753.755,4957.764999999999,26607.6,0.0,0.0,0.0,17194.0
2024-12-28 08:00:00+01:00,24019.5,25018.5,106.38,2731.75,3929.9425,5128.13,26607.6,0.0,0.0,0.0,17194.0
2024-12-28 09:00:00+01:00,26481.0,27326.5,107.88,2926.6549999999997,4122.2725,5317.8925,26607.6,41.082499999999996,59.19,77.29499999999999,17194.0
2024-12-28 10:00:00+01:00,29412.0,29987.0,106.29,3216.895,4387.110000000001,5557.3225,26607.6,262.8475,368.4475,474.0425,17194.0
2024-12-28 11:00:00+01:00,31150.5,31002.5,104.9,3661.79,4780.924999999999,5900.0650000000005,26607.6,626.4725,874.14,1121.8075,17194.0
2024-12-28 12:00:00+01:00,31892.5,31498.5,103.6,4083.375,5209.72,6336.0650000000005,26607.6,927.8025,1275.9775,1624.1525000000001,17194.0
2024-12-28 13:00:00+01:00,32554.5,31876.5,103.89,4407.175,5531.657499999999,6656.1425,26607.6,997.315,1336.9524999999999,1675.42,17194.0
2024-12-28 14:00:00+01:00,32478.5,31908.5,104.59,4502.725,5646.155,6789.585,26607.6,773.47,1056.5125,1339.55,17194.0
2024-12-28 15:00:00+01:00,32377.5,31937.5,107.37,4524.125,5715.33,6906.5375,26607.6,376.1375,543.2950000000001,711.315,17194.0
2024-12-28 16:00:00+01:00,32853.5,32191.0,110.23,4744.004999999999,5946.74,7149.47,26607.6,76.4925,121.385,155.065,17194.0
2024-12-28 17:00:00+01:00,34002.5,34243.5,116.3,5023.375,6245.2,7467.0225,26607.6,0.0025,2.2825,2.2825,17194.0
2024-12-28 18:00:00+01:00,35520.0,35434.5,121.49,5209.1275000000005,6468.64,7728.15,26607.6,0.0,0.0,0.0,17194.0
2024-12-28 19:00:00+01:00,34977.0,34044.5,115.92,5541.98,6738.48,7934.975,26607.6,0.0,0.0,0.0,17194.0
2024-12-28 20:00:00+01:00,32990.5,32661.0,108.24,5933.875,7114.09,8294.31,26607.6,0.0,0.0,0.0,17194.0
2024-12-28 21:00:00+01:00,30631.5,30792.0,102.74,6280.3099999999995,7481.610000000001,8682.915,26607.6,0.0,0.0,0.0,17194.0
2024-12-28 22:00:00+01:00,28505.5,28850.0,99.41,6556.335,7738.2575,8920.175,26607.6,0.0,0.0,0.0,17194.0
2024-12-28 23:00:00+01:00,26047.5,26741.5,93.08,6641.0625,7769.5,8897.93,26607.6,0.0,0.0,0.0,17194.0
2024-12-29 00:00:00+01:00,23622.5,24753.0,91.68,6747.7825,7799.74,8851.692500000001,26607.6,0.0,0.0,0.0,17194.0
2024-12-29 01:00:00+01:00,22967.5,23700.0,89.68,6868.175,7960.635,9053.095000000001,26607.6,0.0,0.0,0.0,17194.0
2024-12-29 02:00:00+01:00,22308.5,23320.0,83.52,6987.675,8160.93,9334.185000000001,26607.6,0.0,0.0,0.0,17194.0
2024-12-29 03:00:00+01:00,21001.0,21635.0,77.3,7174.365,8438.5,9702.64,26607.6,0.0,0.0,0.0,17194.0
2024-12-29 04:00:00+01:00,20012.0,20503.5,71.15,7405.855,8809.0875,10212.32,26607.6,0.0,0.0,0.0,17194.0
2024-12-29 05:00:00+01:00,19104.5,19682.0,66.82,7700.4175,9235.86,10771.3025,26607.6,0.0,0.0,0.0,17194.0
2024-12-29 06:00:00+01:00,19265.5,19372.0,64.34,8145.17,9692.58,11239.994999999999,26607.6,0.0,0.0,0.0,17194.0
2024-12-29 07:00:00+01:00,20153.5,20034.5,61.38,8701.275,10241.54,11781.81,26607.6,0.0,0.0,0.0,17194.0
2024-12-29 08:00:00+01:00,21765.5,21845.0,63.99,9426.8475,10854.5125,12282.182499999999,26607.6,0.0,0.0,0.0,17194.0
2024-12-29 09:00:00+01:00,23935.5,24011.0,74.06,10091.907500000001,11426.1425,12760.38,26607.6,110.05000000000001,137.98499999999999,165.9175,17194.0
2024-12-29 10:00:00+01:00,26009.5,26706.0,76.32,10513.7875,11941.720000000001,13369.6475,26607.6,700.905,860.4725000000001,1020.04,17194.0
2024-12-29 11:00:00+01:00,27650.5,27485.5,72.87,10887.265,12351.885,13816.505000000001,26607.6,1476.455,1794.03,2111.6025,17194.0
2024-12-29 12:00:00+01:00,28451.0,27552.0,70.56,11188.77,12626.555,14064.335,26607.6,1913.9,2310.4425,2706.9875,17194.0
2024-12-29 13:00:00+01:00,29219.5,28284.5,70.4,11539.355,12957.2,14375.045,26607.6,1901.2525,2330.99,2760.355,17194.0
2024-12-29 14:00:00+01:00,29573.5,29016.0,73.29,11858.7925,13214.119999999999,14569.442500000001,26607.6,1539.0,1908.4250000000002,2277.8475,17194.0
2024-12-29 15:00:00+01:00,29676.5,28995.0,80.56,11910.085,13277.575,14645.067500000001,26607.6,901.2149999999999,1098.0575,1294.905,17194.0
2024-12-29 16:00:00+01:00,30599.5,30217.0,87.64,11860.555,13326.0925,14791.6275,26607.6,237.9225,291.1675,344.40500000000003,17194.0
2024-12-29 17:00:00+01:00,32544.5,32547.5,100.38,11958.9725,13447.6325,14936.295,26607.6,0.9475,2.2975,3.995,17194.0
2024-12-29 18:00:00+01:00,33779.5,33199.0,106.6,12088.2,13469.647500000001,14851.095000000001,26607.6,0.0,0.0,0.0,17194.0
2024-12-29 19:00:00+01:00,33325.0,32643.5,101.65,12060.7675,13326.4875,14592.2075,26607.6,0.0,0.0,0.0,17194.0
2024-12-29 20:00:00+01:00,31343.0,31225.0,90.67,11894.02,13179.955,14465.8875,26607.6,0.0,0.0,0.0,17194.0
2024-12-29 21:00:00+01:00,29291.5,29385.5,82.62,11735.97,13047.9775,14359.9875,26607.6,0.0,0.0,0.0,17194.0
2024-12-29 22:00:00+01:00,26703.0,27061.0,71.57,11579.342499999999,12920.525000000001,14261.715,26607.6,0.0,0.0,0.0,17194.0
2024-12-29 23:00:00+01:00,24366.0,24664.0,60.14,11981.0,13280.58,14580.17,26607.6,0.0,0.0,0.0,17194.0
2024-12-30 00:00:00+01:00,21809.0,22213.0,50.55,12303.9125,13509.295,14714.675,26607.6,0.0,0.0,0.0,17194.0
2024-12-30 01:00:00+01:00,21858.5,21900.0,47.37,12089.445,13252.2175,14414.99,26607.6,0.0,0.0,0.0,17194.0
2024-12-30 02:00:00+01:00,21316.5,21083.0,44.66,11985.86,13100.8475,14215.83,26607.6,0.0,0.0,0.0,17194.0
2024-12-30 03:00:00+01:00,20231.0,20041.0,37.91,11838.125,12920.2625,14002.4025,26607.6,0.0,0.0,0.0,17194.0
2024-12-30 04:00:00+01:00,19276.5,19189.0,30.83,11794.965,12873.965,13952.975,26607.6,0.0,0.0,0.0,17194.0
2024-12-30 05:00:00+01:00,18698.5,18725.0,29.54,11794.9575,12952.630000000001,14110.295,26607.6,0.0,0.0,0.0,17194.0
2024-12-30 06:00:00+01:00,19367.0,19649.0,34.46,11789.369999999999,13060.6725,14331.9725,26607.6,0.0,0.0,0.0,17194.0
2024-12-30 07:00:00+01:00,21562.0,22183.0,47.75,12053.055,13322.215,14591.3725,26607.6,0.0,0.0,0.0,17194.0
2024-12-30 08:00:00+01:00,23905.0,24693.0,67.17,12534.035,13706.735,14879.43,26607.6,0.0,0.0,0.0,17194.0
2024-12-30 09:00:00+01:00,26271.5,27318.0,83.11,13015.66,14112.2425,15208.8275,26607.6,98.0325,141.605,183.7625,17194.0
2024-12-30 10:00:00+01:00,27835.5,29509.0,89.28,13239.67,14319.885,15400.1025,26607.6,554.96,771.3975,986.4175,17194.0
2024-12-30 11:00:00+01:00,28321.0,29486.5,84.8,13241.645,14344.44,15447.23,26607.6,1202.1025,1601.9775,2001.9625,17194.0
2024-12-30 12:00:00+01:00,28080.0,29577.5,82.55,13403.9025,14478.175,15552.45,26607.6,1650.7424999999998,2092.135,2533.525,17194.0
2024-12-30 13:00:00+01:00,28556.5,29645.5,83.16,13599.035,14625.48,15651.9275,26607.6,1694.275,2116.23,2538.18,17194.0
2024-12-30 14:00:00+01:00,28882.0,29811.0,87.0,13436.07,14563.4975,15690.9225,26607.6,1336.4975,1711.4075,2086.315,17194.0
2024-12-30 15:00:00+01:00,29668.0,30148.0,93.12,13172.835,14330.83,15488.82,26607.6,689.2925,913.815,1138.335,17194.0
2024-12-30 16:00:00+01:00,31641.5,31403.0,98.48,12889.645,14078.18,15266.7175,26607.6,148.17,210.5275,272.8825,17194.0
2024-12-30 17:00:00+01:00,33406.0,34140.5,109.25,12455.565,13774.4925,15093.42,26607.6,1.0825,2.0425,3.0625,17194.0
2024-12-30 18:00:00+01:00,34959.0,35437.5,116.09,12037.705,13466.1875,14894.675,26607.6,0.0,0.0,0.0,17194.0
2024-12-30 19:00:00+01:00,34321.5,34479.5,112.85,11848.970000000001,13348.2375,14847.5,26607.6,0.0,0.0,0.0,17194.0
2024-12-30 20:00:00+01:00,33048.5,32843.5,104.88,12062.2775,13484.21,14906.1475,26607.6,0.0,0.0,0.0,17194.0
2024-12-30 21:00:00+01:00,30911.0,31022.5,99.57,12405.795,13834.224999999999,15262.6525,26607.6,0.0,0.0,0.0,17194.0
2024-12-30 22:00:00+01:00,28277.0,28404.0,91.34,12881.07,14245.305,15609.545,26607.6,0.0,0.0,0.0,17194.0
2024-12-30 23:00:00+01:00,25677.5,25394.0,69.13,13128.7275,14261.6625,15394.595000000001,26607.6,0.0,0.0,0.0,17194.0
2024-12-31 00:00:00+01:00,23229.5,22563.5,73.68,13048.425,14093.735,15139.0475,26607.6,0.0,0.0,0.0,17194.0
